Dauer (s);MFC-1 (mln/min);MFC-2 (mln/min);MFC-3 (mln/min);MFC-4 (mln/min);MFC-5 (mln/min);MFC-6 (mln/min);MFC-7 (mln/min);MFC-8 (mln/min);TIC-1 (°C);TIC-2 (°C);TIC-3 (°C);TIC-4 (°C);TIR-1 (°C);TIR-2 (°C);HIR-1 (°C);PIR-1 (bar)
5;0.00;104.98;0.00;104.99;0.00;0.00;59.02;17.22;32.09;180.03;457.06;180.27;454.75;450.39;80.49;0.04
10;0.00;104.97;0.00;104.94;0.00;0.00;59.00;17.22;32.08;180.03;456.57;180.30;454.38;449.42;80.49;0.04
15;0.00;104.99;0.00;104.99;0.00;0.00;58.99;17.19;32.09;180.02;456.07;180.34;454.38;449.26;80.49;0.04
20;0.00;104.99;0.00;105.00;0.00;0.00;58.98;17.20;32.08;180.01;455.17;180.38;454.83;449.46;80.49;0.04
25;0.00;105.00;0.00;104.96;0.00;0.00;59.00;17.22;32.08;180.01;454.80;180.46;457.14;451.11;80.49;0.04
30;0.00;104.97;0.00;104.99;0.00;0.00;58.98;17.20;32.07;180.01;454.46;180.49;459.03;452.62;80.49;0.04
35;0.00;104.99;0.00;104.99;0.00;0.00;59.01;17.19;32.08;180.02;454.04;180.51;461.35;454.51;80.49;0.04
40;0.00;104.99;0.00;104.94;0.00;0.00;59.02;17.20;32.08;180.02;453.95;180.51;465.75;458.14;80.49;0.04
45;0.00;104.99;0.00;104.99;0.00;0.00;58.99;17.20;32.07;180.00;453.92;180.50;468.87;460.95;80.49;0.04
50;0.00;104.98;0.00;104.99;0.00;0.00;58.99;17.20;32.06;180.00;454.16;180.44;472.26;463.91;80.49;0.04
55;0.00;105.03;0.00;104.96;0.00;0.00;59.00;17.20;32.07;180.00;454.42;180.40;479.22;470.05;80.49;0.04
60;0.00;104.99;0.00;104.99;0.00;0.00;59.01;17.25;32.06;180.01;454.79;180.36;482.42;473.00;80.49;0.04
65;0.00;105.01;0.00;104.99;0.00;0.00;58.99;17.23;32.06;180.01;455.74;180.32;485.28;475.71;80.49;0.04
70;0.00;105.03;0.00;104.94;0.00;0.00;58.99;17.20;32.05;180.02;456.32;180.24;489.49;478.06;80.49;0.04
75;0.00;104.83;2.37;105.00;0.00;0.00;58.99;17.08;32.06;180.02;456.95;180.22;490.74;481.39;80.49;0.04
80;0.00;104.97;0.00;104.99;0.00;0.00;59.01;17.17;32.05;180.01;457.58;180.20;491.48;482.32;80.49;0.04
85;0.00;105.03;0.00;104.96;0.00;0.00;58.99;17.20;32.05;180.01;458.98;180.21;491.81;482.86;80.49;0.04
90;0.00;105.00;0.00;104.99;0.00;0.00;58.99;17.20;32.05;180.01;459.64;180.26;491.56;483.01;80.49;0.04
95;0.00;105.00;0.00;104.99;0.00;0.00;59.02;17.22;32.06;180.01;460.32;180.29;491.11;482.76;80.49;0.04
100;0.00;104.99;0.00;104.96;0.00;0.00;59.01;17.20;32.05;180.03;460.97;180.33;490.51;482.33;80.49;0.04
105;0.00;105.01;0.00;104.99;0.00;0.00;58.99;17.22;32.04;180.03;462.10;180.41;489.80;481.79;80.49;0.04
110;0.00;104.98;0.00;104.99;0.00;0.00;58.99;17.23;32.05;180.03;462.62;180.45;488.10;480.43;80.49;0.04
115;0.00;105.01;0.00;104.96;0.00;0.00;59.00;17.22;32.05;180.02;463.05;180.49;487.18;479.66;80.49;0.03
120;0.00;105.00;0.00;104.99;0.00;0.00;58.99;17.22;32.05;180.01;463.82;180.51;486.21;478.83;80.49;0.03
125;0.00;105.01;0.00;104.99;0.00;0.00;58.98;17.22;32.05;180.00;464.11;180.53;484.20;477.95;80.49;0.03
130;0.00;104.98;0.00;104.96;0.00;0.00;59.00;17.20;32.06;180.00;464.36;180.51;483.14;476.16;80.49;0.03
135;0.00;105.00;0.00;104.98;0.00;0.00;59.02;17.22;32.05;180.01;464.56;180.48;482.09;475.23;80.49;0.03
140;0.00;104.98;0.00;104.99;0.00;0.00;58.99;17.22;32.04;180.03;464.82;180.39;481.04;474.29;80.49;0.03
145;0.00;105.03;0.00;104.96;0.00;0.00;58.98;17.20;32.05;180.04;464.88;180.35;478.92;472.36;80.49;0.03
150;0.00;105.01;0.00;105.00;0.00;0.00;59.00;17.22;32.05;180.04;464.90;180.30;477.86;471.40;80.49;0.03
155;0.00;104.99;0.00;105.00;0.00;0.00;59.00;17.23;32.03;180.02;464.88;180.26;476.80;470.44;80.49;0.03
160;0.00;104.98;0.00;104.93;0.00;0.00;59.00;17.22;32.03;180.01;464.73;180.18;475.74;469.45;80.49;0.03
165;0.00;105.00;0.00;104.99;0.00;0.00;59.00;17.20;32.03;180.01;464.59;180.17;473.61;467.50;80.49;0.03
170;0.00;104.99;0.00;104.99;0.00;0.00;59.01;17.17;32.03;180.03;464.43;180.17;472.53;466.54;80.49;0.03
175;0.00;104.98;0.00;104.97;0.00;0.00;59.01;17.23;32.02;180.04;464.01;180.18;471.49;465.58;80.49;0.03
180;0.00;104.99;0.00;104.99;0.00;0.00;59.01;17.22;32.02;180.03;463.75;180.26;469.42;464.63;80.49;0.03
185;0.00;105.00;0.00;105.00;0.00;0.00;59.01;17.20;32.02;180.03;463.49;180.31;468.40;462.74;80.49;0.03
190;0.00;105.01;0.00;104.96;0.00;0.00;58.99;17.20;32.02;180.03;463.17;180.36;467.39;461.80;80.49;0.03
195;0.00;104.99;0.00;104.99;0.00;0.00;58.98;17.23;32.02;180.03;462.51;180.45;466.38;460.84;80.49;0.03
200;0.00;104.98;0.00;104.99;0.00;0.00;59.00;17.22;32.02;180.02;462.13;180.49;464.40;459.00;80.49;0.03
205;0.00;104.99;0.00;104.96;0.00;0.00;58.98;17.23;32.02;180.02;461.75;180.52;463.39;458.08;80.49;0.03
210;0.00;105.01;0.00;105.00;0.00;0.00;59.02;17.23;32.01;180.04;461.33;180.53;462.42;457.15;80.49;0.03
215;0.00;105.01;0.00;105.00;0.00;0.00;59.02;17.19;32.02;180.04;460.46;180.48;461.45;456.25;80.49;0.03
220;0.00;104.97;0.00;104.95;0.00;0.00;58.99;17.22;32.02;180.06;459.99;180.43;459.53;454.46;80.49;0.03
225;0.00;104.99;0.00;104.99;0.00;0.00;58.99;17.22;32.02;180.06;459.50;180.37;458.59;453.58;80.49;0.03
230;0.00;104.98;0.00;105.00;0.00;0.00;59.01;17.23;32.01;180.05;458.51;180.31;457.65;452.69;80.49;0.03
235;0.00;105.01;0.00;104.97;0.00;0.00;58.99;17.23;32.00;180.04;457.98;180.21;455.80;451.82;80.49;0.03
240;0.00;104.99;0.00;104.99;0.00;0.00;58.98;17.22;32.01;180.04;457.49;180.18;455.01;450.19;80.49;0.03
245;0.00;104.99;0.00;105.00;0.00;0.00;59.01;17.23;32.01;180.04;456.96;180.16;454.43;449.56;80.49;0.03
250;0.00;104.99;0.00;104.92;0.00;0.00;59.00;17.17;32.01;180.04;455.97;180.16;454.17;449.20;80.49;0.03
255;0.00;104.99;0.00;104.99;0.00;0.00;58.99;17.22;32.01;180.06;455.49;180.18;454.86;449.45;80.49;0.02
260;0.00;104.97;0.00;105.00;0.00;0.00;58.99;17.22;32.01;180.07;455.08;180.22;455.91;450.20;80.49;0.02
265;0.00;105.02;0.00;104.97;0.00;0.00;59.02;17.22;31.99;180.08;454.70;180.27;457.46;451.38;80.49;0.02
270;0.00;104.99;0.00;104.99;0.00;0.00;59.00;17.20;31.99;180.07;454.15;180.38;462.03;452.99;80.49;0.02
275;0.00;105.00;0.00;105.31;0.00;0.00;59.27;17.34;32.00;180.05;453.99;180.43;464.89;457.47;80.49;0.02
280;0.00;105.25;0.00;104.93;0.00;0.00;59.17;17.27;31.99;180.04;453.94;180.48;468.07;460.18;80.49;0.19
285;0.00;105.19;0.00;104.97;0.00;0.00;59.20;17.30;31.98;180.02;454.14;180.53;471.46;463.12;80.49;0.35
290;0.00;105.16;0.00;104.99;0.00;0.00;59.20;17.31;31.99;180.02;454.40;180.59;478.39;469.32;80.49;0.51
295;0.00;104.78;0.00;104.81;0.00;0.00;58.51;17.02;31.99;180.05;454.73;180.60;481.67;472.33;80.49;0.31
300;0.00;104.99;0.00;104.96;0.00;0.00;58.95;17.20;31.98;180.07;455.00;180.59;484.65;475.19;80.49;0.12
305;0.00;104.98;0.00;104.99;0.00;0.00;59.02;17.22;31.97;180.07;455.19;180.49;487.23;477.65;80.49;0.08
310;0.00;105.04;0.00;104.91;0.00;0.00;58.99;17.20;31.97;180.06;455.43;180.43;490.67;481.23;80.49;0.07
315;0.00;105.01;0.00;104.98;0.00;0.00;59.03;17.23;31.97;180.04;455.81;180.35;491.59;482.33;80.49;0.06
320;0.00;105.02;0.00;105.00;0.00;0.00;59.01;17.23;31.97;180.00;456.83;180.27;492.07;483.03;80.49;0.08
325;0.00;104.97;0.00;105.00;0.00;0.00;59.00;17.19;31.96;180.00;457.59;180.12;492.05;483.36;80.49;0.09
330;0.00;105.00;0.00;104.97;0.00;0.00;58.99;17.22;31.96;180.02;458.46;180.09;491.68;483.23;80.49;0.08
335;0.00;105.00;0.00;105.03;0.00;0.00;58.97;17.20;31.96;180.03;459.12;180.07;491.14;482.88;80.49;0.07
340;0.00;105.03;0.00;104.94;0.00;0.00;59.00;17.22;31.95;180.05;459.52;180.08;490.47;482.38;80.49;0.06
345;0.00;105.00;0.00;104.99;0.00;0.00;59.02;17.20;31.94;180.05;459.69;180.16;488.83;481.08;80.49;0.06
350;0.00;105.01;0.00;104.99;0.00;0.00;59.01;17.19;31.95;180.05;459.86;180.23;487.92;480.32;80.49;0.08
355;0.00;104.95;0.00;104.99;0.00;0.00;59.01;17.22;31.95;180.03;460.29;180.31;486.97;479.51;80.49;0.08
360;0.00;105.00;0.00;104.97;0.00;0.00;58.99;17.20;31.93;180.01;461.38;180.44;485.98;478.66;80.49;0.09
365;0.00;105.00;0.00;104.99;0.00;0.00;59.01;17.17;31.93;180.00;461.45;180.50;483.95;476.87;80.49;0.08
370;0.00;105.05;0.00;104.92;0.00;0.00;59.00;17.22;31.92;180.00;461.19;180.53;482.89;475.92;80.49;0.06
375;0.00;105.03;0.00;105.00;0.00;0.00;59.03;17.22;31.92;180.02;460.73;180.53;481.83;474.99;80.49;0.06
380;0.00;105.01;0.00;105.00;0.00;0.00;59.01;17.22;31.92;180.03;460.66;180.47;479.68;474.03;80.49;0.08
385;0.00;104.96;0.00;104.99;0.00;0.00;58.99;17.19;31.91;180.04;460.87;180.41;478.61;472.10;80.49;0.08
390;0.00;104.97;0.00;104.97;0.00;0.00;58.97;17.19;31.90;180.06;461.15;180.33;477.54;471.10;80.49;0.08
395;0.00;105.01;0.00;104.98;0.00;0.00;59.00;17.20;31.90;180.03;460.85;180.24;476.47;470.14;80.49;0.07
400;0.00;105.02;0.00;104.91;0.00;0.00;58.98;17.22;31.90;180.02;460.23;180.07;474.31;468.17;80.49;0.06
405;0.00;105.01;0.00;104.99;0.00;0.00;59.03;17.20;31.89;180.02;459.76;180.00;473.26;467.20;80.49;0.07
410;0.00;104.99;0.00;104.99;0.00;0.00;58.99;17.22;31.90;180.03;459.32;179.94;472.21;466.24;80.49;0.08
415;0.00;104.96;0.00;105.01;0.00;0.00;59.02;17.22;31.89;180.04;459.24;179.89;471.16;465.27;80.49;0.09
420;0.00;104.99;0.00;104.98;0.00;0.00;58.97;17.17;31.89;180.04;459.33;179.91;469.09;463.37;80.49;0.08
425;0.00;104.99;0.00;104.99;0.00;0.00;58.98;17.19;31.88;180.04;459.08;179.94;468.07;462.39;80.49;0.07
430;0.00;105.02;0.00;104.94;0.00;0.00;59.01;17.20;31.89;180.04;457.51;179.98;467.05;461.45;80.49;0.06
435;0.00;105.00;0.00;104.99;0.00;0.00;59.01;17.22;31.89;180.05;456.89;180.12;465.01;460.51;80.49;0.06
440;0.00;105.01;0.00;105.01;0.00;0.00;59.01;17.22;31.88;180.04;456.39;180.19;464.01;458.66;80.49;0.08
445;0.00;104.93;0.00;104.99;0.00;0.00;59.02;17.22;31.88;180.04;456.22;180.26;463.04;457.74;80.49;0.08
450;0.00;105.00;0.00;104.97;0.00;0.00;58.98;17.17;31.89;180.03;456.11;180.35;462.13;456.86;80.49;0.08
455;0.00;105.01;0.00;104.99;0.00;0.00;59.00;17.22;31.89;180.02;455.49;180.37;460.61;455.36;80.49;0.07
460;0.00;105.03;0.00;104.94;0.00;0.00;58.99;17.20;31.88;180.03;454.57;180.37;459.97;454.73;80.49;0.06
465;0.00;105.02;0.00;104.99;0.00;0.00;59.02;17.22;31.89;180.05;453.79;180.35;459.52;454.24;80.49;0.06
470;0.00;104.99;0.00;104.99;0.00;0.00;59.02;17.23;31.88;180.05;452.84;180.25;459.44;454.01;80.49;0.08
475;0.00;104.98;0.00;105.00;0.00;0.00;59.00;17.17;31.89;180.05;452.82;180.18;461.06;454.99;80.49;0.08
480;0.00;105.00;0.00;104.99;0.00;0.00;58.99;17.20;31.88;180.04;452.91;180.10;462.77;456.27;80.49;0.08
485;0.00;105.02;0.00;104.99;0.00;0.00;58.99;17.19;31.89;180.03;452.39;180.02;464.94;457.99;80.49;0.07
490;0.00;105.02;0.00;104.92;0.00;0.00;59.02;17.20;31.89;180.04;451.92;179.89;470.01;460.09;80.49;0.06
495;0.00;105.03;0.00;104.99;0.00;0.00;59.01;17.20;31.89;180.03;451.71;179.85;472.85;464.77;80.49;0.07
500;0.00;105.00;0.00;105.01;0.00;0.00;59.02;17.20;31.90;180.04;451.69;179.82;475.81;467.34;80.49;0.08
505;0.00;104.95;0.00;105.00;0.00;0.00;59.01;17.20;31.91;180.04;452.66;179.83;478.94;470.10;80.49;0.08
510;0.00;104.99;0.00;104.97;0.00;0.00;58.98;17.20;31.90;180.05;453.42;179.86;485.22;475.81;80.49;0.08
515;0.00;104.98;0.00;104.98;0.00;0.00;59.00;17.19;31.91;180.07;454.00;179.91;487.93;478.37;80.49;0.07
520;0.00;105.03;0.00;104.91;0.00;0.00;58.98;17.20;31.91;180.08;454.22;179.96;490.07;480.52;80.49;0.06
525;0.00;105.01;0.00;104.99;0.00;0.00;59.02;17.22;31.91;180.07;454.97;180.09;491.57;482.15;80.49;0.06
530;0.00;104.99;0.00;105.01;0.00;0.00;59.01;17.23;31.91;180.05;455.47;180.15;493.00;483.95;80.49;0.07
535;0.00;104.95;0.00;105.01;0.00;0.00;59.01;17.19;31.91;180.03;456.25;180.20;493.11;484.27;80.49;0.08
540;0.00;105.00;0.00;104.97;0.00;0.00;58.98;17.20;31.91;180.02;458.11;180.23;492.93;484.30;80.49;0.08
545;0.00;104.99;0.00;105.00;0.00;0.00;59.02;17.20;31.92;180.04;458.64;180.25;491.98;484.10;80.49;0.07
550;0.00;105.03;0.00;104.94;0.00;0.00;58.99;17.22;31.92;180.06;458.88;180.23;491.29;483.22;80.49;0.06
555;0.00;104.99;0.00;105.00;0.00;0.00;59.01;17.23;31.93;180.08;459.15;180.19;490.50;482.60;80.49;0.06
560;0.00;105.00;0.00;105.00;0.00;0.00;59.02;17.20;31.93;180.09;459.71;180.06;489.64;481.90;80.49;0.08
565;0.00;104.94;0.00;104.99;0.00;0.00;59.00;17.22;31.94;180.08;460.31;179.99;487.76;480.30;80.49;0.09
570;0.00;105.00;0.00;104.97;0.00;0.00;58.98;17.22;31.94;180.07;460.93;179.92;486.76;479.44;80.49;0.08
575;0.00;104.99;0.00;105.01;0.00;0.00;59.01;17.23;31.94;180.03;461.36;179.84;485.75;478.54;80.49;0.07
580;0.00;105.04;0.00;104.92;0.00;0.00;59.01;17.22;31.94;180.03;461.15;179.73;483.65;477.63;80.49;0.06
585;0.00;105.03;0.00;104.99;0.00;0.00;59.02;17.19;31.95;180.03;460.99;179.70;482.59;475.75;80.49;0.06
590;0.00;105.02;0.00;104.99;0.00;0.00;59.02;17.22;31.95;180.05;460.86;179.69;481.52;474.79;80.49;0.08
595;0.00;104.95;0.00;105.01;0.00;0.00;59.01;17.20;31.95;180.08;461.33;179.71;480.44;473.83;80.49;0.08
600;0.00;104.99;0.00;104.97;0.00;0.00;59.00;17.22;31.96;180.09;461.66;179.79;478.27;471.85;80.49;0.08
605;0.00;105.00;0.00;104.99;0.00;0.00;59.02;17.22;31.96;180.08;461.60;179.87;477.20;470.88;80.49;0.07
610;0.00;105.04;0.00;104.90;0.00;0.00;59.02;17.22;31.96;180.05;461.05;179.94;476.13;469.88;80.49;0.06
615;0.00;105.01;0.00;104.99;0.00;0.00;59.02;17.22;31.96;180.05;460.10;180.08;475.07;468.91;80.49;0.06
620;0.00;105.01;0.00;105.00;0.00;0.00;59.01;17.23;31.97;180.05;459.81;180.13;472.93;466.97;80.49;0.07
625;0.00;104.93;0.00;105.00;0.00;0.00;59.00;17.20;31.97;180.05;459.83;180.17;471.88;466.01;80.49;0.08
630;0.00;105.01;0.00;104.99;0.00;0.00;58.97;17.20;31.98;180.08;460.02;180.19;470.84;465.02;80.49;0.09
635;0.00;104.99;0.00;104.99;0.00;0.00;59.00;17.17;31.98;180.07;459.46;180.16;468.78;464.07;80.49;0.07
640;0.00;105.03;0.00;104.92;0.00;0.00;58.99;17.20;31.99;180.07;458.66;180.11;467.76;462.17;80.49;0.06
645;0.00;105.01;0.00;104.98;0.00;0.00;59.02;17.22;31.99;180.06;458.02;180.06;466.74;461.23;80.49;0.06
650;0.00;104.99;0.00;105.00;0.00;0.00;59.02;17.17;32.00;180.05;457.11;179.99;465.74;460.30;80.49;0.08
655;0.00;104.94;0.00;105.00;0.00;0.00;59.02;17.20;31.99;180.05;457.05;179.83;463.73;458.43;80.49;0.08
660;0.00;104.98;0.00;104.97;0.00;0.00;58.99;17.20;32.00;180.06;457.02;179.76;462.75;457.52;80.49;0.08
665;0.00;104.99;0.00;105.01;0.00;0.00;58.98;17.22;32.00;180.07;456.76;179.71;461.77;456.61;80.49;0.07
670;0.00;105.02;0.00;104.93;0.00;0.00;59.01;17.20;32.01;180.05;455.03;179.64;460.81;455.71;80.49;0.06
675;0.00;105.03;0.00;104.98;0.00;0.00;59.02;17.22;32.01;180.04;454.29;179.65;459.07;454.02;80.49;0.06
680;0.00;105.01;0.00;104.98;0.00;0.00;59.02;17.22;32.02;180.04;453.74;179.66;458.57;453.45;80.49;0.08
685;0.00;104.97;0.00;105.00;0.00;0.00;59.01;17.22;32.03;180.05;453.48;179.69;458.54;453.25;80.49;0.08
690;0.00;104.98;0.00;104.97;0.00;0.00;58.98;17.19;32.03;180.05;453.48;179.81;460.15;453.50;80.49;0.08
695;0.00;105.01;0.00;105.00;0.00;0.00;59.01;17.20;32.02;180.06;453.08;179.87;461.62;455.32;80.49;0.06
700;0.00;105.03;0.00;104.91;0.00;0.00;59.01;17.20;32.03;180.07;452.39;179.94;463.38;456.78;80.49;0.06
705;0.00;105.03;0.00;105.00;0.00;0.00;59.02;17.25;32.05;180.08;451.50;180.05;465.39;458.47;80.49;0.06
710;0.00;105.01;0.00;105.01;0.00;0.00;59.02;17.23;32.05;180.07;451.46;180.08;470.48;462.74;80.49;0.07
715;0.00;104.96;0.00;105.00;0.00;0.00;59.00;17.22;32.05;180.07;451.80;180.10;473.59;465.37;80.49;0.08
720;0.00;104.99;0.00;104.96;0.00;0.00;58.98;17.19;32.05;180.06;452.30;180.09;476.95;468.28;80.49;0.08
725;0.00;104.98;0.00;104.99;0.00;0.00;58.99;17.19;32.05;180.04;453.08;180.02;483.52;471.30;80.49;0.07
730;0.00;105.02;0.00;104.94;0.00;0.00;59.02;17.20;32.06;180.04;453.17;179.97;486.25;476.88;80.49;0.06
735;0.00;105.02;0.00;104.99;0.00;0.00;59.02;17.23;32.06;180.04;453.45;179.90;488.47;479.05;80.49;0.06
740;0.00;105.02;0.00;105.00;0.00;0.00;59.01;17.20;32.07;180.05;454.36;179.83;490.04;480.73;80.49;0.08
745;0.00;104.94;0.00;104.99;0.00;0.00;59.01;17.19;32.07;180.05;455.22;179.70;491.63;481.92;80.49;0.08
750;0.00;105.01;0.00;104.97;0.00;0.00;58.99;17.19;32.08;180.05;456.18;179.64;491.81;483.07;80.49;0.08
755;0.00;104.99;0.00;104.99;0.00;0.00;59.01;17.22;32.09;180.06;457.00;179.60;491.70;483.16;80.49;0.07
760;0.00;105.02;0.00;104.94;0.00;0.00;58.98;17.20;32.09;180.06;457.71;179.58;491.36;483.01;80.49;0.06
765;0.00;105.01;0.00;105.00;0.00;0.00;59.02;17.20;32.08;180.06;458.02;179.61;490.18;482.19;80.49;0.06
770;0.00;105.02;0.00;105.00;0.00;0.00;59.02;17.20;32.09;180.05;458.33;179.65;489.43;481.60;80.49;0.08
775;0.00;104.93;0.00;104.99;0.00;0.00;58.98;17.23;32.10;180.06;458.87;179.71;488.59;480.92;80.49;0.08
780;0.00;105.01;0.00;104.98;0.00;0.00;58.99;17.22;32.09;180.06;460.24;179.84;486.76;480.18;80.49;0.08
785;0.00;104.99;0.00;104.99;0.00;0.00;58.99;17.20;32.10;180.07;460.55;179.91;485.75;478.52;80.49;0.08
790;0.00;105.03;0.00;104.94;0.00;0.00;59.01;17.20;32.10;180.07;460.45;179.97;484.76;477.66;80.49;0.06
795;0.00;105.01;0.00;105.00;0.00;0.00;59.04;17.23;32.12;180.07;460.25;180.01;483.73;476.75;80.49;0.06
800;0.00;105.01;0.00;105.00;0.00;0.00;59.03;17.19;32.12;180.06;460.28;180.05;481.64;475.84;80.49;0.08
805;0.00;104.93;0.00;104.99;0.00;0.00;58.99;17.20;32.12;180.06;460.59;180.05;480.57;473.93;80.49;0.08
810;0.00;104.97;0.00;104.97;0.00;0.00;58.99;17.20;32.12;180.04;460.99;180.02;479.50;472.98;80.49;0.09
815;0.00;104.99;0.00;105.00;0.00;0.00;58.99;17.20;32.12;180.04;460.96;179.93;478.44;472.02;80.49;0.07
820;0.00;105.06;0.00;104.92;0.00;0.00;58.99;17.19;32.13;180.05;460.45;179.85;476.32;470.07;80.49;0.06
825;0.00;105.01;0.00;104.99;0.00;0.00;59.03;17.23;32.14;180.05;460.05;179.79;475.27;469.11;80.49;0.07
830;0.00;105.01;0.00;104.98;0.00;0.00;59.01;17.22;32.14;180.07;459.68;179.72;474.19;468.14;80.49;0.08
835;0.00;104.97;0.00;104.99;0.00;0.00;58.99;17.22;32.15;180.06;459.71;179.61;472.10;467.19;80.49;0.09
840;0.00;105.00;0.00;104.96;0.00;0.00;58.96;17.20;32.15;180.06;459.87;179.58;471.06;465.24;80.49;0.08
845;0.00;105.01;0.00;104.99;0.00;0.00;58.98;17.20;32.16;180.05;459.74;179.57;470.04;464.30;80.49;0.07
850;0.00;105.04;0.00;104.92;0.00;0.00;59.01;17.20;32.16;180.03;458.31;179.57;469.01;463.35;80.49;0.06
855;0.00;105.01;0.00;104.99;0.00;0.00;59.00;17.22;32.17;180.02;457.74;179.64;466.97;461.45;80.49;0.06
860;0.00;105.00;0.00;105.00;0.00;0.00;59.02;17.22;32.17;180.02;457.27;179.69;465.98;460.52;80.49;0.08
865;0.00;104.96;0.00;105.01;0.00;0.00;58.99;17.17;32.17;180.04;457.13;179.75;464.98;459.60;80.49;0.08
870;0.00;105.01;0.00;104.97;0.00;0.00;58.99;17.20;32.18;180.06;457.12;179.86;463.36;458.14;80.49;0.08
875;0.00;105.00;0.00;104.99;0.00;0.00;58.97;17.23;32.18;180.07;456.29;179.95;462.61;457.42;80.49;0.07
880;0.00;105.04;0.00;104.92;0.00;0.00;59.02;17.19;32.18;180.07;455.43;179.98;461.01;455.85;80.49;0.06
885;0.00;105.02;0.00;105.00;0.00;0.00;59.01;17.22;32.19;180.05;454.78;180.00;460.86;455.51;80.49;0.06
890;0.00;105.00;0.00;105.01;0.00;0.00;59.01;17.22;32.20;180.04;454.25;180.00;461.68;455.90;80.49;0.08
895;0.00;104.96;0.00;105.00;0.00;0.00;58.99;17.20;32.21;180.05;454.30;179.95;466.63;457.20;80.49;0.08
900;0.00;105.00;0.00;104.97;0.00;0.00;58.97;17.20;32.21;180.07;454.64;179.91;470.67;462.69;80.49;0.08
905;0.00;105.00;0.00;105.00;0.00;0.00;58.99;17.22;32.21;180.09;454.83;179.85;475.44;466.75;80.49;0.07
910;0.00;105.01;0.00;104.94;0.00;0.00;58.99;17.22;32.22;180.10;454.70;179.78;480.86;471.26;80.49;0.06
915;0.00;105.01;0.00;105.01;0.00;0.00;59.02;17.22;32.22;180.08;455.08;179.64;492.21;481.23;80.49;0.06
920;0.00;105.01;0.00;104.99;0.00;0.00;59.01;17.19;32.22;180.05;455.69;179.59;498.12;486.49;80.49;0.08
925;0.00;104.93;0.00;105.01;0.00;0.00;58.99;17.22;32.23;180.03;456.82;179.54;503.99;491.81;80.49;0.08
930;0.00;104.99;0.00;104.98;0.00;0.00;58.98;17.20;32.23;180.04;459.80;179.51;509.60;496.97;80.49;0.09
935;0.00;105.00;0.00;104.99;0.00;0.00;58.99;17.22;32.24;180.05;461.23;179.52;518.79;505.84;80.49;0.07
940;0.00;105.03;0.00;104.91;0.00;0.00;59.01;17.25;32.23;180.06;462.34;179.55;521.93;509.20;80.49;0.06
945;0.00;105.02;0.00;104.99;0.00;0.00;59.02;17.22;32.25;180.08;464.97;179.60;524.11;511.62;80.49;0.06
950;0.00;105.00;0.00;104.99;0.00;0.00;59.02;17.20;32.24;180.07;466.21;179.72;526.21;513.31;80.49;0.08
955;0.00;104.95;0.00;105.01;0.00;0.00;59.01;17.20;32.24;180.07;467.87;179.79;526.46;514.93;80.49;0.08
960;0.00;104.99;0.00;104.97;0.00;0.00;58.98;17.22;32.26;180.06;469.68;179.85;526.33;515.11;80.49;0.09
965;0.00;105.00;0.00;104.99;0.00;0.00;59.02;17.22;32.25;180.06;472.68;179.90;525.91;514.97;80.49;0.07
970;0.00;105.03;0.00;104.94;0.00;0.00;58.99;17.23;32.26;180.05;473.58;179.96;524.43;514.04;80.49;0.07
975;0.00;105.02;0.00;104.99;0.00;0.00;59.02;17.22;32.27;180.03;474.51;179.96;523.49;513.34;80.49;0.07
980;0.00;104.98;0.00;104.99;0.00;0.00;59.01;17.20;32.27;180.03;475.28;179.94;522.44;512.51;80.49;0.08
985;0.00;104.94;0.00;105.03;0.00;0.00;58.99;17.20;32.27;180.04;477.36;179.86;521.32;511.61;80.49;0.09
990;0.00;105.01;0.00;104.96;0.00;0.00;58.96;17.20;32.28;180.05;478.60;179.80;518.89;509.60;80.49;0.09
995;0.00;105.00;0.00;104.98;0.00;0.00;58.99;17.17;32.28;180.07;479.52;179.74;517.63;508.51;80.49;0.07
1000;0.00;105.06;0.00;104.93;0.00;0.00;59.00;17.20;32.29;180.10;479.88;179.68;516.36;507.41;80.49;0.06
1005;0.00;105.03;0.00;104.99;0.00;0.00;59.01;17.23;32.29;180.09;480.02;179.57;513.73;506.28;80.49;0.06
1010;0.00;105.00;0.00;105.00;0.00;0.00;59.02;17.22;32.29;180.08;480.17;179.54;512.42;503.95;80.49;0.08
1015;0.00;104.93;0.00;105.01;0.00;0.00;59.02;17.19;32.30;180.05;480.71;179.52;511.10;502.78;80.49;0.09
1020;0.00;105.01;0.00;104.99;0.00;0.00;58.99;17.22;32.30;180.02;482.09;179.53;509.75;501.58;80.49;0.09
1025;0.00;105.00;0.00;104.99;0.00;0.00;58.98;17.20;32.31;180.02;482.05;179.58;507.12;499.23;80.49;0.08
1030;0.00;105.03;0.00;104.92;0.00;0.00;59.01;17.23;32.31;180.03;481.58;179.63;505.82;498.05;80.49;0.06
1035;0.00;105.00;0.00;105.00;0.00;0.00;59.02;17.22;32.32;180.08;481.20;179.68;504.52;496.84;80.49;0.07
1040;0.00;105.02;0.00;104.99;0.00;0.00;59.03;17.20;32.32;180.10;480.76;179.79;503.22;495.67;80.49;0.08
1045;0.00;104.97;0.00;105.02;0.00;0.00;59.01;17.22;32.33;180.10;481.04;179.84;500.63;493.31;80.49;0.09
1050;0.00;105.00;0.00;104.97;0.00;0.00;58.98;17.22;32.33;180.08;481.43;179.89;499.36;492.16;80.49;0.09
1055;0.00;104.99;0.00;104.99;0.00;0.00;58.98;17.20;32.34;180.06;481.57;179.91;497.82;490.68;80.49;0.07
1060;0.00;105.02;0.00;104.92;0.00;0.00;58.99;17.22;32.34;180.02;480.62;179.92;496.49;489.51;80.49;0.06
1065;0.00;105.01;0.00;105.00;0.00;0.00;59.02;17.23;32.34;180.02;479.24;179.89;494.22;487.46;80.49;0.06
1070;0.00;104.99;0.00;105.00;0.00;0.00;59.04;17.22;32.34;180.03;478.76;179.85;493.01;486.33;80.49;0.09
1075;0.00;104.94;0.00;105.01;0.00;0.00;58.99;17.25;32.35;180.07;478.68;179.81;491.86;485.25;80.49;0.09
1080;0.00;105.00;0.00;104.96;0.00;0.00;58.98;17.19;32.35;180.08;479.01;179.71;490.22;484.30;80.49;0.09
1085;0.00;105.00;0.00;104.99;0.00;0.00;59.00;17.20;32.35;180.10;478.52;179.65;489.87;483.12;80.49;0.08
1090;0.00;105.03;0.00;104.91;0.00;0.00;59.00;17.23;32.35;180.10;477.56;179.61;489.92;483.00;80.49;0.06
1095;0.00;105.03;0.00;105.00;0.00;0.00;59.02;17.19;32.36;180.05;476.25;179.57;490.47;483.30;80.49;0.06
1100;0.00;105.00;0.00;105.01;0.00;0.00;59.00;17.20;32.37;180.04;476.10;179.53;494.08;484.21;80.49;0.08
1105;0.00;104.94;0.00;105.02;0.00;0.00;58.98;17.23;32.37;180.03;476.51;179.54;497.44;488.52;80.49;0.09
1110;0.00;105.01;0.00;104.98;0.00;0.00;58.99;17.20;32.38;180.06;477.20;179.57;501.73;492.09;80.49;0.09
1115;0.00;105.01;0.00;104.98;0.00;0.00;59.01;17.20;32.39;180.07;478.00;179.65;506.87;496.28;80.49;0.07
1120;0.00;105.05;0.00;104.91;0.00;0.00;58.99;17.22;32.37;180.07;478.08;179.71;517.91;506.03;80.49;0.07
1125;0.00;105.01;0.00;105.00;0.00;0.00;59.02;17.23;32.38;180.07;478.56;179.77;523.71;511.10;80.49;0.07
1130;0.00;105.00;0.00;105.00;0.00;0.00;59.01;17.20;32.39;180.06;479.25;179.82;529.34;516.32;80.49;0.08
1135;0.00;104.97;0.00;105.02;0.00;0.00;58.99;17.20;32.39;180.05;482.31;179.90;535.00;521.37;80.49;0.09
1140;0.00;105.00;0.00;104.98;0.00;0.00;59.01;17.19;32.39;180.05;484.27;179.92;544.71;530.63;80.49;0.09
1145;0.00;105.00;0.00;104.98;0.00;0.00;58.99;17.22;32.39;180.06;485.98;179.93;548.31;534.36;80.49;0.07
1150;0.00;105.04;0.00;104.89;0.00;0.00;59.01;17.20;32.40;180.04;488.42;179.91;550.95;537.15;80.49;0.07
1155;0.00;105.00;0.00;104.99;0.00;0.00;59.02;17.23;32.41;180.04;489.74;179.84;553.50;539.10;80.49;0.07
1160;0.00;104.99;0.00;105.00;0.00;0.00;59.02;17.22;32.41;180.04;490.90;179.79;553.79;541.03;80.49;0.08
1165;0.00;104.93;0.00;105.03;0.00;0.00;59.00;17.20;32.41;180.05;492.58;179.74;553.64;541.23;80.49;0.09
1170;0.00;105.00;0.00;104.99;0.00;0.00;58.99;17.20;32.41;180.07;496.48;179.68;553.13;541.07;80.49;0.09
1175;0.00;105.00;0.00;104.99;0.00;0.00;59.00;17.22;32.42;180.07;497.71;179.57;551.39;539.96;80.49;0.08
1180;0.00;105.04;0.00;104.91;0.00;0.00;58.99;17.22;32.42;180.06;498.42;179.54;550.29;539.12;80.49;0.07
1185;0.00;105.02;0.00;105.00;0.00;0.00;59.02;17.23;32.43;180.07;499.07;179.52;549.08;538.17;80.49;0.07
1190;0.00;105.01;0.00;105.00;0.00;0.00;58.99;17.20;32.43;180.06;500.30;179.54;547.76;537.10;80.49;0.09
1195;0.00;104.93;0.00;105.01;0.00;0.00;59.01;17.22;32.43;180.07;501.48;179.57;544.95;534.79;80.49;0.09
1200;0.00;105.00;0.00;104.97;0.00;0.00;58.98;17.23;32.44;180.07;502.79;179.62;543.52;533.53;80.49;0.09
1205;0.00;105.00;0.00;105.00;0.00;0.00;58.98;17.20;32.45;180.07;503.79;179.67;542.06;532.27;80.49;0.08
1210;0.00;105.05;0.00;104.91;0.00;0.00;58.99;17.22;32.45;180.06;503.50;179.78;540.54;530.95;80.49;0.07
1215;0.00;105.03;0.00;105.00;0.00;0.00;59.02;17.20;32.45;180.05;503.35;179.83;537.57;528.30;80.49;0.07
1220;0.00;105.00;0.00;105.01;0.00;0.00;58.99;17.22;32.45;180.05;503.19;179.88;536.04;526.97;80.49;0.09
1225;0.00;104.96;0.00;105.03;0.00;0.00;58.98;17.19;32.46;180.04;504.30;179.90;534.55;525.65;80.49;0.09
1230;0.00;105.01;0.00;104.98;0.00;0.00;58.99;17.19;32.46;180.04;505.03;179.91;531.55;524.28;80.49;0.09
1235;0.00;104.99;0.00;105.00;0.00;0.00;58.99;17.22;32.47;180.05;504.98;179.89;530.08;521.59;80.49;0.09
1240;0.00;105.06;0.00;104.89;0.00;0.00;58.99;17.22;32.46;180.06;504.14;179.86;528.62;520.27;80.49;0.07
1245;0.00;105.02;0.00;105.00;0.00;0.00;59.02;17.22;32.47;180.05;502.69;179.82;527.13;518.95;80.49;0.07
1250;0.00;105.00;0.00;105.01;0.00;0.00;59.02;17.25;32.47;180.04;502.34;179.70;524.23;516.31;80.49;0.09
1255;0.00;104.95;0.00;105.02;0.00;0.00;59.02;17.23;32.48;180.04;502.56;179.65;522.81;514.99;80.49;0.09
1260;0.00;105.01;0.00;104.99;0.00;0.00;58.99;17.20;32.48;180.04;502.98;179.60;521.37;513.67;80.49;0.09
1265;0.00;104.99;0.00;104.99;0.00;0.00;59.00;17.20;32.48;180.04;502.24;179.53;519.98;512.39;80.49;0.08
1270;0.00;105.04;0.00;104.89;0.00;0.00;59.00;17.20;32.49;180.05;501.11;179.52;517.33;509.94;80.49;0.07
1275;0.00;105.01;0.00;105.00;0.00;0.00;59.03;17.23;32.49;180.05;500.18;179.52;516.51;509.06;80.49;0.07
1280;0.00;104.99;0.00;105.01;0.00;0.00;59.00;17.23;32.49;180.05;499.44;179.54;516.55;508.83;80.49;0.09
1285;0.00;104.92;0.00;105.04;0.00;0.00;58.98;17.22;32.49;180.05;499.93;179.61;517.78;509.51;80.49;0.09
1290;0.00;104.99;0.00;104.97;0.00;0.00;58.99;17.17;32.50;180.06;500.66;179.67;523.92;514.10;80.49;0.09
1295;0.00;105.01;0.00;104.99;0.00;0.00;58.98;17.20;32.50;180.07;500.97;179.73;528.39;517.84;80.49;0.08
1300;0.00;105.04;0.00;104.92;0.00;0.00;59.00;17.20;32.50;180.09;500.35;179.78;533.63;522.15;80.49;0.07
1305;0.00;105.01;0.00;104.99;0.00;0.00;59.02;17.22;32.52;180.07;500.63;179.89;545.30;527.07;80.49;0.07
1310;0.00;105.02;0.00;105.01;0.00;0.00;59.02;17.22;32.52;180.06;501.36;179.92;551.55;537.94;80.49;0.08
1315;0.00;104.92;0.00;105.02;0.00;0.00;58.99;17.22;32.51;180.05;503.01;179.94;558.19;543.70;80.49;0.09
1320;0.00;105.01;0.00;104.98;0.00;0.00;59.02;17.20;32.52;180.04;507.31;179.95;564.63;549.67;80.49;0.10
1325;0.00;104.99;0.00;105.00;0.00;0.00;58.99;17.23;32.53;180.04;508.83;179.89;575.76;555.33;80.49;0.08
1330;0.00;105.04;0.00;104.92;0.00;0.00;58.99;17.22;32.53;180.03;509.88;179.85;579.51;564.08;80.49;0.07
1335;0.00;105.02;0.00;104.99;0.00;0.00;59.02;17.20;32.54;180.03;511.16;179.80;582.09;567.00;80.49;0.08
1340;0.00;105.00;0.00;105.00;0.00;0.00;59.02;17.22;32.54;180.04;513.99;179.74;583.58;568.89;80.49;0.09
1345;0.00;104.95;0.00;105.04;0.00;0.00;59.01;17.19;32.54;180.05;516.20;179.63;584.35;570.52;80.49;0.10
1350;0.00;105.00;0.00;104.97;0.00;0.00;58.98;17.20;32.53;180.05;518.46;179.58;583.97;570.54;80.49;0.10
1355;0.00;105.01;0.00;104.99;0.00;0.00;58.99;17.23;32.55;180.04;520.64;179.55;583.24;570.20;80.49;0.08
1360;0.00;105.04;0.00;104.91;0.00;0.00;59.00;17.20;32.55;180.05;522.40;179.52;582.25;569.55;80.49;0.08
1365;0.00;105.03;0.00;105.01;0.00;0.00;59.02;17.22;32.55;180.05;523.12;179.53;579.67;567.66;80.49;0.07
1370;0.00;104.99;0.00;105.00;0.00;0.00;59.02;17.20;32.55;180.06;523.64;179.56;578.22;566.48;80.50;0.10
1375;0.00;104.94;0.00;105.04;0.00;0.00;59.01;17.20;32.56;180.05;524.78;179.60;576.67;565.24;80.49;0.10
1380;0.00;104.99;0.00;104.99;0.00;0.00;58.98;17.22;32.56;180.04;527.92;179.71;575.09;563.88;80.49;0.10
1385;0.00;105.01;0.00;104.99;0.00;0.00;58.98;17.22;32.57;180.03;528.53;179.77;571.77;561.05;80.49;0.09
1390;0.00;105.04;0.00;104.89;0.00;0.00;59.00;17.22;32.57;180.03;528.22;179.82;570.05;559.56;80.49;0.07
1395;0.00;105.01;0.00;104.99;0.00;0.00;59.02;17.22;32.57;180.04;527.56;179.87;568.37;558.09;80.49;0.08
1400;0.00;104.99;0.00;104.99;0.00;0.00;59.01;17.19;32.57;180.04;527.58;179.93;564.96;556.56;80.49;0.09
1405;0.00;104.93;0.00;105.03;0.00;0.00;59.01;17.19;32.58;180.04;528.33;179.93;563.22;553.52;80.49;0.10
1410;0.00;105.00;0.00;104.98;0.00;0.00;58.99;17.20;32.59;180.04;529.23;179.92;561.55;551.99;80.49;0.10
1415;0.00;105.03;0.00;104.98;0.00;0.00;58.98;17.19;32.58;180.04;529.15;179.89;559.83;550.48;80.49;0.09
1420;0.00;105.04;0.00;104.92;0.00;0.00;59.01;17.20;32.59;180.04;528.00;179.80;556.48;548.94;80.49;0.08
1425;0.00;105.02;0.00;105.00;0.00;0.00;59.02;17.23;32.59;180.03;527.18;179.75;554.84;545.93;80.49;0.08
1430;0.00;104.99;0.00;105.00;0.00;0.00;59.02;17.20;32.60;180.05;526.34;179.70;553.21;544.46;80.49;0.10
1435;0.00;104.94;0.00;105.04;0.00;0.00;59.00;17.20;32.60;180.06;526.79;179.59;551.60;542.99;80.49;0.10
1440;0.00;105.00;0.00;104.99;0.00;0.00;58.98;17.20;32.60;180.06;527.34;179.56;549.02;540.50;80.49;0.10
1445;0.00;105.01;0.00;104.99;0.00;0.00;59.02;17.22;32.60;180.06;527.10;179.53;548.08;539.54;80.49;0.08
1450;0.00;105.04;0.00;104.92;0.00;0.00;58.99;17.22;32.61;180.04;525.71;179.53;547.40;538.84;80.49;0.07
1455;0.00;105.02;0.00;105.00;0.00;0.00;59.01;17.20;32.61;180.03;523.62;179.56;547.16;538.49;80.49;0.08
1460;0.00;104.99;0.00;104.99;0.00;0.00;59.01;17.22;32.61;180.03;523.20;179.60;549.50;539.92;80.49;0.09
1465;0.00;104.92;0.00;105.03;0.00;0.00;59.01;17.20;32.62;180.03;523.82;179.65;552.37;542.15;80.49;0.09
1470;0.00;104.99;0.00;104.97;0.00;0.00;58.99;17.20;32.62;180.04;526.04;179.69;556.36;545.35;80.49;0.10
1475;0.00;105.00;0.00;104.99;0.00;0.00;58.99;17.22;32.63;180.06;526.09;179.81;566.38;549.24;80.49;0.09
1480;0.00;105.04;0.00;104.91;0.00;0.00;59.01;17.22;32.62;180.06;525.80;179.86;572.10;558.69;80.49;0.08
1485;0.00;105.01;0.00;104.99;0.00;0.00;59.02;17.20;32.64;180.06;526.09;179.89;577.92;563.99;80.49;0.08
1490;0.00;105.00;0.00;105.01;0.00;0.00;59.02;17.22;32.63;180.05;528.15;179.91;584.13;569.39;80.49;0.09
1495;0.00;104.97;0.00;105.04;0.00;0.00;59.02;17.23;32.64;180.05;530.59;179.91;596.70;575.13;80.49;0.10
1500;0.00;104.99;0.00;104.98;0.00;0.00;58.99;17.20;32.64;180.05;533.31;179.89;602.35;586.11;80.49;0.10
1505;0.00;105.01;0.00;104.97;0.00;0.00;58.98;17.23;32.65;180.05;535.67;179.85;607.10;590.66;80.49;0.09
1510;0.00;105.04;0.00;104.92;0.00;0.00;58.99;17.20;32.64;180.03;537.78;179.81;610.43;594.29;80.50;0.08
1515;0.00;105.00;0.00;104.99;0.00;0.00;59.02;17.20;32.64;180.03;539.08;179.71;613.67;598.36;80.49;0.08
1520;0.00;105.00;0.00;105.01;0.00;0.00;59.02;17.22;32.65;180.03;540.31;179.66;613.99;599.15;80.49;0.10
1525;0.00;104.96;0.00;105.04;0.00;0.00;59.01;17.20;32.66;180.04;542.33;179.62;613.72;599.32;80.49;0.10
1530;0.00;104.99;0.00;104.99;0.00;0.00;58.99;17.20;32.66;180.05;547.16;179.57;612.98;599.02;80.49;0.10
1535;0.00;105.00;0.00;104.99;0.00;0.00;59.00;17.22;32.66;180.06;548.68;179.56;610.61;597.45;80.49;0.10
1540;0.00;105.08;0.00;104.91;0.00;0.00;58.98;17.22;32.66;180.06;549.08;179.57;609.15;596.30;80.49;0.08
1545;0.00;105.01;0.00;105.00;0.00;0.00;59.05;17.22;32.67;180.03;549.42;179.59;607.51;595.04;80.49;0.09
1550;0.00;105.01;0.00;105.00;0.00;0.00;59.01;17.23;32.67;180.03;550.20;179.66;605.82;593.62;80.49;0.10
1555;0.00;104.94;0.00;105.04;0.00;0.00;58.98;17.22;32.67;180.03;551.61;179.69;602.21;590.58;80.49;0.11
1560;0.00;105.00;0.00;105.00;0.00;0.00;59.01;17.20;32.67;180.04;553.22;179.74;600.32;588.95;80.49;0.11
1565;0.00;105.01;0.00;104.97;0.00;0.00;59.01;17.22;32.68;180.07;554.44;179.78;598.46;587.33;80.49;0.10
1570;0.00;105.04;0.00;104.92;0.00;0.00;58.98;17.20;32.68;180.08;553.16;179.85;596.54;585.65;80.49;0.09
1575;0.00;105.00;0.00;105.00;0.00;0.00;59.02;17.22;32.68;180.08;552.52;179.88;592.72;582.27;80.49;0.08
1580;0.00;104.99;0.00;105.01;0.00;0.00;59.01;17.22;32.69;180.08;551.87;179.89;590.85;580.56;80.49;0.10
1585;0.00;104.93;0.00;105.05;0.00;0.00;58.98;17.22;32.70;180.05;553.13;179.89;588.94;578.89;80.49;0.10
1590;0.00;104.98;0.00;104.99;0.00;0.00;59.00;17.22;32.70;180.02;554.00;179.84;585.20;577.18;80.49;0.10
1595;0.00;104.99;0.00;104.99;0.00;0.00;58.99;17.22;32.70;180.01;553.78;179.81;583.32;573.82;80.49;0.10
1600;0.00;105.03;0.00;104.91;0.00;0.00;59.02;17.23;32.71;180.02;552.24;179.77;581.51;572.13;80.49;0.08
1605;0.00;105.04;0.00;105.00;0.00;0.00;59.02;17.20;32.71;180.05;549.57;179.72;579.69;570.51;80.49;0.08
1610;0.00;105.02;0.00;105.00;0.00;0.00;59.01;17.20;32.71;180.07;548.99;179.63;577.00;568.99;80.49;0.10
1615;0.00;104.95;0.00;105.04;0.00;0.00;59.01;17.19;32.72;180.07;549.50;179.61;576.85;567.46;80.49;0.10
1620;0.00;105.01;0.00;104.98;0.00;0.00;59.02;17.20;32.73;180.07;550.44;179.58;577.88;567.96;80.49;0.11
1625;0.00;104.99;0.00;105.00;0.00;0.00;58.98;17.19;32.72;180.04;550.28;179.58;579.86;569.37;80.49;0.09
1630;0.00;105.03;0.00;104.89;0.00;0.00;59.00;17.22;32.72;180.04;549.06;179.61;585.78;574.19;80.49;0.09
1635;0.00;105.00;0.00;104.99;0.00;0.00;59.01;17.20;32.73;180.04;548.54;179.64;589.45;577.29;80.49;0.09
1640;0.00;105.01;0.00;105.00;0.00;0.00;59.01;17.22;32.73;180.07;548.32;179.68;593.87;581.04;80.49;0.10
1645;0.00;104.94;0.00;105.04;0.00;0.00;59.01;17.20;32.74;180.08;551.34;179.78;598.75;585.23;80.49;0.11
1650;0.00;105.01;0.00;104.99;0.00;0.00;59.02;17.22;32.74;180.08;553.66;179.82;609.98;595.08;80.50;0.10
1655;0.00;104.99;0.00;104.99;0.00;0.00;59.02;17.23;32.74;180.07;555.31;179.86;615.47;600.14;80.49;0.09
1660;0.00;105.05;0.00;104.92;0.00;0.00;58.98;17.19;32.75;180.04;555.61;179.89;620.48;604.70;80.49;0.08
1665;0.00;105.03;0.00;105.00;0.00;0.00;59.03;17.20;32.76;180.04;556.84;179.91;624.54;608.74;80.49;0.09
1670;0.00;104.99;0.00;105.01;0.00;0.00;59.01;17.22;32.75;180.06;557.97;179.90;630.01;614.51;80.49;0.10
1675;0.00;104.95;0.00;105.04;0.00;0.00;58.98;17.20;32.75;180.06;560.19;179.88;631.58;616.36;80.49;0.10
1680;0.00;105.00;0.00;104.99;0.00;0.00;58.99;17.20;32.76;180.04;562.81;179.85;632.47;617.55;80.49;0.11
1685;0.00;104.99;0.00;105.00;0.00;0.00;59.00;17.23;32.76;180.03;566.51;179.76;632.66;618.12;80.49;0.10
1690;0.00;105.05;0.00;104.92;0.00;0.00;58.99;17.22;32.77;180.02;566.76;179.72;631.47;617.73;80.49;0.10
1695;0.00;105.01;0.00;105.01;0.00;0.00;59.02;17.23;32.77;180.02;567.14;179.68;630.30;616.94;80.49;0.09
1700;0.00;105.02;0.00;105.00;0.00;0.00;59.01;17.22;32.77;180.05;567.38;179.64;628.91;615.91;80.49;0.11
1705;0.00;104.93;0.00;105.04;0.00;0.00;59.00;17.22;32.77;180.06;570.00;179.60;625.58;614.65;80.49;0.11
1710;0.00;105.01;0.00;104.99;0.00;0.00;59.01;17.22;32.78;180.06;571.60;179.60;623.78;611.73;80.49;0.11
1715;0.00;105.01;0.00;104.99;0.00;0.00;58.99;17.19;32.78;180.05;572.77;179.61;621.87;610.15;80.49;0.10
1720;0.00;105.06;0.00;104.91;0.00;0.00;58.99;17.19;32.78;180.03;571.69;179.63;619.96;608.46;80.49;0.09
1725;0.00;105.00;0.00;104.99;0.00;0.00;59.01;17.22;32.78;180.02;571.12;179.70;616.01;606.77;80.49;0.09
1730;0.00;105.01;0.00;105.00;0.00;0.00;58.99;17.20;32.79;180.02;570.60;179.74;613.99;603.22;80.49;0.10
1735;0.00;104.96;0.00;105.03;0.00;0.00;59.01;17.22;32.79;180.02;571.19;179.78;612.02;601.47;80.49;0.11
1740;0.00;105.01;0.00;104.99;0.00;0.00;59.00;17.20;32.79;180.05;573.11;179.81;610.01;599.66;80.50;0.11
1745;0.00;105.01;0.00;104.98;0.00;0.00;59.01;17.23;32.80;180.06;572.74;179.87;606.05;597.91;80.50;0.11
1750;0.00;105.06;0.00;104.91;0.00;0.00;59.00;17.23;32.80;180.06;571.22;179.90;604.07;594.31;80.49;0.09
1755;0.00;105.01;0.00;105.01;0.00;0.00;59.02;17.25;32.81;180.05;569.78;179.91;602.26;592.67;80.49;0.09
1760;0.00;104.99;0.00;104.99;0.00;0.00;58.99;17.20;32.80;180.05;568.22;179.90;600.91;591.34;80.49;0.11
1765;0.00;104.95;0.00;105.04;0.00;0.00;59.01;17.22;32.81;180.04;569.10;179.85;601.57;591.26;80.49;0.11
1770;0.00;105.01;0.00;105.00;0.00;0.00;59.01;17.22;32.81;180.04;570.31;179.81;603.90;592.83;80.49;0.11
1775;0.00;104.99;0.00;104.99;0.00;0.00;59.01;17.19;32.81;180.05;571.10;179.77;607.16;595.41;80.49;0.10
1780;0.00;105.03;0.00;104.87;0.00;0.00;58.99;17.20;32.81;180.05;569.27;179.69;611.14;598.62;80.49;0.09
1785;0.00;105.02;0.00;104.98;0.00;0.00;59.04;17.23;32.81;180.05;569.00;179.66;620.30;606.52;80.48;0.09
1790;0.00;105.02;0.00;104.99;0.00;0.00;59.01;17.23;32.82;180.06;569.14;179.63;625.43;611.11;80.48;0.11
1795;0.00;104.94;0.00;105.04;0.00;0.00;58.99;17.20;32.83;180.05;570.70;179.62;631.02;615.93;80.48;0.11
1800;0.00;105.01;0.00;104.99;0.00;0.00;59.01;17.19;32.83;180.04;575.48;179.63;636.71;621.14;80.48;0.11
1805;0.00;105.03;0.00;104.99;0.00;0.00;58.99;17.20;32.83;180.03;577.44;179.65;647.69;631.14;80.48;0.11
1810;0.00;105.05;0.00;104.91;0.00;0.00;58.99;17.22;32.84;180.03;578.15;179.69;651.84;635.22;80.48;0.09
1815;0.00;105.01;0.00;105.01;0.00;0.00;59.02;17.22;32.84;180.03;579.83;179.72;654.76;638.38;80.48;0.09
1820;0.00;105.00;0.00;104.99;0.00;0.00;59.02;17.20;32.83;180.04;581.29;179.82;657.06;640.46;80.48;0.11
1825;0.00;104.93;0.00;105.05;0.00;0.00;59.01;17.22;32.84;180.05;583.75;179.86;656.93;641.91;80.48;0.11
1830;0.00;105.00;0.00;104.98;0.00;0.00;59.02;17.17;32.84;180.05;586.62;179.90;656.22;641.68;80.49;0.12
1835;0.00;105.00;0.00;104.99;0.00;0.00;58.98;17.22;32.85;180.04;589.79;179.92;655.11;640.99;80.48;0.11
1840;0.00;105.05;0.00;104.92;0.00;0.00;58.98;17.19;32.85;180.04;589.49;179.93;651.97;639.98;80.48;0.10
1845;0.00;105.00;0.00;105.00;0.00;0.00;59.02;17.23;32.85;180.05;589.52;179.92;650.17;637.20;80.48;0.10
1850;0.00;105.00;0.00;104.99;0.00;0.00;59.02;17.23;32.86;180.06;589.42;179.89;648.20;635.58;80.48;0.11
1855;0.00;104.93;0.00;105.06;0.00;0.00;59.01;17.19;32.87;180.07;592.48;179.86;646.20;633.89;80.48;0.12
1860;0.00;105.01;0.00;104.99;0.00;0.00;59.02;17.20;32.87;180.06;594.24;179.77;641.96;630.22;80.48;0.11
1865;0.00;104.99;0.00;104.97;0.00;0.00;59.02;17.23;32.87;180.05;594.73;179.73;639.84;628.38;80.48;0.11
1870;0.00;105.04;0.00;104.92;0.00;0.00;58.98;17.20;32.87;180.03;593.20;179.69;637.66;626.45;80.48;0.10
1875;0.00;105.01;0.00;104.99;0.00;0.00;59.02;17.23;32.87;180.03;590.65;179.62;635.48;624.56;80.48;0.10
1880;0.00;105.00;0.00;105.00;0.00;0.00;59.04;17.19;32.87;180.04;590.16;179.61;631.29;620.71;80.49;0.11
1885;0.00;104.92;0.00;105.05;0.00;0.00;59.01;17.19;32.88;180.05;591.12;179.61;629.38;618.99;80.48;0.11
1890;0.00;104.99;0.00;104.98;0.00;0.00;59.02;17.20;32.88;180.05;592.34;179.62;627.81;617.46;80.48;0.12
1895;0.00;105.01;0.00;104.98;0.00;0.00;58.98;17.20;32.88;180.05;591.78;179.68;626.54;616.20;80.48;0.11
1900;0.00;105.05;0.00;104.91;0.00;0.00;58.99;17.22;32.88;180.04;589.52;179.72;624.22;614.03;80.48;0.10
1905;0.00;105.02;0.00;105.00;0.00;0.00;59.03;17.25;32.89;180.05;588.05;179.77;623.77;613.48;80.48;0.10
1910;0.00;105.01;0.00;104.99;0.00;0.00;59.01;17.22;32.90;180.06;586.92;179.81;624.48;613.76;80.48;0.11
1915;0.00;104.96;0.00;105.03;0.00;0.00;59.01;17.20;32.89;180.07;589.20;179.91;626.43;615.13;80.48;0.12
1920;0.00;105.00;0.00;104.98;0.00;0.00;59.00;17.22;32.90;180.07;590.93;179.93;633.58;620.73;80.48;0.11
1925;0.00;105.00;0.00;104.99;0.00;0.00;58.99;17.25;32.91;180.07;591.98;179.95;638.13;624.64;80.49;0.11
1930;0.00;105.06;0.00;104.91;0.00;0.00;59.01;17.20;32.90;180.04;591.01;179.95;643.18;629.02;80.48;0.10
1935;0.00;105.00;0.00;105.00;0.00;0.00;59.02;17.22;32.91;180.03;590.74;179.91;653.87;633.71;80.48;0.10
1940;0.00;105.00;0.00;104.99;0.00;0.00;58.99;17.20;32.92;180.02;591.87;179.87;659.58;643.67;80.48;0.11
1945;0.00;104.95;0.00;105.03;0.00;0.00;59.02;17.20;32.92;180.02;594.68;179.83;665.28;648.96;80.48;0.11
1950;0.00;104.97;0.00;105.01;0.00;0.00;59.00;17.22;32.92;180.05;601.69;179.78;670.89;653.96;80.48;0.12
1955;0.00;104.98;0.00;105.00;0.00;0.00;58.99;17.20;32.92;180.07;603.15;179.70;679.03;658.52;80.48;0.12
1960;0.00;105.05;0.00;104.91;0.00;0.00;58.98;17.23;32.92;180.08;603.30;179.66;681.11;664.57;80.48;0.11
1965;0.00;105.03;0.00;105.00;0.00;0.00;59.01;17.22;32.93;180.08;603.99;179.64;682.02;665.99;80.48;0.11
1970;0.00;104.99;0.00;104.99;0.00;0.00;59.01;17.23;32.93;180.08;606.51;179.63;682.04;666.51;80.48;0.12
1975;0.00;104.93;0.00;105.05;0.00;0.00;59.00;17.22;32.93;180.06;609.39;179.65;680.29;666.35;80.48;0.12
1980;0.00;105.02;0.00;105.00;0.00;0.00;58.99;17.20;32.95;180.05;612.26;179.68;678.80;664.60;80.48;0.12
1985;0.00;104.98;0.00;105.00;0.00;0.00;58.98;17.23;32.94;180.04;614.53;179.71;677.03;663.27;80.48;0.12
1990;0.00;105.05;0.00;104.92;0.00;0.00;58.99;17.20;32.95;180.04;613.38;179.76;675.12;661.69;80.48;0.11
1995;0.00;105.00;0.00;105.00;0.00;0.00;59.03;17.23;32.94;180.06;612.89;179.85;670.88;658.13;80.48;0.10
2000;0.00;105.00;0.00;105.00;0.00;0.00;59.01;17.22;32.94;180.08;612.57;179.89;668.62;656.18;80.48;0.12
2005;0.00;104.92;0.00;105.06;0.00;0.00;59.01;17.23;32.95;180.08;613.94;179.92;666.38;654.23;80.48;0.12
2010;0.00;105.01;0.00;105.00;0.00;0.00;58.99;17.20;32.96;180.07;617.25;179.94;664.04;652.19;80.48;0.12
2015;0.00;104.99;0.00;104.98;0.00;0.00;59.01;17.22;32.95;180.06;617.01;179.94;659.41;648.07;80.48;0.12
2020;0.00;105.05;0.00;104.91;0.00;0.00;58.98;17.20;32.95;180.04;614.87;179.92;657.06;645.98;80.49;0.10
2025;0.00;105.02;0.00;104.99;0.00;0.00;59.02;17.22;32.95;180.03;612.95;179.90;654.79;643.88;80.48;0.11
2030;0.00;105.01;0.00;105.01;0.00;0.00;58.98;17.22;32.96;180.04;611.11;179.82;652.59;641.95;80.48;0.12
2035;0.00;104.96;0.00;105.04;0.00;0.00;59.01;17.19;32.97;180.06;612.37;179.78;650.19;639.42;80.48;0.12
2040;0.00;105.01;0.00;105.00;0.00;0.00;59.01;17.23;32.97;180.07;613.72;179.74;650.50;639.32;80.48;0.12
2045;0.00;104.98;0.00;104.99;0.00;0.00;58.98;17.22;32.97;180.07;614.74;179.72;651.47;639.89;80.48;0.12
2050;0.00;105.07;0.00;104.91;0.00;0.00;58.99;17.20;32.98;180.08;610.84;179.69;652.75;640.88;80.48;0.11
2055;0.00;105.04;0.00;104.99;0.00;0.00;58.99;17.23;32.98;180.08;609.73;179.68;656.43;643.96;80.48;0.10
2060;0.00;105.00;0.00;104.99;0.00;0.00;59.00;17.20;32.98;180.07;609.27;179.69;659.41;646.41;80.48;0.12
2065;0.00;104.92;0.00;105.05;0.00;0.00;59.01;17.23;32.98;180.07;610.89;179.71;663.10;649.49;80.49;0.12
2070;0.00;104.99;0.00;105.02;0.00;0.00;59.01;17.22;32.99;180.07;616.13;179.76;672.34;653.26;80.49;0.12
2075;0.00;104.99;0.00;104.99;0.00;0.00;59.01;17.22;32.99;180.06;617.57;179.80;677.00;661.61;80.48;0.12
2080;0.00;105.04;0.00;104.93;0.00;0.00;59.00;17.22;32.99;180.06;616.92;179.83;681.16;665.60;80.48;0.10
2085;0.00;105.03;0.00;104.99;0.00;0.00;59.03;17.23;32.99;180.06;617.02;179.87;684.83;669.12;80.48;0.11
2090;0.00;104.98;0.00;104.99;0.00;0.00;58.99;17.22;33.00;180.06;618.60;179.92;691.40;672.40;80.48;0.12
2095;0.00;104.92;0.00;105.06;0.00;0.00;58.99;17.19;33.00;180.07;621.82;179.93;694.52;678.46;80.48;0.12
2100;0.00;105.00;0.00;104.99;0.00;0.00;59.01;17.23;33.01;180.07;625.22;179.93;697.20;681.03;80.48;0.12
2105;0.00;104.97;0.00;105.00;0.00;0.00;59.01;17.20;33.00;180.08;629.26;179.92;698.97;682.90;80.48;0.12
2110;0.00;105.06;0.00;104.91;0.00;0.00;59.00;17.19;33.01;180.09;628.89;179.87;699.64;684.01;80.48;0.12
2115;0.00;105.00;0.00;105.00;0.00;0.00;59.00;17.20;33.02;180.09;628.95;179.84;698.87;684.03;80.48;0.12
2120;0.00;105.01;0.00;105.00;0.00;0.00;59.01;17.20;33.01;180.09;628.92;179.80;697.62;683.21;80.48;0.13
2125;0.00;104.90;0.00;105.06;0.00;0.00;58.98;17.19;33.01;180.06;632.64;179.77;696.03;682.00;80.48;0.13
2130;0.00;104.97;0.00;105.00;0.00;0.00;59.03;17.20;33.02;180.05;634.93;179.71;692.10;678.85;80.48;0.12
2135;0.00;105.00;0.00;104.99;0.00;0.00;58.99;17.20;33.02;180.05;636.50;179.70;689.88;677.04;80.48;0.12
2140;0.00;105.07;0.00;104.91;0.00;0.00;58.98;17.22;33.02;180.06;635.43;179.70;687.57;675.07;80.48;0.11
2145;0.00;105.02;0.00;104.99;0.00;0.00;59.02;17.20;33.03;180.08;632.41;179.71;685.25;673.07;80.48;0.11
2150;0.00;104.99;0.00;104.99;0.00;0.00;59.02;17.19;33.03;180.09;631.81;179.74;680.50;668.84;80.48;0.12
2155;0.00;104.93;0.00;105.03;0.00;0.00;58.99;17.20;33.04;180.10;632.74;179.77;678.25;666.87;80.48;0.12
2160;0.00;104.99;0.00;105.00;0.00;0.00;59.00;17.22;33.03;180.07;634.05;179.81;676.28;664.99;80.48;0.12
2165;0.00;105.00;0.00;105.00;0.00;0.00;59.01;17.20;33.04;180.06;634.37;179.87;674.43;663.25;80.48;0.13
2170;0.00;105.07;0.00;104.90;0.00;0.00;59.00;17.22;33.03;180.06;631.78;179.89;670.85;660.01;80.48;0.12
2175;0.00;105.02;0.00;104.98;0.00;0.00;59.01;17.23;33.04;180.06;629.88;179.91;669.57;658.80;80.48;0.12
2180;0.00;105.01;0.00;104.97;0.00;0.00;59.01;17.20;33.04;180.06;628.16;179.92;669.43;658.39;80.48;0.12
2185;0.00;104.95;0.00;105.04;0.00;0.00;59.00;17.22;33.05;180.09;629.32;179.92;671.70;659.81;80.48;0.12
2190;0.00;104.99;0.00;105.01;0.00;0.00;59.02;17.22;33.05;180.10;633.09;179.91;674.59;662.02;80.48;0.12
2195;0.00;105.01;0.00;105.01;0.00;0.00;58.99;17.23;33.05;180.10;633.42;179.88;682.66;665.13;80.48;0.13
2200;0.00;105.08;0.00;104.90;0.00;0.00;59.02;17.22;33.05;180.08;632.22;179.85;687.42;672.90;80.49;0.12
2205;0.00;105.00;0.00;105.00;0.00;0.00;59.04;17.23;33.06;180.06;631.78;179.83;692.33;677.37;80.48;0.12
2210;0.00;105.00;0.00;105.01;0.00;0.00;58.99;17.22;33.06;180.05;633.81;179.80;697.59;681.97;80.48;0.13
2215;0.00;104.92;0.00;105.06;0.00;0.00;59.02;17.20;33.07;180.07;636.89;179.76;708.47;686.86;80.48;0.13
2220;0.00;105.00;0.00;105.02;0.00;0.00;58.98;17.22;33.06;180.09;640.66;179.74;713.74;696.52;80.48;0.12
2225;0.00;105.01;0.00;104.99;0.00;0.00;59.01;17.22;33.07;180.11;644.33;179.74;718.00;700.67;80.48;0.13
2230;0.00;105.08;0.00;104.87;0.00;0.00;58.98;17.22;33.07;180.10;645.49;179.75;721.03;703.85;80.48;0.12
2235;0.00;105.01;0.00;104.99;0.00;0.00;59.02;17.20;33.08;180.07;646.01;179.78;723.12;705.89;80.48;0.12
2240;0.00;105.00;0.00;104.97;0.00;0.00;59.01;17.20;33.08;180.05;646.61;179.80;722.70;706.96;80.48;0.13
2245;0.00;104.92;0.00;105.07;0.00;0.00;58.99;17.20;33.09;180.04;648.34;179.83;721.61;706.41;80.48;0.13
2250;0.00;104.98;0.00;105.00;0.00;0.00;59.00;17.22;33.09;180.02;653.78;179.85;720.09;705.38;80.49;0.13
2255;0.00;105.01;0.00;105.00;0.00;0.00;59.01;17.17;33.09;180.04;655.71;179.90;716.04;702.24;80.48;0.13
2260;0.00;105.07;0.00;104.92;0.00;0.00;58.98;17.22;33.09;180.06;655.20;179.92;713.78;700.33;80.48;0.12
2265;0.00;105.02;0.00;105.00;0.00;0.00;59.02;17.22;33.10;180.08;654.27;179.92;711.35;698.33;80.48;0.12
2270;0.00;104.99;0.00;105.01;0.00;0.00;58.97;17.20;33.09;180.08;652.74;179.91;708.84;696.17;80.48;0.13
2275;0.00;104.92;0.00;105.07;0.00;0.00;59.00;17.19;33.09;180.08;653.20;179.89;703.76;691.73;80.48;0.13
2280;0.00;104.99;0.00;105.03;0.00;0.00;59.03;17.23;33.10;180.07;654.48;179.87;701.23;689.43;80.48;0.13
2285;0.00;105.00;0.00;104.99;0.00;0.00;59.01;17.20;33.10;180.06;656.08;179.84;698.63;687.16;80.48;0.13
2290;0.00;105.06;0.00;104.91;0.00;0.00;58.99;17.22;33.11;180.05;653.01;179.80;696.10;684.83;80.48;0.13
2295;0.00;105.02;0.00;104.99;0.00;0.00;59.02;17.23;33.11;180.06;650.96;179.77;691.25;680.49;80.48;0.12
2300;0.00;105.00;0.00;105.00;0.00;0.00;58.99;17.22;33.10;180.06;649.15;179.75;689.80;679.01;80.48;0.13
2305;0.00;104.91;0.00;105.08;0.00;0.00;59.02;17.20;33.11;180.06;648.94;179.74;689.68;678.53;80.48;0.13
2310;0.00;104.97;0.00;105.01;0.00;0.00;59.03;17.20;33.12;180.07;651.41;179.74;690.95;679.23;80.48;0.13
2315;0.00;104.99;0.00;104.97;0.00;0.00;59.00;17.20;33.11;180.07;652.68;179.76;696.78;683.70;80.48;0.13
2320;0.00;105.07;0.00;104.90;0.00;0.00;58.99;17.20;33.11;180.07;651.82;179.78;700.88;687.11;80.48;0.12
2325;0.00;105.01;0.00;104.98;0.00;0.00;59.01;17.23;33.12;180.06;650.98;179.80;705.37;690.95;80.48;0.12
2330;0.00;105.00;0.00;105.01;0.00;0.00;59.01;17.19;33.12;180.06;651.24;179.86;715.54;695.27;80.48;0.13
2335;0.00;104.96;0.00;105.06;0.00;0.00;58.99;17.22;33.12;180.06;653.08;179.89;720.77;704.69;80.48;0.13
2340;0.00;105.01;0.00;105.01;0.00;0.00;59.02;17.20;33.13;180.06;656.19;179.92;726.23;709.51;80.48;0.13
2345;0.00;105.02;0.00;104.98;0.00;0.00;58.99;17.19;33.13;180.08;662.67;179.93;731.30;714.23;80.49;0.13
2350;0.00;105.07;0.00;104.89;0.00;0.00;59.01;17.20;33.13;180.08;663.24;179.94;738.48;718.28;80.48;0.13
2355;0.00;105.03;0.00;105.01;0.00;0.00;59.02;17.23;33.14;180.08;663.92;179.94;739.94;723.22;80.48;0.12
2360;0.00;104.99;0.00;104.99;0.00;0.00;59.01;17.23;33.14;180.07;664.24;179.92;740.28;724.07;80.48;0.14
2365;0.00;104.93;0.00;105.05;0.00;0.00;59.01;17.19;33.14;180.07;666.09;179.90;739.73;724.06;80.49;0.13
2370;0.00;105.00;0.00;105.02;0.00;0.00;59.02;17.20;33.14;180.07;668.79;179.85;736.81;723.38;80.48;0.13
2375;0.00;104.99;0.00;104.98;0.00;0.00;58.99;17.22;33.14;180.08;672.18;179.82;734.82;720.66;80.48;0.14
2380;0.00;105.06;0.00;104.87;0.00;0.00;59.00;17.20;33.15;180.08;672.89;179.79;732.60;718.82;80.48;0.12
2385;0.00;105.02;0.00;105.01;0.00;0.00;59.02;17.22;33.15;180.10;671.42;179.76;730.16;716.84;80.48;0.13
2390;0.00;104.99;0.00;105.01;0.00;0.00;59.01;17.20;33.15;180.09;670.26;179.72;725.04;712.40;80.49;0.14
2395;0.00;104.92;0.00;105.06;0.00;0.00;58.98;17.22;33.16;180.08;668.99;179.72;722.40;710.15;80.48;0.13
2400;0.00;105.02;0.00;105.01;0.00;0.00;59.01;17.20;33.16;180.06;669.27;179.73;719.97;707.94;80.48;0.13
2405;0.00;104.99;0.00;104.99;0.00;0.00;59.01;17.23;33.16;180.05;672.44;179.78;717.82;705.99;80.48;0.14
2410;0.00;105.06;0.00;104.92;0.00;0.00;59.01;17.20;33.16;180.05;671.24;179.81;714.26;702.61;80.48;0.14
2415;0.00;105.01;0.00;104.99;0.00;0.00;59.03;17.22;33.17;180.05;669.62;179.84;712.66;701.13;80.48;0.13
2420;0.00;104.99;0.00;104.99;0.00;0.00;58.99;17.20;33.17;180.07;667.76;179.88;711.57;700.09;80.49;0.14
2425;0.00;104.91;0.00;105.07;0.00;0.00;58.99;17.19;33.18;180.07;665.56;179.95;711.59;699.84;80.48;0.14
2430;0.00;104.99;0.00;105.00;0.00;0.00;59.01;17.23;33.17;180.08;666.75;179.98;715.33;702.44;80.49;0.13
2435;0.00;104.99;0.00;104.99;0.00;0.00;58.98;17.22;33.18;180.08;669.68;179.99;718.58;705.04;80.49;0.14
2440;0.00;105.07;0.00;104.91;0.00;0.00;58.99;17.20;33.18;180.08;670.56;179.99;722.57;708.37;80.48;0.12
2445;0.00;104.99;0.00;105.00;0.00;0.00;59.01;17.20;33.18;180.08;670.59;179.97;726.94;712.12;80.48;0.13
2450;0.00;105.00;0.00;104.99;0.00;0.00;59.02;17.22;33.19;180.08;670.65;179.95;736.64;720.70;80.48;0.14
2455;0.00;104.93;0.00;105.06;0.00;0.00;58.98;17.23;33.19;180.06;670.75;179.92;741.82;725.36;80.48;0.13
2460;0.00;104.99;0.00;105.03;0.00;0.00;59.02;17.22;33.19;180.04;676.80;179.89;746.96;730.15;80.48;0.14
2465;0.00;105.01;0.00;104.99;0.00;0.00;59.01;17.22;33.19;180.04;681.59;179.83;756.66;734.80;80.48;0.14
2470;0.00;105.07;0.00;104.91;0.00;0.00;58.99;17.20;33.20;180.06;683.47;179.80;760.03;742.43;80.48;0.14
2475;0.00;105.01;0.00;105.01;0.00;0.00;59.02;17.22;33.20;180.07;684.73;179.79;761.89;744.63;80.48;0.13
2480;0.00;104.99;0.00;105.01;0.00;0.00;59.01;17.22;33.20;180.08;684.84;179.77;762.49;745.74;80.49;0.14
2485;0.00;104.94;0.00;105.06;0.00;0.00;58.98;17.19;33.19;180.09;684.15;179.78;760.89;745.88;80.49;0.14
2490;0.00;105.00;0.00;105.01;0.00;0.00;58.98;17.22;33.20;180.08;686.20;179.79;759.19;744.08;80.48;0.14
2495;0.00;104.97;0.00;104.99;0.00;0.00;58.98;17.22;33.21;180.08;690.32;179.81;757.06;742.50;80.48;0.15
2500;0.00;105.08;0.00;104.91;0.00;0.00;58.99;17.19;33.21;180.05;693.16;179.83;754.67;740.57;80.48;0.14
2505;0.00;105.00;0.00;105.00;0.00;0.00;59.02;17.22;33.21;180.06;692.79;179.89;749.43;736.18;80.49;0.13
2510;0.00;105.01;0.00;104.99;0.00;0.00;59.01;17.23;33.21;180.07;691.35;179.90;746.71;733.83;80.48;0.15
2515;0.00;104.94;0.00;105.06;0.00;0.00;58.99;17.20;33.22;180.07;688.64;179.93;743.89;731.36;80.48;0.14
2520;0.00;105.00;0.00;105.01;0.00;0.00;59.02;17.20;33.22;180.07;688.99;179.95;741.23;728.97;80.49;0.14
2525;0.00;105.01;0.00;104.99;0.00;0.00;58.99;17.20;33.22;180.07;691.77;179.95;737.30;725.21;80.48;0.15
2530;0.00;105.09;0.00;104.89;0.00;0.00;58.99;17.22;33.22;180.07;691.67;179.94;735.86;723.77;80.49;0.13
2535;0.00;105.00;0.00;105.00;0.00;0.00;59.03;17.22;33.23;180.08;690.45;179.93;734.37;722.40;80.48;0.13
2540;0.00;105.00;0.00;104.99;0.00;0.00;59.02;17.20;33.23;180.09;686.49;179.89;733.02;721.21;80.48;0.14
2545;0.00;104.94;0.00;105.05;0.00;0.00;58.99;17.20;33.23;180.10;683.98;179.86;732.67;720.53;80.48;0.15
2550;0.00;104.98;0.00;105.00;0.00;0.00;59.02;17.25;33.23;180.08;684.24;179.85;734.28;721.61;80.48;0.14
2555;0.00;104.97;0.00;104.99;0.00;0.00;59.00;17.20;33.24;180.07;687.53;179.83;736.95;723.65;80.48;0.15
2560;0.00;105.06;0.00;104.93;0.00;0.00;59.01;17.20;33.24;180.06;689.95;179.79;740.32;726.39;80.48;0.14
2565;0.00;105.01;0.00;105.00;0.00;0.00;59.02;17.20;33.24;180.06;690.34;179.78;748.70;733.68;80.49;0.13
2570;0.00;104.99;0.00;105.01;0.00;0.00;59.00;17.19;33.25;180.07;690.33;179.78;753.44;737.75;80.49;0.15
2575;0.00;104.91;0.00;105.09;0.00;0.00;59.02;17.22;33.24;180.09;689.50;179.80;758.25;742.17;80.49;0.14
2580;0.00;105.00;0.00;105.01;0.00;0.00;59.02;17.20;33.25;180.10;693.01;179.84;768.29;746.63;80.48;0.14
2585;0.00;104.98;0.00;105.00;0.00;0.00;59.01;17.23;33.25;180.10;698.92;179.87;773.13;755.60;80.49;0.15
2590;0.00;105.08;0.00;104.91;0.00;0.00;59.01;17.19;33.26;180.10;701.98;179.89;776.90;759.28;80.49;0.13
2595;0.00;105.01;0.00;104.99;0.00;0.00;59.00;17.20;33.26;180.06;704.74;179.92;779.36;761.95;80.49;0.14
2600;0.00;104.99;0.00;104.99;0.00;0.00;59.01;17.19;33.26;180.04;704.25;179.97;780.23;763.40;80.48;0.15
2605;0.00;104.94;0.00;105.06;0.00;0.00;58.98;17.22;33.26;180.05;702.56;179.99;779.20;763.38;80.48;0.15
2610;0.00;105.00;0.00;105.03;0.00;0.00;59.00;17.22;33.26;180.07;704.00;179.99;777.52;762.28;80.48;0.14
2615;0.00;105.01;0.00;105.00;0.00;0.00;59.01;17.22;33.26;180.10;711.46;180.00;775.45;760.73;80.48;0.15
2620;0.00;105.08;0.00;104.91;0.00;0.00;59.00;17.20;33.27;180.10;712.06;179.97;770.41;758.78;80.49;0.15
2625;0.00;105.02;0.00;105.00;0.00;0.00;59.02;17.22;33.27;180.10;711.96;179.95;767.62;754.27;80.48;0.15
2630;0.00;105.01;0.00;104.99;0.00;0.00;58.99;17.20;33.27;180.06;710.85;179.92;764.72;751.78;80.48;0.15
2635;0.00;104.94;0.00;105.09;0.00;0.00;58.99;17.22;33.27;180.05;706.08;179.89;761.86;749.27;80.48;0.15
2640;0.00;105.01;0.00;105.03;0.00;0.00;59.01;17.22;33.27;180.04;707.83;179.84;756.77;744.66;80.48;0.14
2645;0.00;105.01;0.00;104.99;0.00;0.00;59.00;17.20;33.28;180.05;710.62;179.82;755.06;742.96;80.49;0.15
2650;0.00;105.08;0.00;104.92;0.00;0.00;58.99;17.20;33.28;180.09;710.80;179.81;753.67;741.50;80.48;0.14
2655;0.00;105.02;0.00;104.99;0.00;0.00;59.02;17.25;33.28;180.10;708.14;179.81;752.21;740.16;80.48;0.14
2660;0.00;105.01;0.00;105.01;0.00;0.00;59.02;17.20;33.29;180.12;705.68;179.82;750.10;738.19;80.48;0.15
2665;0.00;104.93;0.00;105.05;0.00;0.00;59.00;17.19;33.28;180.11;702.83;179.84;750.43;738.23;80.49;0.14
2670;0.00;104.98;0.00;105.01;0.00;0.00;59.00;17.23;33.29;180.09;703.34;179.87;751.92;739.23;80.49;0.14
2675;0.00;105.00;0.00;104.99;0.00;0.00;59.01;17.20;33.29;180.07;708.76;179.93;754.49;741.20;80.48;0.15
2680;0.00;105.08;0.00;104.91;0.00;0.00;58.99;17.22;33.29;180.06;709.19;179.96;761.73;747.20;80.48;0.15
2685;0.00;105.01;0.00;104.99;0.00;0.00;59.02;17.23;33.29;180.06;709.60;179.98;766.09;750.98;80.48;0.15
2690;0.00;105.00;0.00;104.99;0.00;0.00;59.02;17.22;33.30;180.08;709.78;180.01;770.74;755.08;80.48;0.15
2695;0.00;104.94;0.00;105.08;0.00;0.00;58.99;17.20;33.29;180.09;708.87;180.02;775.43;759.29;80.48;0.15
2700;0.00;104.99;0.00;105.03;0.00;0.00;59.02;17.22;33.30;180.10;712.56;180.01;785.25;768.32;80.48;0.14
2705;0.00;105.00;0.00;105.00;0.00;0.00;59.00;17.22;33.30;180.11;718.18;179.99;789.94;772.58;80.48;0.16
2710;0.00;105.09;0.00;104.89;0.00;0.00;58.99;17.22;33.31;180.09;722.83;179.98;793.59;775.99;80.48;0.14
2715;0.00;105.01;0.00;104.99;0.00;0.00;59.02;17.22;33.31;180.08;724.08;179.93;796.58;778.47;80.48;0.14
2720;0.00;105.00;0.00;105.01;0.00;0.00;59.01;17.19;33.31;180.07;723.56;179.90;796.20;779.97;80.48;0.15
2725;0.00;104.93;0.00;105.08;0.00;0.00;58.99;17.19;33.32;180.07;721.87;179.87;795.00;779.34;80.48;0.15
2730;0.00;104.99;0.00;105.03;0.00;0.00;59.00;17.23;33.32;180.09;727.19;179.85;793.15;778.07;80.48;0.15
2735;0.00;105.01;0.00;104.99;0.00;0.00;58.99;17.22;33.32;180.09;730.44;179.82;788.34;776.37;80.48;0.16
2740;0.00;105.09;0.00;104.89;0.00;0.00;58.99;17.20;33.32;180.09;730.87;179.82;785.56;771.96;80.48;0.16
2745;0.00;105.02;0.00;104.99;0.00;0.00;59.03;17.20;33.32;180.09;730.51;179.82;782.70;769.53;80.49;0.15
2750;0.00;104.99;0.00;105.01;0.00;0.00;59.00;17.20;33.32;180.07;726.10;179.83;779.69;766.92;80.49;0.16
2755;0.00;104.90;0.00;105.09;0.00;0.00;58.99;17.25;33.31;180.07;724.39;179.88;774.01;761.86;80.49;0.16
2760;0.00;105.02;0.00;105.02;0.00;0.00;59.01;17.22;33.33;180.07;726.19;179.91;771.99;759.98;80.49;0.15
2765;0.00;105.00;0.00;104.99;0.00;0.00;59.00;17.22;33.33;180.08;728.87;179.94;770.89;758.69;80.48;0.16
2770;0.00;105.08;0.00;104.91;0.00;0.00;58.99;17.19;33.34;180.08;728.30;179.99;770.27;757.84;80.48;0.15
2775;0.00;105.00;0.00;105.01;0.00;0.00;59.03;17.22;33.34;180.09;727.13;180.02;769.07;756.71;80.49;0.14
2780;0.00;105.00;0.00;105.01;0.00;0.00;58.99;17.22;33.34;180.09;724.91;180.04;769.06;756.63;80.48;0.16
2785;0.00;104.91;0.00;105.08;0.00;0.00;59.01;17.20;33.34;180.07;721.78;180.05;769.99;757.25;80.48;0.15
2790;0.00;104.99;0.00;105.01;0.00;0.00;59.01;17.20;33.34;180.08;725.61;180.03;771.97;758.75;80.48;0.15
2795;0.00;105.00;0.00;104.99;0.00;0.00;59.02;17.19;33.35;180.08;728.90;180.01;778.34;763.95;80.49;0.16
2800;0.00;105.08;0.00;104.91;0.00;0.00;59.01;17.19;33.35;180.10;729.78;179.98;782.17;767.32;80.49;0.14
2805;0.00;105.02;0.00;105.00;0.00;0.00;59.02;17.23;33.35;180.10;730.22;179.95;786.22;770.81;80.49;0.15
2810;0.00;104.99;0.00;104.99;0.00;0.00;58.98;17.19;33.35;180.10;729.20;179.89;790.14;774.35;80.49;0.16
2815;0.00;104.94;0.00;105.06;0.00;0.00;59.01;17.19;33.35;180.09;729.06;179.87;798.07;781.76;80.48;0.16
2820;0.00;104.99;0.00;105.02;0.00;0.00;59.01;17.22;33.36;180.09;733.03;179.85;802.28;785.51;80.49;0.15
2825;0.00;105.00;0.00;104.99;0.00;0.00;59.03;17.22;33.36;180.09;741.66;179.83;806.19;789.07;80.49;0.16
2830;0.00;105.09;0.00;104.89;0.00;0.00;58.99;17.20;33.37;180.09;742.65;179.84;810.64;791.93;80.49;0.16
2835;0.00;105.03;0.00;105.00;0.00;0.00;59.02;17.22;33.37;180.09;743.78;179.85;810.90;794.53;80.49;0.15
2840;0.00;105.00;0.00;105.00;0.00;0.00;59.01;17.22;33.36;180.08;743.69;179.87;810.11;794.32;80.49;0.16
2845;0.00;104.92;0.00;105.08;0.00;0.00;59.01;17.20;33.37;180.09;742.32;179.90;808.60;793.37;80.49;0.16
2850;0.00;105.03;0.00;105.02;0.00;0.00;59.02;17.23;33.37;180.09;745.47;179.96;804.05;791.83;80.49;0.15
2855;0.00;105.00;0.00;104.98;0.00;0.00;58.99;17.22;33.38;180.08;748.48;179.98;801.40;787.70;80.49;0.16
2860;0.00;105.06;0.00;104.92;0.00;0.00;58.98;17.22;33.37;180.08;748.90;180.01;798.51;785.24;80.48;0.15
2865;0.00;105.02;0.00;105.00;0.00;0.00;59.03;17.22;33.38;180.07;747.41;180.03;795.57;782.65;80.49;0.15
2870;0.00;104.98;0.00;105.01;0.00;0.00;58.98;17.23;33.38;180.08;743.94;180.04;789.40;779.94;80.49;0.16
2875;0.00;104.92;0.00;105.09;0.00;0.00;58.98;17.19;33.38;180.08;741.35;180.03;786.85;774.98;80.49;0.15
2880;0.00;105.01;0.00;105.03;0.00;0.00;59.02;17.23;33.39;180.08;742.80;180.03;785.37;773.50;80.48;0.15
2885;0.00;104.97;0.00;104.99;0.00;0.00;58.98;17.20;33.39;180.08;746.92;180.00;785.33;773.07;80.49;0.16
2890;0.00;105.08;0.00;104.90;0.00;0.00;59.00;17.22;33.38;180.07;746.15;179.95;787.69;774.51;80.49;0.16
2895;0.00;105.03;0.00;105.00;0.00;0.00;59.01;17.23;33.39;180.07;745.65;179.93;789.38;775.93;80.49;0.16
2900;0.00;104.99;0.00;105.01;0.00;0.00;59.01;17.19;33.39;180.08;744.76;179.90;791.48;777.68;80.49;0.16
2905;0.00;104.91;0.00;105.09;0.00;0.00;58.97;17.20;33.39;180.09;742.36;179.85;794.13;779.98;80.49;0.16
2910;0.00;105.00;0.00;105.02;0.00;0.00;59.03;17.22;33.40;180.09;745.97;179.84;801.11;785.98;80.48;0.15
2915;0.00;105.00;0.00;105.00;0.00;0.00;59.01;17.22;33.40;180.09;750.19;179.84;805.06;789.43;80.49;0.17
2920;0.00;105.08;0.00;104.91;0.00;0.00;58.98;17.22;33.40;180.09;751.84;179.84;808.77;792.74;80.49;0.15
2925;0.00;105.02;0.00;104.99;0.00;0.00;59.02;17.23;33.41;180.08;753.32;179.88;811.62;795.48;80.49;0.15
2930;0.00;104.99;0.00;104.98;0.00;0.00;59.00;17.20;33.40;180.07;751.87;179.90;814.13;798.51;80.49;0.16
2935;0.00;104.92;0.00;105.08;0.00;0.00;58.98;17.22;33.41;180.06;750.12;179.93;814.59;799.33;80.49;0.15
2940;0.00;104.99;0.00;105.01;0.00;0.00;59.01;17.23;33.40;180.04;752.93;179.95;815.45;800.24;80.49;0.15
2945;0.00;104.99;0.00;104.99;0.00;0.00;59.00;17.22;33.42;180.05;760.52;180.00;817.50;801.24;80.49;0.17
2950;0.00;105.09;0.00;104.88;0.00;0.00;58.98;17.20;33.41;180.06;760.95;180.02;817.62;802.39;80.48;0.17
2955;0.00;105.02;0.00;105.00;0.00;0.00;59.02;17.22;33.42;180.08;761.37;180.03;816.86;802.03;80.49;0.16
2960;0.00;105.00;0.00;104.99;0.00;0.00;59.01;17.22;33.42;180.08;757.49;180.04;815.35;800.98;80.49;0.17
2965;0.00;104.90;0.00;105.09;0.00;0.00;58.99;17.22;33.42;180.08;757.40;180.02;811.51;799.46;80.49;0.17
2970;0.00;104.98;0.00;105.03;0.00;0.00;59.01;17.19;33.43;180.08;760.14;180.00;810.34;796.95;80.49;0.15
2975;0.00;104.98;0.00;104.99;0.00;0.00;58.99;17.20;33.43;180.09;763.26;179.97;809.71;796.19;80.49;0.17
2980;0.00;105.07;0.00;104.91;0.00;0.00;59.02;17.23;33.42;180.08;763.09;179.94;809.04;795.51;80.49;0.16
2985;0.00;105.02;0.00;104.99;0.00;0.00;59.03;17.20;33.43;180.07;762.67;179.89;806.50;794.63;80.49;0.15
2990;0.00;105.00;0.00;105.00;0.00;0.00;59.01;17.22;33.43;180.06;760.45;179.88;805.11;792.31;80.49;0.17
2995;0.00;104.93;0.00;105.11;0.00;0.00;59.00;17.19;33.44;180.06;757.01;179.87;804.40;791.67;80.48;0.15
3000;0.00;104.98;0.00;105.03;0.00;0.00;59.01;17.25;33.43;180.07;761.60;179.87;804.77;791.81;80.48;0.15
3005;0.00;105.00;0.00;104.99;0.00;0.00;59.01;17.22;33.44;180.08;764.24;179.88;808.63;794.69;80.49;0.17
3010;0.00;105.08;0.00;104.89;0.00;0.00;58.99;17.22;33.44;180.09;764.38;179.89;811.32;796.83;80.49;0.15
3015;0.00;105.00;0.00;105.00;0.00;0.00;59.02;17.22;33.44;180.09;764.69;179.91;813.97;799.24;80.49;0.16
3020;0.00;104.99;0.00;105.00;0.00;0.00;58.98;17.22;33.44;180.09;762.55;179.96;816.56;801.60;80.49;0.17
3025;0.00;104.91;0.00;105.07;0.00;0.00;58.98;17.19;33.44;180.08;762.48;179.98;822.33;806.82;80.49;0.17
3030;0.00;105.02;0.00;105.03;0.00;0.00;59.03;17.22;33.45;180.07;766.35;180.00;825.64;809.85;80.49;0.16
3035;0.00;104.99;0.00;105.01;0.00;0.00;58.99;17.22;33.45;180.07;770.87;180.02;829.05;812.87;80.49;0.17
3040;0.00;105.10;0.00;104.89;0.00;0.00;59.01;17.22;33.45;180.07;773.93;180.04;831.64;815.28;80.49;0.17
3045;0.00;105.04;0.00;105.00;0.00;0.00;59.01;17.23;33.45;180.08;774.90;180.03;833.22;817.49;80.48;0.15
3050;0.00;104.99;0.00;104.99;0.00;0.00;59.02;17.20;33.46;180.08;774.52;180.02;832.31;817.13;80.49;0.17
3055;0.00;104.91;0.00;105.08;0.00;0.00;58.99;17.20;33.46;180.06;772.90;180.01;830.76;816.14;80.49;0.16
3060;0.00;105.00;0.00;105.01;0.00;0.00;59.02;17.20;33.46;180.05;776.06;179.97;828.21;815.12;80.49;0.16
3065;0.00;105.02;0.00;104.99;0.00;0.00;58.99;17.19;33.46;180.06;778.85;179.94;827.19;813.18;80.49;0.17
3070;0.00;105.12;0.00;104.88;0.00;0.00;58.99;17.20;33.46;180.07;778.73;179.91;825.84;812.07;80.49;0.15
3075;0.00;105.01;0.00;104.99;0.00;0.00;59.03;17.20;33.46;180.09;777.99;179.88;824.04;810.57;80.49;0.16
3080;0.00;105.00;0.00;105.01;0.00;0.00;59.01;17.22;33.46;180.10;774.41;179.85;819.54;808.77;80.49;0.17
3085;0.00;104.92;0.00;105.09;0.00;0.00;58.99;17.20;33.47;180.10;772.51;179.84;817.96;805.46;80.49;0.17
3090;0.00;105.01;0.00;105.02;0.00;0.00;59.03;17.22;33.47;180.10;774.54;179.85;817.59;804.92;80.49;0.16
3095;0.00;105.00;0.00;104.99;0.00;0.00;59.00;17.22;33.47;180.08;778.74;179.85;818.51;805.39;80.49;0.17
3100;0.00;105.08;0.00;104.91;0.00;0.00;58.98;17.22;33.47;180.07;778.37;179.90;822.41;806.67;80.49;0.17
3105;0.00;105.02;0.00;104.99;0.00;0.00;59.02;17.23;33.47;180.06;778.84;179.93;824.83;810.45;80.49;0.17
3110;0.00;105.00;0.00;104.99;0.00;0.00;58.98;17.22;33.48;180.07;778.76;179.96;827.39;812.72;80.49;0.17
3115;0.00;104.91;0.00;105.09;0.00;0.00;58.99;17.20;33.48;180.08;777.27;180.01;830.36;815.35;80.49;0.17
3120;0.00;105.00;0.00;105.02;0.00;0.00;59.04;17.20;33.48;180.09;781.24;180.03;837.27;821.48;80.49;0.16
3125;0.00;105.01;0.00;105.00;0.00;0.00;59.01;17.20;33.48;180.10;785.48;180.04;840.75;824.64;80.49;0.18
3130;0.00;105.08;0.00;104.91;0.00;0.00;59.01;17.20;33.49;180.09;786.60;180.05;843.40;827.06;80.49;0.16
3135;0.00;105.01;0.00;104.99;0.00;0.00;59.02;17.23;33.49;180.08;788.40;180.03;844.70;828.64;80.49;0.16
3140;0.00;105.00;0.00;104.99;0.00;0.00;59.01;17.19;33.50;180.08;786.61;180.01;843.73;828.67;80.49;0.17
3145;0.00;104.92;0.00;105.11;0.00;0.00;58.98;17.20;33.50;180.07;784.61;179.99;842.37;827.87;80.49;0.16
3150;0.00;104.99;0.00;105.03;0.00;0.00;59.02;17.23;33.49;180.07;787.13;179.97;841.51;827.26;80.49;0.16
3155;0.00;104.98;0.00;104.99;0.00;0.00;58.99;17.19;33.50;180.07;792.62;179.93;841.15;826.83;80.49;0.18
3160;0.00;105.08;0.00;104.89;0.00;0.00;58.99;17.22;33.51;180.08;792.23;179.91;839.83;825.70;80.49;0.18
3165;0.00;105.02;0.00;105.01;0.00;0.00;59.02;17.22;33.51;180.09;792.30;179.90;838.25;824.51;80.49;0.17
3170;0.00;105.01;0.00;105.00;0.00;0.00;58.99;17.19;33.51;180.10;791.75;179.89;836.21;822.89;80.49;0.18
3175;0.00;104.88;0.00;105.12;0.00;0.00;58.96;17.20;33.51;180.09;787.42;179.90;833.09;821.29;80.49;0.17
3180;0.00;105.00;0.00;105.03;0.00;0.00;59.02;17.19;33.51;180.08;789.95;179.91;833.15;820.09;80.49;0.16
3185;0.00;105.00;0.00;104.99;0.00;0.00;59.01;17.22;33.52;180.07;792.82;179.92;834.37;820.83;80.49;0.18
3190;0.00;105.08;0.00;104.89;0.00;0.00;59.01;17.20;33.52;180.06;793.07;179.92;836.09;822.08;80.49;0.17
3195;0.00;105.02;0.00;104.99;0.00;0.00;59.02;17.22;33.52;180.06;793.73;179.96;840.01;823.74;80.49;0.16
3200;0.00;104.98;0.00;104.99;0.00;0.00;58.99;17.22;33.52;180.06;792.70;179.99;842.20;827.46;80.49;0.18
3205;0.00;104.90;0.00;105.09;0.00;0.00;59.00;17.22;33.53;180.06;790.22;180.01;844.65;829.72;80.49;0.16
3210;0.00;104.98;0.00;105.01;0.00;0.00;59.02;17.20;33.53;180.07;796.77;180.02;847.60;832.34;80.49;0.16
3215;0.00;104.99;0.00;104.99;0.00;0.00;59.01;17.23;33.53;180.08;800.24;180.03;853.73;837.75;80.49;0.18
3220;0.00;105.08;0.00;104.93;0.00;0.00;58.97;17.20;33.52;180.10;800.73;180.03;855.61;839.61;80.49;0.16
3225;0.00;105.04;0.00;105.01;0.00;0.00;59.02;17.25;33.53;180.09;801.64;180.02;856.23;840.56;80.49;0.17
3230;0.00;105.00;0.00;104.99;0.00;0.00;58.98;17.20;33.54;180.07;798.94;179.99;855.68;840.49;80.49;0.18
3235;0.00;104.89;0.00;105.10;0.00;0.00;59.00;17.20;33.54;180.05;798.72;179.96;852.99;838.86;80.49;0.18
3240;0.00;104.99;0.00;105.02;0.00;0.00;59.02;17.20;33.54;180.05;801.69;179.95;852.53;838.43;80.49;0.17
3245;0.00;104.98;0.00;104.99;0.00;0.00;58.99;17.22;33.54;180.05;804.99;179.93;852.61;838.32;80.49;0.18
3250;0.00;105.08;0.00;104.88;0.00;0.00;59.00;17.19;33.54;180.06;805.44;179.90;852.53;838.18;80.48;0.18
3255;0.00;105.01;0.00;105.00;0.00;0.00;59.02;17.23;33.54;180.07;805.63;179.90;850.51;836.71;80.48;0.16
3260;0.00;105.02;0.00;104.99;0.00;0.00;59.00;17.20;33.55;180.08;804.55;179.90;848.78;835.41;80.48;0.18
3265;0.00;104.93;0.00;105.08;0.00;0.00;58.98;17.22;33.55;180.07;800.48;179.90;847.36;834.25;80.48;0.17
3270;0.00;105.00;0.00;105.04;0.00;0.00;59.03;17.22;33.55;180.07;804.53;179.92;846.83;833.71;80.48;0.16
3275;0.00;105.00;0.00;104.99;0.00;0.00;58.98;17.22;33.55;180.07;806.94;179.94;848.85;834.96;80.47;0.18
3280;0.00;105.09;0.00;104.89;0.00;0.00;58.98;17.19;33.55;180.07;806.58;179.96;850.33;836.14;80.48;0.16
3285;0.00;105.03;0.00;104.99;0.00;0.00;59.02;17.19;33.55;180.06;807.28;179.98;851.67;837.37;80.48;0.17
3290;0.00;105.00;0.00;104.99;0.00;0.00;59.01;17.19;33.55;180.06;804.54;180.01;853.93;838.46;80.48;0.18
3295;0.00;104.92;0.00;105.09;0.00;0.00;58.99;17.20;33.56;180.05;803.61;180.03;855.43;840.98;80.48;0.18
3300;0.00;104.98;0.00;105.02;0.00;0.00;59.02;17.20;33.56;180.06;806.71;180.02;857.45;842.74;80.48;0.17
3305;0.00;104.99;0.00;105.01;0.00;0.00;59.00;17.19;33.57;180.05;812.08;180.02;859.88;844.79;80.48;0.18
3310;0.00;104.98;0.00;104.92;0.00;0.00;58.98;17.22;33.56;180.05;812.13;180.00;862.72;846.50;80.48;0.18
3315;0.00;105.20;0.00;104.99;0.00;0.00;59.06;17.34;33.57;180.05;812.83;179.98;862.52;847.70;80.48;0.18
3320;0.00;105.00;0.00;104.99;0.00;0.00;58.99;17.22;33.57;180.06;812.67;179.96;861.33;847.04;80.47;0.19
3325;0.00;104.89;0.00;105.10;0.00;0.00;59.01;17.20;33.57;180.08;809.63;179.95;859.75;845.95;80.47;0.18
3330;0.00;104.98;0.00;105.03;0.00;0.00;59.01;17.20;33.57;180.08;812.50;179.92;858.50;844.88;80.47;0.17
3335;0.00;104.99;0.00;104.99;0.00;0.00;58.99;17.20;33.57;180.08;815.28;179.91;858.81;844.93;80.48;0.19
3340;0.00;105.09;0.00;104.91;0.00;0.00;58.96;17.20;33.57;180.04;814.85;179.90;858.83;844.88;80.48;0.17
3345;0.00;105.03;0.00;104.99;0.00;0.00;59.02;17.22;33.58;180.03;814.64;179.90;858.22;844.50;80.48;0.17
3350;0.00;104.99;0.00;105.01;0.00;0.00;58.98;17.20;33.58;180.03;812.10;179.91;856.00;842.85;80.48;0.18
3355;0.00;104.93;0.00;105.12;0.00;0.00;59.00;17.19;33.58;180.04;809.64;179.92;855.37;842.34;80.48;0.17
3360;0.00;104.99;0.00;105.02;0.00;0.00;59.02;17.20;33.58;180.06;811.71;179.94;855.71;842.51;80.48;0.17
3365;0.00;104.98;0.00;104.99;0.00;0.00;58.99;17.22;33.58;180.07;816.22;179.98;857.04;843.44;80.48;0.18
3370;0.00;105.10;0.00;104.89;0.00;0.00;58.99;17.22;33.59;180.07;815.77;180.00;860.20;845.97;80.47;0.19
3375;0.00;105.02;0.00;105.01;0.00;0.00;59.04;17.22;33.59;180.07;816.28;180.01;861.33;847.08;80.48;0.18
3380;0.00;104.99;0.00;105.00;0.00;0.00;58.96;17.22;33.59;180.06;816.57;180.03;862.07;847.90;80.48;0.19
3385;0.00;104.89;0.00;105.08;0.00;0.00;58.98;17.20;33.60;180.05;813.47;180.05;862.77;848.66;80.48;0.18
3390;0.00;104.97;0.00;105.02;0.00;0.00;59.00;17.20;33.59;180.05;816.74;180.05;865.58;851.22;80.48;0.17
3395;0.00;104.99;0.00;105.01;0.00;0.00;59.00;17.19;33.61;180.05;820.22;180.04;867.43;852.73;80.48;0.19
3400;0.00;105.11;0.00;104.86;0.00;0.00;58.98;17.20;33.61;180.06;820.65;180.03;868.68;853.86;80.48;0.17
3405;0.00;105.02;0.00;105.01;0.00;0.00;59.03;17.20;33.61;180.06;821.12;180.01;868.03;854.29;80.48;0.17
3410;0.00;104.99;0.00;104.98;0.00;0.00;59.01;17.20;33.60;180.05;819.65;179.98;866.37;852.72;80.47;0.19
3415;0.00;104.90;0.00;105.09;0.00;0.00;58.98;17.22;33.62;180.04;816.25;179.97;864.63;851.46;80.47;0.17
3420;0.00;105.01;0.00;105.03;0.00;0.00;59.02;17.20;33.62;180.03;820.88;179.94;863.70;850.67;80.48;0.17
3425;0.00;105.01;0.00;104.99;0.00;0.00;58.99;17.23;33.61;180.04;822.67;179.90;864.06;850.48;80.48;0.18
3430;0.00;105.08;0.00;104.92;0.00;0.00;58.99;17.22;33.62;180.04;821.80;179.89;864.00;850.48;80.48;0.19
3435;0.00;105.03;0.00;105.00;0.00;0.00;59.02;17.22;33.62;180.05;821.71;179.90;863.48;850.14;80.48;0.18
3440;0.00;104.99;0.00;105.01;0.00;0.00;59.00;17.20;33.62;180.06;817.66;179.90;862.69;849.57;80.48;0.19
3445;0.00;104.91;0.00;105.11;0.00;0.00;58.98;17.20;33.62;180.05;817.14;179.93;862.05;849.07;80.47;0.18
3450;0.00;105.01;0.00;105.03;0.00;0.00;59.01;17.23;33.62;180.04;819.77;179.95;863.02;849.81;80.48;0.17
3455;0.00;105.01;0.00;104.99;0.00;0.00;59.02;17.22;33.63;180.02;822.79;179.97;864.79;851.12;80.48;0.19
3460;0.00;105.08;0.00;104.91;0.00;0.00;59.02;17.20;33.63;180.02;823.08;179.99;866.54;852.48;80.48;0.18
3465;0.00;105.02;0.00;104.99;0.00;0.00;59.02;17.22;33.63;180.03;823.68;180.02;868.58;854.55;80.48;0.17
3470;0.00;104.99;0.00;105.00;0.00;0.00;59.00;17.23;33.63;180.03;822.97;180.04;868.93;855.02;80.48;0.19
3475;0.00;104.88;0.00;105.12;0.00;0.00;58.98;17.20;33.63;180.04;819.48;180.05;869.25;855.50;80.48;0.17
3480;0.00;105.00;0.00;105.03;0.00;0.00;59.02;17.23;33.63;180.05;824.64;180.05;870.11;856.33;80.48;0.17
3485;0.00;104.98;0.00;104.99;0.00;0.00;59.02;17.20;33.63;180.06;827.39;180.06;873.00;858.65;80.48;0.18
3490;0.00;105.08;0.00;104.89;0.00;0.00;58.98;17.19;33.64;180.07;826.99;180.03;873.63;859.32;80.48;0.17
3495;0.00;105.02;0.00;105.01;0.00;0.00;59.02;17.22;33.64;180.06;827.22;180.02;873.24;859.25;80.48;0.18
3500;0.00;105.00;0.00;104.99;0.00;0.00;59.00;17.22;33.64;180.04;824.11;179.98;871.96;858.38;80.48;0.19
3505;0.00;104.91;0.00;105.07;0.00;0.00;58.99;17.23;33.65;180.03;822.59;179.97;868.42;855.76;80.48;0.19
3510;0.00;105.01;0.00;105.01;0.00;0.00;59.01;17.22;33.64;180.01;824.92;179.95;867.81;855.13;80.48;0.17
3515;0.00;105.01;0.00;104.99;0.00;0.00;58.99;17.20;33.65;180.02;827.67;179.95;868.06;855.08;80.48;0.19
3520;0.00;105.09;0.00;104.89;0.00;0.00;59.00;17.20;33.65;180.05;827.32;179.94;868.40;855.21;80.48;0.19
3525;0.00;105.01;0.00;104.99;0.00;0.00;59.03;17.20;33.65;180.08;827.39;179.94;867.98;854.96;80.48;0.17
3530;0.00;104.99;0.00;105.00;0.00;0.00;58.98;17.20;33.66;180.09;826.85;179.95;867.42;854.57;80.48;0.19
3535;0.00;104.92;0.00;105.08;0.00;0.00;58.97;17.20;33.66;180.07;823.65;179.96;867.18;854.41;80.48;0.18
3540;0.00;104.98;0.00;105.03;0.00;0.00;59.01;17.19;33.65;180.04;826.47;180.00;869.11;854.80;80.48;0.17
3545;0.00;105.00;0.00;104.99;0.00;0.00;59.00;17.20;33.66;180.03;829.28;180.01;871.00;857.30;80.48;0.18
3550;0.00;105.13;0.00;104.87;0.00;0.00;58.99;17.20;33.66;180.02;828.90;180.03;872.53;858.62;80.48;0.17
3555;0.00;105.03;0.00;105.00;0.00;0.00;59.04;17.27;33.66;180.03;829.47;180.04;873.43;859.54;80.48;0.18
3560;0.00;105.00;0.00;105.00;0.00;0.00;58.98;17.22;33.66;180.06;827.36;180.07;873.61;860.02;80.48;0.19
3565;0.00;104.90;0.00;105.11;0.00;0.00;58.98;17.20;33.67;180.09;825.23;180.07;873.65;860.33;80.48;0.17
3570;0.00;104.99;0.00;105.03;0.00;0.00;59.02;17.20;33.67;180.09;827.83;180.07;874.37;860.96;80.48;0.17
3575;0.00;104.98;0.00;104.99;0.00;0.00;59.01;17.22;33.68;180.07;832.42;180.06;875.58;861.88;80.48;0.19
3580;0.00;105.10;0.00;104.91;0.00;0.00;58.98;17.22;33.68;180.06;831.87;180.02;876.69;862.92;80.48;0.19
3585;0.00;105.04;0.00;104.99;0.00;0.00;59.02;17.22;33.68;180.03;832.08;179.99;875.90;862.47;80.48;0.18
3590;0.00;104.99;0.00;105.00;0.00;0.00;58.98;17.20;33.67;180.02;831.97;179.97;874.34;861.35;80.48;0.19
3595;0.00;104.92;0.00;105.08;0.00;0.00;58.98;17.17;33.67;180.04;827.72;179.94;872.55;860.01;80.48;0.18
3600;0.00;104.98;0.00;105.03;0.00;0.00;59.01;17.20;33.69;180.06;830.19;179.93;871.22;858.75;80.47;0.17
3605;0.00;105.00;0.00;104.99;0.00;0.00;59.02;17.22;33.68;180.08;832.81;179.92;871.82;858.96;80.48;0.19
3610;0.00;105.11;0.00;104.87;0.00;0.00;58.99;17.20;33.69;180.09;832.30;179.92;872.26;859.22;80.48;0.17
3615;0.00;105.04;0.00;104.99;0.00;0.00;59.03;17.20;33.69;180.08;831.92;179.95;872.32;859.36;80.48;0.17
3620;0.00;105.00;0.00;104.99;0.00;0.00;58.99;17.20;33.69;180.06;830.32;179.98;871.67;858.97;80.48;0.19
3625;0.00;104.89;0.00;105.08;0.00;0.00;58.99;17.20;33.69;180.04;827.18;180.00;871.71;859.07;80.48;0.17
3630;0.00;105.00;0.00;105.01;0.00;0.00;59.02;17.22;33.69;180.03;829.26;180.02;872.56;859.76;80.48;0.17
3635;0.00;105.00;0.00;104.99;0.00;0.00;58.99;17.19;33.70;180.05;834.03;180.07;875.92;860.99;80.48;0.19
3640;0.00;105.11;0.00;104.85;0.00;0.00;58.99;17.22;33.70;180.06;833.46;180.07;877.05;863.37;80.48;0.19
3645;0.00;105.02;0.00;104.99;0.00;0.00;59.02;17.22;33.70;180.07;833.71;180.07;877.38;863.88;80.48;0.18
3650;0.00;104.97;0.00;105.00;0.00;0.00;58.99;17.23;33.70;180.06;830.27;180.08;877.12;863.86;80.48;0.19
3655;0.00;104.87;0.00;105.11;0.00;0.00;58.98;17.25;33.70;180.05;830.20;180.05;876.34;863.55;80.48;0.19
3660;0.00;105.00;0.00;105.04;0.00;0.00;59.02;17.17;33.70;180.05;832.98;180.03;876.97;863.97;80.48;0.17
3665;0.00;105.00;0.00;105.00;0.00;0.00;58.99;17.25;33.71;180.04;835.82;180.01;877.95;864.65;80.48;0.19
3670;0.00;105.08;0.00;104.90;0.00;0.00;58.99;17.19;33.71;180.05;835.54;179.98;878.57;865.15;80.48;0.18
3675;0.00;105.01;0.00;104.99;0.00;0.00;59.02;17.23;33.71;180.05;835.65;179.96;877.32;865.11;80.48;0.17
3680;0.00;104.99;0.00;104.97;0.00;0.00;59.01;17.19;33.71;180.07;834.37;179.94;875.77;863.32;80.48;0.19
3685;0.00;104.87;0.00;105.12;0.00;0.00;58.98;17.19;33.71;180.08;830.69;179.94;874.39;862.24;80.48;0.17
3690;0.00;105.01;0.00;105.03;0.00;0.00;59.04;17.22;33.72;180.06;834.63;179.94;873.85;861.73;80.48;0.17
3695;0.00;105.00;0.00;104.99;0.00;0.00;59.02;17.19;33.72;180.05;836.58;179.95;875.19;862.41;80.48;0.19
3700;0.00;105.09;0.00;104.90;0.00;0.00;58.99;17.20;33.72;180.04;835.67;179.96;875.72;862.83;80.48;0.17
3705;0.00;105.02;0.00;104.99;0.00;0.00;59.02;17.20;33.72;180.04;835.52;179.98;875.78;862.99;80.48;0.18
3710;0.00;104.99;0.00;104.99;0.00;0.00;58.98;17.20;33.72;180.03;832.39;180.01;875.52;862.89;80.48;0.19
3715;0.00;104.92;0.00;105.08;0.00;0.00;58.98;17.20;33.73;180.04;831.47;180.04;875.48;863.01;80.48;0.19
3720;0.00;105.00;0.00;105.03;0.00;0.00;59.03;17.20;33.73;180.06;834.06;180.05;876.61;863.88;80.48;0.18
3725;0.00;104.98;0.00;105.01;0.00;0.00;59.00;17.20;33.74;180.09;837.04;180.06;878.28;865.14;80.48;0.19
3730;0.00;105.11;0.00;104.89;0.00;0.00;58.98;17.22;33.74;180.09;837.14;180.07;879.61;866.24;80.48;0.19
3735;0.00;105.01;0.00;105.00;0.00;0.00;59.05;17.22;33.73;180.08;837.39;180.07;879.93;866.88;80.48;0.17
3740;0.00;104.99;0.00;105.01;0.00;0.00;58.99;17.16;33.74;180.06;836.95;180.07;879.12;866.37;80.48;0.19
3745;0.00;104.95;0.00;105.09;0.00;0.00;58.99;17.19;33.73;180.03;833.06;180.05;878.23;865.81;80.48;0.18
3750;0.00;105.02;0.00;105.02;0.00;0.00;59.02;17.20;33.73;180.04;837.10;180.03;878.02;865.66;80.48;0.17
3755;0.00;105.00;0.00;105.01;0.00;0.00;59.01;17.19;33.74;180.06;839.36;180.02;879.47;866.53;80.48;0.19
3760;0.00;105.11;0.00;104.87;0.00;0.00;58.99;17.20;33.74;180.08;838.66;180.01;879.73;866.78;80.48;0.17
3765;0.00;105.04;0.00;105.00;0.00;0.00;59.03;17.23;33.74;180.08;838.30;179.99;879.26;866.55;80.48;0.18
3770;0.00;104.98;0.00;104.97;0.00;0.00;59.01;17.20;33.75;180.08;835.38;179.98;876.89;865.79;80.48;0.19
3775;0.00;104.91;0.00;105.10;0.00;0.00;58.99;17.22;33.75;180.07;833.83;179.97;876.09;864.17;80.47;0.19
3780;0.00;105.01;0.00;105.03;0.00;0.00;59.03;17.20;33.75;180.05;835.86;179.98;876.26;864.18;80.47;0.18
3785;0.00;105.00;0.00;105.01;0.00;0.00;59.00;17.20;33.75;180.04;839.25;179.98;877.25;864.79;80.48;0.19
3790;0.00;105.09;0.00;104.92;0.00;0.00;58.98;17.23;33.75;180.05;838.50;180.00;878.74;865.49;80.48;0.19
3795;0.00;105.02;0.00;104.99;0.00;0.00;59.02;17.22;33.76;180.05;838.55;180.02;878.75;866.13;80.48;0.19
3800;0.00;104.98;0.00;105.00;0.00;0.00;59.01;17.22;33.75;180.05;838.41;180.03;878.42;865.96;80.48;0.19
3805;0.00;104.90;0.00;105.11;0.00;0.00;58.99;17.20;33.76;180.05;835.43;180.05;878.12;865.83;80.48;0.18
3810;0.00;105.01;0.00;105.04;0.00;0.00;59.01;17.22;33.76;180.05;838.12;180.07;879.68;867.06;80.48;0.17
3815;0.00;104.98;0.00;105.02;0.00;0.00;58.98;17.23;33.76;180.05;840.76;180.07;881.12;868.11;80.48;0.20
3820;0.00;105.09;0.00;104.92;0.00;0.00;58.98;17.19;33.76;180.04;840.37;180.07;881.97;868.87;80.48;0.17
3825;0.00;105.01;0.00;105.00;0.00;0.00;59.03;17.22;33.76;180.04;840.14;180.04;882.00;869.07;80.47;0.18
3830;0.00;105.01;0.00;104.98;0.00;0.00;58.99;17.20;33.76;180.05;838.11;180.02;880.12;867.84;80.48;0.19
3835;0.00;104.90;0.00;105.11;0.00;0.00;58.99;17.22;33.76;180.05;835.90;180.01;879.18;867.18;80.48;0.17
3840;0.00;105.00;0.00;105.03;0.00;0.00;59.02;17.22;33.77;180.06;837.94;179.98;879.12;867.08;80.48;0.18
3845;0.00;105.01;0.00;105.00;0.00;0.00;59.00;17.23;33.78;180.06;841.58;179.95;879.81;867.44;80.48;0.19
3850;0.00;105.10;0.00;104.91;0.00;0.00;58.98;17.20;33.78;180.05;840.70;179.93;880.52;867.95;80.48;0.19
3855;0.00;105.05;0.00;105.00;0.00;0.00;59.03;17.19;33.77;180.04;840.52;179.93;879.94;867.62;80.48;0.19
3860;0.00;105.01;0.00;105.00;0.00;0.00;58.97;17.23;33.78;180.03;840.32;179.92;878.98;866.91;80.48;0.19
3865;0.00;104.93;0.00;105.13;0.00;0.00;58.99;17.19;33.77;180.06;836.89;179.95;878.06;866.23;80.48;0.19
3870;0.00;104.99;0.00;105.03;0.00;0.00;59.02;17.23;33.78;180.09;839.13;179.97;878.61;866.53;80.47;0.17
3875;0.00;105.00;0.00;104.99;0.00;0.00;59.01;17.20;33.79;180.10;841.67;179.99;879.91;867.39;80.48;0.20
3880;0.00;105.12;0.00;104.90;0.00;0.00;58.98;17.20;33.78;180.09;841.41;180.00;880.88;868.18;80.48;0.18
3885;0.00;105.03;0.00;105.00;0.00;0.00;59.04;17.23;33.78;180.06;840.98;180.06;881.05;868.61;80.48;0.18
3890;0.00;104.99;0.00;105.00;0.00;0.00;59.01;17.22;33.78;180.03;839.74;180.07;880.54;868.32;80.48;0.19
3895;0.00;104.90;0.00;105.08;0.00;0.00;58.97;17.22;33.79;180.01;837.01;180.09;880.31;868.22;80.48;0.17
3900;0.00;105.01;0.00;105.03;0.00;0.00;59.02;17.22;33.79;180.02;841.55;180.10;880.83;868.65;80.48;0.18
3905;0.00;104.98;0.00;105.00;0.00;0.00;59.01;17.22;33.79;180.04;843.19;180.10;883.13;869.51;80.48;0.19
3910;0.00;105.12;0.00;104.87;0.00;0.00;59.01;17.20;33.79;180.06;842.51;180.09;883.49;870.71;80.48;0.20
3915;0.00;105.02;0.00;105.01;0.00;0.00;59.04;17.23;33.80;180.09;842.33;180.07;882.99;870.52;80.48;0.18
3920;0.00;104.98;0.00;105.01;0.00;0.00;58.98;17.19;33.79;180.10;838.81;180.04;881.89;869.76;80.48;0.19
3925;0.00;104.92;0.00;105.11;0.00;0.00;58.98;17.23;33.79;180.07;838.65;180.00;879.90;868.82;80.48;0.19
3930;0.00;105.00;0.00;105.03;0.00;0.00;59.03;17.20;33.79;180.06;840.74;179.98;880.11;868.27;80.48;0.18
3935;0.00;105.00;0.00;104.99;0.00;0.00;58.99;17.22;33.80;180.01;843.17;179.97;880.90;868.68;80.48;0.20
3940;0.00;105.08;0.00;104.92;0.00;0.00;58.98;17.22;33.80;180.01;842.40;179.95;881.41;869.03;80.48;0.19
3945;0.00;105.02;0.00;105.01;0.00;0.00;59.03;17.25;33.80;180.02;842.26;179.95;880.73;868.70;80.48;0.18
3950;0.00;104.98;0.00;105.01;0.00;0.00;59.01;17.22;33.81;180.03;841.19;179.96;879.93;868.11;80.48;0.19
3955;0.00;104.90;0.00;105.11;0.00;0.00;58.99;17.19;33.81;180.05;838.17;179.97;879.43;867.75;80.48;0.18
3960;0.00;105.01;0.00;105.01;0.00;0.00;59.02;17.22;33.81;180.05;842.04;180.02;879.76;867.96;80.48;0.17
3965;0.00;104.98;0.00;104.98;0.00;0.00;58.99;17.22;33.81;180.05;843.97;180.04;882.27;869.75;80.48;0.19
3970;0.00;105.11;0.00;104.91;0.00;0.00;58.98;17.20;33.82;180.05;843.27;180.06;883.02;870.44;80.48;0.17
3975;0.00;105.05;0.00;105.00;0.00;0.00;59.02;17.23;33.81;180.04;843.02;180.07;883.07;870.65;80.48;0.18
3980;0.00;104.99;0.00;105.00;0.00;0.00;58.99;17.23;33.82;180.04;840.27;180.10;882.56;870.43;80.48;0.19
3985;0.00;104.93;0.00;105.09;0.00;0.00;58.99;17.19;33.82;180.05;839.62;180.10;881.63;869.81;80.48;0.19
3990;0.00;105.00;0.00;105.03;0.00;0.00;59.02;17.25;33.82;180.05;841.89;180.09;882.21;870.21;80.48;0.18
3995;0.00;105.00;0.00;105.00;0.00;0.00;59.01;17.22;33.82;180.05;844.41;180.09;883.25;870.93;80.48;0.20
4000;0.00;105.09;0.00;104.89;0.00;0.00;59.00;17.20;33.82;180.04;844.08;180.06;883.89;871.48;80.48;0.19
4005;0.00;105.01;0.00;105.00;0.00;0.00;59.02;17.25;33.82;180.03;843.92;180.04;883.10;871.05;80.48;0.17
4010;0.00;104.98;0.00;104.99;0.00;0.00;58.98;17.22;33.82;180.04;843.31;180.02;881.88;870.14;80.48;0.19
4015;0.00;104.92;0.00;105.09;0.00;0.00;58.99;17.19;33.82;180.04;841.08;180.01;880.80;869.32;80.47;0.18
4020;0.00;104.99;0.00;105.03;0.00;0.00;59.02;17.27;33.83;180.04;843.16;179.98;881.10;869.03;80.48;0.17
4025;0.00;105.02;0.00;105.00;0.00;0.00;59.01;17.22;33.83;180.04;845.16;179.97;881.99;869.88;80.48;0.19
4030;0.00;105.09;0.00;104.86;0.00;0.00;59.01;17.20;33.84;180.06;844.43;179.95;882.42;870.25;80.48;0.17
4035;0.00;105.03;0.00;104.98;0.00;0.00;59.02;17.22;33.83;180.06;843.73;179.98;882.26;870.25;80.48;0.18
4040;0.00;105.00;0.00;105.00;0.00;0.00;59.00;17.19;33.83;180.05;841.30;180.00;881.03;869.88;80.48;0.19
4045;0.00;104.89;0.00;105.12;0.00;0.00;58.98;17.20;33.84;180.04;840.24;180.02;880.90;869.33;80.48;0.17
4050;0.00;105.00;0.00;105.03;0.00;0.00;59.02;17.23;33.84;180.03;842.29;180.04;881.63;869.87;80.48;0.18
4055;0.00;104.99;0.00;105.01;0.00;0.00;58.99;17.20;33.85;180.04;845.53;180.06;882.94;870.81;80.48;0.19
4060;0.00;105.09;0.00;104.90;0.00;0.00;59.03;17.19;33.84;180.05;844.79;180.09;884.40;872.06;80.48;0.19
4065;0.00;105.03;0.00;104.99;0.00;0.00;59.02;17.23;33.85;180.06;844.65;180.10;884.01;871.95;80.48;0.19
4070;0.00;105.00;0.00;104.99;0.00;0.00;58.99;17.22;33.85;180.06;844.32;180.10;883.22;871.42;80.48;0.19
4075;0.00;104.93;0.00;105.13;0.00;0.00;58.98;17.19;33.85;180.06;842.01;180.11;882.44;870.86;80.48;0.19
4080;0.00;104.99;0.00;105.04;0.00;0.00;59.02;17.19;33.85;180.06;844.27;180.09;883.04;871.18;80.48;0.17
4085;0.00;105.01;0.00;104.99;0.00;0.00;59.01;17.20;33.86;180.05;846.41;180.09;883.92;871.78;80.48;0.20
4090;0.00;105.12;0.00;104.88;0.00;0.00;58.98;17.19;33.86;180.05;845.83;180.07;884.29;872.09;80.48;0.18
4095;0.00;105.03;0.00;104.99;0.00;0.00;59.03;17.22;33.86;180.04;845.01;180.04;883.90;871.92;80.48;0.18
4100;0.00;104.99;0.00;104.99;0.00;0.00;58.99;17.19;33.86;180.03;843.13;180.03;881.86;870.45;80.48;0.19
4105;0.00;104.92;0.00;105.09;0.00;0.00;58.98;17.22;33.86;180.02;841.42;180.02;881.21;869.93;80.48;0.17
4110;0.00;105.00;0.00;105.03;0.00;0.00;59.04;17.27;33.87;180.04;843.23;180.01;881.47;870.04;80.48;0.18
4115;0.00;104.99;0.00;105.00;0.00;0.00;59.03;17.17;33.87;180.04;846.33;180.02;882.44;870.62;80.48;0.19
4120;0.00;105.13;0.00;104.87;0.00;0.00;59.00;17.20;33.87;180.04;845.52;180.02;883.63;871.60;80.48;0.20
4125;0.00;105.02;0.00;105.01;0.00;0.00;59.02;17.22;33.87;180.04;845.20;180.04;883.34;871.53;80.48;0.19
4130;0.00;104.97;0.00;105.01;0.00;0.00;58.98;17.20;33.87;180.03;845.00;180.05;882.73;871.13;80.48;0.20
4135;0.00;104.91;0.00;105.09;0.00;0.00;59.00;17.22;33.88;180.03;842.56;180.07;882.37;870.76;80.48;0.19
4140;0.00;105.01;0.00;105.03;0.00;0.00;59.01;17.22;33.88;180.04;844.66;180.08;883.34;871.56;80.48;0.17
4145;0.00;105.01;0.00;104.99;0.00;0.00;59.02;17.22;33.88;180.05;846.94;180.07;884.57;872.44;80.48;0.20
4150;0.00;105.08;0.00;104.91;0.00;0.00;58.97;17.20;33.88;180.04;846.07;180.06;885.26;873.01;80.47;0.18
4155;0.00;105.00;0.00;105.00;0.00;0.00;59.05;17.22;33.89;180.03;845.89;180.04;884.39;873.11;80.48;0.18
4160;0.00;104.98;0.00;105.00;0.00;0.00;58.99;17.22;33.89;180.03;844.40;180.04;883.38;871.91;80.48;0.19
4165;0.00;104.93;0.00;105.11;0.00;0.00;58.98;17.19;33.89;180.03;842.44;180.02;882.62;871.34;80.48;0.17
4170;0.00;105.00;0.00;105.03;0.00;0.00;59.01;17.20;33.89;180.05;846.20;179.99;882.70;871.34;80.48;0.18
4175;0.00;105.00;0.00;105.01;0.00;0.00;59.00;17.19;33.90;180.06;847.48;179.98;884.22;871.80;80.48;0.19
4180;0.00;105.11;0.00;104.87;0.00;0.00;58.99;17.22;33.89;180.06;846.59;179.98;884.30;872.42;80.48;0.17
4185;0.00;105.02;0.00;104.99;0.00;0.00;59.02;17.23;33.90;180.05;846.13;179.97;883.76;872.08;80.48;0.18
4190;0.00;105.00;0.00;105.00;0.00;0.00;58.98;17.20;33.90;180.03;842.96;179.98;882.88;871.46;80.48;0.20
4195;0.00;104.92;0.00;105.09;0.00;0.00;59.01;17.19;33.90;180.02;843.12;180.01;881.87;870.68;80.48;0.19
4200;0.00;105.02;0.00;105.04;0.00;0.00;58.98;17.25;33.91;180.03;845.17;180.03;882.61;871.15;80.47;0.18
4205;0.00;105.00;0.00;104.99;0.00;0.00;59.02;17.23;33.91;180.03;847.35;180.04;883.80;871.95;80.47;0.20
4210;0.00;105.07;0.00;104.92;0.00;0.00;58.97;17.19;33.91;180.03;846.52;180.08;884.60;872.59;80.47;0.19
4215;0.00;105.02;0.00;105.00;0.00;0.00;59.03;17.20;33.91;180.04;846.30;180.09;884.21;872.57;80.47;0.18
4220;0.00;104.98;0.00;105.01;0.00;0.00;58.98;17.20;33.91;180.04;845.38;180.09;883.50;872.09;80.47;0.19
4225;0.00;104.88;0.00;105.11;0.00;0.00;58.98;17.20;33.91;180.05;843.01;180.08;883.04;871.77;80.47;0.18
4230;0.00;105.00;0.00;105.04;0.00;0.00;59.02;17.22;33.91;180.04;846.76;180.06;883.41;872.03;80.47;0.18
4235;0.00;104.99;0.00;105.01;0.00;0.00;59.00;17.20;33.92;180.03;848.29;180.05;885.37;873.39;80.47;0.19
4240;0.00;105.09;0.00;104.90;0.00;0.00;59.00;17.17;33.92;180.02;847.55;180.03;885.65;873.69;80.46;0.17
4245;0.00;105.03;0.00;105.01;0.00;0.00;59.04;17.22;33.92;180.04;847.02;180.01;885.16;873.46;80.46;0.18
4250;0.00;104.97;0.00;104.99;0.00;0.00;59.01;17.20;33.93;180.05;844.10;179.99;884.23;872.81;80.47;0.20
4255;0.00;104.93;0.00;105.08;0.00;0.00;58.98;17.22;33.93;180.05;843.99;179.98;882.73;871.66;80.47;0.19
4260;0.00;105.00;0.00;105.04;0.00;0.00;59.02;17.22;33.93;180.06;845.83;179.98;883.18;871.87;80.47;0.18
4265;0.00;104.99;0.00;105.00;0.00;0.00;59.02;17.23;33.94;180.06;848.11;179.98;884.04;872.41;80.47;0.20
4270;0.00;105.11;0.00;104.87;0.00;0.00;58.99;17.22;33.94;180.05;847.20;179.99;884.54;872.84;80.47;0.19
4275;0.00;105.02;0.00;104.99;0.00;0.00;59.02;17.23;33.94;180.04;846.86;180.01;883.89;872.50;80.47;0.18
4280;0.00;104.98;0.00;104.99;0.00;0.00;58.99;17.22;33.95;180.03;846.30;180.02;883.11;871.91;80.47;0.19
4285;0.00;104.92;0.00;105.10;0.00;0.00;58.98;17.20;33.95;180.02;844.84;180.04;882.58;871.51;80.47;0.18
4290;0.00;105.00;0.00;105.03;0.00;0.00;59.01;17.20;33.95;180.02;846.92;180.06;883.92;871.70;80.47;0.17
4295;0.00;104.99;0.00;105.00;0.00;0.00;59.01;17.20;33.95;180.03;848.68;180.07;885.07;873.21;80.47;0.19
4300;0.00;105.12;0.00;104.87;0.00;0.00;59.01;17.19;33.95;180.05;848.06;180.07;885.59;873.71;80.47;0.18
4305;0.00;105.02;0.00;104.99;0.00;0.00;59.02;17.22;33.95;180.06;847.19;180.07;885.40;873.72;80.47;0.18
4310;0.00;104.99;0.00;104.98;0.00;0.00;59.01;17.20;33.96;180.05;845.08;180.05;883.91;873.31;80.47;0.20
4315;0.00;104.90;0.00;105.10;0.00;0.00;58.99;17.20;33.96;180.05;844.48;180.04;883.58;872.48;80.47;0.17
4320;0.00;104.98;0.00;105.04;0.00;0.00;59.02;17.20;33.96;180.03;846.25;180.03;884.08;872.78;80.47;0.18
4325;0.00;104.99;0.00;104.99;0.00;0.00;58.98;17.22;33.97;180.04;848.97;180.01;885.00;873.38;80.47;0.19
4330;0.00;105.08;0.00;104.91;0.00;0.00;58.99;17.19;33.97;180.06;848.05;180.00;885.58;873.93;80.47;0.20
4335;0.00;105.04;0.00;105.00;0.00;0.00;59.02;17.22;33.97;180.07;847.65;180.00;884.88;873.49;80.47;0.19
4340;0.00;104.98;0.00;105.00;0.00;0.00;59.00;17.19;33.97;180.07;847.29;180.00;883.88;872.76;80.47;0.20
4345;0.00;104.90;0.00;105.12;0.00;0.00;59.01;17.20;33.97;180.06;845.33;180.00;883.05;872.12;80.47;0.19
4350;0.00;105.00;0.00;105.03;0.00;0.00;59.02;17.25;33.97;180.05;847.29;180.01;883.73;872.48;80.47;0.17
4355;0.00;104.99;0.00;105.00;0.00;0.00;58.99;17.19;33.98;180.04;849.14;180.01;884.71;873.11;80.47;0.20
4360;0.00;105.08;0.00;104.91;0.00;0.00;58.99;17.19;33.98;180.06;848.62;180.01;885.17;873.51;80.47;0.18
4365;0.00;105.01;0.00;105.01;0.00;0.00;59.03;17.22;33.98;180.07;847.50;180.03;884.97;873.47;80.47;0.18
4370;0.00;105.00;0.00;104.99;0.00;0.00;58.98;17.20;33.98;180.07;845.88;180.04;883.58;872.53;80.47;0.19
4375;0.00;104.89;0.00;105.12;0.00;0.00;58.98;17.20;33.99;180.06;844.70;180.04;883.34;872.35;80.47;0.17
4380;0.00;105.00;0.00;105.02;0.00;0.00;59.03;17.20;33.98;180.05;848.38;180.04;883.91;872.74;80.47;0.18
4385;0.00;105.00;0.00;105.01;0.00;0.00;59.01;17.22;33.98;180.04;849.47;180.04;885.95;873.51;80.47;0.19
4390;0.00;105.09;0.00;104.89;0.00;0.00;59.00;17.19;33.98;180.04;848.62;180.02;886.15;874.46;80.47;0.20
4395;0.00;105.05;0.00;105.00;0.00;0.00;59.02;17.20;33.99;180.04;848.16;180.01;885.65;874.21;80.47;0.18
4400;0.00;105.00;0.00;105.00;0.00;0.00;59.00;17.20;33.99;180.04;845.22;179.99;884.73;873.58;80.47;0.20
4405;0.00;104.94;0.00;105.14;0.00;0.00;58.97;17.20;33.99;180.05;845.77;179.96;883.75;872.96;80.47;0.19
4410;0.00;104.99;0.00;105.01;0.00;0.00;59.02;17.20;33.99;180.07;847.70;179.95;884.39;873.18;80.47;0.17
4415;0.00;104.99;0.00;104.99;0.00;0.00;58.99;17.19;33.99;180.07;849.63;179.94;885.23;873.74;80.47;0.20
4420;0.00;105.11;0.00;104.88;0.00;0.00;59.01;17.20;34.00;180.07;848.42;179.94;885.60;874.05;80.47;0.19
4425;0.00;105.03;0.00;104.99;0.00;0.00;59.02;17.20;34.00;180.06;848.03;179.95;884.48;873.91;80.47;0.18
4430;0.00;105.00;0.00;104.99;0.00;0.00;59.02;17.20;34.00;180.06;846.65;179.97;883.57;872.69;80.47;0.19
4435;0.00;104.92;0.00;105.09;0.00;0.00;58.97;17.20;34.00;180.05;845.11;179.99;883.14;872.33;80.47;0.18
4440;0.00;105.00;0.00;105.03;0.00;0.00;59.03;17.23;34.00;180.04;848.61;180.02;883.58;872.56;80.47;0.18
4445;0.00;104.99;0.00;104.99;0.00;0.00;58.99;17.20;34.00;180.05;849.80;180.03;885.52;873.95;80.47;0.19
4450;0.00;105.12;0.00;104.88;0.00;0.00;58.99;17.19;34.01;180.06;848.94;180.06;885.80;874.27;80.47;0.17
4455;0.00;105.03;0.00;104.99;0.00;0.00;59.02;17.22;34.01;180.06;848.41;180.08;885.41;874.11;80.47;0.18
4460;0.00;104.98;0.00;104.98;0.00;0.00;58.99;17.19;34.01;180.05;845.65;180.10;884.67;873.62;80.47;0.20
4465;0.00;104.91;0.00;105.10;0.00;0.00;58.99;17.19;34.01;180.04;846.03;180.10;883.99;873.09;80.47;0.19
4470;0.00;104.99;0.00;105.02;0.00;0.00;59.01;17.22;34.01;180.04;847.97;180.08;884.76;873.58;80.47;0.18
4475;0.00;105.00;0.00;104.98;0.00;0.00;58.98;17.22;34.01;180.04;849.81;180.08;885.74;874.27;80.47;0.20
4480;0.00;105.08;0.00;104.90;0.00;0.00;58.98;17.19;34.02;180.05;848.96;180.03;886.29;874.71;80.47;0.19
4485;0.00;105.03;0.00;105.00;0.00;0.00;59.02;17.22;34.02;180.06;848.58;180.00;885.30;874.19;80.47;0.18
4490;0.00;104.99;0.00;104.99;0.00;0.00;58.99;17.20;34.02;180.07;847.67;179.98;884.35;873.46;80.47;0.19
4495;0.00;104.89;0.00;105.11;0.00;0.00;58.97;17.20;34.02;180.06;845.66;179.97;883.67;872.95;80.47;0.18
4500;0.00;104.99;0.00;105.04;0.00;0.00;59.02;17.22;34.02;180.05;848.85;179.95;884.66;873.02;80.47;0.18
4505;0.00;105.00;0.00;105.01;0.00;0.00;59.00;17.20;34.02;180.05;850.28;179.96;885.48;874.06;80.47;0.19
4510;0.00;105.08;0.00;104.89;0.00;0.00;58.97;17.20;34.03;180.04;849.45;179.97;885.68;874.28;80.47;0.17
4515;0.00;105.02;0.00;104.97;0.00;0.00;59.03;17.22;34.02;180.04;848.39;179.99;885.24;874.08;80.47;0.18
4520;0.00;104.97;0.00;105.01;0.00;0.00;59.00;17.20;34.03;180.04;846.26;180.02;883.76;873.55;80.47;0.20
4525;0.00;104.88;0.00;105.13;0.00;0.00;58.98;17.20;34.03;180.04;846.14;180.03;883.67;872.92;80.47;0.17
4530;0.00;105.02;0.00;105.04;0.00;0.00;59.02;17.20;34.04;180.04;847.87;180.05;884.38;873.38;80.47;0.18
4535;0.00;104.99;0.00;105.00;0.00;0.00;58.98;17.22;34.04;180.06;850.25;180.07;885.50;874.14;80.47;0.19
4540;0.00;105.11;0.00;104.86;0.00;0.00;58.98;17.20;34.04;180.07;849.31;180.07;886.27;874.87;80.47;0.19
4545;0.00;105.01;0.00;105.00;0.00;0.00;59.03;17.25;34.04;180.08;848.91;180.07;885.65;874.55;80.47;0.19
4550;0.00;104.98;0.00;105.00;0.00;0.00;58.98;17.22;34.04;180.06;848.46;180.06;884.82;873.93;80.47;0.19
4555;0.00;104.92;0.00;105.09;0.00;0.00;58.98;17.20;34.05;180.05;847.05;180.03;884.18;873.45;80.47;0.19
4560;0.00;105.01;0.00;105.03;0.00;0.00;59.05;17.22;34.05;180.04;848.92;180.02;885.04;873.94;80.47;0.17
4565;0.00;104.98;0.00;105.01;0.00;0.00;58.98;17.22;34.05;180.04;850.66;180.00;885.87;874.53;80.47;0.20
4570;0.00;105.11;0.00;104.86;0.00;0.00;58.98;17.20;34.05;180.06;850.08;179.97;886.16;874.81;80.47;0.18
4575;0.00;105.01;0.00;105.01;0.00;0.00;59.02;17.22;34.05;180.06;848.83;179.95;884.91;874.62;80.47;0.18
4580;0.00;105.01;0.00;105.01;0.00;0.00;58.98;17.22;34.06;180.06;847.28;179.95;884.04;873.37;80.47;0.19
4585;0.00;104.91;0.00;105.09;0.00;0.00;58.99;17.22;34.05;180.06;846.30;179.94;883.66;873.06;80.47;0.17
4590;0.00;105.00;0.00;105.03;0.00;0.00;59.03;17.23;34.06;180.05;849.67;179.96;884.14;873.33;80.47;0.18
4595;0.00;104.98;0.00;105.01;0.00;0.00;59.01;17.20;34.06;180.05;850.64;179.98;885.91;873.97;80.47;0.19
4600;0.00;105.08;0.00;104.90;0.00;0.00;58.98;17.22;34.06;180.04;849.70;180.00;886.01;874.75;80.47;0.17
4605;0.00;105.02;0.00;105.00;0.00;0.00;59.02;17.23;34.06;180.05;849.14;180.03;885.56;874.52;80.47;0.18
4610;0.00;104.99;0.00;104.99;0.00;0.00;59.00;17.20;34.06;180.04;846.42;180.06;884.83;874.00;80.47;0.20
4615;0.00;104.87;0.00;105.12;0.00;0.00;59.02;17.20;34.07;180.04;846.98;180.11;884.25;873.59;80.47;0.19
4620;0.00;104.98;0.00;105.03;0.00;0.00;59.03;17.25;34.06;180.04;848.85;180.12;885.04;874.08;80.47;0.18
4625;0.00;105.01;0.00;105.01;0.00;0.00;59.02;17.20;34.07;180.05;850.71;180.13;886.03;874.76;80.47;0.20
4630;0.00;105.11;0.00;104.88;0.00;0.00;58.99;17.22;34.07;180.05;849.67;180.11;886.53;875.17;80.47;0.19
4635;0.00;105.03;0.00;105.01;0.00;0.00;59.05;17.23;34.07;180.05;849.24;180.10;885.52;874.64;80.47;0.18
4640;0.00;105.02;0.00;104.99;0.00;0.00;58.99;17.20;34.08;180.04;848.53;180.08;884.63;873.94;80.47;0.19
4645;0.00;104.92;0.00;105.08;0.00;0.00;58.99;17.20;34.08;180.03;847.89;180.05;884.05;873.50;80.47;0.18
4650;0.00;105.00;0.00;105.04;0.00;0.00;59.01;17.23;34.07;180.04;849.59;180.00;885.03;873.59;80.47;0.17
4655;0.00;104.99;0.00;104.99;0.00;0.00;59.01;17.22;34.07;180.04;851.05;179.98;885.81;874.60;80.47;0.19
4660;0.00;105.11;0.00;104.86;0.00;0.00;59.02;17.22;34.08;180.05;850.26;179.97;886.00;874.81;80.47;0.17
4665;0.00;105.00;0.00;105.00;0.00;0.00;59.02;17.20;34.08;180.05;849.03;179.95;885.54;874.54;80.47;0.18
4670;0.00;104.99;0.00;105.00;0.00;0.00;58.99;17.17;34.09;180.05;847.16;179.95;884.00;873.44;80.47;0.20
4675;0.00;104.92;0.00;105.09;0.00;0.00;58.98;17.20;34.08;180.05;846.92;179.96;883.91;873.35;80.47;0.17
4680;0.00;104.99;0.00;105.03;0.00;0.00;59.02;17.23;34.09;180.05;848.69;179.97;884.59;873.80;80.47;0.18
4685;0.00;105.01;0.00;104.99;0.00;0.00;59.01;17.23;34.09;180.05;850.98;180.01;885.68;874.55;80.47;0.19
4690;0.00;105.13;0.00;104.86;0.00;0.00;59.01;17.20;34.09;180.05;850.00;180.03;886.43;875.22;80.47;0.20
4695;0.00;105.02;0.00;105.00;0.00;0.00;59.02;17.22;34.09;180.05;849.49;180.05;885.81;874.90;80.47;0.19
4700;0.00;105.00;0.00;105.01;0.00;0.00;59.01;17.20;34.10;180.06;849.03;180.06;885.00;874.31;80.47;0.19
4705;0.00;104.89;0.00;105.10;0.00;0.00;58.98;17.20;34.10;180.06;847.83;180.09;884.40;873.85;80.47;0.19
4710;0.00;105.02;0.00;105.04;0.00;0.00;59.04;17.22;34.10;180.07;849.65;180.10;885.30;874.39;80.47;0.17
4715;0.00;105.01;0.00;104.99;0.00;0.00;58.98;17.19;34.11;180.07;851.30;180.09;886.11;874.95;80.47;0.20
4720;0.00;105.08;0.00;104.89;0.00;0.00;58.97;17.19;34.11;180.06;849.83;180.09;886.37;875.19;80.47;0.18
4725;0.00;105.00;0.00;105.00;0.00;0.00;59.02;17.22;34.11;180.06;849.38;180.06;885.14;874.99;80.47;0.18
4730;0.00;105.00;0.00;105.01;0.00;0.00;58.99;17.22;34.11;180.06;848.10;180.04;884.33;873.80;80.47;0.19
4735;0.00;104.89;0.00;105.13;0.00;0.00;58.99;17.20;34.11;180.06;847.02;180.03;883.97;873.53;80.47;0.17
4740;0.00;105.02;0.00;105.04;0.00;0.00;59.01;17.25;34.12;180.06;850.26;180.02;884.45;873.79;80.47;0.18
4745;0.00;104.99;0.00;105.00;0.00;0.00;59.02;17.23;34.12;180.07;851.31;179.99;886.16;875.00;80.47;0.19
4750;0.00;105.12;0.00;104.89;0.00;0.00;58.99;17.20;34.11;180.06;850.38;179.98;886.27;875.17;80.47;0.17
4755;0.00;105.03;0.00;105.00;0.00;0.00;59.03;17.22;34.13;180.07;849.70;179.98;885.76;874.89;80.47;0.18
4760;0.00;104.99;0.00;104.99;0.00;0.00;59.01;17.22;34.13;180.06;847.16;179.98;884.97;874.34;80.47;0.20
4765;0.00;104.92;0.00;105.09;0.00;0.00;59.01;17.23;34.13;180.05;847.71;179.98;884.35;873.83;80.47;0.19
4770;0.00;104.99;0.00;105.02;0.00;0.00;59.02;17.19;34.13;180.05;849.39;179.99;885.09;874.31;80.47;0.18
4775;0.00;105.00;0.00;105.00;0.00;0.00;58.99;17.19;34.13;180.06;851.16;180.00;886.02;874.97;80.47;0.20
4780;0.00;105.10;0.00;104.92;0.00;0.00;58.98;17.20;34.13;180.06;850.18;180.03;886.25;875.35;80.47;0.19
4785;0.00;105.03;0.00;104.99;0.00;0.00;59.04;17.22;34.14;180.06;849.69;180.04;885.52;874.82;80.47;0.17
4790;0.00;104.99;0.00;105.01;0.00;0.00;58.99;17.19;34.14;180.07;848.94;180.05;884.71;874.18;80.47;0.19
4795;0.00;104.88;0.00;105.11;0.00;0.00;59.01;17.20;34.14;180.06;848.40;180.06;884.20;873.80;80.47;0.18
4800;0.00;105.01;0.00;105.03;0.00;0.00;59.02;17.22;34.14;180.06;850.16;180.07;885.31;873.94;80.47;0.17
4805;0.00;104.99;0.00;105.01;0.00;0.00;59.01;17.20;34.14;180.06;851.58;180.07;886.12;875.06;80.47;0.20
4810;0.00;105.08;0.00;104.89;0.00;0.00;59.01;17.22;34.14;180.05;850.86;180.06;886.32;875.26;80.47;0.18
4815;0.00;105.03;0.00;105.00;0.00;0.00;59.02;17.22;34.14;180.05;849.52;180.04;885.86;875.04;80.47;0.18
4820;0.00;104.99;0.00;104.99;0.00;0.00;58.97;17.20;34.15;180.04;847.89;180.04;884.34;873.92;80.47;0.19
4825;0.00;104.91;0.00;105.09;0.00;0.00;58.98;17.19;34.15;180.04;847.50;180.03;884.16;873.77;80.47;0.17
4830;0.00;105.00;0.00;105.04;0.00;0.00;59.02;17.25;34.15;180.06;849.17;180.02;884.79;874.16;80.47;0.18
4835;0.00;105.03;0.00;104.99;0.00;0.00;58.99;17.20;34.15;180.07;851.48;180.01;885.74;874.81;80.47;0.19
4840;0.00;105.11;0.00;104.84;0.00;0.00;59.00;17.20;34.15;180.07;850.46;180.01;886.34;875.38;80.47;0.20
4845;0.00;105.01;0.00;104.99;0.00;0.00;59.02;17.22;34.16;180.06;849.86;180.01;885.72;875.03;80.47;0.18
4850;0.00;104.99;0.00;105.01;0.00;0.00;59.00;17.19;34.15;180.06;847.30;180.02;884.94;874.45;80.47;0.19
4855;0.00;104.90;0.00;105.11;0.00;0.00;58.99;17.22;34.15;180.06;848.23;180.04;884.55;874.01;80.47;0.19
4860;0.00;104.99;0.00;105.03;0.00;0.00;59.02;17.22;34.16;180.06;849.89;180.04;885.37;874.64;80.47;0.18
4865;0.00;105.00;0.00;104.99;0.00;0.00;58.98;17.22;34.16;180.05;851.60;180.04;886.28;875.27;80.47;0.20
4870;0.00;105.08;0.00;104.84;0.00;0.00;58.99;17.20;34.16;180.06;850.27;180.04;886.65;875.59;80.47;0.19
4875;0.00;105.02;0.00;105.01;0.00;0.00;59.04;17.20;34.16;180.07;849.83;180.04;885.56;874.97;80.47;0.18
4880;0.00;104.99;0.00;105.00;0.00;0.00;59.02;17.17;34.17;180.07;848.74;180.03;884.74;874.36;80.47;0.19
4885;0.00;104.88;0.00;105.12;0.00;0.00;58.99;17.23;34.17;180.05;847.54;180.02;884.35;874.04;80.47;0.18
4890;0.00;105.00;0.00;105.03;0.00;0.00;59.03;17.23;34.17;180.04;850.65;179.99;884.71;874.23;80.47;0.18
4895;0.00;105.00;0.00;104.99;0.00;0.00;58.99;17.22;34.17;180.05;851.78;179.98;886.23;875.26;80.47;0.19
4900;0.00;105.11;0.00;104.89;0.00;0.00;58.99;17.19;34.17;180.06;850.93;179.97;886.28;875.37;80.47;0.17
4905;0.00;105.02;0.00;105.01;0.00;0.00;59.03;17.23;34.17;180.05;849.66;179.96;885.69;875.06;80.47;0.18
4910;0.00;105.01;0.00;105.00;0.00;0.00;58.99;17.20;34.18;180.05;847.76;179.97;884.19;874.46;80.47;0.20
4915;0.00;104.91;0.00;105.09;0.00;0.00;58.98;17.17;34.18;180.06;847.94;179.98;884.13;873.85;80.47;0.19
4920;0.00;104.99;0.00;105.03;0.00;0.00;59.03;17.23;34.18;180.06;849.64;179.99;884.82;874.26;80.47;0.18
4925;0.00;105.01;0.00;104.98;0.00;0.00;59.01;17.22;34.18;180.09;851.57;180.01;885.79;874.93;80.47;0.19
4930;0.00;105.12;0.00;104.84;0.00;0.00;59.00;17.22;34.19;180.09;850.51;180.04;886.23;875.41;80.47;0.19
4935;0.00;105.01;0.00;104.99;0.00;0.00;59.05;17.23;34.19;180.09;849.97;180.05;885.61;875.02;80.47;0.19
4940;0.00;105.01;0.00;104.97;0.00;0.00;58.99;17.20;34.20;180.07;849.37;180.07;884.89;874.49;80.47;0.19
4945;0.00;104.90;0.00;105.09;0.00;0.00;58.99;17.20;34.19;180.05;848.77;180.07;884.44;874.16;80.47;0.19
4950;0.00;105.00;0.00;105.01;0.00;0.00;59.02;17.27;34.20;180.04;850.51;180.06;885.61;874.93;80.47;0.17
4955;0.00;105.00;0.00;105.00;0.00;0.00;58.98;17.22;34.20;180.04;851.98;180.06;886.46;875.52;80.47;0.20
4960;0.00;105.08;0.00;104.89;0.00;0.00;58.98;17.20;34.21;180.08;851.36;180.04;886.68;875.75;80.47;0.18
4965;0.00;105.03;0.00;104.99;0.00;0.00;59.04;17.25;34.21;180.09;849.93;180.01;886.22;875.52;80.47;0.18
4970;0.00;104.99;0.00;104.99;0.00;0.00;58.99;17.20;34.21;180.10;848.50;179.99;884.54;874.27;80.47;0.19
4975;0.00;104.89;0.00;105.11;0.00;0.00;58.98;17.20;34.21;180.10;847.95;179.97;884.22;874.00;80.47;0.17
4980;0.00;105.00;0.00;105.04;0.00;0.00;59.02;17.23;34.21;180.09;851.07;179.95;884.65;874.23;80.47;0.18
4985;0.00;105.01;0.00;105.01;0.00;0.00;58.99;17.22;34.22;180.08;851.87;179.94;886.08;874.78;80.47;0.19
4990;0.00;105.08;0.00;104.88;0.00;0.00;59.00;17.17;34.22;180.06;850.82;179.94;886.01;875.22;80.47;0.17
4995;0.00;105.02;0.00;104.98;0.00;0.00;59.02;17.22;34.22;180.03;850.15;179.95;885.41;874.85;80.47;0.18
5000;0.00;104.97;0.00;104.99;0.00;0.00;58.98;17.23;34.22;180.04;847.67;179.99;884.62;874.29;80.47;0.19
5005;0.00;104.92;0.00;105.09;0.00;0.00;58.98;17.19;34.22;180.06;848.38;180.01;884.26;873.96;80.47;0.19
5010;0.00;104.99;0.00;105.03;0.00;0.00;59.02;17.22;34.22;180.07;850.11;180.04;885.09;874.50;80.47;0.18
5015;0.00;104.99;0.00;105.00;0.00;0.00;58.99;17.22;34.22;180.09;851.80;180.05;886.09;875.21;80.47;0.20
5020;0.00;105.11;0.00;104.86;0.00;0.00;58.99;17.20;34.23;180.10;850.60;180.08;886.57;875.63;80.47;0.19
5025;0.00;105.01;0.00;104.99;0.00;0.00;59.03;17.22;34.23;180.08;850.10;180.08;885.63;875.15;80.47;0.18
5030;0.00;104.98;0.00;104.99;0.00;0.00;58.99;17.20;34.23;180.06;849.19;180.09;884.87;874.56;80.47;0.19
5035;0.00;104.91;0.00;105.11;0.00;0.00;59.02;17.23;34.24;180.05;849.24;180.07;884.48;874.25;80.47;0.18
5040;0.00;104.99;0.00;105.01;0.00;0.00;59.02;17.22;34.24;180.05;850.92;180.04;885.65;874.45;80.47;0.18
5045;0.00;105.01;0.00;104.98;0.00;0.00;58.99;17.19;34.24;180.07;852.14;180.02;886.32;875.45;80.47;0.19
5050;0.00;105.08;0.00;104.86;0.00;0.00;58.99;17.25;34.25;180.08;851.31;180.00;886.34;875.55;80.46;0.17
5055;0.00;105.03;0.00;105.01;0.00;0.00;59.03;17.22;34.25;180.08;849.92;179.98;885.76;875.22;80.47;0.18
5060;0.00;105.00;0.00;105.01;0.00;0.00;58.98;17.20;34.24;180.07;848.21;179.97;884.18;874.01;80.46;0.19
5065;0.00;104.91;0.00;105.13;0.00;0.00;58.98;17.17;34.25;180.07;848.24;179.96;884.05;873.89;80.46;0.17
5070;0.00;105.01;0.00;105.03;0.00;0.00;59.00;17.20;34.25;180.06;849.88;179.97;884.68;874.28;80.46;0.18
5075;0.00;105.01;0.00;104.99;0.00;0.00;58.99;17.22;34.26;180.06;851.87;179.99;885.61;874.89;80.46;0.19
5080;0.00;105.09;0.00;104.89;0.00;0.00;59.01;17.20;34.25;180.06;850.79;180.00;886.10;875.39;80.46;0.19
5085;0.00;105.01;0.00;104.99;0.00;0.00;59.04;17.23;34.26;180.07;850.21;180.02;885.51;875.05;80.46;0.19
5090;0.00;104.99;0.00;105.00;0.00;0.00;58.99;17.20;34.26;180.09;847.85;180.04;884.79;874.51;80.46;0.19
5095;0.00;104.92;0.00;105.07;0.00;0.00;58.98;17.23;34.26;180.09;848.87;180.05;884.64;874.17;80.46;0.19
5100;0.00;104.99;0.00;105.02;0.00;0.00;59.02;17.23;34.27;180.09;850.59;180.05;885.50;874.90;80.46;0.17
5105;0.00;105.00;0.00;104.99;0.00;0.00;58.99;17.22;34.27;180.09;852.18;180.06;886.35;875.50;80.46;0.20
5110;0.00;105.09;0.00;104.87;0.00;0.00;58.98;17.23;34.27;180.08;850.68;180.06;886.62;875.77;80.45;0.19
5115;0.00;105.02;0.00;105.00;0.00;0.00;59.02;17.22;34.27;180.07;850.17;180.04;885.40;875.02;80.46;0.18
5120;0.00;105.00;0.00;105.01;0.00;0.00;58.98;17.19;34.27;180.06;849.10;180.03;884.56;874.39;80.46;0.19
5125;0.00;104.90;0.00;105.09;0.00;0.00;59.00;17.20;34.27;180.06;848.15;180.02;884.21;874.08;80.46;0.18
5130;0.00;105.00;0.00;105.04;0.00;0.00;59.03;17.23;34.27;180.08;851.14;180.01;884.57;874.29;80.46;0.18
5135;0.00;104.99;0.00;105.00;0.00;0.00;59.00;17.22;34.27;180.08;852.19;179.99;885.97;875.23;80.46;0.19
5140;0.00;105.08;0.00;104.90;0.00;0.00;58.97;17.20;34.27;180.09;851.19;179.98;885.97;875.28;80.46;0.17
5145;0.00;105.02;0.00;104.99;0.00;0.00;59.02;17.23;34.27;180.08;849.91;179.97;885.36;874.93;80.46;0.18
5150;0.00;105.00;0.00;105.00;0.00;0.00;58.99;17.22;34.28;180.07;848.05;179.97;884.02;874.39;80.46;0.19
5155;0.00;104.87;0.00;105.12;0.00;0.00;58.99;17.22;34.28;180.07;848.48;179.97;884.15;873.97;80.46;0.19
5160;0.00;104.98;0.00;105.04;0.00;0.00;59.01;17.23;34.28;180.07;850.16;179.99;884.92;874.48;80.46;0.18
5165;0.00;104.99;0.00;105.00;0.00;0.00;59.01;17.22;34.28;180.08;851.99;179.99;885.93;875.19;80.46;0.19
5170;0.00;105.10;0.00;104.88;0.00;0.00;58.98;17.20;34.28;180.08;850.90;180.02;886.34;875.64;80.46;0.19
5175;0.00;105.03;0.00;104.99;0.00;0.00;59.02;17.22;34.29;180.08;850.32;180.03;885.67;875.25;80.46;0.19
5180;0.00;105.00;0.00;105.00;0.00;0.00;59.01;17.17;34.29;180.08;849.82;180.04;884.88;874.69;80.46;0.19
5185;0.00;104.87;0.00;105.13;0.00;0.00;58.99;17.19;34.29;180.08;849.32;180.04;884.43;874.33;80.46;0.19
5190;0.00;105.00;0.00;105.03;0.00;0.00;59.01;17.23;34.29;180.07;850.89;180.04;885.49;874.96;80.46;0.17
5195;0.00;105.00;0.00;105.01;0.00;0.00;59.01;17.22;34.29;180.07;852.37;180.03;886.20;875.46;80.46;0.20
5200;0.00;105.10;0.00;104.87;0.00;0.00;58.98;17.22;34.30;180.07;850.71;180.03;886.33;875.62;80.46;0.18
5205;0.00;105.02;0.00;105.00;0.00;0.00;59.02;17.23;34.29;180.07;850.17;180.02;884.95;875.31;80.46;0.18
5210;0.00;105.00;0.00;104.99;0.00;0.00;58.98;17.20;34.30;180.07;848.74;180.01;884.17;874.10;80.46;0.19
5215;0.00;104.92;0.00;105.09;0.00;0.00;58.98;17.22;34.31;180.08;848.31;180.00;883.93;873.88;80.46;0.18
5220;0.00;104.99;0.00;105.03;0.00;0.00;59.01;17.22;34.31;180.07;851.42;179.99;884.41;874.17;80.46;0.18
5225;0.00;105.00;0.00;104.99;0.00;0.00;59.00;17.23;34.31;180.07;852.21;179.98;885.93;875.22;80.46;0.19
5230;0.00;105.11;0.00;104.84;0.00;0.00;58.98;17.20;34.31;180.07;851.16;179.98;885.89;875.29;80.46;0.17
5235;0.00;105.00;0.00;105.01;0.00;0.00;59.03;17.25;34.31;180.07;850.39;179.99;885.34;874.97;80.46;0.18
5240;0.00;104.99;0.00;105.00;0.00;0.00;58.99;17.22;34.31;180.08;848.10;179.99;884.62;874.44;80.46;0.19
5245;0.00;104.90;0.00;105.10;0.00;0.00;59.00;17.22;34.31;180.08;848.86;180.00;884.33;874.20;80.46;0.19
5250;0.00;104.99;0.00;105.01;0.00;0.00;59.01;17.20;34.32;180.08;850.45;180.02;885.18;874.75;80.46;0.18
5255;0.00;104.99;0.00;104.99;0.00;0.00;58.99;17.22;34.31;180.08;852.00;180.03;886.12;875.42;80.46;0.20
5260;0.00;105.09;0.00;104.91;0.00;0.00;59.01;17.19;34.32;180.08;850.95;180.05;886.26;875.79;80.46;0.19
5265;0.00;105.03;0.00;105.00;0.00;0.00;59.03;17.23;34.32;180.07;850.39;180.04;885.53;875.22;80.46;0.17
5270;0.00;105.00;0.00;105.00;0.00;0.00;59.00;17.22;34.32;180.06;849.61;180.04;884.74;874.62;80.46;0.19
5275;0.00;104.91;0.00;105.10;0.00;0.00;59.01;17.20;34.32;180.06;849.58;180.03;884.33;874.29;80.46;0.18
5280;0.00;104.99;0.00;105.04;0.00;0.00;59.01;17.22;34.33;180.07;851.19;180.02;885.41;874.44;80.46;0.17
5285;0.00;105.01;0.00;105.00;0.00;0.00;59.00;17.19;34.33;180.08;852.44;180.00;886.03;875.37;80.46;0.20
5290;0.00;105.09;0.00;104.87;0.00;0.00;59.01;17.20;34.33;180.08;851.62;180.00;886.05;875.43;80.46;0.18
5295;0.00;105.04;0.00;104.98;0.00;0.00;59.04;17.23;34.34;180.07;850.09;179.99;885.42;875.09;80.46;0.18
5300;0.00;104.98;0.00;105.00;0.00;0.00;58.99;17.20;34.33;180.07;848.43;180.00;883.91;873.94;80.46;0.19
5305;0.00;104.87;0.00;105.13;0.00;0.00;59.01;17.20;34.34;180.07;848.53;180.00;883.87;873.85;80.46;0.17
5310;0.00;104.99;0.00;105.03;0.00;0.00;59.02;17.20;34.34;180.08;850.12;180.01;884.54;874.28;80.46;0.18
5315;0.00;105.00;0.00;104.98;0.00;0.00;59.02;17.22;34.34;180.09;852.19;180.02;885.48;874.95;80.46;0.19
5320;0.00;105.12;0.00;104.86;0.00;0.00;59.01;17.19;34.34;180.09;851.09;180.02;886.06;875.48;80.46;0.19
5325;0.00;105.03;0.00;104.99;0.00;0.00;59.05;17.22;34.35;180.09;850.45;180.03;885.49;875.15;80.46;0.18
5330;0.00;105.01;0.00;104.99;0.00;0.00;59.00;17.22;34.35;180.08;848.21;180.03;884.78;874.65;80.46;0.19
5335;0.00;104.91;0.00;105.09;0.00;0.00;58.98;17.20;34.35;180.08;849.17;180.04;884.61;874.31;80.46;0.19
5340;0.00;105.00;0.00;105.03;0.00;0.00;59.01;17.23;34.35;180.08;850.85;180.04;885.42;874.99;80.46;0.18
5345;0.00;104.99;0.00;104.99;0.00;0.00;58.99;17.20;34.37;180.06;852.42;180.04;886.22;875.55;80.46;0.20
5350;0.00;105.08;0.00;104.90;0.00;0.00;58.98;17.20;34.37;180.07;850.92;180.03;886.46;875.79;80.46;0.19
5355;0.00;105.00;0.00;105.01;0.00;0.00;59.04;17.22;34.36;180.07;850.37;180.03;885.18;874.97;80.46;0.18
5360;0.00;104.99;0.00;104.99;0.00;0.00;59.02;17.20;34.36;180.09;849.43;180.02;884.34;874.34;80.46;0.19
5365;0.00;104.89;0.00;105.13;0.00;0.00;58.97;17.20;34.36;180.09;848.41;180.02;883.95;874.02;80.46;0.18
5370;0.00;105.01;0.00;105.02;0.00;0.00;59.03;17.22;34.36;180.08;851.29;180.01;885.11;874.19;80.46;0.18
5375;0.00;104.99;0.00;104.99;0.00;0.00;58.98;17.20;34.37;180.06;852.39;180.00;885.71;875.12;80.46;0.19
5380;0.00;105.11;0.00;104.87;0.00;0.00;58.98;17.23;34.37;180.05;851.41;179.99;885.72;875.19;80.46;0.17
5385;0.00;105.03;0.00;105.01;0.00;0.00;59.02;17.20;34.37;180.04;850.02;179.99;885.13;874.86;80.46;0.18
5390;0.00;105.00;0.00;104.99;0.00;0.00;59.01;17.20;34.37;180.05;848.34;180.00;883.89;874.32;80.46;0.19
5395;0.00;104.92;0.00;105.09;0.00;0.00;58.99;17.19;34.38;180.07;848.80;180.00;884.06;874.01;80.46;0.17
5400;0.00;105.00;0.00;105.03;0.00;0.00;59.02;17.23;34.38;180.10;850.36;180.01;884.86;874.55;80.46;0.18
5405;0.00;104.99;0.00;104.99;0.00;0.00;59.02;17.17;34.38;180.10;852.22;180.02;885.88;875.26;80.46;0.19
5410;0.00;105.10;0.00;104.86;0.00;0.00;59.00;17.20;34.38;180.09;851.16;180.04;886.29;875.74;80.46;0.19
5415;0.00;105.01;0.00;104.99;0.00;0.00;59.04;17.23;34.38;180.06;850.53;180.04;885.63;875.35;80.46;0.19
5420;0.00;104.99;0.00;105.00;0.00;0.00;59.00;17.19;34.39;180.02;849.97;180.03;884.85;874.78;80.46;0.19
5425;0.00;104.90;0.00;105.11;0.00;0.00;59.02;17.22;34.38;180.03;849.54;180.02;884.37;874.40;80.46;0.19
5430;0.00;104.99;0.00;105.04;0.00;0.00;59.02;17.22;34.39;180.05;851.16;180.02;885.32;874.95;80.46;0.17
5435;0.00;105.00;0.00;104.99;0.00;0.00;59.01;17.20;34.39;180.07;852.53;180.02;885.95;875.39;80.46;0.20
5440;0.00;105.11;0.00;104.88;0.00;0.00;58.98;17.20;34.40;180.10;850.78;180.01;886.03;875.50;80.46;0.18
5445;0.00;105.03;0.00;104.99;0.00;0.00;59.02;17.23;34.39;180.10;850.24;180.00;884.60;875.16;80.46;0.18
5450;0.00;104.99;0.00;104.98;0.00;0.00;59.00;17.19;34.40;180.08;848.96;180.00;883.86;873.97;80.46;0.19
5455;0.00;104.88;0.00;105.10;0.00;0.00;58.99;17.20;34.40;180.04;848.46;180.00;883.71;873.80;80.46;0.17
5460;0.00;105.00;0.00;105.03;0.00;0.00;59.02;17.23;34.40;180.04;851.52;179.99;884.27;874.15;80.46;0.18
5465;0.00;105.01;0.00;104.99;0.00;0.00;59.00;17.19;34.39;180.04;852.42;179.99;885.94;875.32;80.46;0.19
5470;0.00;105.11;0.00;104.87;0.00;0.00;58.99;17.20;34.40;180.06;851.39;180.00;885.98;875.44;80.46;0.17
5475;0.00;105.02;0.00;104.99;0.00;0.00;59.03;17.23;34.40;180.10;850.54;180.00;885.45;875.18;80.46;0.18
5480;0.00;105.01;0.00;105.00;0.00;0.00;58.98;17.22;34.41;180.10;848.40;180.03;884.31;874.69;80.46;0.19
5485;0.00;104.92;0.00;105.11;0.00;0.00;59.00;17.25;34.40;180.08;849.09;180.04;884.46;874.40;80.46;0.19
5490;0.00;105.00;0.00;105.03;0.00;0.00;59.02;17.23;34.41;180.07;850.65;180.05;885.23;874.91;80.46;0.18
5495;0.00;105.01;0.00;104.99;0.00;0.00;59.02;17.23;34.42;180.05;852.27;180.06;886.13;875.54;80.46;0.19
5500;0.00;105.08;0.00;104.84;0.00;0.00;59.02;17.22;34.41;180.05;851.10;180.08;886.16;875.86;80.46;0.19
5505;0.00;105.02;0.00;105.00;0.00;0.00;59.05;17.22;34.42;180.06;850.53;180.07;885.37;875.19;80.46;0.19
5510;0.00;104.99;0.00;104.99;0.00;0.00;59.02;17.23;34.42;180.09;849.83;180.06;884.52;874.57;80.46;0.19
5515;0.00;104.89;0.00;105.11;0.00;0.00;58.98;17.20;34.43;180.10;849.69;180.04;884.06;874.17;80.46;0.19
5520;0.00;105.02;0.00;105.04;0.00;0.00;59.02;17.22;34.42;180.09;851.26;180.02;885.05;874.73;80.46;0.17
5525;0.00;105.00;0.00;105.01;0.00;0.00;58.98;17.20;34.42;180.07;852.53;180.00;885.68;875.18;80.46;0.20
5530;0.00;105.11;0.00;104.89;0.00;0.00;59.00;17.23;34.42;180.04;851.76;179.99;885.75;875.28;80.46;0.18
5535;0.00;105.03;0.00;105.00;0.00;0.00;59.05;17.20;34.43;180.04;850.15;179.96;884.43;874.98;80.46;0.18
5540;0.00;105.01;0.00;104.99;0.00;0.00;59.01;17.22;34.43;180.05;848.76;179.95;883.83;873.93;80.46;0.19
5545;0.00;104.86;0.00;105.11;0.00;0.00;59.00;17.19;34.42;180.06;848.65;179.95;883.82;873.90;80.46;0.17
5550;0.00;105.00;0.00;105.03;0.00;0.00;59.02;17.23;34.44;180.08;851.71;179.95;884.54;874.35;80.46;0.18
5555;0.00;104.99;0.00;105.00;0.00;0.00;59.02;17.22;34.43;180.07;852.43;179.98;886.25;875.08;80.46;0.19
5560;0.00;105.12;0.00;104.87;0.00;0.00;58.99;17.22;34.43;180.07;851.41;180.00;886.24;875.72;80.46;0.17
5565;0.00;105.01;0.00;105.02;0.00;0.00;59.03;17.20;34.44;180.04;850.62;180.02;885.66;875.42;80.46;0.18
5570;0.00;104.99;0.00;104.97;0.00;0.00;59.01;17.23;34.44;180.04;848.51;180.07;884.95;874.90;80.46;0.19
5575;0.00;104.91;0.00;105.08;0.00;0.00;59.01;17.20;34.44;180.04;849.36;180.08;884.54;874.54;80.46;0.19
5580;0.00;104.98;0.00;105.02;0.00;0.00;59.04;17.22;34.44;180.05;850.89;180.11;885.22;874.96;80.46;0.18
5585;0.00;104.99;0.00;105.00;0.00;0.00;59.02;17.20;34.45;180.08;852.42;180.12;885.95;875.45;80.46;0.20
5590;0.00;105.10;0.00;104.83;0.00;0.00;58.98;17.22;34.44;180.07;851.08;180.13;885.71;875.65;80.46;0.19
5595;0.00;105.02;0.00;104.98;0.00;0.00;59.02;17.22;34.45;180.06;850.44;180.13;884.85;874.81;80.46;0.17
5600;0.00;104.98;0.00;105.00;0.00;0.00;58.98;17.22;34.45;180.05;849.58;180.11;884.01;874.16;80.46;0.19
5605;0.00;104.91;0.00;105.11;0.00;0.00;58.98;17.20;34.46;180.05;849.77;180.08;883.64;873.84;80.46;0.18
5610;0.00;105.02;0.00;105.02;0.00;0.00;59.03;17.22;34.46;180.05;851.33;180.03;884.89;874.59;80.46;0.17
5615;0.00;105.00;0.00;104.98;0.00;0.00;58.99;17.19;34.46;180.06;852.51;180.00;885.59;875.10;80.46;0.20
5620;0.00;105.11;0.00;104.89;0.00;0.00;59.02;17.20;34.47;180.09;851.64;179.98;885.70;875.26;80.46;0.18
5625;0.00;105.02;0.00;105.00;0.00;0.00;59.02;17.20;34.47;180.09;850.12;179.95;885.24;875.03;80.46;0.18
5630;0.00;104.98;0.00;105.01;0.00;0.00;58.98;17.17;34.47;180.09;848.68;179.95;884.05;874.15;80.46;0.19
5635;0.00;104.86;0.00;105.14;0.00;0.00;58.99;17.22;34.47;180.08;848.79;179.95;884.15;874.20;80.46;0.17
5640;0.00;105.02;0.00;105.02;0.00;0.00;59.02;17.22;34.47;180.06;851.96;179.97;884.91;874.70;80.46;0.18
5645;0.00;105.01;0.00;104.98;0.00;0.00;59.01;17.20;34.48;180.05;852.54;180.00;886.41;875.38;80.46;0.19
5650;0.00;105.09;0.00;104.87;0.00;0.00;59.00;17.22;34.48;180.04;851.42;180.02;886.22;875.80;80.46;0.19
5655;0.00;105.01;0.00;105.01;0.00;0.00;59.03;17.20;34.48;180.04;850.66;180.04;885.53;875.37;80.46;0.18
5660;0.00;105.00;0.00;105.01;0.00;0.00;59.00;17.23;34.48;180.07;848.54;180.07;884.70;874.74;80.46;0.19
5665;0.00;104.90;0.00;105.09;0.00;0.00;58.98;17.19;34.49;180.08;849.51;180.11;884.22;874.31;80.46;0.19
5670;0.00;104.99;0.00;105.03;0.00;0.00;59.00;17.22;34.49;180.08;851.00;180.12;884.88;874.69;80.46;0.18
5675;0.00;105.00;0.00;104.98;0.00;0.00;58.99;17.23;34.49;180.07;852.48;180.13;885.55;875.16;80.46;0.20
5680;0.00;105.07;0.00;104.85;0.00;0.00;58.99;17.20;34.49;180.06;850.93;180.12;885.72;875.31;80.46;0.19
5685;0.00;105.02;0.00;105.01;0.00;0.00;59.02;17.23;34.51;180.06;850.30;180.11;884.41;874.48;80.46;0.17
5690;0.00;105.00;0.00;104.99;0.00;0.00;59.00;17.20;34.50;180.05;849.28;180.09;883.70;873.90;80.46;0.19
5695;0.00;104.88;0.00;105.11;0.00;0.00;59.01;17.19;34.50;180.06;849.87;180.08;883.53;873.72;80.46;0.18
5700;0.00;105.01;0.00;105.03;0.00;0.00;59.02;17.22;34.50;180.06;851.44;180.03;885.07;874.08;80.46;0.18
5705;0.00;105.00;0.00;105.01;0.00;0.00;59.02;17.22;34.51;180.06;852.55;180.00;885.89;875.35;80.46;0.19
5710;0.00;105.09;0.00;104.88;0.00;0.00;58.99;17.17;34.52;180.06;851.62;179.98;886.04;875.54;80.46;0.17
5715;0.00;105.11;0.00;104.99;0.00;0.00;59.03;17.28;34.51;180.06;850.21;179.97;885.58;875.33;80.46;0.18
5720;0.00;104.99;0.00;104.99;0.00;0.00;58.99;17.22;34.50;180.05;848.68;179.95;884.36;874.49;80.46;0.19
5725;0.00;104.85;0.00;105.14;0.00;0.00;59.01;17.20;34.51;180.05;849.14;179.96;884.44;874.50;80.46;0.17
5730;0.00;105.01;0.00;105.03;0.00;0.00;59.02;17.23;34.51;180.06;850.66;179.97;885.13;874.94;80.46;0.18
5735;0.00;105.03;0.00;104.99;0.00;0.00;58.99;17.22;34.52;180.07;852.58;180.02;885.95;875.50;80.46;0.19
5740;0.00;105.11;0.00;104.87;0.00;0.00;58.98;17.22;34.52;180.07;851.39;180.04;885.97;875.65;80.46;0.19
5745;0.00;105.04;0.00;104.99;0.00;0.00;59.02;17.23;34.52;180.07;850.64;180.07;885.16;875.11;80.46;0.18
5750;0.00;105.01;0.00;105.01;0.00;0.00;59.02;17.22;34.52;180.05;848.54;180.10;884.27;874.44;80.46;0.19
5755;0.00;104.92;0.00;105.10;0.00;0.00;58.99;17.20;34.52;180.05;849.62;180.13;883.91;873.98;80.46;0.19
5760;0.00;104.99;0.00;105.03;0.00;0.00;59.02;17.23;34.53;180.06;851.08;180.13;884.60;874.47;80.46;0.18
5765;0.00;105.00;0.00;104.99;0.00;0.00;59.00;17.20;34.52;180.07;852.50;180.13;885.31;874.93;80.46;0.20
5770;0.00;105.11;0.00;104.84;0.00;0.00;58.99;17.17;34.53;180.07;850.77;180.12;885.45;875.08;80.46;0.19
5775;0.00;105.02;0.00;104.99;0.00;0.00;59.02;17.20;34.53;180.07;850.17;180.09;884.28;874.36;80.46;0.18
5780;0.00;105.00;0.00;105.00;0.00;0.00;58.99;17.23;34.53;180.08;849.04;180.06;883.72;873.91;80.46;0.19
5785;0.00;104.92;0.00;105.11;0.00;0.00;58.98;17.23;34.54;180.07;848.55;180.04;883.71;873.88;80.46;0.18
5790;0.00;104.99;0.00;105.03;0.00;0.00;59.02;17.22;34.53;180.07;851.62;179.99;884.43;874.34;80.46;0.18
5795;0.00;105.00;0.00;105.00;0.00;0.00;58.98;17.22;34.54;180.07;852.61;179.97;886.24;875.69;80.46;0.19
5800;0.00;105.08;0.00;104.90;0.00;0.00;58.99;17.20;34.54;180.07;851.62;179.95;886.31;875.85;80.46;0.17
5805;0.00;105.03;0.00;105.01;0.00;0.00;59.03;17.23;34.54;180.05;850.27;179.96;885.76;875.56;80.46;0.18
5810;0.00;104.99;0.00;104.99;0.00;0.00;59.01;17.25;34.54;180.04;848.72;179.97;884.45;875.03;80.46;0.19
5815;0.00;104.91;0.00;105.12;0.00;0.00;58.97;17.22;34.55;180.04;849.35;179.99;884.46;874.58;80.46;0.17
5820;0.00;104.99;0.00;105.03;0.00;0.00;59.02;17.22;34.55;180.06;850.84;180.01;885.05;874.92;80.46;0.18
5825;0.00;105.01;0.00;104.99;0.00;0.00;59.00;17.25;34.56;180.07;852.40;180.04;885.73;875.37;80.46;0.19
5830;0.00;105.10;0.00;104.87;0.00;0.00;59.00;17.22;34.56;180.08;851.21;180.09;885.49;875.30;80.46;0.19
5835;0.00;105.03;0.00;105.00;0.00;0.00;59.02;17.22;34.56;180.07;850.48;180.11;884.66;874.71;80.46;0.19
5840;0.00;104.98;0.00;105.01;0.00;0.00;59.01;17.19;34.55;180.06;849.82;180.12;883.79;874.08;80.46;0.19
5845;0.00;104.92;0.00;105.11;0.00;0.00;59.00;17.19;34.56;180.05;849.66;180.13;883.42;873.71;80.46;0.19
5850;0.00;104.98;0.00;105.02;0.00;0.00;59.02;17.22;34.57;180.05;851.22;180.13;884.61;874.43;80.46;0.17
5855;0.00;104.99;0.00;104.99;0.00;0.00;59.01;17.20;34.57;180.05;852.51;180.12;885.38;874.98;80.46;0.20
5860;0.00;105.13;0.00;104.83;0.00;0.00;58.98;17.20;34.56;180.06;850.67;180.10;885.56;875.20;80.46;0.18
5865;0.00;105.03;0.00;104.99;0.00;0.00;59.03;17.22;34.57;180.07;850.15;180.05;884.49;875.00;80.46;0.18
5870;0.00;105.00;0.00;105.00;0.00;0.00;59.00;17.22;34.56;180.07;848.93;180.03;883.99;874.17;80.45;0.19
5875;0.00;104.89;0.00;105.11;0.00;0.00;58.99;17.22;34.57;180.07;848.82;180.01;884.07;874.20;80.45;0.17
5880;0.00;104.99;0.00;105.04;0.00;0.00;59.01;17.22;34.57;180.06;851.84;179.99;884.77;874.69;80.45;0.18
5885;0.00;105.01;0.00;105.01;0.00;0.00;59.00;17.20;34.57;180.05;852.64;179.98;886.34;875.84;80.45;0.19
5890;0.00;105.09;0.00;104.90;0.00;0.00;58.98;17.22;34.57;180.04;851.60;179.96;886.24;875.86;80.45;0.17
5895;0.00;105.01;0.00;104.99;0.00;0.00;59.02;17.25;34.57;180.03;850.73;179.97;885.57;875.47;80.45;0.18
5900;0.00;104.98;0.00;105.00;0.00;0.00;59.00;17.19;34.58;180.04;848.67;180.01;884.72;874.84;80.45;0.19
5905;0.00;104.88;0.00;105.12;0.00;0.00;58.98;17.22;34.57;180.05;849.45;180.03;884.15;874.30;80.45;0.19
5910;0.00;105.00;0.00;105.03;0.00;0.00;59.02;17.27;34.58;180.07;851.01;180.06;884.71;874.64;80.45;0.18
5915;0.00;104.99;0.00;104.99;0.00;0.00;59.01;17.19;34.58;180.08;852.23;180.08;885.37;875.08;80.45;0.19
5920;0.00;105.12;0.00;104.89;0.00;0.00;58.98;17.27;34.58;180.08;851.02;180.14;885.08;875.22;80.45;0.19
5925;0.00;105.02;0.00;105.01;0.00;0.00;59.02;17.23;34.58;180.07;850.33;180.16;884.28;874.42;80.45;0.19
5930;0.00;104.99;0.00;104.99;0.00;0.00;58.98;17.23;34.59;180.06;849.56;180.17;883.56;873.85;80.45;0.19
5935;0.00;104.89;0.00;105.08;0.00;0.00;59.01;17.20;34.59;180.06;849.75;180.16;883.35;873.64;80.45;0.19
5940;0.00;105.00;0.00;105.02;0.00;0.00;59.02;17.23;34.59;180.06;851.33;180.15;884.82;874.63;80.45;0.17
5945;0.00;105.00;0.00;104.99;0.00;0.00;58.99;17.27;34.59;180.06;852.58;180.13;885.68;875.25;80.45;0.20
5950;0.00;105.08;0.00;104.84;0.00;0.00;58.99;17.20;34.59;180.07;851.78;180.10;885.91;875.51;80.45;0.18
5955;0.00;105.04;0.00;105.00;0.00;0.00;59.05;17.22;34.60;180.07;850.22;180.05;885.47;875.31;80.45;0.18
5960;0.00;105.00;0.00;104.99;0.00;0.00;58.99;17.22;34.60;180.08;848.91;180.02;884.29;874.46;80.45;0.19
5965;0.00;104.92;0.00;105.11;0.00;0.00;58.99;17.22;34.61;180.07;849.07;180.00;884.29;874.46;80.45;0.17
5970;0.00;104.99;0.00;105.03;0.00;0.00;59.02;17.25;34.61;180.06;852.04;179.99;884.93;874.86;80.45;0.18
5975;0.00;105.01;0.00;104.99;0.00;0.00;59.02;17.22;34.61;180.05;852.62;180.00;886.13;875.41;80.45;0.19
5980;0.00;105.08;0.00;104.89;0.00;0.00;59.00;17.20;34.61;180.05;851.50;180.02;885.83;875.59;80.45;0.17
5985;0.00;105.03;0.00;105.00;0.00;0.00;59.03;17.19;34.60;180.06;850.64;180.04;885.02;875.05;80.45;0.18
5990;0.00;105.00;0.00;104.99;0.00;0.00;59.01;17.20;34.60;180.06;848.55;180.08;884.11;874.38;80.45;0.19
5995;0.00;104.91;0.00;105.13;0.00;0.00;58.98;17.22;34.62;180.06;849.46;180.10;883.71;873.93;80.45;0.19
6000;0.00;104.99;0.00;105.04;0.00;0.00;59.02;17.19;34.62;180.07;851.01;180.12;884.42;874.36;80.45;0.18
6005;0.00;105.00;0.00;104.99;0.00;0.00;59.01;17.25;34.62;180.07;852.37;180.13;885.17;874.88;80.45;0.19
6010;0.00;105.11;0.00;104.87;0.00;0.00;58.99;17.20;34.62;180.07;850.87;180.13;885.04;875.12;80.45;0.19
6015;0.00;105.03;0.00;105.00;0.00;0.00;59.02;17.23;34.62;180.07;850.23;180.13;884.37;874.48;80.45;0.17
6020;0.00;104.99;0.00;105.01;0.00;0.00;58.98;17.19;34.63;180.07;849.36;180.12;883.78;874.02;80.45;0.19
6025;0.00;104.92;0.00;105.09;0.00;0.00;58.98;17.22;34.62;180.06;849.96;180.11;883.68;873.92;80.45;0.18
6030;0.00;105.00;0.00;105.02;0.00;0.00;59.03;17.17;34.63;180.06;851.53;180.07;885.26;875.01;80.45;0.17
6035;0.00;104.99;0.00;104.99;0.00;0.00;59.02;17.22;34.63;180.06;852.70;180.05;886.01;875.57;80.45;0.20
6040;0.00;105.13;0.00;104.84;0.00;0.00;58.98;17.22;34.63;180.06;851.81;180.03;886.10;875.73;80.45;0.17
6045;0.00;105.03;0.00;104.99;0.00;0.00;59.03;17.20;34.63;180.05;850.27;180.00;885.56;875.44;80.45;0.18
6050;0.00;105.00;0.00;105.00;0.00;0.00;58.98;17.17;34.64;180.05;848.86;180.02;884.10;874.36;80.45;0.19
6055;0.00;104.87;0.00;105.11;0.00;0.00;58.99;17.22;34.64;180.05;849.13;180.02;884.02;874.25;80.45;0.17
6060;0.00;104.97;0.00;105.04;0.00;0.00;59.01;17.23;34.65;180.05;852.11;180.03;884.54;874.55;80.45;0.18
6065;0.00;104.98;0.00;105.00;0.00;0.00;59.00;17.20;34.65;180.06;852.55;180.07;885.56;875.01;80.45;0.19
6070;0.00;105.08;0.00;104.87;0.00;0.00;58.99;17.22;34.64;180.06;851.30;180.08;885.23;875.07;80.45;0.19
6075;0.00;105.04;0.00;104.99;0.00;0.00;59.03;17.20;34.66;180.05;850.50;180.10;884.43;874.55;80.45;0.18
6080;0.00;104.99;0.00;104.98;0.00;0.00;58.98;17.20;34.66;180.07;848.43;180.11;883.62;873.94;80.45;0.19
6085;0.00;104.94;0.00;105.09;0.00;0.00;58.99;17.23;34.66;180.08;849.40;180.12;883.51;873.74;80.45;0.19
6090;0.00;104.99;0.00;105.04;0.00;0.00;59.02;17.23;34.66;180.08;850.97;180.12;884.38;874.30;80.45;0.18
6095;0.00;105.01;0.00;105.01;0.00;0.00;59.00;17.22;34.67;180.07;852.43;180.11;885.26;874.93;80.45;0.20
6100;0.00;105.11;0.00;104.86;0.00;0.00;59.00;17.20;34.67;180.07;850.83;180.08;885.60;875.24;80.45;0.19
6105;0.00;105.03;0.00;104.99;0.00;0.00;59.03;17.20;34.67;180.06;850.24;180.07;884.62;874.71;80.45;0.17
6110;0.00;104.99;0.00;104.99;0.00;0.00;59.02;17.19;34.67;180.06;849.41;180.06;884.02;874.28;80.45;0.19
6115;0.00;104.88;0.00;105.10;0.00;0.00;59.01;17.22;34.68;180.04;850.18;180.05;883.94;874.17;80.45;0.18
6120;0.00;104.99;0.00;105.03;0.00;0.00;59.02;17.22;34.68;180.05;851.63;180.02;885.37;874.53;80.45;0.18
6125;0.00;104.99;0.00;104.99;0.00;0.00;58.99;17.20;34.68;180.07;852.74;180.02;885.97;875.58;80.45;0.19
6130;0.00;105.08;0.00;104.91;0.00;0.00;58.98;17.22;34.68;180.07;851.72;180.01;885.88;875.62;80.45;0.17
6135;0.00;105.03;0.00;105.00;0.00;0.00;59.02;17.23;34.68;180.06;850.19;180.01;885.26;875.22;80.45;0.18
6140;0.00;104.99;0.00;105.00;0.00;0.00;59.01;17.19;34.69;180.05;848.71;180.02;883.74;874.07;80.45;0.19
6145;0.00;104.91;0.00;105.11;0.00;0.00;58.99;17.20;34.69;180.05;849.17;180.03;883.75;874.01;80.45;0.17
6150;0.00;104.99;0.00;105.03;0.00;0.00;59.01;17.22;34.69;180.05;850.70;180.04;884.35;874.37;80.45;0.18
6155;0.00;104.98;0.00;105.01;0.00;0.00;59.02;17.23;34.69;180.05;852.40;180.08;885.08;874.88;80.45;0.19
6160;0.00;105.11;0.00;104.89;0.00;0.00;59.01;17.20;34.70;180.05;851.11;180.10;885.13;874.99;80.45;0.19
6165;0.00;105.03;0.00;104.99;0.00;0.00;59.04;17.25;34.71;180.05;850.35;180.12;884.41;874.54;80.45;0.18
6170;0.00;105.00;0.00;105.00;0.00;0.00;59.00;17.23;34.70;180.06;848.46;180.13;883.70;874.00;80.45;0.19
6175;0.00;104.92;0.00;105.09;0.00;0.00;58.99;17.23;34.71;180.06;849.67;180.15;883.92;873.77;80.45;0.19
6180;0.00;105.01;0.00;105.02;0.00;0.00;59.01;17.22;34.71;180.06;851.16;180.15;884.85;874.70;80.45;0.18
6185;0.00;104.99;0.00;105.01;0.00;0.00;58.99;17.23;34.71;180.06;852.60;180.15;885.68;875.31;80.45;0.19
6190;0.00;105.13;0.00;104.87;0.00;0.00;59.01;17.23;34.71;180.05;850.87;180.14;885.92;875.56;80.45;0.19
6195;0.00;105.04;0.00;104.99;0.00;0.00;59.01;17.22;34.70;180.05;850.28;180.09;884.70;874.84;80.45;0.18
6200;0.00;104.98;0.00;104.99;0.00;0.00;59.01;17.19;34.71;180.04;849.30;180.06;884.07;874.32;80.45;0.19
6205;0.00;104.91;0.00;105.09;0.00;0.00;59.00;17.20;34.71;180.05;848.87;180.04;883.87;874.16;80.45;0.18
6210;0.00;105.00;0.00;105.03;0.00;0.00;59.03;17.19;34.71;180.05;851.71;180.02;884.35;874.43;80.45;0.18
6215;0.00;104.99;0.00;105.00;0.00;0.00;59.02;17.19;34.72;180.05;852.65;180.01;885.56;875.28;80.45;0.19
6220;0.00;105.08;0.00;104.90;0.00;0.00;58.99;17.22;34.71;180.06;851.52;180.02;885.40;875.21;80.45;0.17
6225;0.00;105.02;0.00;104.99;0.00;0.00;59.02;17.22;34.72;180.05;850.01;180.02;884.68;874.77;80.45;0.18
6230;0.00;104.98;0.00;104.99;0.00;0.00;59.00;17.20;34.72;180.05;848.52;180.04;883.37;874.17;80.45;0.19
6235;0.00;104.87;0.00;105.12;0.00;0.00;58.99;17.20;34.72;180.04;849.26;180.06;883.55;873.83;80.45;0.17
6240;0.00;105.00;0.00;105.03;0.00;0.00;59.03;17.19;34.72;180.04;850.73;180.08;884.33;874.34;80.45;0.18
6245;0.00;105.01;0.00;104.99;0.00;0.00;58.99;17.22;34.72;180.04;852.23;180.10;885.25;874.97;80.45;0.19
6250;0.00;105.08;0.00;104.87;0.00;0.00;59.01;17.22;34.72;180.04;851.04;180.13;885.39;875.23;80.45;0.19
6255;0.00;105.03;0.00;104.99;0.00;0.00;59.03;17.23;34.72;180.05;850.35;180.12;884.71;874.80;80.45;0.19
6260;0.00;104.99;0.00;105.01;0.00;0.00;59.01;17.20;34.74;180.06;849.69;180.13;884.04;874.31;80.45;0.19
6265;0.00;104.91;0.00;105.10;0.00;0.00;58.97;17.20;34.74;180.07;849.88;180.11;883.79;874.09;80.45;0.19
6270;0.00;104.99;0.00;105.03;0.00;0.00;59.05;17.20;34.74;180.06;851.43;180.09;885.03;874.89;80.45;0.17
6275;0.00;105.00;0.00;105.00;0.00;0.00;58.98;17.19;34.74;180.04;852.69;180.08;885.69;875.38;80.45;0.20
6280;0.00;105.09;0.00;104.86;0.00;0.00;59.00;17.20;34.74;180.03;850.75;180.06;885.74;875.47;80.45;0.18
6285;0.00;105.03;0.00;105.00;0.00;0.00;59.01;17.23;34.75;180.03;850.20;180.03;884.32;875.15;80.45;0.18
6290;0.00;104.99;0.00;105.00;0.00;0.00;59.01;17.22;34.74;180.03;848.94;180.01;883.63;874.00;80.45;0.19
6295;0.00;104.91;0.00;105.11;0.00;0.00;59.01;17.20;34.75;180.06;848.90;179.99;883.52;873.84;80.45;0.18
6300;0.00;105.00;0.00;105.03;0.00;0.00;59.02;17.25;34.75;180.08;851.81;179.97;884.05;874.17;80.45;0.18
6305;0.00;105.00;0.00;105.02;0.00;0.00;59.00;17.20;34.75;180.08;852.52;179.98;885.34;875.08;80.45;0.19
6310;0.00;105.08;0.00;104.91;0.00;0.00;58.98;17.20;34.75;180.08;851.33;179.99;885.19;875.04;80.45;0.17
6315;0.00;105.04;0.00;104.98;0.00;0.00;59.03;17.20;34.76;180.04;850.41;180.00;884.54;874.66;80.45;0.18
6320;0.00;104.99;0.00;104.99;0.00;0.00;59.00;17.25;34.77;180.02;848.47;180.05;883.85;874.15;80.45;0.19
6325;0.00;104.87;0.00;105.13;0.00;0.00;58.98;17.19;34.77;180.02;849.40;180.09;883.81;874.02;80.45;0.19
6330;0.00;105.01;0.00;105.04;0.00;0.00;59.02;17.27;34.77;180.02;850.89;180.11;884.66;874.58;80.45;0.18
6335;0.00;104.99;0.00;105.01;0.00;0.00;58.99;17.20;34.77;180.05;852.22;180.13;885.53;875.23;80.45;0.19
6340;0.00;105.10;0.00;104.88;0.00;0.00;59.01;17.20;34.77;180.06;851.03;180.16;885.50;875.53;80.45;0.19
6345;0.00;105.03;0.00;104.99;0.00;0.00;59.04;17.22;34.77;180.06;850.37;180.16;884.77;874.89;80.45;0.19
6350;0.00;105.00;0.00;105.01;0.00;0.00;58.99;17.19;34.78;180.04;849.72;180.15;884.04;874.32;80.45;0.19
6355;0.00;104.92;0.00;105.10;0.00;0.00;59.00;17.20;34.78;180.03;850.05;180.12;883.74;874.07;80.45;0.19
6360;0.00;105.00;0.00;105.03;0.00;0.00;59.03;17.22;34.78;180.02;851.47;180.08;884.84;874.75;80.45;0.17
6365;0.00;105.02;0.00;104.98;0.00;0.00;59.01;17.17;34.78;180.02;852.70;180.05;885.40;875.15;80.45;0.19
6370;0.00;105.14;0.00;104.84;0.00;0.00;58.97;17.20;34.78;180.05;851.78;180.02;885.34;875.16;80.45;0.18
6375;0.00;105.02;0.00;105.01;0.00;0.00;59.04;17.23;34.77;180.08;850.05;179.97;884.69;874.76;80.45;0.18
6380;0.00;104.97;0.00;105.01;0.00;0.00;58.99;17.25;34.78;180.09;848.72;179.95;883.29;873.71;80.45;0.19
6385;0.00;104.91;0.00;105.10;0.00;0.00;58.99;17.20;34.78;180.09;848.91;179.95;883.34;873.69;80.45;0.17
6390;0.00;105.01;0.00;105.03;0.00;0.00;59.01;17.22;34.78;180.05;851.88;179.96;884.04;874.13;80.45;0.18
6395;0.00;105.00;0.00;104.99;0.00;0.00;59.02;17.23;34.78;180.03;852.46;179.99;885.49;874.76;80.45;0.19
6400;0.00;105.08;0.00;104.91;0.00;0.00;58.98;17.19;34.79;180.02;851.24;180.03;885.38;875.19;80.45;0.17
6405;0.00;105.02;0.00;105.00;0.00;0.00;59.03;17.23;34.80;180.03;850.39;180.05;884.75;874.83;80.45;0.18
6410;0.00;105.00;0.00;104.99;0.00;0.00;58.99;17.20;34.79;180.04;848.52;180.11;884.06;874.34;80.45;0.19
6415;0.00;104.92;0.00;105.12;0.00;0.00;58.99;17.20;34.79;180.05;849.48;180.14;884.05;874.24;80.45;0.19
6420;0.00;104.99;0.00;105.02;0.00;0.00;59.04;17.20;34.80;180.06;851.06;180.16;884.82;874.76;80.45;0.18
6425;0.00;105.01;0.00;104.99;0.00;0.00;59.01;17.20;34.79;180.07;852.51;180.17;885.57;875.31;80.45;0.19
6430;0.00;105.10;0.00;104.87;0.00;0.00;59.01;17.23;34.79;180.06;850.94;180.18;885.30;875.52;80.45;0.19
6435;0.00;105.03;0.00;104.99;0.00;0.00;59.02;17.20;34.80;180.06;850.29;180.18;884.49;874.71;80.45;0.17
6440;0.00;105.01;0.00;104.99;0.00;0.00;59.01;17.19;34.81;180.05;849.35;180.16;883.71;874.12;80.45;0.19
6445;0.00;104.89;0.00;105.10;0.00;0.00;59.00;17.20;34.81;180.05;850.09;180.13;883.49;873.88;80.45;0.18
6450;0.00;104.99;0.00;105.03;0.00;0.00;59.02;17.22;34.81;180.05;851.57;180.07;884.68;874.62;80.45;0.17
6455;0.00;105.01;0.00;105.00;0.00;0.00;59.02;17.20;34.81;180.06;852.61;180.02;885.24;875.01;80.45;0.19
6460;0.00;105.08;0.00;104.92;0.00;0.00;58.99;17.22;34.82;180.05;851.58;180.00;885.18;875.02;80.45;0.17
6465;0.00;105.03;0.00;104.99;0.00;0.00;59.03;17.20;34.82;180.05;849.92;179.96;884.56;874.67;80.45;0.18
6470;0.00;105.00;0.00;105.00;0.00;0.00;58.98;17.19;34.82;180.04;848.56;179.95;883.33;873.72;80.45;0.19
6475;0.00;104.90;0.00;105.12;0.00;0.00;58.98;17.25;34.83;180.04;848.99;179.95;883.51;873.81;80.45;0.17
6480;0.00;105.00;0.00;105.04;0.00;0.00;59.02;17.23;34.83;180.05;852.01;179.96;884.31;874.35;80.45;0.18
6485;0.00;105.01;0.00;105.01;0.00;0.00;58.99;17.22;34.83;180.05;852.43;180.00;885.77;875.01;80.45;0.19
6490;0.00;105.10;0.00;104.90;0.00;0.00;59.01;17.22;34.83;180.06;851.18;180.03;885.58;875.41;80.45;0.19
6495;0.00;105.00;0.00;105.00;0.00;0.00;59.02;17.22;34.84;180.06;850.42;180.07;884.93;875.02;80.45;0.18
6500;0.00;104.98;0.00;105.01;0.00;0.00;58.99;17.20;34.84;180.06;848.59;180.10;884.20;874.48;80.45;0.19
6505;0.00;104.92;0.00;105.09;0.00;0.00;58.98;17.19;34.84;180.07;849.64;180.17;884.10;874.31;80.45;0.19
6510;0.00;105.01;0.00;105.03;0.00;0.00;59.02;17.20;34.84;180.06;851.19;180.19;884.81;874.78;80.45;0.18
6515;0.00;105.01;0.00;105.00;0.00;0.00;59.03;17.22;34.85;180.04;852.60;180.20;885.46;875.23;80.45;0.19
6520;0.00;105.09;0.00;104.88;0.00;0.00;58.97;17.20;34.84;180.04;850.81;180.20;885.54;875.34;80.45;0.19
6525;0.00;105.02;0.00;105.01;0.00;0.00;59.04;17.20;34.84;180.04;850.16;180.18;884.15;874.43;80.45;0.17
6530;0.00;105.00;0.00;105.00;0.00;0.00;58.99;17.22;34.85;180.06;849.25;180.16;883.43;873.85;80.45;0.19
6535;0.00;104.90;0.00;105.09;0.00;0.00;58.99;17.20;34.85;180.07;850.15;180.11;883.25;873.69;80.45;0.18
6540;0.00;104.99;0.00;105.04;0.00;0.00;58.99;17.20;34.85;180.06;851.53;180.04;884.68;874.01;80.45;0.18
6545;0.00;105.00;0.00;104.99;0.00;0.00;58.98;17.19;34.85;180.05;852.55;180.01;885.26;875.03;80.45;0.19
6550;0.00;105.09;0.00;104.91;0.00;0.00;58.99;17.22;34.86;180.05;851.44;179.98;885.22;875.08;80.45;0.17
6555;0.00;105.03;0.00;104.99;0.00;0.00;59.02;17.22;34.86;180.06;849.89;179.97;884.63;874.74;80.45;0.18
6560;0.00;104.99;0.00;105.01;0.00;0.00;59.00;17.22;34.86;180.06;848.54;179.97;883.53;873.91;80.45;0.19
6565;0.00;104.90;0.00;105.12;0.00;0.00;58.99;17.22;34.86;180.07;849.15;179.97;883.78;874.06;80.45;0.17
6570;0.00;104.99;0.00;105.04;0.00;0.00;59.02;17.19;34.86;180.07;850.73;180.00;884.60;874.57;80.45;0.18
6575;0.00;105.01;0.00;104.99;0.00;0.00;59.01;17.20;34.86;180.06;852.43;180.04;885.44;875.21;80.45;0.19
6580;0.00;105.10;0.00;104.87;0.00;0.00;58.98;17.20;34.87;180.05;851.14;180.07;885.51;875.40;80.45;0.19
6585;0.00;105.04;0.00;105.01;0.00;0.00;59.05;17.27;34.87;180.04;850.39;180.10;884.74;874.91;80.45;0.18
6590;0.00;104.99;0.00;105.01;0.00;0.00;58.99;17.20;34.87;180.04;848.64;180.13;883.97;874.32;80.45;0.19
6595;0.00;104.92;0.00;105.10;0.00;0.00;58.99;17.23;34.87;180.04;849.84;180.18;883.84;873.99;80.45;0.19
6600;0.00;105.00;0.00;105.04;0.00;0.00;59.02;17.22;34.87;180.05;851.35;180.18;884.58;874.56;80.45;0.17
6605;0.00;105.00;0.00;104.98;0.00;0.00;59.00;17.22;34.87;180.05;852.59;180.19;885.16;874.97;80.45;0.19
6610;0.00;105.08;0.00;104.90;0.00;0.00;58.99;17.19;34.88;180.05;850.59;180.17;885.14;875.01;80.45;0.18
6615;0.00;105.03;0.00;104.99;0.00;0.00;59.03;17.23;34.88;180.05;850.00;180.14;883.78;874.10;80.45;0.17
6620;0.00;105.00;0.00;105.00;0.00;0.00;58.98;17.23;34.88;180.04;848.85;180.10;883.20;873.64;80.45;0.19
6625;0.00;104.88;0.00;105.14;0.00;0.00;59.01;17.19;34.88;180.02;848.82;180.08;883.25;873.63;80.45;0.18
6630;0.00;104.99;0.00;105.02;0.00;0.00;59.02;17.23;34.89;180.03;851.72;180.02;883.94;874.09;80.45;0.18
6635;0.00;104.99;0.00;105.01;0.00;0.00;59.00;17.20;34.88;180.04;852.52;180.00;885.52;875.24;80.45;0.19
6640;0.00;105.11;0.00;104.86;0.00;0.00;59.02;17.20;34.89;180.04;851.32;179.98;885.43;875.27;80.45;0.17
6645;0.00;105.03;0.00;104.99;0.00;0.00;59.04;17.20;34.89;180.05;850.46;179.97;884.80;874.90;80.45;0.18
6650;0.00;104.98;0.00;104.99;0.00;0.00;58.99;17.22;34.89;180.05;848.58;180.00;884.07;874.39;80.45;0.19
6655;0.00;104.90;0.00;105.08;0.00;0.00;59.01;17.20;34.90;180.05;849.56;180.01;883.91;874.19;80.45;0.19
6660;0.00;105.00;0.00;105.04;0.00;0.00;58.99;17.20;34.90;180.04;851.03;180.03;884.66;874.67;80.45;0.18
6665;0.00;104.99;0.00;104.99;0.00;0.00;59.00;17.20;34.91;180.02;852.23;180.05;885.38;875.17;80.45;0.19
6670;0.00;105.15;0.00;104.84;0.00;0.00;59.01;17.19;34.90;180.02;850.89;180.10;885.04;875.33;80.45;0.19
6675;0.00;105.02;0.00;104.99;0.00;0.00;59.03;17.22;34.91;180.03;850.25;180.13;884.16;874.46;80.45;0.17
6680;0.00;104.98;0.00;105.01;0.00;0.00;58.99;17.20;34.92;180.03;849.41;180.15;883.41;873.83;80.45;0.19
6685;0.00;104.90;0.00;105.11;0.00;0.00;58.99;17.20;34.91;180.06;849.98;180.17;883.16;873.62;80.45;0.18
6690;0.00;105.01;0.00;105.03;0.00;0.00;59.03;17.22;34.92;180.06;851.46;180.17;884.43;874.40;80.45;0.17
6695;0.00;105.01;0.00;104.99;0.00;0.00;59.00;17.20;34.92;180.06;852.57;180.18;885.05;874.86;80.45;0.19
6700;0.00;105.10;0.00;104.88;0.00;0.00;58.98;17.19;34.93;180.03;851.51;180.15;885.00;874.91;80.45;0.17
6705;0.00;105.01;0.00;104.99;0.00;0.00;59.03;17.22;34.92;180.02;849.87;180.11;884.45;874.58;80.45;0.18
6710;0.00;104.96;0.00;105.01;0.00;0.00;58.99;17.22;34.93;180.02;848.56;180.08;883.34;873.73;80.45;0.19
6715;0.00;104.90;0.00;105.13;0.00;0.00;58.99;17.22;34.93;180.03;849.14;180.05;883.55;873.87;80.45;0.17
6720;0.00;105.00;0.00;105.03;0.00;0.00;59.03;17.20;34.94;180.06;850.62;180.03;884.37;874.42;80.45;0.18
6725;0.00;104.99;0.00;104.99;0.00;0.00;59.01;17.23;34.94;180.06;852.43;179.99;885.30;875.09;80.45;0.19
6730;0.00;105.08;0.00;104.87;0.00;0.00;58.99;17.22;34.94;180.07;851.14;179.97;885.49;875.38;80.45;0.19
6735;0.00;105.02;0.00;105.00;0.00;0.00;59.05;17.22;34.94;180.05;850.41;179.98;884.75;874.92;80.45;0.18
6740;0.00;105.00;0.00;104.99;0.00;0.00;58.98;17.20;34.95;180.02;848.67;179.97;883.97;874.36;80.45;0.19
6745;0.00;104.92;0.00;105.09;0.00;0.00;59.01;17.23;34.95;180.02;849.79;180.01;883.86;874.01;80.45;0.19
6750;0.00;105.00;0.00;105.03;0.00;0.00;59.03;17.22;34.95;180.02;851.31;180.05;884.54;874.57;80.45;0.18
6755;0.00;105.03;0.00;104.99;0.00;0.00;59.00;17.22;34.94;180.03;852.64;180.08;885.11;874.97;80.45;0.19
6760;0.00;105.10;0.00;104.86;0.00;0.00;58.99;17.20;34.94;180.05;850.67;180.10;885.10;875.01;80.45;0.19
6765;0.00;105.02;0.00;104.99;0.00;0.00;59.02;17.23;34.95;180.06;850.01;180.15;883.63;874.02;80.45;0.17
6770;0.00;104.98;0.00;104.99;0.00;0.00;58.99;17.20;34.95;180.05;848.87;180.17;883.00;873.49;80.45;0.19
6775;0.00;104.91;0.00;105.08;0.00;0.00;58.99;17.20;34.95;180.03;848.76;180.17;882.99;873.43;80.45;0.18
6780;0.00;104.98;0.00;105.01;0.00;0.00;59.04;17.22;34.95;180.02;851.68;180.16;883.65;873.85;80.45;0.18
6785;0.00;105.01;0.00;105.01;0.00;0.00;59.02;17.22;34.95;180.02;852.48;180.14;885.19;874.97;80.45;0.19
6790;0.00;105.12;0.00;104.86;0.00;0.00;58.99;17.19;34.96;180.03;851.25;180.12;885.11;875.00;80.45;0.17
6795;0.00;105.02;0.00;105.00;0.00;0.00;59.02;17.23;34.96;180.04;850.35;180.09;884.53;874.67;80.45;0.18
6800;0.00;104.99;0.00;105.01;0.00;0.00;59.02;17.22;34.96;180.05;848.52;180.05;883.84;874.19;80.45;0.19
6805;0.00;104.93;0.00;105.11;0.00;0.00;59.01;17.22;34.96;180.05;849.51;180.02;883.90;874.14;80.45;0.19
6810;0.00;105.01;0.00;105.02;0.00;0.00;59.02;17.22;34.97;180.06;851.00;180.00;884.70;874.70;80.45;0.18
6815;0.00;105.00;0.00;104.99;0.00;0.00;58.99;17.22;34.97;180.04;852.24;179.99;885.48;875.25;80.45;0.19
6820;0.00;105.10;0.00;104.86;0.00;0.00;59.02;17.19;34.97;180.03;850.92;180.00;885.18;875.46;80.45;0.19
6825;0.00;105.02;0.00;105.01;0.00;0.00;59.05;17.22;34.98;180.02;850.25;180.01;884.32;874.62;80.45;0.17
6830;0.00;104.97;0.00;105.01;0.00;0.00;59.00;17.23;34.97;180.01;849.47;180.03;883.53;873.98;80.45;0.19
6835;0.00;104.89;0.00;105.10;0.00;0.00;58.99;17.20;34.98;180.02;850.14;180.05;883.25;873.73;80.45;0.18
6840;0.00;105.01;0.00;105.03;0.00;0.00;59.03;17.22;34.98;180.04;851.59;180.10;884.34;873.92;80.45;0.17
6845;0.00;104.97;0.00;105.01;0.00;0.00;59.02;17.20;34.97;180.04;852.58;180.12;884.84;874.73;80.45;0.19
6850;0.00;105.09;0.00;104.92;0.00;0.00;58.99;17.20;34.99;180.05;851.52;180.12;884.73;874.69;80.45;0.17
6855;0.00;105.05;0.00;105.00;0.00;0.00;59.02;17.23;34.98;180.04;849.77;180.15;884.07;874.29;80.45;0.18
6860;0.00;104.99;0.00;105.01;0.00;0.00;58.99;17.23;34.99;180.03;848.50;180.16;882.88;873.38;80.45;0.19
6865;0.00;104.89;0.00;105.12;0.00;0.00;58.98;17.17;34.99;180.02;849.07;180.14;883.16;873.54;80.45;0.17
6870;0.00;104.98;0.00;105.03;0.00;0.00;59.02;17.23;35.00;180.01;850.64;180.14;884.05;874.14;80.45;0.18
6875;0.00;105.02;0.00;105.00;0.00;0.00;59.00;17.20;34.99;180.02;852.35;180.10;885.02;874.83;80.45;0.19
6880;0.00;105.10;0.00;104.89;0.00;0.00;58.99;17.20;35.00;180.04;851.04;180.09;885.25;875.18;80.45;0.19
6885;0.00;105.02;0.00;104.98;0.00;0.00;59.02;17.19;35.00;180.06;850.29;180.06;884.58;874.76;80.45;0.18
6890;0.00;104.99;0.00;104.99;0.00;0.00;59.02;17.20;35.00;180.07;848.66;180.04;883.90;874.26;80.45;0.19
6895;0.00;104.93;0.00;105.10;0.00;0.00;58.97;17.19;35.01;180.05;849.90;180.01;884.01;874.04;80.45;0.19
6900;0.00;105.01;0.00;105.02;0.00;0.00;59.02;17.20;35.01;180.03;851.43;180.00;884.75;874.74;80.45;0.17
6905;0.00;105.02;0.00;104.99;0.00;0.00;59.02;17.22;35.01;180.02;852.71;179.99;885.28;875.13;80.45;0.19
6910;0.00;105.11;0.00;104.86;0.00;0.00;58.98;17.22;35.01;180.02;850.65;179.99;885.19;875.12;80.45;0.18
6915;0.00;105.02;0.00;104.99;0.00;0.00;59.02;17.22;35.01;180.03;850.00;180.03;883.61;874.67;80.45;0.17
6920;0.00;105.00;0.00;105.02;0.00;0.00;59.02;17.20;35.02;180.04;848.79;180.04;882.95;873.49;80.45;0.19
6925;0.00;104.91;0.00;105.09;0.00;0.00;59.00;17.20;35.02;180.04;848.95;180.06;882.90;873.40;80.45;0.17
6930;0.00;105.02;0.00;105.03;0.00;0.00;59.02;17.23;35.02;180.04;851.77;180.07;883.55;873.79;80.45;0.18
6935;0.00;104.99;0.00;104.98;0.00;0.00;58.99;17.22;35.02;180.03;852.41;180.10;884.93;874.77;80.45;0.19
6940;0.00;105.08;0.00;104.90;0.00;0.00;58.98;17.19;35.02;180.04;851.11;180.14;884.78;874.74;80.45;0.17
6945;0.00;105.04;0.00;104.97;0.00;0.00;59.03;17.22;35.03;180.04;850.21;180.15;884.15;874.36;80.45;0.18
6950;0.00;105.00;0.00;104.98;0.00;0.00;59.00;17.20;35.03;180.04;848.44;180.16;883.49;873.92;80.45;0.19
6955;0.00;104.89;0.00;105.12;0.00;0.00;58.99;17.17;35.03;180.04;849.54;180.15;883.72;873.99;80.45;0.19
6960;0.00;104.99;0.00;105.04;0.00;0.00;59.02;17.22;35.04;180.03;851.13;180.15;884.65;874.64;80.45;0.18
6965;0.00;105.00;0.00;105.00;0.00;0.00;59.01;17.22;35.04;180.03;852.57;180.14;885.49;875.25;80.45;0.19
6970;0.00;105.09;0.00;104.89;0.00;0.00;59.01;17.19;35.04;180.02;850.83;180.09;885.71;875.49;80.45;0.19
6975;0.00;105.03;0.00;104.99;0.00;0.00;59.03;17.22;35.04;180.03;850.19;180.07;884.41;874.70;80.45;0.17
6980;0.00;105.00;0.00;105.01;0.00;0.00;59.02;17.22;35.04;180.04;849.20;180.05;883.70;874.14;80.45;0.19
6985;0.00;104.88;0.00;105.14;0.00;0.00;58.98;17.19;35.04;180.04;850.29;180.03;883.50;873.93;80.45;0.18
6990;0.00;105.01;0.00;105.04;0.00;0.00;59.02;17.17;35.04;180.03;851.72;179.98;884.64;874.16;80.45;0.18
6995;0.00;104.99;0.00;104.98;0.00;0.00;59.01;17.19;35.05;180.03;852.62;179.96;885.02;874.91;80.45;0.19
7000;0.00;105.09;0.00;104.87;0.00;0.00;58.98;17.22;35.05;180.02;851.38;179.97;884.77;874.79;80.45;0.17
7005;0.00;105.03;0.00;105.01;0.00;0.00;59.03;17.22;35.05;180.02;849.76;179.97;884.03;874.31;80.45;0.18
7010;0.00;105.01;0.00;105.01;0.00;0.00;58.98;17.20;35.05;180.02;848.43;180.00;882.79;873.72;80.45;0.19
7015;0.00;104.92;0.00;105.08;0.00;0.00;58.99;17.20;35.06;180.02;849.25;180.01;883.08;873.48;80.45;0.17
7020;0.00;105.00;0.00;105.03;0.00;0.00;59.02;17.25;35.06;180.02;850.80;180.05;883.93;874.05;80.45;0.18
7025;0.00;104.98;0.00;105.00;0.00;0.00;59.02;17.20;35.06;180.04;852.16;180.07;884.85;874.71;80.45;0.19
7030;0.00;105.13;0.00;104.87;0.00;0.00;58.98;17.20;35.07;180.04;850.81;180.10;884.94;874.94;80.45;0.19
7035;0.00;105.02;0.00;105.00;0.00;0.00;59.03;17.23;35.07;180.03;850.12;180.12;884.28;874.54;80.45;0.19
7040;0.00;105.02;0.00;105.01;0.00;0.00;59.02;17.22;35.07;180.01;849.51;180.13;883.66;874.06;80.45;0.19
7045;0.00;104.92;0.00;105.09;0.00;0.00;58.98;17.20;35.07;180.02;850.06;180.14;883.53;873.94;80.45;0.19
7050;0.00;104.98;0.00;105.04;0.00;0.00;59.01;17.22;35.07;180.02;851.57;180.12;884.87;874.84;80.45;0.17
7055;0.00;104.97;0.00;104.99;0.00;0.00;59.02;17.19;35.08;180.03;852.74;180.11;885.44;875.25;80.45;0.19
7060;0.00;105.07;0.00;104.89;0.00;0.00;58.97;17.20;35.08;180.05;851.79;180.09;885.31;875.23;80.45;0.18
7065;0.00;105.02;0.00;105.00;0.00;0.00;59.01;17.22;35.08;180.04;849.97;180.06;884.62;874.79;80.45;0.18
7070;0.00;104.99;0.00;105.00;0.00;0.00;58.99;17.20;35.09;180.04;848.69;180.04;883.08;873.64;80.45;0.19
7075;0.00;104.88;0.00;105.13;0.00;0.00;58.99;17.19;35.09;180.03;849.20;180.03;883.11;873.59;80.45;0.17
7080;0.00;104.99;0.00;105.03;0.00;0.00;59.01;17.23;35.09;180.01;850.71;180.01;883.72;873.96;80.45;0.18
7085;0.00;105.02;0.00;104.99;0.00;0.00;58.98;17.22;35.09;180.01;852.33;180.00;884.79;874.46;80.45;0.19
7090;0.00;105.08;0.00;104.88;0.00;0.00;58.99;17.20;35.09;180.02;850.94;179.99;884.45;874.53;80.45;0.19
7095;0.00;105.04;0.00;104.99;0.00;0.00;59.05;17.22;35.10;180.04;850.14;180.00;883.74;874.07;80.45;0.18
7100;0.00;104.98;0.00;104.99;0.00;0.00;58.99;17.20;35.09;180.06;848.43;180.02;883.07;873.55;80.45;0.19
7105;0.00;104.90;0.00;105.09;0.00;0.00;58.98;17.22;35.10;180.05;849.68;180.05;883.41;873.38;80.45;0.19
7110;0.00;105.00;0.00;105.03;0.00;0.00;59.02;17.23;35.10;180.04;851.23;180.08;884.38;874.39;80.45;0.18
7115;0.00;105.00;0.00;105.01;0.00;0.00;58.99;17.22;35.10;180.04;852.54;180.09;885.19;875.00;80.45;0.19
7120;0.00;105.11;0.00;104.87;0.00;0.00;58.98;17.20;35.10;180.01;850.62;180.10;885.39;875.23;80.45;0.18
7125;0.00;105.01;0.00;105.01;0.00;0.00;59.03;17.22;35.11;180.02;850.02;180.11;884.16;874.47;80.45;0.17
7130;0.00;104.99;0.00;105.02;0.00;0.00;59.01;17.20;35.11;180.02;848.90;180.11;883.57;874.01;80.45;0.19
7135;0.00;104.92;0.00;105.11;0.00;0.00;58.99;17.23;35.11;180.05;849.07;180.11;883.53;873.95;80.45;0.18
7140;0.00;104.99;0.00;105.01;0.00;0.00;59.00;17.22;35.11;180.07;851.90;180.09;884.08;874.30;80.45;0.18
7145;0.00;104.99;0.00;105.00;0.00;0.00;58.99;17.20;35.11;180.07;852.56;180.08;885.13;875.02;80.45;0.19
7150;0.00;105.12;0.00;104.85;0.00;0.00;59.00;17.27;35.11;180.07;851.24;180.06;884.79;874.84;80.45;0.17
7155;0.00;105.04;0.00;105.01;0.00;0.00;59.03;17.20;35.12;180.04;850.32;180.06;883.99;874.30;80.45;0.18
7160;0.00;104.99;0.00;104.99;0.00;0.00;58.99;17.22;35.13;180.03;848.48;180.04;883.18;873.69;80.45;0.19
7165;0.00;104.89;0.00;105.13;0.00;0.00;58.99;17.20;35.12;180.02;849.50;180.04;883.07;873.49;80.45;0.19
7170;0.00;105.00;0.00;105.03;0.00;0.00;59.01;17.23;35.12;180.01;851.03;180.03;883.94;874.04;80.45;0.18
7175;0.00;105.02;0.00;105.00;0.00;0.00;58.98;17.20;35.13;180.03;852.34;180.04;884.70;874.61;80.45;0.19
7180;0.00;105.11;0.00;104.87;0.00;0.00;58.99;17.25;35.13;180.05;850.63;180.03;884.54;874.84;80.45;0.19
7185;0.00;105.02;0.00;104.99;0.00;0.00;59.02;17.27;35.14;180.06;849.97;180.03;883.85;874.17;80.45;0.17
7190;0.00;104.99;0.00;104.99;0.00;0.00;58.99;17.19;35.14;180.06;849.05;180.05;883.32;873.78;80.45;0.19
7195;0.00;104.92;0.00;105.08;0.00;0.00;58.98;17.20;35.14;180.04;850.21;180.05;883.32;873.76;80.45;0.18
7200;0.00;105.01;0.00;105.03;0.00;0.00;59.01;17.20;35.15;180.03;851.70;180.07;884.90;874.19;80.45;0.18
7205;0.00;105.00;0.00;104.99;0.00;0.00;58.99;17.20;35.14;180.03;852.69;180.07;885.45;875.27;80.45;0.19
7210;0.00;105.10;0.00;104.87;0.00;0.00;58.99;17.20;35.14;180.03;851.51;180.08;885.33;875.25;80.45;0.17
7215;0.00;105.04;0.00;105.01;0.00;0.00;59.05;17.22;35.15;180.05;849.92;180.08;884.62;874.82;80.45;0.18
7220;0.00;104.98;0.00;105.01;0.00;0.00;59.02;17.23;35.15;180.06;848.64;180.08;883.23;873.75;80.45;0.19
7225;0.00;104.91;0.00;105.09;0.00;0.00;59.01;17.20;35.15;180.06;849.43;180.09;883.32;873.76;80.45;0.17
7230;0.00;105.00;0.00;105.02;0.00;0.00;59.04;17.23;35.15;180.04;850.85;180.09;883.94;874.12;80.45;0.18
7235;0.00;105.01;0.00;104.99;0.00;0.00;58.99;17.22;35.15;180.03;852.21;180.07;884.59;874.58;80.45;0.19
7240;0.00;105.12;0.00;104.87;0.00;0.00;58.97;17.20;35.16;180.03;850.79;180.07;884.32;874.46;80.45;0.19
7245;0.00;105.03;0.00;104.99;0.00;0.00;59.03;17.22;35.15;180.03;850.05;180.06;883.54;873.94;80.45;0.18
7250;0.00;104.97;0.00;104.99;0.00;0.00;58.98;17.20;35.16;180.05;849.37;180.07;882.84;873.39;80.45;0.19
7255;0.00;104.91;0.00;105.11;0.00;0.00;58.98;17.19;35.16;180.07;849.85;180.06;882.74;873.27;80.45;0.19
7260;0.00;104.99;0.00;105.03;0.00;0.00;59.03;17.22;35.16;180.08;851.37;180.06;884.33;874.37;80.45;0.17
7265;0.00;105.02;0.00;104.99;0.00;0.00;59.02;17.20;35.16;180.07;852.58;180.06;885.15;874.96;80.45;0.19
7270;0.00;105.08;0.00;104.90;0.00;0.00;58.99;17.19;35.16;180.02;851.69;180.06;885.25;875.14;80.45;0.18
7275;0.00;105.04;0.00;104.99;0.00;0.00;59.01;17.23;35.16;180.00;849.91;180.06;884.04;874.88;80.45;0.18
7280;0.00;105.00;0.00;105.00;0.00;0.00;59.00;17.20;35.17;180.00;848.71;180.06;883.55;874.00;80.44;0.19
7285;0.00;104.89;0.00;105.12;0.00;0.00;59.01;17.22;35.17;180.01;849.24;180.07;883.64;874.04;80.44;0.17
7290;0.00;105.00;0.00;105.03;0.00;0.00;59.03;17.23;35.17;180.05;852.10;180.06;884.30;874.45;80.44;0.18
7295;0.00;104.99;0.00;104.98;0.00;0.00;59.01;17.23;35.17;180.06;852.49;180.07;885.28;874.95;80.44;0.19
7300;0.00;105.09;0.00;104.89;0.00;0.00;58.98;17.20;35.18;180.07;851.10;180.07;884.85;874.94;80.44;0.19
7305;0.00;105.02;0.00;105.01;0.00;0.00;59.03;17.22;35.18;180.06;850.23;180.07;884.03;874.38;80.44;0.18
7310;0.00;104.99;0.00;105.01;0.00;0.00;59.01;17.20;35.18;180.02;848.54;180.06;883.20;873.75;80.44;0.19
7315;0.00;104.92;0.00;105.14;0.00;0.00;58.99;17.19;35.18;180.01;849.72;180.07;883.22;873.44;80.44;0.19
7320;0.00;104.99;0.00;105.01;0.00;0.00;59.02;17.23;35.18;180.01;851.23;180.06;884.06;874.18;80.44;0.18
7325;0.00;104.99;0.00;104.99;0.00;0.00;58.98;17.23;35.19;180.02;852.54;180.05;884.74;874.67;80.44;0.19
7330;0.00;105.09;0.00;104.90;0.00;0.00;59.01;17.20;35.19;180.05;850.50;180.05;884.83;874.78;80.44;0.19
7335;0.00;105.01;0.00;104.99;0.00;0.00;59.02;17.22;35.19;180.04;849.86;180.07;883.58;874.00;80.44;0.17
7340;0.00;104.99;0.00;105.00;0.00;0.00;58.97;17.22;35.19;180.04;848.77;180.09;883.06;873.59;80.44;0.19
7345;0.00;104.93;0.00;105.09;0.00;0.00;58.98;17.22;35.19;180.04;848.92;180.10;883.18;873.63;80.44;0.18
7350;0.00;105.01;0.00;105.02;0.00;0.00;59.03;17.20;35.19;180.04;851.90;180.11;883.90;874.09;80.44;0.18
7355;0.00;104.99;0.00;104.99;0.00;0.00;59.03;17.20;35.19;180.04;852.57;180.11;885.29;875.15;80.44;0.19
7360;0.00;105.13;0.00;104.85;0.00;0.00;58.98;17.20;35.19;180.04;851.26;180.11;885.06;875.07;80.44;0.17
7365;0.00;105.02;0.00;104.99;0.00;0.00;59.04;17.22;35.19;180.05;850.31;180.09;884.35;874.62;80.44;0.18
7370;0.00;105.01;0.00;104.97;0.00;0.00;59.00;17.20;35.20;180.05;848.56;180.08;883.61;874.05;80.44;0.19
7375;0.00;104.89;0.00;105.12;0.00;0.00;58.99;17.19;35.20;180.04;849.59;180.06;883.46;873.84;80.44;0.19
7380;0.00;104.99;0.00;105.03;0.00;0.00;59.01;17.23;35.20;180.05;851.12;180.04;884.18;874.32;80.44;0.18
7385;0.00;105.02;0.00;104.99;0.00;0.00;59.00;17.19;35.21;180.05;852.48;180.03;884.81;874.77;80.44;0.19
7390;0.00;105.08;0.00;104.90;0.00;0.00;58.98;17.22;35.20;180.04;850.60;180.00;884.88;874.87;80.44;0.19
7395;0.00;105.04;0.00;105.00;0.00;0.00;59.05;17.23;35.21;180.03;849.96;180.00;883.51;873.94;80.44;0.17
7400;0.00;105.00;0.00;105.01;0.00;0.00;59.01;17.19;35.22;180.03;849.03;180.00;882.87;873.44;80.44;0.19
7405;0.00;104.89;0.00;105.12;0.00;0.00;58.98;17.20;35.21;180.04;850.18;180.00;882.85;873.36;80.44;0.18
7410;0.00;105.00;0.00;105.04;0.00;0.00;59.02;17.25;35.22;180.05;851.63;180.02;884.42;873.78;80.44;0.18
7415;0.00;105.00;0.00;104.99;0.00;0.00;59.02;17.23;35.22;180.05;852.56;180.04;885.01;874.88;80.44;0.19
7420;0.00;105.12;0.00;104.87;0.00;0.00;58.98;17.20;35.22;180.05;851.37;180.04;884.93;874.90;80.44;0.17
7425;0.00;105.02;0.00;105.01;0.00;0.00;59.04;17.19;35.22;180.04;849.75;180.06;884.32;874.55;80.44;0.18
7430;0.00;105.01;0.00;104.99;0.00;0.00;58.99;17.22;35.23;180.03;848.53;180.10;883.25;874.06;80.44;0.19
7435;0.00;104.91;0.00;105.11;0.00;0.00;58.99;17.20;35.22;180.04;849.37;180.13;883.52;873.91;80.44;0.17
7440;0.00;105.00;0.00;105.03;0.00;0.00;59.03;17.22;35.23;180.06;850.93;180.13;884.29;874.44;80.44;0.18
7445;0.00;104.97;0.00;105.00;0.00;0.00;59.01;17.20;35.22;180.07;852.27;180.13;885.07;874.96;80.44;0.19
7450;0.00;105.13;0.00;104.87;0.00;0.00;59.02;17.17;35.23;180.07;850.94;180.12;884.83;874.91;80.44;0.19
7455;0.00;105.03;0.00;104.99;0.00;0.00;59.03;17.23;35.23;180.06;850.16;180.11;883.96;874.34;80.44;0.18
7460;0.00;104.98;0.00;105.01;0.00;0.00;58.99;17.20;35.23;180.04;849.45;180.08;883.19;873.75;80.44;0.19
7465;0.00;104.90;0.00;105.12;0.00;0.00;58.99;17.20;35.24;180.03;849.96;180.04;882.93;873.49;80.44;0.19
7470;0.00;105.00;0.00;105.03;0.00;0.00;59.00;17.25;35.24;180.01;851.43;180.03;884.12;874.24;80.44;0.17
7475;0.00;105.01;0.00;104.98;0.00;0.00;58.99;17.20;35.24;180.02;852.61;180.00;884.70;874.64;80.44;0.19
7480;0.00;105.07;0.00;104.91;0.00;0.00;59.01;17.19;35.25;180.04;851.56;179.99;884.63;874.65;80.44;0.18
7485;0.00;105.04;0.00;105.01;0.00;0.00;59.03;17.22;35.24;180.05;849.73;179.98;883.25;874.27;80.44;0.17
7490;0.00;105.00;0.00;105.00;0.00;0.00;59.00;17.22;35.24;180.06;848.55;179.99;882.79;873.35;80.44;0.19
7495;0.00;104.88;0.00;105.12;0.00;0.00;58.98;17.19;35.25;180.06;849.04;179.99;883.01;873.47;80.44;0.17
7500;0.00;104.99;0.00;105.03;0.00;0.00;59.02;17.22;35.26;180.05;852.03;180.00;883.84;874.02;80.44;0.18
7505;0.00;105.00;0.00;104.99;0.00;0.00;59.00;17.22;35.25;180.04;852.42;180.03;885.23;874.69;80.44;0.19
7510;0.00;105.10;0.00;104.89;0.00;0.00;59.01;17.23;35.26;180.03;851.06;180.05;884.97;875.00;80.44;0.19
7515;0.00;105.05;0.00;105.01;0.00;0.00;59.02;17.22;35.26;180.03;850.21;180.06;884.27;874.59;80.44;0.18
7520;0.00;105.02;0.00;104.99;0.00;0.00;58.99;17.23;35.26;180.05;848.63;180.07;883.54;874.03;80.44;0.19
7525;0.00;104.91;0.00;105.09;0.00;0.00;58.99;17.22;35.27;180.06;849.89;180.08;883.60;873.77;80.44;0.19
7530;0.00;104.97;0.00;105.03;0.00;0.00;59.02;17.23;35.27;180.07;851.30;180.08;884.34;874.45;80.44;0.18
7535;0.00;105.01;0.00;104.99;0.00;0.00;58.99;17.19;35.27;180.07;852.62;180.08;884.90;874.84;80.44;0.19
7540;0.00;105.14;0.00;104.87;0.00;0.00;58.98;17.22;35.27;180.04;850.48;180.07;884.84;874.85;80.44;0.18
7545;0.00;105.01;0.00;104.99;0.00;0.00;59.03;17.22;35.27;180.03;849.82;180.07;883.35;873.86;80.44;0.17
7550;0.00;104.99;0.00;105.00;0.00;0.00;58.98;17.17;35.28;180.02;848.78;180.05;882.76;873.38;80.44;0.19
7555;0.00;104.90;0.00;105.11;0.00;0.00;59.01;17.22;35.28;180.05;848.87;180.05;882.82;873.36;80.44;0.18
7560;0.00;105.01;0.00;105.03;0.00;0.00;59.00;17.20;35.28;180.06;851.78;180.02;883.52;873.80;80.44;0.18
7565;0.00;105.00;0.00;104.98;0.00;0.00;59.01;17.19;35.29;180.07;852.47;180.03;884.91;874.82;80.44;0.19
7570;0.00;105.08;0.00;104.90;0.00;0.00;59.00;17.19;35.29;180.07;851.15;180.03;884.73;874.77;80.44;0.17
7575;0.00;105.02;0.00;105.00;0.00;0.00;59.03;17.22;35.28;180.03;850.16;180.02;884.09;874.39;80.44;0.18
7580;0.00;105.02;0.00;105.01;0.00;0.00;59.00;17.20;35.29;180.01;848.48;180.03;883.44;873.90;80.44;0.19
7585;0.00;104.89;0.00;105.12;0.00;0.00;58.99;17.20;35.29;180.00;849.61;180.03;883.56;873.92;80.44;0.19
7590;0.00;105.00;0.00;105.03;0.00;0.00;59.00;17.20;35.29;180.00;851.08;180.02;884.41;874.49;80.44;0.18
7595;0.00;105.00;0.00;105.00;0.00;0.00;59.01;17.22;35.29;180.05;852.48;180.02;885.12;875.00;80.44;0.19
7600;0.00;105.10;0.00;104.91;0.00;0.00;58.98;17.20;35.29;180.07;850.67;180.04;885.22;875.14;80.44;0.19
7605;0.00;105.03;0.00;105.00;0.00;0.00;59.02;17.22;35.30;180.09;849.99;180.06;883.82;874.26;80.44;0.17
7610;0.00;105.00;0.00;104.99;0.00;0.00;58.99;17.22;35.30;180.09;849.03;180.07;883.13;873.69;80.44;0.19
7615;0.00;104.89;0.00;105.12;0.00;0.00;58.99;17.22;35.30;180.05;850.24;180.09;883.02;873.56;80.44;0.18
7620;0.00;104.97;0.00;105.04;0.00;0.00;59.02;17.23;35.30;180.03;851.67;180.10;884.34;873.87;80.44;0.17
7625;0.00;104.98;0.00;104.99;0.00;0.00;59.01;17.20;35.31;180.02;852.55;180.11;884.77;874.73;80.44;0.19
7630;0.00;105.10;0.00;104.88;0.00;0.00;58.99;17.19;35.31;180.03;851.26;180.11;884.56;874.65;80.44;0.17
7635;0.00;105.03;0.00;104.98;0.00;0.00;59.03;17.23;35.32;180.06;849.62;180.11;883.88;874.21;80.44;0.18
7640;0.00;104.99;0.00;105.00;0.00;0.00;58.99;17.20;35.31;180.07;848.42;180.08;882.80;873.66;80.44;0.19
7645;0.00;104.92;0.00;105.09;0.00;0.00;58.99;17.20;35.32;180.07;849.31;180.07;883.14;873.58;80.44;0.17
7650;0.00;105.01;0.00;105.03;0.00;0.00;59.03;17.22;35.32;180.05;850.88;180.05;884.00;874.14;80.44;0.18
7655;0.00;105.00;0.00;104.99;0.00;0.00;59.01;17.22;35.32;180.04;852.18;180.03;884.87;874.77;80.44;0.19
7660;0.00;105.10;0.00;104.87;0.00;0.00;58.98;17.19;35.32;180.04;850.77;180.01;884.76;874.89;80.44;0.19
7665;0.00;105.01;0.00;104.99;0.00;0.00;59.03;17.22;35.32;180.05;850.03;180.00;884.01;874.39;80.44;0.18
7670;0.00;104.98;0.00;104.99;0.00;0.00;59.00;17.22;35.32;180.08;849.28;180.01;883.34;873.88;80.44;0.19
7675;0.00;104.92;0.00;105.09;0.00;0.00;59.00;17.20;35.32;180.07;850.04;180.03;883.19;873.70;80.44;0.19
7680;0.00;105.01;0.00;105.02;0.00;0.00;59.03;17.19;35.33;180.08;851.53;180.04;884.44;874.53;80.44;0.17
7685;0.00;104.99;0.00;104.99;0.00;0.00;58.99;17.22;35.32;180.07;852.67;180.07;884.98;874.90;80.44;0.19
7690;0.00;105.12;0.00;104.88;0.00;0.00;58.98;17.19;35.33;180.03;851.64;180.07;884.82;874.85;80.44;0.17
7695;0.00;105.04;0.00;105.01;0.00;0.00;59.03;17.23;35.32;180.02;849.76;180.10;884.13;874.42;80.44;0.18
7700;0.00;105.02;0.00;105.00;0.00;0.00;58.98;17.23;35.32;180.03;848.57;180.10;882.81;873.40;80.44;0.19
7705;0.00;104.92;0.00;105.09;0.00;0.00;58.98;17.17;35.33;180.04;849.15;180.11;882.98;873.48;80.44;0.17
7710;0.00;104.98;0.00;105.03;0.00;0.00;59.02;17.22;35.33;180.07;850.69;180.11;883.73;873.95;80.44;0.18
7715;0.00;104.99;0.00;105.00;0.00;0.00;59.01;17.20;35.33;180.08;852.32;180.09;884.87;874.52;80.44;0.19
7720;0.00;105.11;0.00;104.88;0.00;0.00;58.98;17.19;35.33;180.08;850.89;180.09;884.51;874.64;80.44;0.19
7725;0.00;105.03;0.00;105.01;0.00;0.00;59.03;17.20;35.33;180.07;850.03;180.06;883.79;874.17;80.44;0.18
7730;0.00;104.98;0.00;105.00;0.00;0.00;59.01;17.20;35.34;180.05;848.53;180.04;883.13;873.67;80.44;0.19
7735;0.00;104.88;0.00;105.11;0.00;0.00;58.99;17.20;35.34;180.05;849.87;180.01;883.49;873.51;80.44;0.19
7740;0.00;105.02;0.00;105.04;0.00;0.00;59.02;17.23;35.34;180.05;851.30;179.99;884.36;874.44;80.44;0.17
7745;0.00;105.00;0.00;105.01;0.00;0.00;59.01;17.25;35.34;180.06;852.61;179.99;885.03;874.92;80.44;0.19
7750;0.00;105.08;0.00;104.89;0.00;0.00;58.98;17.20;35.34;180.07;850.44;179.99;885.04;875.00;80.44;0.18
7755;0.00;105.03;0.00;104.99;0.00;0.00;59.02;17.22;35.35;180.07;849.85;180.00;883.63;874.67;80.44;0.17
7760;0.00;104.98;0.00;105.01;0.00;0.00;58.98;17.23;35.34;180.07;848.77;180.01;883.07;873.66;80.44;0.19
7765;0.00;104.87;0.00;105.14;0.00;0.00;58.98;17.19;35.35;180.06;849.00;180.01;883.12;873.62;80.44;0.17
7770;0.00;104.99;0.00;105.03;0.00;0.00;59.03;17.20;35.36;180.05;851.93;180.03;883.76;874.04;80.44;0.18
7775;0.00;105.02;0.00;105.01;0.00;0.00;59.00;17.20;35.36;180.05;852.50;180.06;884.94;874.88;80.44;0.19
7780;0.00;105.09;0.00;104.89;0.00;0.00;58.99;17.19;35.36;180.05;851.13;180.08;884.63;874.73;80.44;0.17
7785;0.00;105.01;0.00;105.00;0.00;0.00;59.02;17.23;35.36;180.05;850.14;180.10;883.89;874.24;80.44;0.18
7790;0.00;104.99;0.00;104.99;0.00;0.00;58.98;17.20;35.36;180.05;848.47;180.10;883.14;873.68;80.44;0.19
7795;0.00;104.92;0.00;105.09;0.00;0.00;59.01;17.19;35.36;180.06;849.55;180.12;883.20;873.62;80.44;0.19
7800;0.00;104.99;0.00;105.03;0.00;0.00;59.02;17.25;35.37;180.07;851.09;180.10;884.02;874.18;80.44;0.18
7805;0.00;105.01;0.00;105.00;0.00;0.00;59.01;17.22;35.37;180.09;852.46;180.09;884.75;874.70;80.45;0.19
7810;0.00;105.08;0.00;104.91;0.00;0.00;59.00;17.22;35.37;180.10;850.50;180.06;884.87;874.84;80.44;0.19
7815;0.00;105.03;0.00;104.99;0.00;0.00;59.02;17.22;35.37;180.07;849.87;180.05;883.57;874.02;80.44;0.17
7820;0.00;104.98;0.00;105.00;0.00;0.00;59.00;17.22;35.37;180.04;848.95;180.02;882.98;873.55;80.44;0.19
7825;0.00;104.90;0.00;105.12;0.00;0.00;59.01;17.22;35.38;180.01;850.27;180.01;883.00;873.52;80.44;0.18
7830;0.00;104.98;0.00;105.03;0.00;0.00;59.03;17.28;35.38;180.03;851.72;179.98;884.55;873.94;80.44;0.18
7835;0.00;105.00;0.00;104.99;0.00;0.00;59.01;17.23;35.38;180.05;852.60;179.97;885.05;874.96;80.44;0.19
7840;0.00;105.09;0.00;104.89;0.00;0.00;59.02;17.17;35.38;180.08;851.33;179.96;884.87;874.91;80.44;0.17
7845;0.00;105.03;0.00;105.01;0.00;0.00;59.02;17.20;35.39;180.10;849.66;179.97;884.17;874.49;80.44;0.18
7850;0.00;104.99;0.00;105.01;0.00;0.00;58.99;17.20;35.40;180.08;848.48;179.99;882.99;873.92;80.45;0.19
7855;0.00;104.93;0.00;105.08;0.00;0.00;59.00;17.22;35.40;180.06;849.36;180.01;883.26;873.71;80.44;0.17
7860;0.00;105.00;0.00;105.01;0.00;0.00;59.03;17.23;35.40;180.03;850.90;180.04;884.02;874.21;80.44;0.18
7865;0.00;104.98;0.00;105.00;0.00;0.00;59.02;17.20;35.40;180.02;852.13;180.05;884.75;874.73;80.44;0.19
7870;0.00;105.10;0.00;104.88;0.00;0.00;58.98;17.20;35.41;180.03;850.66;180.09;884.50;874.67;80.45;0.19
7875;0.00;105.03;0.00;105.00;0.00;0.00;59.02;17.25;35.40;180.06;849.97;180.10;883.70;874.12;80.44;0.18
7880;0.00;105.00;0.00;105.00;0.00;0.00;59.00;17.22;35.41;180.10;849.24;180.10;883.04;873.60;80.44;0.19
7885;0.00;104.91;0.00;105.09;0.00;0.00;59.00;17.20;35.41;180.11;850.05;180.09;882.91;873.47;80.44;0.19
7890;0.00;105.01;0.00;105.02;0.00;0.00;59.01;17.22;35.42;180.10;851.53;180.10;884.30;874.38;80.44;0.17
7895;0.00;105.00;0.00;104.99;0.00;0.00;58.98;17.19;35.41;180.08;852.62;180.08;884.90;874.83;80.45;0.19
7900;0.00;105.10;0.00;104.86;0.00;0.00;58.99;17.20;35.42;180.05;851.53;180.07;884.82;874.84;80.44;0.17
7905;0.00;105.03;0.00;104.99;0.00;0.00;59.03;17.25;35.42;180.05;849.71;180.03;884.19;874.46;80.44;0.17
7910;0.00;105.00;0.00;105.01;0.00;0.00;59.01;17.22;35.42;180.05;848.59;180.02;882.94;873.52;80.44;0.19
7915;0.00;104.91;0.00;105.11;0.00;0.00;58.98;17.19;35.42;180.06;849.16;180.02;883.14;873.61;80.44;0.17
7920;0.00;105.00;0.00;105.02;0.00;0.00;59.03;17.22;35.43;180.08;850.71;180.01;883.85;874.08;80.44;0.18
7925;0.00;104.99;0.00;104.99;0.00;0.00;58.98;17.17;35.42;180.09;852.32;179.99;884.95;874.65;80.44;0.19
7930;0.00;105.10;0.00;104.92;0.00;0.00;58.99;17.25;35.43;180.09;850.96;180.00;884.55;874.70;80.44;0.19
7935;0.00;105.02;0.00;105.00;0.00;0.00;59.03;17.20;35.43;180.09;850.06;180.00;883.76;874.18;80.45;0.18
7940;0.00;104.98;0.00;105.00;0.00;0.00;59.01;17.22;35.43;180.07;848.54;180.02;883.04;873.63;80.45;0.19
7945;0.00;104.88;0.00;105.11;0.00;0.00;58.99;17.20;35.43;180.06;849.84;180.07;883.26;873.41;80.45;0.19
7950;0.00;105.02;0.00;105.03;0.00;0.00;59.01;17.19;35.44;180.05;851.35;180.09;884.10;874.21;80.44;0.17
7955;0.00;104.98;0.00;104.99;0.00;0.00;59.01;17.20;35.43;180.05;852.58;180.11;884.73;874.70;80.44;0.19
7960;0.00;105.08;0.00;104.89;0.00;0.00;58.99;17.17;35.43;180.08;850.39;180.13;884.75;874.77;80.45;0.18
7965;0.00;105.04;0.00;104.99;0.00;0.00;59.02;17.22;35.44;180.09;849.76;180.14;883.37;874.40;80.44;0.17
7970;0.00;104.98;0.00;105.00;0.00;0.00;59.00;17.19;35.44;180.10;848.65;180.15;882.84;873.43;80.44;0.19
7975;0.00;104.89;0.00;105.12;0.00;0.00;58.98;17.19;35.43;180.08;848.94;180.14;882.94;873.47;80.45;0.17
7980;0.00;105.01;0.00;105.03;0.00;0.00;59.03;17.22;35.44;180.07;851.88;180.09;883.65;873.91;80.45;0.18
7985;0.00;105.01;0.00;104.99;0.00;0.00;59.01;17.22;35.44;180.06;852.46;180.07;884.89;874.83;80.44;0.19
7990;0.00;105.08;0.00;104.89;0.00;0.00;59.01;17.22;35.44;180.06;851.04;180.04;884.60;874.70;80.44;0.17
7995;0.00;105.03;0.00;104.99;0.00;0.00;59.03;17.22;35.45;180.07;850.13;180.03;883.85;874.25;80.44;0.18
8000;0.00;105.00;0.00;105.01;0.00;0.00;58.99;17.22;35.45;180.08;848.46;179.99;883.10;873.67;80.44;0.19
8005;0.00;104.90;0.00;105.09;0.00;0.00;58.98;17.19;35.45;180.08;849.61;179.99;883.14;873.61;80.44;0.19
8010;0.00;104.99;0.00;105.03;0.00;0.00;59.03;17.22;35.45;180.08;851.14;179.99;883.97;874.16;80.43;0.18
8015;0.00;105.00;0.00;104.98;0.00;0.00;58.98;17.23;35.45;180.08;852.43;179.98;884.68;874.65;80.43;0.19
8020;0.00;105.08;0.00;104.89;0.00;0.00;58.98;17.25;35.45;180.07;850.50;180.01;884.78;874.79;80.43;0.19
8025;0.00;105.01;0.00;105.00;0.00;0.00;59.04;17.25;35.46;180.06;849.83;180.02;883.46;873.95;80.43;0.17
8030;0.00;105.00;0.00;105.00;0.00;0.00;59.02;17.20;35.45;180.06;848.87;180.04;882.88;873.47;80.43;0.19
8035;0.00;104.92;0.00;105.09;0.00;0.00;59.01;17.17;35.46;180.08;850.24;180.06;882.87;873.43;80.43;0.18
8040;0.00;105.00;0.00;105.02;0.00;0.00;59.03;17.20;35.46;180.09;851.69;180.10;884.34;873.83;80.43;0.18
8045;0.00;104.99;0.00;105.01;0.00;0.00;58.99;17.19;35.46;180.08;852.55;180.11;884.83;874.78;80.43;0.19
8050;0.00;105.09;0.00;104.89;0.00;0.00;59.00;17.22;35.47;180.07;851.24;180.12;884.63;874.69;80.43;0.17
8055;0.00;105.03;0.00;105.01;0.00;0.00;59.02;17.22;35.47;180.05;849.59;180.13;883.92;874.27;80.43;0.18
8060;0.00;105.00;0.00;105.00;0.00;0.00;59.00;17.20;35.47;180.05;848.44;180.12;882.76;873.71;80.43;0.19
8065;0.00;104.89;0.00;105.12;0.00;0.00;58.99;17.22;35.47;180.05;849.39;180.11;883.09;873.57;80.43;0.17
8070;0.00;105.00;0.00;105.04;0.00;0.00;59.02;17.22;35.48;180.05;850.94;180.10;883.90;874.11;80.43;0.18
8075;0.00;105.00;0.00;104.99;0.00;0.00;59.00;17.20;35.48;180.05;852.13;180.09;884.65;874.63;80.43;0.19
8080;0.00;105.09;0.00;104.89;0.00;0.00;58.98;17.20;35.48;180.05;850.66;180.05;884.42;874.60;80.44;0.19
8085;0.00;105.03;0.00;104.98;0.00;0.00;59.05;17.25;35.48;180.06;849.91;180.04;883.65;874.09;80.43;0.18
8090;0.00;105.00;0.00;105.01;0.00;0.00;58.99;17.20;35.49;180.07;849.14;180.02;883.01;873.60;80.43;0.19
8095;0.00;104.89;0.00;105.12;0.00;0.00;58.98;17.22;35.49;180.07;850.05;180.01;882.92;873.48;80.43;0.19
8100;0.00;105.01;0.00;105.04;0.00;0.00;59.03;17.23;35.49;180.06;851.54;180.00;884.36;874.43;80.43;0.17
8105;0.00;104.99;0.00;105.00;0.00;0.00;58.99;17.22;35.49;180.07;852.65;180.02;884.93;874.87;80.43;0.19
8110;0.00;105.09;0.00;104.90;0.00;0.00;58.98;17.20;35.50;180.07;851.58;180.02;884.81;874.87;80.43;0.17
8115;0.00;105.01;0.00;105.01;0.00;0.00;59.02;17.25;35.49;180.07;849.68;180.06;884.15;874.46;80.43;0.17
8120;0.00;104.98;0.00;104.99;0.00;0.00;58.98;17.23;35.50;180.06;848.53;180.08;882.85;873.46;80.43;0.19
8125;0.00;104.92;0.00;105.08;0.00;0.00;58.98;17.20;35.50;180.06;849.21;180.09;883.01;873.53;80.43;0.17
8130;0.00;105.01;0.00;105.03;0.00;0.00;59.03;17.20;35.51;180.05;852.04;180.10;883.77;874.00;80.43;0.18
8135;0.00;105.00;0.00;105.00;0.00;0.00;59.02;17.19;35.51;180.04;852.30;180.12;884.81;874.54;80.43;0.19
8140;0.00;105.12;0.00;104.88;0.00;0.00;59.01;17.19;35.51;180.05;850.83;180.12;884.42;874.58;80.43;0.19
8145;0.00;105.03;0.00;104.99;0.00;0.00;59.01;17.22;35.51;180.07;849.96;180.12;883.63;874.09;80.43;0.18
8150;0.00;105.00;0.00;104.99;0.00;0.00;59.01;17.19;35.51;180.08;848.50;180.12;882.97;873.58;80.44;0.19
8155;0.00;104.91;0.00;105.11;0.00;0.00;58.98;17.23;35.52;180.08;849.79;180.10;883.28;873.38;80.43;0.19
8160;0.00;104.99;0.00;105.04;0.00;0.00;59.02;17.23;35.52;180.08;851.32;180.09;884.13;874.27;80.43;0.18
8165;0.00;105.01;0.00;104.99;0.00;0.00;58.99;17.23;35.52;180.08;852.57;180.07;884.82;874.76;80.43;0.19
8170;0.00;105.12;0.00;104.84;0.00;0.00;59.02;17.19;35.52;180.06;850.39;180.05;884.84;874.85;80.43;0.19
8175;0.00;105.04;0.00;104.99;0.00;0.00;59.02;17.22;35.52;180.06;849.75;180.03;883.48;873.99;80.44;0.17
8180;0.00;105.00;0.00;104.99;0.00;0.00;59.03;17.19;35.52;180.06;848.68;180.02;882.96;873.55;80.43;0.19
8185;0.00;104.91;0.00;105.12;0.00;0.00;58.98;17.22;35.52;180.07;848.93;180.02;883.06;873.57;80.43;0.18
8190;0.00;105.00;0.00;105.05;0.00;0.00;59.03;17.22;35.52;180.08;851.87;180.03;883.74;874.01;80.43;0.18
8195;0.00;104.98;0.00;104.99;0.00;0.00;59.01;17.22;35.52;180.08;852.48;180.04;884.92;874.89;80.43;0.19
8200;0.00;105.10;0.00;104.92;0.00;0.00;58.98;17.19;35.52;180.08;851.05;180.07;884.60;874.73;80.43;0.17
8205;0.00;105.02;0.00;105.01;0.00;0.00;59.02;17.20;35.53;180.04;850.10;180.08;883.83;874.25;80.43;0.18
8210;0.00;104.99;0.00;104.99;0.00;0.00;58.99;17.20;35.53;180.03;848.45;180.10;883.10;873.67;80.43;0.19
8215;0.00;104.89;0.00;105.11;0.00;0.00;58.99;17.20;35.53;180.03;849.58;180.11;883.16;873.62;80.44;0.19
8220;0.00;105.01;0.00;105.03;0.00;0.00;59.02;17.23;35.53;180.05;851.12;180.10;883.99;874.17;80.43;0.18
8225;0.00;104.99;0.00;105.01;0.00;0.00;58.98;17.20;35.54;180.09;852.41;180.11;884.68;874.68;80.43;0.19
8230;0.00;105.08;0.00;104.90;0.00;0.00;59.02;17.22;35.53;180.09;850.49;180.10;884.22;874.81;80.43;0.19
8235;0.00;105.04;0.00;104.99;0.00;0.00;59.04;17.25;35.53;180.08;849.79;180.08;883.46;873.97;80.43;0.17
8240;0.00;104.98;0.00;104.99;0.00;0.00;59.01;17.23;35.54;180.06;848.87;180.09;882.88;873.49;80.43;0.19
8245;0.00;104.91;0.00;105.14;0.00;0.00;58.98;17.20;35.54;180.03;850.20;180.07;882.87;873.45;80.44;0.18
8250;0.00;104.99;0.00;105.03;0.00;0.00;59.02;17.23;35.54;180.03;851.66;180.05;884.41;873.86;80.44;0.18
8255;0.00;105.02;0.00;105.00;0.00;0.00;58.99;17.20;35.55;180.05;852.58;180.03;884.91;874.87;80.43;0.19
8260;0.00;105.11;0.00;104.87;0.00;0.00;59.01;17.20;35.55;180.08;851.26;180.03;884.72;874.81;80.44;0.17
8265;0.00;105.03;0.00;105.01;0.00;0.00;59.05;17.22;35.55;180.10;849.57;180.02;884.00;874.36;80.44;0.18
8270;0.00;105.00;0.00;104.99;0.00;0.00;58.98;17.22;35.55;180.08;848.45;180.02;882.84;873.81;80.43;0.19
8275;0.00;104.93;0.00;105.09;0.00;0.00;59.01;17.22;35.56;180.06;849.39;180.02;883.14;873.63;80.43;0.17
8280;0.00;105.01;0.00;105.04;0.00;0.00;58.99;17.22;35.56;180.04;850.93;180.04;883.93;874.11;80.43;0.18
8285;0.00;105.02;0.00;104.99;0.00;0.00;59.00;17.20;35.56;180.04;852.07;180.04;884.63;874.64;80.43;0.19
8290;0.00;105.09;0.00;104.89;0.00;0.00;58.99;17.23;35.56;180.06;850.66;180.08;884.29;874.52;80.43;0.19
8295;0.00;105.04;0.00;105.00;0.00;0.00;59.01;17.22;35.56;180.09;849.87;180.09;883.49;873.99;80.44;0.18
8300;0.00;105.00;0.00;104.99;0.00;0.00;58.99;17.22;35.57;180.11;849.13;180.11;882.86;873.47;80.43;0.19
8305;0.00;104.92;0.00;105.10;0.00;0.00;58.97;17.19;35.56;180.10;850.06;180.14;882.77;873.38;80.43;0.19
8310;0.00;105.00;0.00;105.03;0.00;0.00;59.01;17.22;35.57;180.07;851.47;180.15;884.28;874.37;80.44;0.17
8315;0.00;104.99;0.00;104.98;0.00;0.00;59.02;17.20;35.57;180.06;852.61;180.16;884.85;874.80;80.43;0.19
8320;0.00;105.10;0.00;104.86;0.00;0.00;58.98;17.20;35.57;180.04;851.46;180.15;884.75;874.81;80.43;0.18
8325;0.00;105.02;0.00;105.01;0.00;0.00;59.02;17.23;35.57;180.04;849.61;180.12;884.09;874.42;80.43;0.18
8330;0.00;105.00;0.00;105.00;0.00;0.00;58.98;17.20;35.57;180.05;848.49;180.10;882.90;873.52;80.43;0.19
8335;0.00;104.89;0.00;105.12;0.00;0.00;59.02;17.22;35.57;180.08;849.18;180.08;883.13;873.63;80.43;0.17
8340;0.00;105.01;0.00;105.03;0.00;0.00;59.00;17.23;35.58;180.10;850.75;180.07;883.90;874.12;80.43;0.18
8345;0.00;105.00;0.00;104.99;0.00;0.00;58.99;17.19;35.59;180.10;852.28;180.03;884.65;874.67;80.43;0.19
8350;0.00;105.08;0.00;104.92;0.00;0.00;58.97;17.20;35.58;180.10;850.78;180.01;884.46;874.65;80.44;0.19
8355;0.00;105.03;0.00;105.00;0.00;0.00;59.03;17.22;35.59;180.08;849.98;180.00;883.67;874.13;80.44;0.18
8360;0.00;104.99;0.00;105.00;0.00;0.00;59.01;17.23;35.59;180.05;848.54;179.99;882.97;873.57;80.43;0.19
8365;0.00;104.91;0.00;105.12;0.00;0.00;58.98;17.17;35.59;180.05;849.87;179.99;883.26;873.39;80.43;0.19
8370;0.00;105.00;0.00;105.04;0.00;0.00;59.02;17.22;35.59;180.06;851.38;180.00;884.10;874.25;80.43;0.17
8375;0.00;104.99;0.00;104.99;0.00;0.00;58.98;17.23;35.59;180.06;852.59;180.02;884.72;874.70;80.43;0.19
8380;0.00;105.08;0.00;104.90;0.00;0.00;59.01;17.23;35.60;180.09;850.31;180.05;884.69;874.76;80.43;0.18
8385;0.00;105.01;0.00;104.98;0.00;0.00;59.03;17.23;35.60;180.09;849.66;180.08;883.30;874.40;80.43;0.17
8390;0.00;105.01;0.00;104.99;0.00;0.00;59.02;17.20;35.60;180.08;848.65;180.11;882.82;873.44;80.43;0.19
8395;0.00;104.93;0.00;105.08;0.00;0.00;58.99;17.20;35.60;180.05;848.96;180.13;882.98;873.52;80.44;0.17
8400;0.00;104.99;0.00;105.04;0.00;0.00;59.02;17.20;35.61;180.03;851.92;180.15;883.71;874.01;80.44;0.18
8405;0.00;105.00;0.00;105.01;0.00;0.00;58.98;17.23;35.60;180.04;852.45;180.17;884.98;874.94;80.43;0.19
8410;0.00;105.11;0.00;104.86;0.00;0.00;59.00;17.22;35.61;180.05;851.09;180.16;884.68;874.80;80.43;0.17
8415;0.00;105.03;0.00;104.99;0.00;0.00;59.02;17.25;35.60;180.09;850.08;180.15;883.93;874.33;80.43;0.18
8420;0.00;105.01;0.00;105.00;0.00;0.00;58.99;17.23;35.61;180.11;848.49;180.11;883.17;873.79;80.43;0.19
8425;0.00;104.92;0.00;105.11;0.00;0.00;58.99;17.22;35.62;180.10;849.69;180.09;883.27;873.72;80.43;0.19
8430;0.00;105.00;0.00;105.03;0.00;0.00;59.02;17.23;35.62;180.09;851.13;180.06;884.04;874.23;80.44;0.18
8435;0.00;105.00;0.00;104.98;0.00;0.00;59.01;17.20;35.62;180.08;852.49;180.03;884.69;874.70;80.43;0.19
8440;0.00;105.08;0.00;104.91;0.00;0.00;58.98;17.22;35.63;180.06;850.44;180.00;884.74;874.78;80.44;0.19
8445;0.00;105.03;0.00;105.01;0.00;0.00;59.02;17.22;35.62;180.05;849.75;179.98;883.32;873.88;80.44;0.17
8450;0.00;104.98;0.00;105.01;0.00;0.00;58.99;17.22;35.62;180.05;848.89;179.98;882.75;873.39;80.43;0.19
8455;0.00;104.90;0.00;105.12;0.00;0.00;59.01;17.22;35.63;180.07;850.28;180.00;882.75;873.35;80.43;0.18
8460;0.00;104.99;0.00;105.03;0.00;0.00;59.05;17.23;35.63;180.08;851.72;180.04;884.29;873.78;80.43;0.18
8465;0.00;104.98;0.00;104.99;0.00;0.00;59.02;17.20;35.63;180.09;852.58;180.06;884.80;874.78;80.43;0.19
8470;0.00;105.09;0.00;104.89;0.00;0.00;59.00;17.20;35.63;180.10;851.27;180.08;884.60;874.73;80.43;0.17
8475;0.00;105.04;0.00;105.01;0.00;0.00;59.02;17.19;35.64;180.07;849.54;180.10;883.92;874.30;80.44;0.18
8480;0.00;105.01;0.00;105.00;0.00;0.00;58.98;17.22;35.64;180.06;848.44;180.14;882.81;873.74;80.43;0.19
8485;0.00;104.92;0.00;105.12;0.00;0.00;58.97;17.20;35.64;180.05;849.46;180.16;883.13;873.62;80.44;0.17
8490;0.00;104.99;0.00;105.03;0.00;0.00;59.03;17.22;35.64;180.05;850.93;180.16;883.98;874.17;80.44;0.18
8495;0.00;105.02;0.00;105.00;0.00;0.00;58.98;17.22;35.64;180.08;852.12;180.15;884.68;874.69;80.44;0.19
8500;0.00;105.10;0.00;104.87;0.00;0.00;58.98;17.22;35.64;180.09;850.61;180.13;884.30;874.56;80.43;0.19
8505;0.00;105.03;0.00;105.01;0.00;0.00;59.03;17.22;35.65;180.10;849.85;180.11;883.49;874.01;80.44;0.18
8510;0.00;104.98;0.00;105.01;0.00;0.00;59.01;17.23;35.65;180.09;849.07;180.09;882.85;873.49;80.44;0.19
8515;0.00;104.90;0.00;105.10;0.00;0.00;58.98;17.23;35.65;180.08;850.07;180.04;882.77;873.37;80.44;0.19
8520;0.00;105.01;0.00;105.03;0.00;0.00;59.02;17.23;35.65;180.07;851.55;180.02;884.16;874.30;80.44;0.17
8525;0.00;105.00;0.00;104.99;0.00;0.00;59.01;17.20;35.65;180.06;852.61;180.01;884.69;874.70;80.44;0.19
8530;0.00;105.07;0.00;104.92;0.00;0.00;58.99;17.19;35.66;180.05;851.48;179.99;884.56;874.67;80.44;0.17
8535;0.00;105.03;0.00;105.01;0.00;0.00;59.02;17.22;35.66;180.05;849.57;179.99;883.86;874.26;80.44;0.17
8540;0.00;104.99;0.00;105.00;0.00;0.00;59.00;17.22;35.66;180.06;848.45;179.99;882.65;873.32;80.44;0.19
8545;0.00;104.91;0.00;105.10;0.00;0.00;58.98;17.22;35.66;180.07;849.21;180.02;882.90;873.46;80.43;0.17
8550;0.00;105.00;0.00;105.03;0.00;0.00;59.02;17.22;35.66;180.08;850.67;180.03;883.69;873.96;80.43;0.18
8555;0.00;104.97;0.00;104.99;0.00;0.00;58.99;17.23;35.66;180.07;852.27;180.07;884.82;874.54;80.43;0.19
8560;0.00;105.10;0.00;104.90;0.00;0.00;59.01;17.19;35.66;180.05;850.77;180.10;884.42;874.63;80.43;0.19
8565;0.00;105.03;0.00;104.99;0.00;0.00;59.04;17.20;35.67;180.04;849.91;180.12;883.67;874.11;80.44;0.18
8570;0.00;105.02;0.00;105.00;0.00;0.00;58.99;17.19;35.67;180.05;848.57;180.13;883.00;873.62;80.44;0.19
8575;0.00;104.88;0.00;105.12;0.00;0.00;58.99;17.19;35.66;180.06;849.86;180.16;883.35;873.45;80.44;0.19
8580;0.00;105.00;0.00;105.03;0.00;0.00;59.02;17.22;35.67;180.07;851.37;180.16;884.23;874.35;80.43;0.17
8585;0.00;105.02;0.00;105.01;0.00;0.00;59.00;17.22;35.67;180.08;852.63;180.15;884.82;874.80;80.42;0.19
8590;0.00;105.12;0.00;104.88;0.00;0.00;58.99;17.20;35.67;180.08;850.29;180.13;884.77;874.84;80.42;0.18
8595;0.00;105.03;0.00;105.00;0.00;0.00;59.02;17.23;35.67;180.08;849.69;180.09;883.31;874.45;80.42;0.17
8600;0.00;105.00;0.00;104.99;0.00;0.00;58.99;17.20;35.67;180.08;848.62;180.07;882.78;873.44;80.43;0.19
8605;0.00;104.92;0.00;105.10;0.00;0.00;59.00;17.23;35.68;180.07;849.04;180.05;882.87;873.47;80.43;0.17
8610;0.00;105.00;0.00;105.02;0.00;0.00;59.01;17.25;35.67;180.05;851.88;180.02;883.57;873.90;80.43;0.18
8615;0.00;104.99;0.00;104.99;0.00;0.00;59.01;17.22;35.68;180.05;852.45;179.99;884.72;874.74;80.43;0.19
8620;0.00;105.11;0.00;104.86;0.00;0.00;59.01;17.22;35.68;180.05;850.97;179.99;884.39;874.57;80.42;0.17
8625;0.00;105.01;0.00;104.98;0.00;0.00;59.02;17.20;35.68;180.07;849.97;179.99;883.64;874.07;80.43;0.18
8630;0.00;105.02;0.00;104.99;0.00;0.00;58.99;17.23;35.69;180.08;848.41;180.03;882.90;873.55;80.42;0.19
8635;0.00;104.92;0.00;105.11;0.00;0.00;58.99;17.20;35.68;180.09;849.61;180.03;883.13;873.60;80.42;0.19
8640;0.00;105.00;0.00;105.04;0.00;0.00;58.98;17.23;35.68;180.09;851.16;180.07;884.01;874.19;80.42;0.18
8645;0.00;105.00;0.00;105.00;0.00;0.00;58.99;17.20;35.68;180.07;852.52;180.08;884.72;874.71;80.42;0.19
8650;0.00;105.09;0.00;104.86;0.00;0.00;58.98;17.19;35.68;180.06;850.45;180.13;884.80;874.83;80.42;0.19
8655;0.00;105.04;0.00;104.99;0.00;0.00;59.02;17.27;35.68;180.06;849.76;180.15;883.41;873.97;80.42;0.17
8660;0.00;105.00;0.00;104.99;0.00;0.00;58.98;17.20;35.69;180.06;848.83;180.17;882.87;873.51;80.42;0.19
8665;0.00;104.90;0.00;105.14;0.00;0.00;58.98;17.20;35.69;180.06;848.87;180.17;882.90;873.50;80.42;0.18
8670;0.00;105.01;0.00;105.03;0.00;0.00;59.01;17.20;35.69;180.07;851.81;180.16;884.36;873.90;80.43;0.18
8675;0.00;105.01;0.00;104.99;0.00;0.00;58.98;17.23;35.69;180.08;852.59;180.15;884.78;874.78;80.42;0.19
8680;0.00;105.08;0.00;104.89;0.00;0.00;58.99;17.20;35.70;180.09;851.21;180.13;884.51;874.64;80.42;0.17
8685;0.00;105.03;0.00;104.99;0.00;0.00;59.02;17.20;35.70;180.07;849.48;180.11;883.74;874.16;80.42;0.18
8690;0.00;104.99;0.00;105.01;0.00;0.00;58.99;17.23;35.71;180.07;848.40;180.05;882.62;873.57;80.42;0.19
8695;0.00;104.90;0.00;105.12;0.00;0.00;58.98;17.23;35.71;180.06;849.48;180.02;882.99;873.49;80.42;0.19
8700;0.00;105.00;0.00;105.03;0.00;0.00;59.02;17.20;35.71;180.06;850.94;179.99;883.80;874.03;80.42;0.18
8705;0.00;104.97;0.00;104.99;0.00;0.00;59.01;17.22;35.71;180.07;852.00;179.99;884.57;874.58;80.42;0.19
8710;0.00;105.09;0.00;104.88;0.00;0.00;59.01;17.19;35.71;180.08;850.49;179.98;884.21;874.76;80.42;0.19
8715;0.00;105.03;0.00;105.01;0.00;0.00;59.03;17.20;35.72;180.07;849.75;179.98;883.47;873.97;80.43;0.18
8720;0.00;104.99;0.00;104.99;0.00;0.00;58.98;17.22;35.72;180.07;849.05;180.00;882.88;873.50;80.42;0.19
8725;0.00;104.90;0.00;105.11;0.00;0.00;59.01;17.17;35.72;180.06;850.13;180.03;882.85;873.44;80.42;0.18
8730;0.00;104.99;0.00;105.03;0.00;0.00;59.02;17.23;35.72;180.06;851.61;180.08;884.36;874.46;80.42;0.17
8735;0.00;104.98;0.00;105.00;0.00;0.00;59.01;17.20;35.72;180.06;852.63;180.11;884.87;874.85;80.42;0.19
8740;0.00;105.08;0.00;104.89;0.00;0.00;58.98;17.22;35.72;180.07;851.44;180.14;884.69;874.80;80.42;0.17
8745;0.00;105.02;0.00;105.01;0.00;0.00;59.02;17.23;35.72;180.08;849.56;180.16;884.01;874.37;80.42;0.17
8750;0.00;104.98;0.00;105.01;0.00;0.00;59.00;17.23;35.72;180.08;848.45;180.16;882.77;873.42;80.42;0.19
8755;0.00;104.90;0.00;105.13;0.00;0.00;58.98;17.23;35.73;180.08;849.29;180.16;882.98;873.52;80.42;0.17
8760;0.00;105.00;0.00;105.03;0.00;0.00;59.02;17.27;35.73;180.09;850.75;180.15;883.69;873.97;80.43;0.18
8765;0.00;104.99;0.00;104.99;0.00;0.00;59.00;17.23;35.73;180.09;852.21;180.12;884.43;874.50;80.43;0.19
8770;0.00;105.09;0.00;104.90;0.00;0.00;59.00;17.22;35.73;180.09;850.66;180.09;884.22;874.44;80.42;0.19
8775;0.00;105.02;0.00;105.01;0.00;0.00;59.04;17.22;35.73;180.10;849.82;180.06;883.42;873.94;80.42;0.18
8780;0.00;104.97;0.00;104.99;0.00;0.00;59.00;17.27;35.74;180.05;848.50;180.03;882.78;873.42;80.42;0.19
8785;0.00;104.94;0.00;105.09;0.00;0.00;58.98;17.23;35.74;180.03;849.88;179.99;883.25;873.30;80.42;0.19
8790;0.00;104.99;0.00;105.04;0.00;0.00;59.03;17.22;35.74;180.03;851.39;179.98;884.15;874.27;80.42;0.17
8795;0.00;104.99;0.00;104.98;0.00;0.00;58.99;17.22;35.75;180.04;852.59;179.98;884.77;874.77;80.42;0.19
8800;0.00;105.12;0.00;104.88;0.00;0.00;58.98;17.22;35.74;180.09;850.26;179.98;884.76;874.82;80.42;0.18
8805;0.00;105.03;0.00;104.99;0.00;0.00;59.03;17.25;35.75;180.08;849.62;180.01;883.35;874.45;80.42;0.17
8810;0.00;104.97;0.00;104.99;0.00;0.00;59.00;17.23;35.75;180.07;848.55;180.03;882.85;873.51;80.42;0.19
8815;0.00;104.91;0.00;105.11;0.00;0.00;58.99;17.23;35.75;180.06;849.10;180.07;883.02;873.58;80.42;0.17
8820;0.00;104.99;0.00;105.04;0.00;0.00;59.01;17.22;35.75;180.06;851.97;180.09;883.76;874.04;80.42;0.18
8825;0.00;105.02;0.00;105.00;0.00;0.00;59.02;17.23;35.75;180.05;852.43;180.13;884.82;874.84;80.42;0.19
8830;0.00;105.08;0.00;104.91;0.00;0.00;58.97;17.23;35.76;180.05;850.92;180.15;884.41;874.63;80.42;0.17
8835;0.00;105.02;0.00;104.99;0.00;0.00;59.04;17.25;35.76;180.06;849.94;180.17;883.62;874.10;80.43;0.18
8840;0.00;105.00;0.00;105.00;0.00;0.00;59.01;17.25;35.76;180.07;848.43;180.17;882.87;873.52;80.42;0.19
8845;0.00;104.90;0.00;105.12;0.00;0.00;58.97;17.19;35.76;180.07;849.66;180.14;883.07;873.54;80.42;0.19
8850;0.00;105.00;0.00;105.03;0.00;0.00;59.04;17.22;35.76;180.05;851.20;180.15;883.93;874.11;80.43;0.18
8855;0.00;104.98;0.00;104.99;0.00;0.00;59.02;17.25;35.76;180.04;852.52;180.13;884.59;874.60;80.43;0.19
8860;0.00;105.10;0.00;104.88;0.00;0.00;58.99;17.23;35.77;180.04;850.34;180.09;884.63;874.69;80.42;0.19
8865;0.00;105.04;0.00;104.99;0.00;0.00;59.02;17.23;35.77;180.04;849.66;180.06;883.27;873.81;80.42;0.17
8870;0.00;105.01;0.00;104.99;0.00;0.00;58.99;17.23;35.78;180.05;848.70;180.05;882.75;873.39;80.42;0.19
8875;0.00;104.94;0.00;105.10;0.00;0.00;58.98;17.19;35.78;180.06;848.89;180.02;882.85;873.44;80.42;0.18
8880;0.00;105.00;0.00;105.03;0.00;0.00;59.01;17.22;35.78;180.07;851.86;180.01;883.58;873.90;80.42;0.18
8885;0.00;105.00;0.00;105.00;0.00;0.00;59.00;17.19;35.78;180.07;852.58;180.01;884.84;874.83;80.42;0.19
8890;0.00;105.09;0.00;104.87;0.00;0.00;59.00;17.22;35.78;180.06;851.15;180.01;884.55;874.69;80.42;0.17
8895;0.00;105.04;0.00;104.99;0.00;0.00;59.03;17.22;35.78;180.04;850.05;180.01;883.77;874.21;80.43;0.18
8900;0.00;105.01;0.00;105.00;0.00;0.00;59.02;17.23;35.78;180.05;848.44;180.05;882.66;873.65;80.43;0.19
8905;0.00;104.91;0.00;105.09;0.00;0.00;58.99;17.23;35.79;180.06;849.49;180.07;883.03;873.55;80.42;0.19
8910;0.00;105.01;0.00;105.03;0.00;0.00;59.02;17.22;35.79;180.07;851.03;180.11;883.84;874.07;80.42;0.18
8915;0.00;104.99;0.00;104.99;0.00;0.00;59.01;17.22;35.79;180.08;851.96;180.14;884.51;874.55;80.42;0.19
8920;0.00;105.11;0.00;104.84;0.00;0.00;58.98;17.22;35.79;180.07;850.43;180.18;884.07;874.67;80.43;0.19
8925;0.00;105.02;0.00;105.00;0.00;0.00;59.02;17.23;35.79;180.07;849.74;180.19;883.26;873.81;80.43;0.17
8930;0.00;104.99;0.00;105.01;0.00;0.00;59.01;17.22;35.80;180.05;848.94;180.21;882.65;873.34;80.42;0.19
8935;0.00;104.92;0.00;105.11;0.00;0.00;58.98;17.20;35.80;180.04;850.19;180.22;882.68;873.30;80.43;0.18
8940;0.00;104.99;0.00;105.03;0.00;0.00;59.02;17.22;35.79;180.04;851.65;180.18;884.22;874.32;80.43;0.17
8945;0.00;105.00;0.00;104.99;0.00;0.00;58.98;17.19;35.79;180.04;852.62;180.16;884.73;874.73;80.43;0.19
8950;0.00;105.08;0.00;104.92;0.00;0.00;58.98;17.22;35.81;180.05;851.32;180.14;884.55;874.66;80.42;0.17
8955;0.00;105.05;0.00;104.99;0.00;0.00;59.04;17.20;35.80;180.04;849.49;180.08;883.85;874.24;80.42;0.17
8960;0.00;105.00;0.00;105.01;0.00;0.00;59.01;17.19;35.80;180.05;848.42;180.05;882.70;873.36;80.42;0.19
8965;0.00;104.88;0.00;105.14;0.00;0.00;58.98;17.22;35.80;180.05;849.35;180.02;883.01;873.52;80.42;0.17
8970;0.00;104.99;0.00;105.03;0.00;0.00;59.02;17.22;35.80;180.06;850.82;180.01;883.79;874.03;80.42;0.18
8975;0.00;105.01;0.00;105.01;0.00;0.00;59.01;17.23;35.81;180.07;852.18;179.99;884.53;874.57;80.42;0.19
8980;0.00;105.12;0.00;104.88;0.00;0.00;59.00;17.22;35.81;180.06;850.62;180.00;884.25;874.49;80.42;0.19
8985;0.00;104.99;0.00;105.01;0.00;0.00;59.03;17.20;35.81;180.06;849.85;180.01;883.44;873.94;80.43;0.18
8990;0.00;105.00;0.00;104.99;0.00;0.00;59.01;17.20;35.81;180.03;849.21;180.03;882.75;873.41;80.43;0.19
8995;0.00;104.90;0.00;105.11;0.00;0.00;58.98;17.22;35.82;180.03;849.97;180.09;882.63;873.28;80.42;0.19
9000;0.00;105.02;0.00;105.02;0.00;0.00;59.02;17.25;35.81;180.04;851.47;180.12;884.03;874.19;80.42;0.17
9005;0.00;105.02;0.00;104.99;0.00;0.00;59.01;17.20;35.82;180.05;852.62;180.16;884.59;874.61;80.42;0.19
9010;0.00;105.11;0.00;104.87;0.00;0.00;58.99;17.22;35.82;180.07;850.16;180.19;884.49;874.59;80.42;0.18
9015;0.00;105.03;0.00;104.99;0.00;0.00;59.03;17.23;35.81;180.08;849.52;180.20;883.04;874.20;80.42;0.17
9020;0.00;104.98;0.00;105.00;0.00;0.00;59.01;17.20;35.82;180.07;848.44;180.19;882.59;873.29;80.42;0.19
9025;0.00;104.91;0.00;105.09;0.00;0.00;58.98;17.25;35.82;180.06;849.10;180.19;882.85;873.42;80.42;0.17
9030;0.00;105.01;0.00;105.01;0.00;0.00;59.02;17.22;35.83;180.04;851.96;180.17;883.65;873.93;80.42;0.18
9035;0.00;105.00;0.00;104.99;0.00;0.00;59.02;17.23;35.82;180.02;852.33;180.12;884.79;874.52;80.43;0.19
9040;0.00;105.12;0.00;104.85;0.00;0.00;58.99;17.19;35.83;180.03;850.79;180.08;884.42;874.62;80.42;0.19
9045;0.00;105.06;0.00;105.01;0.00;0.00;59.04;17.22;35.83;180.03;849.87;180.06;883.67;874.15;80.42;0.18
9050;0.00;104.96;0.00;105.01;0.00;0.00;59.02;17.23;35.83;180.04;848.46;180.02;883.01;873.63;80.42;0.19
9055;0.00;104.88;0.00;105.09;0.00;0.00;59.01;17.22;35.83;180.05;849.77;179.99;883.34;873.78;80.42;0.19
9060;0.00;105.00;0.00;105.04;0.00;0.00;59.01;17.23;35.83;180.06;851.31;179.98;884.21;874.37;80.42;0.18
9065;0.00;104.99;0.00;104.99;0.00;0.00;59.02;17.22;35.84;180.05;852.62;179.99;884.83;874.83;80.42;0.19
9070;0.00;105.08;0.00;104.91;0.00;0.00;58.98;17.17;35.84;180.04;850.33;180.02;884.79;874.87;80.42;0.19
9075;0.00;105.02;0.00;105.01;0.00;0.00;59.03;17.20;35.84;180.04;849.65;180.04;883.33;873.92;80.43;0.17
9080;0.00;105.01;0.00;105.01;0.00;0.00;59.01;17.22;35.84;180.04;848.65;180.06;882.75;873.44;80.43;0.19
9085;0.00;104.90;0.00;105.12;0.00;0.00;58.98;17.20;35.84;180.05;848.95;180.10;882.86;873.46;80.42;0.18
9090;0.00;105.00;0.00;105.03;0.00;0.00;59.02;17.23;35.85;180.05;851.89;180.14;883.55;873.90;80.42;0.18
9095;0.00;104.99;0.00;104.98;0.00;0.00;58.99;17.20;35.85;180.03;852.44;180.16;884.71;874.75;80.42;0.19
9100;0.00;105.08;0.00;104.89;0.00;0.00;59.00;17.22;35.85;180.03;851.02;180.17;884.40;874.58;80.42;0.17
9105;0.00;105.01;0.00;104.99;0.00;0.00;59.03;17.22;35.85;180.04;849.94;180.18;883.61;874.10;80.43;0.18
9110;0.00;105.01;0.00;105.00;0.00;0.00;58.99;17.20;35.85;180.06;848.40;180.15;882.89;873.56;80.43;0.19
9115;0.00;104.87;0.00;105.12;0.00;0.00;58.99;17.20;35.85;180.07;849.61;180.14;883.07;873.58;80.43;0.19
9120;0.00;105.00;0.00;105.04;0.00;0.00;59.01;17.22;35.85;180.07;851.07;180.13;883.94;874.15;80.43;0.18
9125;0.00;105.02;0.00;104.99;0.00;0.00;59.00;17.22;35.86;180.06;851.90;180.09;884.65;874.69;80.43;0.19
9130;0.00;105.08;0.00;104.87;0.00;0.00;59.02;17.20;35.86;180.05;850.38;180.04;884.21;874.82;80.43;0.19
9135;0.00;105.02;0.00;104.99;0.00;0.00;59.02;17.22;35.86;180.04;849.71;180.03;883.43;873.97;80.42;0.17
9140;0.00;105.00;0.00;105.01;0.00;0.00;59.01;17.25;35.87;180.03;848.87;180.01;882.85;873.52;80.42;0.19
9145;0.00;104.87;0.00;105.15;0.00;0.00;58.98;17.23;35.87;180.04;850.29;179.99;882.88;873.51;80.42;0.18
9150;0.00;104.99;0.00;105.03;0.00;0.00;59.01;17.22;35.87;180.06;851.73;180.00;884.40;873.92;80.42;0.17
9155;0.00;104.99;0.00;104.99;0.00;0.00;59.00;17.20;35.87;180.08;852.59;180.01;884.84;874.85;80.42;0.19
9160;0.00;105.10;0.00;104.87;0.00;0.00;59.01;17.23;35.88;180.09;851.26;180.03;884.56;874.74;80.42;0.17
9165;0.00;105.03;0.00;104.99;0.00;0.00;59.01;17.23;35.88;180.08;849.44;180.06;883.80;874.26;80.42;0.18
9170;0.00;105.01;0.00;105.00;0.00;0.00;59.01;17.19;35.87;180.06;848.39;180.10;882.67;873.66;80.43;0.19
9175;0.00;104.92;0.00;105.09;0.00;0.00;58.97;17.19;35.88;180.03;849.41;180.11;883.03;873.56;80.42;0.17
9180;0.00;104.99;0.00;105.04;0.00;0.00;59.02;17.22;35.88;180.02;850.98;180.13;883.82;874.10;80.42;0.18
9185;0.00;105.02;0.00;104.99;0.00;0.00;58.99;17.20;35.89;180.04;852.12;180.14;884.58;874.64;80.43;0.19
9190;0.00;105.12;0.00;104.87;0.00;0.00;58.99;17.22;35.88;180.06;850.55;180.16;884.25;874.51;80.43;0.19
9195;0.00;105.04;0.00;104.99;0.00;0.00;59.02;17.23;35.89;180.09;849.76;180.14;883.45;873.98;80.43;0.18
9200;0.00;104.99;0.00;104.99;0.00;0.00;59.02;17.23;35.89;180.09;849.01;180.13;882.81;873.47;80.43;0.19
9205;0.00;104.91;0.00;105.11;0.00;0.00;58.99;17.22;35.88;180.07;850.05;180.10;882.76;873.38;80.43;0.19
9210;0.00;105.00;0.00;105.03;0.00;0.00;59.00;17.22;35.89;180.04;851.54;180.08;884.18;874.33;80.43;0.17
9215;0.00;105.02;0.00;105.00;0.00;0.00;59.03;17.20;35.89;180.02;852.64;180.06;884.67;874.72;80.43;0.19
9220;0.00;105.08;0.00;104.85;0.00;0.00;58.99;17.20;35.89;180.03;851.37;180.04;884.48;874.66;80.43;0.18
9225;0.00;105.03;0.00;104.99;0.00;0.00;59.03;17.25;35.90;180.04;849.48;180.02;883.79;874.22;80.42;0.17
9230;0.00;104.99;0.00;105.00;0.00;0.00;58.99;17.22;35.90;180.05;848.42;180.01;882.57;873.29;80.43;0.19
9235;0.00;104.90;0.00;105.11;0.00;0.00;58.99;17.19;35.90;180.06;849.18;180.02;882.88;873.43;80.43;0.17
9240;0.00;105.01;0.00;105.04;0.00;0.00;59.02;17.19;35.91;180.05;850.75;180.03;883.63;873.95;80.43;0.18
9245;0.00;105.00;0.00;105.01;0.00;0.00;59.02;17.19;35.90;180.05;852.29;180.07;884.73;874.53;80.43;0.19
9250;0.00;105.08;0.00;104.91;0.00;0.00;58.98;17.20;35.90;180.05;850.73;180.08;884.35;874.57;80.42;0.19
9255;0.00;105.03;0.00;105.00;0.00;0.00;59.05;17.25;35.91;180.04;849.82;180.11;883.56;874.06;80.42;0.18
9260;0.00;105.00;0.00;104.99;0.00;0.00;58.99;17.19;35.91;180.05;848.53;180.13;882.88;873.52;80.43;0.19
9265;0.00;104.90;0.00;105.12;0.00;0.00;58.99;17.22;35.91;180.05;849.92;180.16;883.27;873.38;80.43;0.19
9270;0.00;105.00;0.00;105.06;0.00;0.00;59.01;17.22;35.91;180.05;851.35;180.17;884.12;874.31;80.42;0.17
9275;0.00;105.00;0.00;105.01;0.00;0.00;58.99;17.20;35.91;180.05;852.62;180.17;884.72;874.75;80.43;0.19
9280;0.00;105.09;0.00;104.89;0.00;0.00;59.00;17.19;35.91;180.06;850.20;180.15;884.64;874.77;80.42;0.18
9285;0.00;105.01;0.00;104.99;0.00;0.00;59.02;17.23;35.92;180.05;849.54;180.13;883.19;874.37;80.43;0.17
9290;0.00;105.00;0.00;105.00;0.00;0.00;59.01;17.19;35.92;180.05;848.56;180.11;882.67;873.38;80.43;0.19
9295;0.00;104.89;0.00;105.12;0.00;0.00;58.97;17.20;35.92;180.03;848.98;180.08;882.85;873.43;80.42;0.18
9300;0.00;105.01;0.00;105.04;0.00;0.00;59.02;17.23;35.92;180.02;851.92;180.05;883.58;873.91;80.43;0.18
9305;0.00;105.00;0.00;104.98;0.00;0.00;58.98;17.25;35.92;180.02;852.37;180.01;884.68;874.73;80.43;0.19
9310;0.00;105.10;0.00;104.89;0.00;0.00;59.02;17.27;35.92;180.03;850.91;180.01;884.28;874.53;80.42;0.17
9315;0.00;104.92;2.49;104.99;0.00;0.00;59.02;17.16;35.93;180.05;849.86;180.02;883.52;874.03;80.42;0.18
9320;0.00;104.92;1.39;105.01;0.00;0.00;58.98;17.19;35.92;180.06;848.43;180.02;882.85;873.52;80.42;0.19
9325;0.00;104.89;0.00;105.08;0.00;0.00;58.98;17.22;35.93;180.07;849.68;180.03;883.16;873.64;80.42;0.18
9330;0.00;105.00;0.00;105.03;0.00;0.00;58.99;17.22;35.94;180.08;851.14;180.04;884.05;874.22;80.42;0.18
9335;0.00;104.98;0.00;104.99;0.00;0.00;59.00;17.23;35.94;180.08;852.50;180.06;884.70;874.73;80.42;0.19
9340;0.00;105.11;0.00;104.86;0.00;0.00;58.97;17.23;35.94;180.06;850.32;180.10;884.76;874.84;80.42;0.19
9345;0.00;105.04;0.00;104.98;0.00;0.00;59.02;17.23;35.94;180.04;849.61;180.11;883.33;873.92;80.42;0.17
9350;0.00;104.98;0.00;105.00;0.00;0.00;59.00;17.19;35.94;180.03;848.75;180.13;882.77;873.48;80.43;0.19
9355;0.00;104.91;0.00;105.11;0.00;0.00;59.00;17.22;35.94;180.04;850.32;180.13;882.85;873.48;80.43;0.18
9360;0.00;104.99;0.00;105.04;0.00;0.00;59.01;17.22;35.94;180.05;851.78;180.15;884.41;873.93;80.42;0.18
9365;0.00;105.01;0.00;104.99;0.00;0.00;59.01;17.22;35.95;180.06;852.57;180.15;884.85;874.88;80.42;0.19
9370;0.00;105.11;0.00;104.86;0.00;0.00;59.00;17.22;35.95;180.06;851.21;180.14;884.59;874.78;80.43;0.17
9375;0.00;105.04;0.00;105.01;0.00;0.00;59.03;17.22;35.95;180.06;849.45;180.12;883.86;874.29;80.43;0.18
9380;0.00;104.99;0.00;104.99;0.00;0.00;59.00;17.20;35.95;180.05;848.43;180.08;882.72;873.73;80.43;0.19
9385;0.00;104.92;0.00;105.11;0.00;0.00;58.98;17.22;35.95;180.06;849.50;180.06;883.03;873.61;80.43;0.17
9390;0.00;105.00;0.00;105.02;0.00;0.00;59.02;17.22;35.96;180.05;850.97;180.06;883.78;874.09;80.43;0.18
9395;0.00;104.99;0.00;104.99;0.00;0.00;58.98;17.22;35.96;180.06;852.03;180.05;884.48;874.56;80.43;0.19
9400;0.00;105.08;0.00;104.91;0.00;0.00;58.97;17.27;35.95;180.06;850.45;180.04;883.99;874.33;80.43;0.19
9405;0.00;105.04;0.00;104.99;0.00;0.00;59.04;17.20;35.96;180.07;849.67;180.05;883.15;873.76;80.42;0.18
9410;0.00;105.00;0.00;105.00;0.00;0.00;58.99;17.23;35.96;180.06;848.87;180.06;882.55;873.25;80.42;0.19
9415;0.00;104.89;0.00;105.11;0.00;0.00;58.98;17.25;35.96;180.06;850.07;180.08;882.54;873.22;80.42;0.18
9420;0.00;105.00;0.00;105.04;0.00;0.00;59.03;17.30;35.96;180.05;851.55;180.10;884.10;874.26;80.42;0.17
9425;0.00;105.01;0.00;104.99;0.00;0.00;58.98;17.19;35.96;180.05;852.60;180.12;884.63;874.66;80.42;0.19
9430;0.00;105.13;0.00;104.88;0.00;0.00;58.98;17.25;35.96;180.04;850.50;180.13;884.21;874.49;80.42;0.19
9435;0.00;105.05;0.00;105.00;0.00;0.00;59.02;17.20;35.97;180.04;849.86;180.14;883.63;874.12;80.42;0.18
9440;0.00;104.99;0.00;105.01;0.00;0.00;59.00;17.22;35.96;180.05;848.41;180.14;882.93;873.60;80.43;0.19
9445;0.00;104.90;0.00;105.10;0.00;0.00;59.00;17.19;35.96;180.06;849.65;180.14;883.19;873.68;80.42;0.19
9450;0.00;105.01;0.00;105.01;0.00;0.00;59.03;17.22;35.97;180.07;851.12;180.13;884.05;874.25;80.42;0.18
9455;0.00;105.01;0.00;105.00;0.00;0.00;59.01;17.23;35.97;180.06;852.48;180.12;884.73;874.76;80.42;0.19
9460;0.00;105.09;0.00;104.91;0.00;0.00;58.98;17.23;35.97;180.05;850.36;180.10;884.17;874.85;80.42;0.19
9465;0.00;105.02;0.00;104.99;0.00;0.00;59.03;17.27;35.97;180.04;849.65;180.08;883.33;873.93;80.42;0.17
9470;0.00;105.01;0.00;105.01;0.00;0.00;58.98;17.27;35.97;180.03;848.73;180.07;882.73;873.45;80.42;0.19
9475;0.00;104.89;0.00;105.11;0.00;0.00;59.00;17.19;35.97;180.02;850.28;180.05;882.76;873.40;80.42;0.18
9480;0.00;105.01;0.00;105.03;0.00;0.00;59.00;17.23;35.98;180.04;851.72;180.06;884.20;873.81;80.42;0.18
9485;0.00;105.00;0.00;104.99;0.00;0.00;59.01;17.23;35.97;180.06;852.55;180.04;884.64;874.69;80.43;0.19
9490;0.00;105.15;0.00;104.85;0.00;0.00;58.99;17.22;35.98;180.07;851.09;180.05;884.37;874.57;80.43;0.17
9495;0.00;105.03;0.00;104.99;0.00;0.00;59.02;17.25;35.98;180.07;849.36;180.06;883.61;874.09;80.42;0.18
9500;0.00;105.00;0.00;105.00;0.00;0.00;58.98;17.20;35.99;180.05;848.34;180.08;882.55;873.53;80.42;0.19
9505;0.00;104.91;0.00;105.11;0.00;0.00;58.99;17.20;35.99;180.04;849.38;180.09;882.95;873.48;80.42;0.17
9510;0.00;105.00;0.00;105.03;0.00;0.00;59.02;17.23;35.99;180.03;850.95;180.10;883.79;874.05;80.42;0.18
9515;0.00;104.99;0.00;104.99;0.00;0.00;59.00;17.22;36.00;180.03;852.05;180.10;884.54;874.59;80.42;0.19
9520;0.00;105.08;0.00;104.89;0.00;0.00;58.97;17.19;35.99;180.04;850.46;180.12;884.19;874.50;80.42;0.19
9525;0.00;105.03;0.00;105.00;0.00;0.00;59.02;17.23;36.00;180.05;849.68;180.11;883.42;874.00;80.42;0.18
9530;0.00;104.98;0.00;105.00;0.00;0.00;58.98;17.19;36.00;180.06;848.94;180.11;882.82;873.52;80.42;0.19
9535;0.00;104.92;0.00;105.13;0.00;0.00;59.01;17.22;36.00;180.06;850.07;180.10;882.83;873.47;80.43;0.19
9540;0.00;104.97;0.00;105.03;0.00;0.00;59.03;17.25;36.00;180.06;851.57;180.08;884.33;874.45;80.42;0.17
9545;0.00;104.98;0.00;105.01;0.00;0.00;59.01;17.23;36.00;180.06;852.67;180.07;884.79;874.84;80.42;0.19
9550;0.00;105.08;0.00;104.89;0.00;0.00;59.01;17.20;36.00;180.03;851.37;180.07;884.60;874.76;80.42;0.17
9555;0.00;105.01;0.00;105.01;0.00;0.00;59.03;17.25;36.01;180.03;849.45;180.06;883.86;874.29;80.42;0.17
9560;0.00;104.99;0.00;104.99;0.00;0.00;59.01;17.22;36.01;180.03;848.43;180.05;882.63;873.33;80.42;0.19
9565;0.00;104.91;0.00;105.09;0.00;0.00;58.98;17.17;36.01;180.04;849.21;180.05;882.89;873.46;80.42;0.17
9570;0.00;104.99;0.00;105.03;0.00;0.00;59.03;17.23;36.01;180.05;850.78;180.05;883.66;873.96;80.42;0.18
9575;0.00;105.01;0.00;104.98;0.00;0.00;58.99;17.22;36.01;180.06;852.17;180.07;884.40;874.50;80.43;0.19
9580;0.00;105.11;0.00;104.85;0.00;0.00;58.98;17.22;36.02;180.06;850.66;180.08;884.15;874.44;80.43;0.19
9585;0.00;105.02;0.00;104.99;0.00;0.00;59.03;17.22;36.02;180.06;849.74;180.09;883.35;873.92;80.42;0.18
9590;0.00;104.99;0.00;104.99;0.00;0.00;59.01;17.23;36.02;180.04;848.49;180.11;882.71;873.41;80.42;0.19
9595;0.00;104.91;0.00;105.11;0.00;0.00;58.98;17.20;36.02;180.04;849.91;180.12;883.27;873.31;80.42;0.19
9600;0.00;104.99;0.00;105.01;0.00;0.00;59.02;17.22;36.02;180.05;851.35;180.13;884.15;874.32;80.43;0.17
9605;0.00;105.01;0.00;104.99;0.00;0.00;58.98;17.20;36.02;180.05;852.62;180.12;884.78;874.80;80.43;0.19
9610;0.00;105.08;0.00;104.88;0.00;0.00;58.99;17.20;36.02;180.05;850.17;180.12;884.72;874.83;80.42;0.18
9615;0.00;105.03;0.00;105.00;0.00;0.00;59.03;17.25;36.03;180.04;849.52;180.12;883.29;874.46;80.43;0.17
9620;0.00;105.00;0.00;105.00;0.00;0.00;58.99;17.22;36.02;180.04;848.56;180.10;882.80;873.50;80.43;0.19
9625;0.00;104.92;0.00;105.13;0.00;0.00;59.01;17.20;36.03;180.04;849.03;180.09;882.96;873.56;80.43;0.17
9630;0.00;104.99;0.00;105.04;0.00;0.00;59.02;17.22;36.03;180.06;851.99;180.07;883.68;874.03;80.42;0.18
9635;0.00;105.00;0.00;104.99;0.00;0.00;59.00;17.22;36.04;180.07;852.40;180.04;884.75;874.80;80.42;0.19
9640;0.00;105.11;0.00;104.87;0.00;0.00;59.01;17.20;36.04;180.07;850.92;180.04;884.37;874.59;80.43;0.17
9645;0.00;105.04;0.00;105.00;0.00;0.00;59.06;17.22;36.04;180.04;849.87;180.03;883.55;874.05;80.43;0.18
9650;0.00;104.98;0.00;104.99;0.00;0.00;58.99;17.22;36.04;180.04;848.41;180.04;882.83;873.52;80.43;0.19
9655;0.00;104.90;0.00;105.10;0.00;0.00;58.99;17.20;36.04;180.04;849.70;180.04;883.09;873.60;80.43;0.19
9660;0.00;105.01;0.00;105.03;0.00;0.00;59.00;17.19;36.04;180.05;851.15;180.07;883.97;874.18;80.43;0.18
9665;0.00;105.00;0.00;104.98;0.00;0.00;59.00;17.23;36.04;180.07;852.51;180.07;884.62;874.67;80.43;0.19
9670;0.00;105.08;0.00;104.85;0.00;0.00;58.99;17.19;36.05;180.07;850.26;180.10;884.64;874.75;80.43;0.19
9675;0.00;105.04;0.00;105.01;0.00;0.00;59.02;17.22;36.05;180.05;849.56;180.10;883.25;873.85;80.42;0.17
9680;0.00;105.01;0.00;104.99;0.00;0.00;58.98;17.25;36.05;180.05;848.72;180.12;882.72;873.43;80.42;0.19
9685;0.00;104.91;0.00;105.11;0.00;0.00;58.99;17.20;36.06;180.03;848.81;180.12;882.82;873.46;80.42;0.18
9690;0.00;105.00;0.00;105.03;0.00;0.00;59.02;17.22;36.05;180.03;851.81;180.12;884.43;873.92;80.42;0.18
9695;0.00;104.98;0.00;105.01;0.00;0.00;59.01;17.22;36.06;180.04;852.57;180.12;884.83;874.86;80.42;0.19
9700;0.00;105.09;0.00;104.89;0.00;0.00;59.01;17.22;36.06;180.05;851.06;180.11;884.52;874.71;80.43;0.17
9705;0.00;105.00;0.00;104.99;0.00;0.00;59.05;17.22;36.06;180.07;849.38;180.09;883.75;874.22;80.43;0.18
9710;0.00;105.00;0.00;105.00;0.00;0.00;59.01;17.23;36.06;180.07;848.39;180.06;882.69;873.65;80.42;0.19
9715;0.00;104.92;0.00;105.16;0.00;0.00;58.99;17.22;36.06;180.06;849.51;180.05;883.09;873.61;80.43;0.19
9720;0.00;105.00;0.00;105.04;0.00;0.00;59.03;17.27;36.06;180.05;851.08;180.03;883.91;874.16;80.42;0.18
9725;0.00;104.99;0.00;104.99;0.00;0.00;59.01;17.25;36.07;180.04;852.03;180.02;884.59;874.64;80.42;0.19
9730;0.00;105.13;0.00;104.86;0.00;0.00;58.99;17.22;36.07;180.03;850.43;180.01;884.10;874.76;80.42;0.19
9735;0.00;105.02;0.00;104.99;0.00;0.00;59.02;17.22;36.07;180.02;849.65;180.00;883.28;873.85;80.42;0.18
9740;0.00;104.97;0.00;105.01;0.00;0.00;59.01;17.20;36.06;180.02;848.86;180.00;882.66;873.39;80.43;0.19
9745;0.00;104.92;0.00;105.09;0.00;0.00;58.98;17.25;36.06;180.03;850.11;180.01;882.66;873.32;80.42;0.18
9750;0.00;105.01;0.00;105.01;0.00;0.00;59.00;17.22;36.07;180.04;851.60;180.03;884.18;874.32;80.42;0.17
9755;0.00;104.99;0.00;104.99;0.00;0.00;58.99;17.22;36.07;180.06;852.62;180.04;884.68;874.71;80.42;0.19
9760;0.00;105.10;0.00;104.84;0.00;0.00;59.00;17.22;36.07;180.07;851.26;180.06;884.48;874.65;80.43;0.17
9765;0.00;105.03;0.00;104.99;0.00;0.00;59.02;17.27;36.08;180.06;849.41;180.08;883.76;874.21;80.42;0.17
9770;0.00;104.99;0.00;105.01;0.00;0.00;59.00;17.20;36.07;180.06;848.38;180.10;882.63;873.34;80.42;0.19
9775;0.00;104.88;0.00;105.11;0.00;0.00;59.00;17.20;36.08;180.06;849.27;180.11;882.96;873.51;80.42;0.17
9780;0.00;105.01;0.00;105.03;0.00;0.00;59.02;17.23;36.08;180.05;850.86;180.12;883.76;874.05;80.42;0.18
9785;0.00;105.02;0.00;104.98;0.00;0.00;58.98;17.25;36.08;180.04;852.24;180.13;884.52;874.58;80.42;0.19
9790;0.00;105.09;0.00;104.89;0.00;0.00;58.99;17.20;36.08;180.04;850.62;180.13;884.21;874.50;80.42;0.19
9795;0.00;105.02;0.00;105.00;0.00;0.00;59.02;17.23;36.08;180.03;849.73;180.12;883.40;873.95;80.42;0.18
9800;0.00;104.98;0.00;105.00;0.00;0.00;59.01;17.20;36.08;180.06;848.55;180.11;882.75;873.45;80.43;0.19
9805;0.00;104.90;0.00;105.14;0.00;0.00;58.98;17.23;36.09;180.07;850.00;180.08;883.26;873.36;80.43;0.19
9810;0.00;105.00;0.00;105.04;0.00;0.00;59.02;17.23;36.09;180.07;851.43;180.05;884.15;874.30;80.42;0.17
9815;0.00;105.00;0.00;104.98;0.00;0.00;59.00;17.23;36.09;180.06;852.65;180.04;884.70;874.73;80.42;0.19
9820;0.00;105.11;0.00;104.88;0.00;0.00;58.99;17.20;36.10;180.01;850.09;180.03;884.57;874.71;80.42;0.18
9825;0.00;105.04;0.00;105.01;0.00;0.00;59.04;17.23;36.09;180.00;849.45;180.01;883.07;874.29;80.42;0.17
9830;0.00;105.01;0.00;104.99;0.00;0.00;59.02;17.22;36.10;180.01;848.41;180.00;882.63;873.35;80.42;0.19
9835;0.00;104.93;0.00;105.10;0.00;0.00;59.00;17.20;36.10;180.02;849.05;180.00;882.87;873.45;80.42;0.17
9840;0.00;104.99;0.00;105.03;0.00;0.00;59.03;17.22;36.10;180.06;852.01;180.00;883.65;873.96;80.42;0.18
9845;0.00;104.99;0.00;104.99;0.00;0.00;59.00;17.25;36.10;180.07;852.33;180.02;884.73;874.54;80.43;0.19
9850;0.00;105.12;0.00;104.87;0.00;0.00;59.00;17.20;36.10;180.07;850.71;180.03;884.32;874.55;80.43;0.17
9855;0.00;105.03;0.00;104.99;0.00;0.00;59.03;17.25;36.10;180.03;849.79;180.05;883.51;874.05;80.42;0.18
9860;0.00;104.99;0.00;105.01;0.00;0.00;59.02;17.23;36.10;180.01;848.42;180.07;882.87;873.53;80.42;0.19
9865;0.00;104.92;0.00;105.11;0.00;0.00;58.99;17.20;36.11;180.00;849.77;180.10;883.28;873.73;80.42;0.19
9870;0.00;105.02;0.00;105.04;0.00;0.00;58.99;17.25;36.11;180.00;851.31;180.11;884.18;874.34;80.43;0.18
9875;0.00;105.01;0.00;104.99;0.00;0.00;59.00;17.20;36.10;180.05;852.57;180.12;884.82;874.83;80.43;0.19
9880;0.00;105.11;0.00;104.84;0.00;0.00;58.97;17.19;36.11;180.07;850.25;180.11;884.81;874.91;80.42;0.19
9885;0.00;105.03;0.00;105.01;0.00;0.00;59.02;17.20;36.11;180.08;849.57;180.09;883.38;873.97;80.43;0.17
9890;0.00;104.99;0.00;105.00;0.00;0.00;59.00;17.22;36.11;180.07;848.61;180.07;882.83;873.54;80.43;0.19
9895;0.00;104.90;0.00;105.11;0.00;0.00;58.99;17.20;36.11;180.04;848.91;180.06;882.94;873.55;80.43;0.18
9900;0.00;104.99;0.00;105.02;0.00;0.00;59.02;17.22;36.11;180.03;851.87;180.03;883.61;873.98;80.43;0.18
9905;0.00;105.00;0.00;105.00;0.00;0.00;59.02;17.23;36.11;180.02;852.53;180.02;884.72;874.79;80.42;0.19
9910;0.00;105.08;0.00;104.91;0.00;0.00;58.99;17.20;36.12;180.02;850.97;180.01;884.36;874.59;80.42;0.17
9915;0.00;105.05;0.00;104.99;0.00;0.00;59.03;17.25;36.12;180.04;849.90;180.00;883.53;874.06;80.42;0.18
9920;0.00;104.99;0.00;104.99;0.00;0.00;58.99;17.22;36.13;180.05;848.36;180.01;882.50;873.48;80.42;0.19
9925;0.00;104.89;0.00;105.13;0.00;0.00;59.02;17.20;36.13;180.06;849.53;180.01;882.94;873.49;80.42;0.19
9930;0.00;105.00;0.00;105.04;0.00;0.00;59.08;17.28;36.13;180.07;851.10;180.02;883.80;874.06;80.42;0.18
9935;0.00;105.00;0.00;105.01;0.00;0.00;58.98;17.22;36.13;180.05;851.93;180.04;884.50;874.57;80.42;0.19
9940;0.00;105.09;0.00;104.89;0.00;0.00;59.02;17.25;36.12;180.04;850.33;180.07;884.03;874.69;80.43;0.19
9945;0.00;105.03;0.00;104.99;0.00;0.00;59.03;17.23;36.13;180.03;849.58;180.10;883.25;873.83;80.42;0.17
9950;0.00;104.98;0.00;105.01;0.00;0.00;59.00;17.23;36.13;180.03;848.75;180.12;882.70;873.43;80.42;0.19
9955;0.00;104.91;0.00;105.09;0.00;0.00;58.98;17.20;36.13;180.04;850.21;180.14;882.81;873.44;80.42;0.18
9960;0.00;105.01;0.00;105.02;0.00;0.00;59.02;17.23;36.14;180.04;851.69;180.15;884.43;873.93;80.43;0.17
9965;0.00;105.00;0.00;105.00;0.00;0.00;59.00;17.20;36.14;180.05;852.66;180.16;884.88;874.90;80.43;0.19
9970;0.00;105.10;0.00;104.87;0.00;0.00;58.99;17.22;36.14;180.05;851.23;180.15;884.64;874.80;80.42;0.17
9975;0.00;105.03;0.00;104.99;0.00;0.00;59.02;17.20;36.15;180.05;849.42;180.13;883.87;874.33;80.43;0.17
9980;0.00;105.01;0.00;104.99;0.00;0.00;59.01;17.22;36.15;180.04;848.41;180.10;882.71;873.41;80.43;0.19
9985;0.00;104.92;0.00;105.09;0.00;0.00;58.99;17.23;36.15;180.04;849.37;180.07;883.00;873.56;80.43;0.17
9990;0.00;104.97;0.00;105.03;0.00;0.00;59.02;17.23;36.15;180.02;850.94;180.04;883.76;874.07;80.43;0.18
9995;0.00;105.01;0.00;104.99;0.00;0.00;59.01;17.20;36.15;180.02;852.19;180.00;884.45;874.55;80.43;0.19
10000;0.00;105.10;0.00;104.85;0.00;0.00;59.01;17.22;36.15;180.02;850.55;179.99;884.04;874.37;80.42;0.19
10005;0.00;105.03;0.00;104.98;0.00;0.00;59.03;17.25;36.15;180.02;849.68;180.00;883.22;873.81;80.43;0.18
10010;0.00;104.99;0.00;105.00;0.00;0.00;59.02;17.22;36.15;180.03;848.99;179.99;882.56;873.31;80.42;0.19
10015;0.00;104.90;0.00;105.11;0.00;0.00;58.99;17.20;36.15;180.03;849.92;180.01;882.51;873.19;80.42;0.19
10020;0.00;104.98;0.00;105.03;0.00;0.00;59.02;17.23;36.15;180.03;851.44;180.04;884.02;874.20;80.42;0.17
10025;0.00;105.01;0.00;104.99;0.00;0.00;58.99;17.22;36.15;180.03;852.61;180.06;884.58;874.63;80.42;0.19
10030;0.00;105.07;0.00;104.92;0.00;0.00;58.99;17.20;36.15;180.02;849.99;180.08;884.47;874.62;80.43;0.18
10035;0.00;105.02;0.00;105.00;0.00;0.00;59.02;17.25;36.16;180.02;849.40;180.10;883.06;874.21;80.43;0.17
10040;0.00;105.01;0.00;105.00;0.00;0.00;58.98;17.22;36.15;180.02;848.41;180.12;882.67;873.37;80.42;0.19
10045;0.00;104.88;0.00;105.12;0.00;0.00;59.01;17.22;36.16;180.02;849.11;180.10;882.96;873.56;80.42;0.17
10050;0.00;105.00;0.00;105.02;0.00;0.00;59.04;17.23;36.16;180.02;852.11;180.13;883.81;874.10;80.42;0.18
10055;0.00;104.98;0.00;105.00;0.00;0.00;58.99;17.22;36.16;180.03;852.06;180.12;884.61;874.67;80.43;0.19
10060;0.00;105.09;0.00;104.88;0.00;0.00;58.99;17.23;36.16;180.04;850.45;180.10;884.26;874.90;80.43;0.19
10065;0.00;105.03;0.00;104.99;0.00;0.00;59.04;17.25;36.16;180.04;849.68;180.07;883.41;874.00;80.43;0.18
10070;0.00;105.00;0.00;105.01;0.00;0.00;59.00;17.22;36.16;180.03;848.88;180.06;882.80;873.49;80.42;0.19
10075;0.00;104.91;0.00;105.10;0.00;0.00;58.97;17.20;36.16;180.01;850.18;180.03;882.77;873.43;80.43;0.18
10080;0.00;105.00;0.00;105.03;0.00;0.00;59.02;17.23;36.16;180.01;851.64;179.99;884.14;874.31;80.43;0.17
10085;0.00;104.99;0.00;104.99;0.00;0.00;59.00;17.19;36.16;180.03;852.64;180.00;884.56;874.64;80.42;0.19
10090;0.00;105.09;0.00;104.86;0.00;0.00;58.99;17.20;36.16;180.03;851.21;179.98;884.30;874.51;80.43;0.17
10095;0.00;105.01;0.00;105.01;0.00;0.00;59.04;17.23;36.16;180.04;849.33;180.00;883.55;874.03;80.42;0.17
10100;0.00;105.00;0.00;105.01;0.00;0.00;58.99;17.23;36.17;180.04;848.31;180.02;882.40;873.15;80.42;0.19
10105;0.00;104.92;0.00;105.09;0.00;0.00;58.99;17.23;36.17;180.05;849.23;180.02;882.77;873.35;80.42;0.17
10110;0.00;105.00;0.00;105.01;0.00;0.00;59.02;17.22;36.16;180.03;850.73;180.04;883.62;873.94;80.42;0.18
10115;0.00;105.00;0.00;105.00;0.00;0.00;59.01;17.22;36.17;180.02;852.19;180.06;884.74;874.53;80.42;0.19
10120;0.00;105.12;0.00;104.84;0.00;0.00;58.98;17.20;36.17;180.00;850.56;180.09;884.33;874.57;80.43;0.19
10125;0.00;105.02;0.00;104.99;0.00;0.00;59.05;17.25;36.17;180.00;849.73;180.09;883.59;874.10;80.43;0.18
10130;0.00;105.00;0.00;104.99;0.00;0.00;59.00;17.20;36.17;180.02;848.54;180.10;882.96;873.64;80.42;0.19
10135;0.00;104.90;0.00;105.11;0.00;0.00;58.99;17.22;36.17;180.03;849.86;180.07;883.44;873.53;80.42;0.19
10140;0.00;104.98;0.00;105.03;0.00;0.00;59.02;17.20;36.17;180.04;851.41;180.09;884.28;874.46;80.42;0.18
10145;0.00;104.99;0.00;104.99;0.00;0.00;59.01;17.22;36.18;180.04;852.68;180.06;884.84;874.88;80.43;0.19
10150;0.00;105.08;0.00;104.89;0.00;0.00;58.98;17.20;36.18;180.03;850.21;180.06;884.73;874.86;80.43;0.19
10155;0.00;105.04;0.00;105.01;0.00;0.00;59.04;17.23;36.18;180.01;849.52;180.05;883.18;873.80;80.43;0.17
10160;0.00;105.00;0.00;105.01;0.00;0.00;59.01;17.19;36.18;180.01;848.61;180.04;882.63;873.35;80.42;0.19
10165;0.00;104.88;0.00;105.14;0.00;0.00;59.00;17.22;36.19;180.03;848.90;180.03;882.72;873.36;80.43;0.18
10170;0.00;105.03;0.00;105.03;0.00;0.00;59.03;17.23;36.19;180.04;851.86;180.00;883.40;873.79;80.43;0.18
10175;0.00;105.01;0.00;104.99;0.00;0.00;58.99;17.22;36.18;180.04;852.51;180.00;884.56;874.64;80.42;0.19
10180;0.00;105.09;0.00;104.89;0.00;0.00;58.98;17.19;36.19;180.04;850.96;180.00;884.22;874.47;80.43;0.17
10185;0.00;105.01;0.00;105.01;0.00;0.00;59.03;17.23;36.19;180.02;849.26;180.02;883.47;873.99;80.43;0.18
10190;0.00;105.02;0.00;105.01;0.00;0.00;59.01;17.22;36.20;180.02;848.32;180.01;882.53;873.44;80.43;0.19
10195;0.00;104.91;0.00;105.09;0.00;0.00;59.02;17.20;36.20;180.02;849.47;180.05;883.00;873.52;80.43;0.19
10200;0.00;104.98;0.00;105.03;0.00;0.00;59.02;17.23;36.20;180.02;851.06;180.06;883.89;874.14;80.43;0.18
10205;0.00;105.01;0.00;104.99;0.00;0.00;59.00;17.19;36.20;180.03;852.04;180.08;884.63;874.67;80.43;0.19
10210;0.00;105.10;0.00;104.91;0.00;0.00;58.98;17.20;36.20;180.03;850.41;180.11;884.22;874.51;80.43;0.19
10215;0.00;105.03;0.00;104.99;0.00;0.00;59.05;17.22;36.21;180.04;849.68;180.11;883.41;873.99;80.43;0.18
10220;0.00;104.99;0.00;105.01;0.00;0.00;58.99;17.23;36.21;180.04;848.97;180.11;882.80;873.50;80.42;0.19
10225;0.00;104.89;0.00;105.11;0.00;0.00;58.99;17.23;36.21;180.04;850.18;180.12;882.77;873.43;80.42;0.19
10230;0.00;105.01;0.00;105.03;0.00;0.00;58.99;17.22;36.21;180.04;851.57;180.11;884.21;874.39;80.43;0.17
10235;0.00;105.00;0.00;104.98;0.00;0.00;58.99;17.23;36.21;180.02;852.69;180.10;884.68;874.74;80.44;0.19
10240;0.00;105.10;0.00;104.89;0.00;0.00;58.99;17.22;36.21;180.00;851.37;180.08;884.48;874.66;80.44;0.18
10245;0.00;105.02;0.00;105.01;0.00;0.00;59.02;17.22;36.21;180.00;849.41;180.05;882.95;874.21;80.44;0.17
10250;0.00;104.99;0.00;104.98;0.00;0.00;58.98;17.20;36.21;180.00;848.39;180.02;882.50;873.25;80.44;0.19
10255;0.00;104.92;0.00;105.09;0.00;0.00;59.01;17.20;36.22;180.02;849.08;180.00;882.74;873.37;80.44;0.17
10260;0.00;104.99;0.00;105.03;0.00;0.00;59.00;17.25;36.22;180.04;852.04;180.01;883.55;873.86;80.44;0.18
10265;0.00;104.98;0.00;104.99;0.00;0.00;58.99;17.23;36.22;180.04;852.31;180.01;884.59;874.42;80.44;0.19
10270;0.00;105.10;0.00;104.86;0.00;0.00;58.99;17.20;36.22;180.03;850.76;180.01;884.16;874.44;80.44;0.17
10275;0.00;105.04;0.00;105.01;0.00;0.00;59.03;17.20;36.22;180.01;849.74;180.03;883.39;873.94;80.44;0.18
10280;0.00;104.98;0.00;104.99;0.00;0.00;59.00;17.20;36.22;180.01;848.39;180.06;882.74;873.44;80.44;0.19
10285;0.00;104.92;0.00;105.12;0.00;0.00;58.99;17.20;36.23;180.01;849.70;180.09;883.10;873.57;80.44;0.19
10290;0.00;105.01;0.00;105.03;0.00;0.00;59.01;17.23;36.23;180.03;851.93;180.11;884.36;874.02;80.44;0.18
10295;0.00;105.00;0.00;104.99;0.00;0.00;59.01;17.19;36.23;180.03;852.64;180.12;884.75;874.79;80.44;0.19
10300;0.00;105.08;0.00;104.87;0.00;0.00;59.01;17.25;36.23;180.04;851.18;180.15;884.50;874.69;80.44;0.17
10305;0.00;105.02;0.00;105.01;0.00;0.00;59.05;17.22;36.23;180.02;849.39;180.13;883.76;874.21;80.44;0.17
10310;0.00;105.01;0.00;105.01;0.00;0.00;58.99;17.22;36.23;180.01;848.54;180.14;882.70;873.43;80.44;0.19
10315;0.00;104.91;0.00;105.12;0.00;0.00;59.02;17.20;36.23;180.01;849.67;180.10;883.10;873.61;80.44;0.17
10320;0.00;105.00;0.00;105.02;0.00;0.00;59.01;17.22;36.24;180.03;851.90;180.07;884.29;874.00;80.44;0.18
10325;0.00;105.01;0.00;104.99;0.00;0.00;59.02;17.22;36.24;180.04;851.88;180.05;884.65;874.71;80.44;0.19
10330;0.00;105.07;0.00;104.85;0.00;0.00;58.98;17.19;36.24;180.04;850.62;180.01;884.24;874.51;80.44;0.17
10335;0.00;105.04;0.00;105.00;0.00;0.00;59.02;17.17;36.24;180.03;849.42;179.98;883.03;873.70;80.44;0.17
10340;0.00;105.01;0.00;105.00;0.00;0.00;59.01;17.20;36.24;180.02;848.47;179.97;882.61;873.36;80.44;0.19
10345;0.00;104.92;0.00;105.11;0.00;0.00;59.02;17.20;36.24;180.02;849.47;179.96;882.90;873.45;80.44;0.17
10350;0.00;104.98;0.00;105.04;0.00;0.00;59.02;17.23;36.24;180.03;851.65;179.96;884.14;874.30;80.44;0.18
10355;0.00;105.00;0.00;105.00;0.00;0.00;59.00;17.20;36.25;180.04;852.03;179.98;884.60;874.63;80.43;0.19
10360;0.00;105.12;0.00;104.85;0.00;0.00;58.99;17.20;36.25;180.04;850.77;180.00;884.36;874.60;80.44;0.17
10365;0.00;105.02;0.00;104.99;0.00;0.00;59.02;17.22;36.25;180.03;849.49;180.03;883.22;873.85;80.44;0.18
10370;0.00;105.00;0.00;105.01;0.00;0.00;58.99;17.23;36.25;180.03;848.42;180.09;882.66;873.49;80.44;0.19
10375;0.00;104.88;0.00;105.14;0.00;0.00;59.00;17.22;36.26;180.03;849.24;180.10;882.94;873.51;80.44;0.17
10380;0.00;104.99;0.00;105.03;0.00;0.00;59.02;17.22;36.26;180.04;851.57;180.13;884.16;874.33;80.44;0.18
10385;0.00;104.99;0.00;104.99;0.00;0.00;59.00;17.20;36.26;180.05;852.31;180.15;884.74;874.81;80.44;0.19
10390;0.00;105.09;0.00;104.89;0.00;0.00;59.01;17.20;36.26;180.05;850.07;180.16;884.45;874.65;80.44;0.17
10395;0.00;105.01;0.00;104.99;0.00;0.00;59.03;17.25;36.26;180.04;849.58;180.16;883.26;873.90;80.44;0.18
10400;0.00;105.02;0.00;104.99;0.00;0.00;59.02;17.20;36.25;180.02;848.37;180.13;882.60;873.32;80.44;0.19
10405;0.00;104.90;0.00;105.12;0.00;0.00;59.01;17.22;36.26;180.01;850.30;180.11;882.80;873.42;80.44;0.18
10410;0.00;104.98;0.00;105.03;0.00;0.00;59.03;17.22;36.26;180.02;851.34;180.08;883.98;874.18;80.44;0.18
10415;0.00;105.00;0.00;105.01;0.00;0.00;59.01;17.20;36.26;180.04;852.44;180.05;884.67;874.73;80.44;0.19
10420;0.00;105.15;0.00;104.84;0.00;0.00;58.98;17.22;36.26;180.07;850.20;180.01;883.94;874.65;80.44;0.18
10425;0.00;105.04;0.00;104.99;0.00;0.00;59.02;17.22;36.26;180.08;849.65;179.98;883.31;873.91;80.44;0.18
10430;0.00;105.00;0.00;105.01;0.00;0.00;59.01;17.20;36.25;180.06;848.35;179.95;882.54;873.26;80.44;0.19
10435;0.00;104.90;0.00;105.12;0.00;0.00;59.01;17.23;36.25;180.02;850.01;179.94;883.21;873.34;80.44;0.18
10440;0.00;105.01;0.00;105.04;0.00;0.00;59.02;17.25;36.26;180.00;852.21;179.93;883.90;874.10;80.44;0.18
10445;0.00;105.00;0.00;104.99;0.00;0.00;58.99;17.22;36.25;180.00;852.64;179.95;884.76;874.79;80.44;0.19
10450;0.00;105.11;0.00;104.84;0.00;0.00;58.99;17.20;36.25;180.02;850.37;179.98;884.21;874.53;80.44;0.19
10455;0.00;105.04;0.00;104.99;0.00;0.00;59.03;17.25;36.26;180.05;849.37;179.99;883.58;874.11;80.44;0.18
10460;0.00;105.00;0.00;105.00;0.00;0.00;59.00;17.20;36.26;180.06;848.52;180.04;882.68;873.41;80.44;0.19
10465;0.00;104.91;0.00;105.09;0.00;0.00;58.98;17.20;36.26;180.09;849.89;180.08;883.12;873.62;80.44;0.19
10470;0.00;105.00;0.00;105.03;0.00;0.00;59.02;17.27;36.26;180.07;851.99;180.12;883.72;874.01;80.44;0.18
10475;0.00;105.01;0.00;105.00;0.00;0.00;59.01;17.22;36.27;180.03;852.68;180.13;884.56;874.63;80.44;0.19
10480;0.00;105.12;0.00;104.86;0.00;0.00;58.98;17.23;36.26;180.01;850.43;180.13;884.01;874.34;80.44;0.17
10485;0.00;105.02;0.00;105.00;0.00;0.00;59.05;17.27;36.26;179.99;849.33;180.13;882.82;873.94;80.44;0.17
10490;0.00;105.00;0.00;104.99;0.00;0.00;58.99;17.20;36.27;180.01;848.54;180.12;882.45;873.22;80.44;0.19
10495;0.00;104.92;0.00;105.08;0.00;0.00;58.99;17.22;36.27;180.03;849.55;180.09;882.90;873.44;80.44;0.17
10500;0.00;105.01;0.00;105.04;0.00;0.00;59.02;17.22;36.27;180.07;851.82;180.05;884.23;874.35;80.44;0.18
10505;0.00;105.02;0.00;104.99;0.00;0.00;58.99;17.23;36.28;180.09;851.86;180.03;884.66;874.69;80.44;0.19
10510;0.00;105.10;0.00;104.88;0.00;0.00;59.01;17.22;36.27;180.08;850.70;179.99;884.32;874.59;80.44;0.17
10515;0.00;105.00;0.00;105.00;0.00;0.00;59.01;17.25;36.28;180.06;849.44;179.97;883.21;873.81;80.44;0.17
10520;0.00;105.01;0.00;104.99;0.00;0.00;58.98;17.20;36.28;180.03;848.49;179.94;882.79;873.49;80.44;0.19
10525;0.00;104.88;0.00;105.12;0.00;0.00;58.99;17.22;36.28;180.02;849.47;179.94;883.04;873.58;80.44;0.17
10530;0.00;104.99;0.00;105.03;0.00;0.00;59.01;17.22;36.29;180.02;851.76;179.95;884.25;874.40;80.44;0.18
10535;0.00;104.99;0.00;105.00;0.00;0.00;59.01;17.22;36.29;180.03;852.17;179.98;884.67;874.71;80.44;0.19
10540;0.00;105.08;0.00;104.91;0.00;0.00;58.98;17.22;36.29;180.05;850.89;180.00;884.34;874.61;80.44;0.17
10545;0.00;105.03;0.00;105.01;0.00;0.00;59.05;17.23;36.29;180.05;849.53;180.05;883.12;873.76;80.44;0.18
10550;0.00;105.00;0.00;104.99;0.00;0.00;59.02;17.22;36.30;180.05;848.39;180.10;882.48;873.37;80.44;0.19
10555;0.00;104.89;0.00;105.09;0.00;0.00;58.99;17.19;36.31;180.04;850.46;180.11;882.72;873.34;80.44;0.17
10560;0.00;104.98;0.00;105.04;0.00;0.00;59.02;17.22;36.30;180.05;851.48;180.14;883.92;874.13;80.44;0.18
10565;0.00;105.01;0.00;105.00;0.00;0.00;59.01;17.22;36.29;180.05;852.27;180.16;884.56;874.64;80.44;0.19
10570;0.00;105.09;0.00;104.87;0.00;0.00;58.99;17.22;36.30;180.05;850.07;180.17;884.32;874.55;80.44;0.17
10575;0.00;105.01;0.00;104.99;0.00;0.00;59.02;17.25;36.30;180.04;849.56;180.14;883.21;873.82;80.44;0.18
10580;0.00;104.99;0.00;105.01;0.00;0.00;58.99;17.22;36.30;180.05;848.35;180.11;882.55;873.28;80.44;0.19
10585;0.00;104.93;0.00;105.09;0.00;0.00;58.97;17.17;36.31;180.05;850.22;180.07;882.80;873.40;80.44;0.18
10590;0.00;105.00;0.00;105.02;0.00;0.00;59.02;17.20;36.31;180.04;851.38;180.05;884.05;874.23;80.44;0.18
10595;0.00;104.98;0.00;104.99;0.00;0.00;59.01;17.19;36.31;180.03;852.54;180.00;884.78;874.82;80.44;0.19
10600;0.00;105.08;0.00;104.89;0.00;0.00;59.01;17.22;36.31;180.04;850.22;179.97;884.08;874.76;80.44;0.18
10605;0.00;105.04;0.00;105.00;0.00;0.00;59.03;17.22;36.31;180.04;849.69;179.96;883.45;874.04;80.44;0.18
10610;0.00;104.99;0.00;104.99;0.00;0.00;59.02;17.20;36.31;180.04;848.43;179.96;882.63;873.37;80.44;0.19
10615;0.00;104.92;0.00;105.12;0.00;0.00;58.99;17.22;36.31;180.05;850.10;179.97;883.22;873.68;80.44;0.19
10620;0.00;104.97;0.00;105.04;0.00;0.00;59.02;17.22;36.32;180.05;852.16;179.99;883.85;874.09;80.44;0.18
10625;0.00;105.00;0.00;105.01;0.00;0.00;59.00;17.27;36.32;180.05;852.62;180.02;884.60;874.67;80.44;0.19
10630;0.00;105.10;0.00;104.89;0.00;0.00;59.00;17.20;36.32;180.02;850.36;180.05;883.92;874.32;80.44;0.19
10635;0.00;105.02;0.00;105.00;0.00;0.00;59.04;17.23;36.32;180.00;849.27;180.08;883.32;873.89;80.44;0.18
10640;0.00;104.99;0.00;105.00;0.00;0.00;59.00;17.20;36.32;180.00;848.42;180.10;882.45;873.21;80.44;0.19
10645;0.00;104.91;0.00;105.11;0.00;0.00;58.99;17.19;36.33;180.03;849.76;180.13;883.00;873.49;80.44;0.19
10650;0.00;105.01;0.00;105.03;0.00;0.00;59.03;17.23;36.33;180.05;851.99;180.16;883.68;873.94;80.44;0.18
10655;0.00;105.01;0.00;104.99;0.00;0.00;58.99;17.20;36.33;180.07;852.68;180.15;884.66;874.70;80.44;0.19
10660;0.00;105.11;0.00;104.85;0.00;0.00;58.99;17.20;36.32;180.06;850.52;180.15;884.22;874.53;80.44;0.17
10665;0.00;105.03;0.00;105.01;0.00;0.00;59.02;17.22;36.33;180.05;849.36;180.13;883.07;874.14;80.44;0.17
10670;0.00;105.01;0.00;104.99;0.00;0.00;59.02;17.20;36.33;180.03;848.59;180.12;882.69;873.42;80.44;0.19
10675;0.00;104.91;0.00;105.08;0.00;0.00;58.99;17.19;36.33;180.02;849.65;180.09;883.07;873.58;80.44;0.17
10680;0.00;104.99;0.00;105.03;0.00;0.00;59.01;17.22;36.34;180.02;851.82;180.04;884.26;874.39;80.44;0.18
10685;0.00;105.00;0.00;105.00;0.00;0.00;58.99;17.20;36.34;180.03;851.97;180.02;884.62;874.68;80.44;0.19
10690;0.00;105.12;0.00;104.84;0.00;0.00;58.99;17.22;36.34;180.04;850.69;179.99;884.24;874.52;80.44;0.17
10695;0.00;105.04;0.00;104.99;0.00;0.00;59.06;17.25;36.34;180.06;849.44;179.96;883.00;873.67;80.44;0.17
10700;0.00;104.99;0.00;105.00;0.00;0.00;59.01;17.22;36.34;180.06;848.47;179.96;882.57;873.33;80.44;0.19
10705;0.00;104.90;0.00;105.10;0.00;0.00;58.99;17.22;36.35;180.05;849.56;179.95;882.89;873.45;80.44;0.17
10710;0.00;105.00;0.00;105.04;0.00;0.00;59.02;17.20;36.35;180.02;851.74;179.97;884.15;874.28;80.44;0.18
10715;0.00;105.01;0.00;104.99;0.00;0.00;59.01;17.20;36.35;180.02;852.01;179.98;884.56;874.62;80.44;0.19
10720;0.00;105.08;0.00;104.91;0.00;0.00;58.99;17.22;36.35;180.02;850.73;180.00;884.27;874.52;80.44;0.17
10725;0.00;105.02;0.00;105.01;0.00;0.00;59.05;17.20;36.35;180.04;849.46;180.04;883.10;873.74;80.44;0.17
10730;0.00;105.02;0.00;105.01;0.00;0.00;59.00;17.22;36.35;180.06;848.44;180.06;882.55;873.38;80.44;0.19
10735;0.00;104.90;0.00;105.11;0.00;0.00;59.02;17.23;36.35;180.07;849.30;180.08;882.84;873.44;80.44;0.17
10740;0.00;104.98;0.00;105.03;0.00;0.00;59.02;17.23;36.35;180.06;851.63;180.09;884.09;874.26;80.44;0.18
10745;0.00;105.00;0.00;104.99;0.00;0.00;58.99;17.20;36.36;180.03;852.29;180.11;884.66;874.61;80.44;0.19
10750;0.00;105.09;0.00;104.84;0.00;0.00;58.98;17.19;36.36;180.01;850.03;180.10;884.37;874.59;80.44;0.17
10755;0.00;105.06;0.00;104.99;0.00;0.00;59.05;17.23;36.36;180.00;849.53;180.10;883.18;873.80;80.44;0.18
10760;0.00;104.98;0.00;105.01;0.00;0.00;58.99;17.20;36.36;180.02;848.36;180.09;882.53;873.26;80.44;0.19
10765;0.00;104.92;0.00;105.11;0.00;0.00;59.01;17.20;36.36;180.05;850.34;180.08;882.75;873.37;80.44;0.18
10770;0.00;105.00;0.00;105.03;0.00;0.00;59.02;17.22;36.37;180.06;851.38;180.06;883.92;874.14;80.44;0.18
10775;0.00;105.02;0.00;104.99;0.00;0.00;58.98;17.20;36.37;180.06;852.40;180.04;884.63;874.70;80.44;0.19
10780;0.00;105.08;0.00;104.92;0.00;0.00;58.99;17.20;36.38;180.04;850.14;180.02;884.41;874.60;80.44;0.18
10785;0.00;105.03;0.00;105.01;0.00;0.00;59.01;17.22;36.37;180.02;849.60;180.01;883.28;873.89;80.44;0.18
10790;0.00;105.00;0.00;105.01;0.00;0.00;59.00;17.22;36.37;180.02;848.36;180.00;882.55;873.30;80.44;0.19
10795;0.00;104.92;0.00;105.10;0.00;0.00;59.01;17.22;36.37;180.03;850.09;180.00;883.26;873.39;80.44;0.18
10800;0.00;105.02;0.00;105.03;0.00;0.00;59.02;17.23;36.39;180.04;852.19;180.00;883.95;874.15;80.44;0.18
10805;0.00;104.99;0.00;104.99;0.00;0.00;59.00;17.23;36.38;180.05;852.63;180.00;884.76;874.81;80.44;0.19
10810;0.00;105.11;0.00;104.85;0.00;0.00;58.99;17.22;36.38;180.05;850.29;180.00;884.13;874.50;80.44;0.19
10815;0.00;105.03;0.00;104.99;0.00;0.00;59.03;17.22;36.39;180.05;849.31;180.00;883.52;874.10;80.44;0.18
10820;0.00;105.00;0.00;105.01;0.00;0.00;59.01;17.22;36.39;180.04;848.46;180.01;882.68;873.39;80.44;0.19
10825;0.00;104.89;0.00;105.09;0.00;0.00;58.99;17.20;36.39;180.03;849.85;180.03;883.14;873.66;80.44;0.19
10830;0.00;104.98;0.00;105.03;0.00;0.00;59.01;17.23;36.39;180.02;852.07;180.05;883.78;874.06;80.44;0.18
10835;0.00;104.99;0.00;104.97;0.00;0.00;58.99;17.20;36.39;180.02;852.71;180.07;884.65;874.71;80.44;0.19
10840;0.00;105.08;0.00;104.86;0.00;0.00;58.99;17.22;36.39;180.03;850.50;180.10;884.08;874.44;80.44;0.17
10845;0.00;105.02;0.00;105.01;0.00;0.00;59.02;17.25;36.39;180.05;849.32;180.12;882.84;874.01;80.44;0.17
10850;0.00;104.98;0.00;105.01;0.00;0.00;59.02;17.22;36.39;180.06;848.53;180.11;882.49;873.26;80.44;0.19
10855;0.00;104.89;0.00;105.12;0.00;0.00;58.99;17.20;36.39;180.05;849.65;180.11;882.87;873.43;80.44;0.17
10860;0.00;105.01;0.00;105.01;0.00;0.00;59.02;17.23;36.39;180.03;851.89;180.09;884.13;874.27;80.44;0.18
10865;0.00;105.01;0.00;104.99;0.00;0.00;58.99;17.23;36.39;180.02;851.89;180.08;884.50;874.57;80.44;0.19
10870;0.00;105.07;0.00;104.90;0.00;0.00;58.97;17.22;36.39;180.02;850.61;180.06;884.12;874.41;80.44;0.17
10875;0.00;105.04;0.00;105.01;0.00;0.00;59.02;17.22;36.39;180.04;849.40;180.04;882.96;873.65;80.44;0.17
10880;0.00;104.97;0.00;104.99;0.00;0.00;58.98;17.22;36.39;180.04;848.49;180.02;882.61;873.35;80.44;0.19
10885;0.00;104.89;0.00;105.12;0.00;0.00;58.99;17.22;36.40;180.05;849.51;180.01;882.96;873.50;80.44;0.17
10890;0.00;104.97;0.00;105.04;0.00;0.00;59.01;17.20;36.40;180.04;851.73;180.01;884.27;874.40;80.44;0.18
10895;0.00;105.00;0.00;104.99;0.00;0.00;58.98;17.20;36.39;180.03;852.15;180.01;884.72;874.76;80.44;0.19
10900;0.00;105.14;0.00;104.85;0.00;0.00;58.99;17.22;36.40;180.02;850.87;180.02;884.48;874.70;80.44;0.17
10905;0.00;105.00;0.00;104.98;0.00;0.00;59.04;17.25;36.40;180.03;849.54;180.03;883.28;873.92;80.44;0.18
10910;0.00;104.99;0.00;105.01;0.00;0.00;59.00;17.23;36.41;180.04;848.47;180.04;882.64;873.52;80.44;0.19
10915;0.00;104.91;0.00;105.10;0.00;0.00;58.98;17.20;36.40;180.06;850.50;180.05;882.85;873.47;80.44;0.18
10920;0.00;105.01;0.00;105.04;0.00;0.00;59.02;17.22;36.41;180.07;851.60;180.06;883.99;874.20;80.44;0.18
10925;0.00;105.00;0.00;104.99;0.00;0.00;58.99;17.22;36.41;180.06;852.26;180.08;884.48;874.60;80.44;0.19
10930;0.00;105.09;0.00;104.87;0.00;0.00;59.02;17.25;36.41;180.03;850.02;180.09;884.16;874.44;80.44;0.17
10935;0.00;105.03;0.00;105.00;0.00;0.00;59.02;17.23;36.41;180.02;849.50;180.08;882.95;873.63;80.44;0.18
10940;0.00;105.00;0.00;105.00;0.00;0.00;58.99;17.22;36.41;180.01;848.30;180.09;882.28;873.05;80.44;0.19
10945;0.00;104.86;0.00;105.12;0.00;0.00;58.98;17.25;36.41;180.03;850.23;180.07;882.53;873.17;80.44;0.18
10950;0.00;104.99;0.00;105.04;0.00;0.00;59.02;17.22;36.41;180.04;851.38;180.07;883.80;874.00;80.44;0.18
10955;0.00;105.01;0.00;104.99;0.00;0.00;59.01;17.22;36.42;180.05;852.46;180.05;884.60;874.66;80.44;0.19
10960;0.00;105.09;0.00;104.89;0.00;0.00;58.99;17.20;36.42;180.05;850.13;180.04;883.97;874.61;80.44;0.18
10965;0.00;105.03;0.00;104.99;0.00;0.00;59.03;17.22;36.42;180.03;849.60;180.03;883.37;873.94;80.44;0.18
10970;0.00;105.00;0.00;105.01;0.00;0.00;59.02;17.20;36.42;180.02;848.38;180.00;882.64;873.37;80.44;0.19
10975;0.00;104.92;0.00;105.11;0.00;0.00;59.01;17.19;36.42;180.02;850.15;179.99;883.33;873.45;80.44;0.18
10980;0.00;105.01;0.00;105.04;0.00;0.00;59.05;17.25;36.43;180.03;852.24;179.99;883.99;874.20;80.44;0.18
10985;0.00;105.01;0.00;104.99;0.00;0.00;59.01;17.20;36.43;180.03;852.64;179.98;884.77;874.83;80.44;0.19
10990;0.00;105.11;0.00;104.85;0.00;0.00;58.99;17.23;36.43;180.04;850.36;180.00;884.07;874.47;80.44;0.19
10995;0.00;105.04;0.00;105.00;0.00;0.00;59.03;17.23;36.43;180.05;849.29;180.00;883.43;874.04;80.44;0.18
11000;0.00;105.00;0.00;105.00;0.00;0.00;59.01;17.22;36.43;180.04;848.44;180.02;882.55;873.29;80.44;0.19
11005;0.00;104.92;0.00;105.09;0.00;0.00;58.99;17.20;36.43;180.04;849.87;180.05;883.03;873.55;80.44;0.19
11010;0.00;104.98;0.00;105.04;0.00;0.00;59.01;17.20;36.43;180.02;852.06;180.07;883.66;873.95;80.44;0.18
11015;0.00;105.00;0.00;105.02;0.00;0.00;58.99;17.20;36.43;180.01;852.70;180.09;884.52;874.59;80.44;0.19
11020;0.00;105.10;0.00;104.87;0.00;0.00;58.98;17.20;36.43;180.01;850.42;180.10;883.98;874.32;80.44;0.17
11025;0.00;105.04;0.00;104.99;0.00;0.00;59.02;17.27;36.43;180.03;849.30;180.11;882.82;873.93;80.44;0.17
11030;0.00;105.00;0.00;105.01;0.00;0.00;58.99;17.25;36.44;180.06;848.55;180.11;882.45;873.22;80.44;0.19
11035;0.00;104.86;0.00;105.16;0.00;0.00;58.98;17.22;36.44;180.06;849.67;180.09;882.91;873.46;80.44;0.17
11040;0.00;104.99;0.00;105.03;0.00;0.00;59.01;17.25;36.44;180.06;851.87;180.06;884.25;874.37;80.44;0.18
11045;0.00;105.00;0.00;104.99;0.00;0.00;59.01;17.25;36.44;180.04;851.92;180.05;884.65;874.70;80.44;0.19
11050;0.00;105.08;0.00;104.89;0.00;0.00;59.01;17.20;36.44;180.02;850.63;180.02;884.27;874.56;80.44;0.17
11055;0.00;105.03;0.00;105.00;0.00;0.00;59.03;17.23;36.44;180.02;849.42;180.00;883.11;873.76;80.44;0.17
11060;0.00;104.98;0.00;105.01;0.00;0.00;59.02;17.20;36.45;180.03;848.53;179.99;882.69;873.43;80.44;0.19
11065;0.00;104.90;0.00;105.13;0.00;0.00;59.00;17.20;36.45;180.04;849.46;179.99;882.96;873.52;80.44;0.17
11070;0.00;104.99;0.00;105.03;0.00;0.00;59.03;17.22;36.45;180.05;851.76;179.99;884.17;874.32;80.44;0.18
11075;0.00;104.98;0.00;105.01;0.00;0.00;59.01;17.20;36.45;180.04;852.20;180.00;884.56;874.63;80.44;0.19
11080;0.00;105.12;0.00;104.85;0.00;0.00;58.99;17.23;36.45;180.03;850.58;180.02;884.03;874.38;80.44;0.19
11085;0.00;105.03;0.00;104.99;0.00;0.00;59.05;17.20;36.45;180.03;849.66;180.04;883.19;873.82;80.44;0.18
11090;0.00;105.00;0.00;105.00;0.00;0.00;59.02;17.22;36.45;180.02;848.51;180.07;882.54;873.30;80.44;0.19
11095;0.00;104.89;0.00;105.13;0.00;0.00;58.99;17.20;36.46;180.03;849.96;180.10;883.09;873.18;80.44;0.19
11100;0.00;104.97;0.00;105.03;0.00;0.00;59.02;17.20;36.45;180.04;851.50;180.11;883.98;874.17;80.44;0.18
11105;0.00;105.02;0.00;104.98;0.00;0.00;58.99;17.19;36.45;180.05;852.70;180.12;884.57;874.62;80.44;0.19
11110;0.00;105.08;0.00;104.88;0.00;0.00;58.98;17.22;36.45;180.05;850.14;180.12;884.49;874.64;80.44;0.18
11115;0.00;105.04;0.00;105.01;0.00;0.00;59.05;17.23;36.46;180.05;849.44;180.11;883.06;873.70;80.44;0.17
11120;0.00;105.00;0.00;105.01;0.00;0.00;58.99;17.22;36.46;180.04;848.50;180.11;882.61;873.34;80.44;0.19
11125;0.00;104.93;0.00;105.08;0.00;0.00;58.99;17.22;36.46;180.03;849.02;180.09;882.83;873.45;80.44;0.18
11130;0.00;105.01;0.00;105.03;0.00;0.00;59.01;17.22;36.46;180.02;851.98;180.07;883.60;873.95;80.44;0.18
11135;0.00;104.97;0.00;105.00;0.00;0.00;58.98;17.20;36.46;180.02;852.66;180.04;884.78;874.83;80.44;0.19
11140;0.00;105.09;0.00;104.86;0.00;0.00;59.00;17.20;36.46;180.02;851.05;180.03;884.44;874.66;80.44;0.17
11145;0.00;105.01;0.00;104.99;0.00;0.00;59.03;17.23;36.46;180.03;849.30;180.02;883.61;874.15;80.44;0.17
11150;0.00;104.99;0.00;104.99;0.00;0.00;59.01;17.20;36.46;180.04;848.39;180.00;882.60;873.60;80.44;0.19
11155;0.00;104.92;0.00;105.11;0.00;0.00;58.97;17.22;36.47;180.05;849.56;180.00;883.01;873.55;80.44;0.17
11160;0.00;104.99;0.00;105.03;0.00;0.00;59.04;17.20;36.47;180.06;851.06;180.00;883.82;874.10;80.44;0.18
11165;0.00;105.00;0.00;105.00;0.00;0.00;58.98;17.23;36.47;180.05;852.08;180.01;884.49;874.58;80.44;0.19
11170;0.00;105.09;0.00;104.89;0.00;0.00;58.98;17.19;36.47;180.04;850.47;180.01;884.03;874.36;80.44;0.19
11175;0.00;105.02;0.00;105.01;0.00;0.00;59.04;17.20;36.48;180.03;849.61;180.02;883.18;873.81;80.44;0.18
11180;0.00;105.00;0.00;105.00;0.00;0.00;59.01;17.22;36.47;180.01;848.90;180.04;882.58;873.33;80.44;0.19
11185;0.00;104.87;0.00;105.12;0.00;0.00;58.99;17.20;36.48;180.02;850.08;180.07;882.59;873.27;80.44;0.19
11190;0.00;104.99;0.00;105.03;0.00;0.00;59.02;17.22;36.48;180.03;851.62;180.09;884.13;874.33;80.44;0.17
11195;0.00;105.00;0.00;104.99;0.00;0.00;59.01;17.20;36.48;180.04;852.75;180.10;884.69;874.74;80.44;0.19
11200;0.00;105.10;0.00;104.87;0.00;0.00;58.99;17.23;36.48;180.03;850.10;180.11;884.56;874.71;80.44;0.18
11205;0.00;105.03;0.00;105.00;0.00;0.00;59.03;17.19;36.49;180.02;849.43;180.11;883.07;874.30;80.44;0.17
11210;0.00;104.99;0.00;104.99;0.00;0.00;59.00;17.20;36.49;180.02;848.47;180.11;882.62;873.37;80.44;0.19
11215;0.00;104.91;0.00;105.10;0.00;0.00;58.99;17.19;36.49;180.02;849.07;180.08;882.86;873.49;80.44;0.18
11220;0.00;104.99;0.00;105.03;0.00;0.00;59.03;17.20;36.49;180.04;852.09;180.07;883.62;873.97;80.44;0.18
11225;0.00;105.00;0.00;104.99;0.00;0.00;59.00;17.19;36.49;180.06;852.59;180.05;884.67;874.76;80.44;0.19
11230;0.00;105.14;0.00;104.85;0.00;0.00;58.98;17.22;36.48;180.06;850.93;180.05;884.25;874.53;80.44;0.17
11235;0.00;105.02;0.00;105.00;0.00;0.00;59.03;17.25;36.49;180.04;849.81;180.03;883.44;874.00;80.44;0.18
11240;0.00;104.99;0.00;105.01;0.00;0.00;59.00;17.20;36.49;180.04;848.41;180.01;882.49;873.45;80.44;0.19
11245;0.00;104.90;0.00;105.12;0.00;0.00;59.00;17.20;36.49;180.03;849.68;180.01;882.96;873.52;80.44;0.19
11250;0.00;105.00;0.00;105.02;0.00;0.00;59.04;17.20;36.49;180.03;851.18;180.01;883.84;874.08;80.44;0.18
11255;0.00;105.01;0.00;104.99;0.00;0.00;59.00;17.22;36.49;180.04;851.94;180.02;884.49;874.57;80.44;0.19
11260;0.00;105.08;0.00;104.89;0.00;0.00;59.03;17.22;36.49;180.04;850.35;180.04;883.91;874.66;80.44;0.19
11265;0.00;105.04;0.00;104.99;0.00;0.00;59.02;17.23;36.49;180.05;849.56;180.05;883.11;873.76;80.44;0.18
11270;0.00;105.01;0.00;104.99;0.00;0.00;58.99;17.23;36.50;180.04;848.77;180.07;882.57;873.30;80.44;0.19
11275;0.00;104.89;0.00;105.14;0.00;0.00;58.98;17.22;36.50;180.04;850.21;180.09;882.65;873.32;80.44;0.19
11280;0.00;104.97;0.00;105.04;0.00;0.00;59.02;17.20;36.49;180.04;851.71;180.09;884.27;874.40;80.44;0.17
11285;0.00;105.01;0.00;105.00;0.00;0.00;59.02;17.20;36.50;180.04;852.76;180.08;884.78;874.81;80.44;0.19
11290;0.00;105.09;0.00;104.86;0.00;0.00;58.97;17.19;36.49;180.04;851.38;180.09;884.60;874.77;80.44;0.18
11295;0.00;105.02;0.00;104.99;0.00;0.00;59.03;17.22;36.50;180.03;849.39;180.07;883.12;874.34;80.44;0.17
11300;0.00;105.00;0.00;105.01;0.00;0.00;59.00;17.22;36.50;180.02;848.44;180.06;882.73;873.46;80.44;0.19
11305;0.00;104.92;0.00;105.09;0.00;0.00;58.98;17.20;36.50;180.02;849.20;180.06;883.03;873.61;80.44;0.17
11310;0.00;104.99;0.00;105.03;0.00;0.00;59.01;17.23;36.50;180.04;852.21;180.05;883.80;874.10;80.44;0.18
11315;0.00;105.01;0.00;104.99;0.00;0.00;58.98;17.20;36.50;180.04;852.43;180.03;884.71;874.63;80.44;0.19
11320;0.00;105.11;0.00;104.84;0.00;0.00;58.99;17.20;36.50;180.04;850.81;180.04;884.21;874.53;80.44;0.17
11325;0.00;105.03;0.00;105.01;0.00;0.00;59.02;17.23;36.51;180.04;849.75;180.03;883.36;873.96;80.44;0.18
11330;0.00;105.01;0.00;105.00;0.00;0.00;59.00;17.20;36.51;180.04;848.43;180.03;882.67;873.41;80.44;0.19
11335;0.00;104.89;0.00;105.10;0.00;0.00;58.99;17.19;36.52;180.03;849.77;180.03;883.01;873.54;80.44;0.19
11340;0.00;105.01;0.00;105.03;0.00;0.00;59.02;17.20;36.52;180.03;851.25;180.04;883.89;874.11;80.44;0.18
11345;0.00;105.01;0.00;104.99;0.00;0.00;58.99;17.23;36.52;180.03;852.59;180.04;884.51;874.58;80.44;0.19
11350;0.00;105.10;0.00;104.86;0.00;0.00;59.00;17.22;36.52;180.02;850.22;180.05;883.89;874.63;80.44;0.19
11355;0.00;105.02;0.00;105.00;0.00;0.00;59.05;17.20;36.53;180.02;849.47;180.05;883.11;873.74;80.44;0.17
11360;0.00;105.00;0.00;104.99;0.00;0.00;58.98;17.23;36.52;180.02;848.63;180.05;882.64;873.35;80.44;0.19
11365;0.00;104.92;0.00;105.11;0.00;0.00;59.00;17.19;36.53;180.04;850.32;180.07;882.80;873.43;80.44;0.18
11370;0.00;105.01;0.00;105.03;0.00;0.00;59.02;17.25;36.52;180.05;851.82;180.08;884.49;873.95;80.44;0.17
11375;0.00;105.00;0.00;104.99;0.00;0.00;59.00;17.20;36.52;180.06;852.72;180.08;884.93;874.95;80.44;0.19
11380;0.00;105.07;0.00;104.91;0.00;0.00;58.98;17.20;36.52;180.05;851.27;180.07;884.68;874.85;80.44;0.17
11385;0.00;105.04;0.00;105.01;0.00;0.00;59.03;17.20;36.53;180.03;849.38;180.07;883.94;874.40;80.44;0.17
11390;0.00;105.01;0.00;104.99;0.00;0.00;58.99;17.22;36.53;180.02;848.43;180.07;882.80;873.52;80.44;0.19
11395;0.00;104.88;0.00;105.14;0.00;0.00;58.98;17.19;36.53;180.01;849.42;180.06;883.10;873.68;80.44;0.17
11400;0.00;105.00;0.00;105.04;0.00;0.00;59.03;17.20;36.53;180.04;850.93;180.06;883.87;874.17;80.44;0.18
11405;0.00;105.00;0.00;104.98;0.00;0.00;58.99;17.22;36.53;180.05;852.31;180.05;884.62;874.63;80.44;0.19
11410;0.00;105.10;0.00;104.86;0.00;0.00;58.98;17.22;36.53;180.05;850.67;180.05;884.07;874.40;80.44;0.19
11415;0.00;105.03;0.00;104.99;0.00;0.00;59.02;17.23;36.53;180.04;849.68;180.04;883.23;873.83;80.44;0.18
11420;0.00;104.99;0.00;105.00;0.00;0.00;59.01;17.22;36.54;180.04;848.45;180.03;882.53;873.30;80.44;0.19
11425;0.00;104.92;0.00;105.11;0.00;0.00;58.99;17.20;36.53;180.04;849.86;180.04;883.05;873.54;80.44;0.19
11430;0.00;105.04;0.00;105.01;0.00;0.00;59.02;17.22;36.54;180.03;851.42;180.05;883.93;874.15;80.44;0.18
11435;0.00;105.02;0.00;104.99;0.00;0.00;58.97;17.20;36.54;180.03;852.65;180.05;884.57;874.64;80.44;0.19
11440;0.00;105.08;0.00;104.90;0.00;0.00;58.97;17.22;36.54;180.03;850.10;180.07;884.54;874.69;80.44;0.19
11445;0.00;105.04;0.00;105.01;0.00;0.00;59.03;17.23;36.54;180.03;849.45;180.05;883.17;873.81;80.44;0.17
11450;0.00;105.00;0.00;104.99;0.00;0.00;59.00;17.20;36.54;180.02;848.56;180.06;882.74;873.45;80.44;0.19
11455;0.00;104.89;0.00;105.11;0.00;0.00;58.99;17.20;36.54;180.03;848.97;180.05;882.93;873.55;80.44;0.18
11460;0.00;105.00;0.00;105.02;0.00;0.00;59.01;17.20;36.55;180.04;851.95;180.06;884.56;874.06;80.44;0.18
11465;0.00;105.02;0.00;104.98;0.00;0.00;59.01;17.19;36.55;180.04;852.70;180.06;884.91;874.95;80.44;0.19
11470;0.00;105.11;0.00;104.87;0.00;0.00;59.01;17.20;36.54;180.05;851.18;180.06;884.55;874.78;80.44;0.17
11475;0.00;105.02;0.00;105.00;0.00;0.00;59.01;17.25;36.55;180.02;849.30;180.07;883.75;874.25;80.44;0.17
11480;0.00;104.98;0.00;105.00;0.00;0.00;58.98;17.20;36.55;180.00;848.41;180.07;882.58;873.33;80.44;0.19
11485;0.00;104.92;0.00;105.08;0.00;0.00;58.98;17.22;36.55;180.00;849.50;180.07;882.90;873.51;80.44;0.17
11490;0.00;105.01;0.00;105.04;0.00;0.00;59.02;17.20;36.55;180.03;851.09;180.05;883.67;873.97;80.44;0.18
11495;0.00;105.01;0.00;104.97;0.00;0.00;59.01;17.22;36.55;180.04;852.12;180.05;884.29;874.42;80.44;0.19
11500;0.00;105.09;0.00;104.86;0.00;0.00;59.00;17.19;36.55;180.04;850.36;180.05;883.77;874.15;80.44;0.19
11505;0.00;105.01;0.00;104.99;0.00;0.00;59.03;17.22;36.56;180.05;849.54;180.06;882.94;873.60;80.44;0.18
11510;0.00;105.01;0.00;104.99;0.00;0.00;59.02;17.22;36.56;180.02;848.46;180.06;882.39;873.14;80.44;0.19
11515;0.00;104.91;0.00;105.08;0.00;0.00;58.98;17.25;36.57;180.01;849.96;180.07;883.18;873.17;80.44;0.19
11520;0.00;105.01;0.00;105.01;0.00;0.00;59.02;17.22;36.57;180.00;851.53;180.07;884.20;874.33;80.44;0.17
11525;0.00;104.99;0.00;104.99;0.00;0.00;58.99;17.20;36.57;180.01;852.77;180.07;884.85;874.85;80.44;0.19
11530;0.00;105.07;0.00;104.88;0.00;0.00;58.99;17.20;36.57;180.04;850.11;180.06;884.80;874.90;80.44;0.18
11535;0.00;105.03;0.00;105.00;0.00;0.00;59.02;17.22;36.56;180.06;849.49;180.06;883.38;873.99;80.44;0.17
11540;0.00;105.01;0.00;104.99;0.00;0.00;58.98;17.19;36.57;180.06;848.56;180.06;882.90;873.62;80.44;0.19
11545;0.00;104.89;0.00;105.12;0.00;0.00;58.97;17.20;36.56;180.04;849.14;180.06;883.07;873.69;80.44;0.17
11550;0.00;105.00;0.00;105.03;0.00;0.00;59.03;17.23;36.57;180.01;852.07;180.05;883.75;874.12;80.44;0.18
11555;0.00;105.01;0.00;105.01;0.00;0.00;58.99;17.19;36.57;180.00;852.61;180.03;884.71;874.81;80.44;0.19
11560;0.00;105.08;0.00;104.88;0.00;0.00;59.00;17.22;36.56;180.00;851.03;180.03;884.26;874.55;80.44;0.17
11565;0.00;105.05;0.00;104.99;0.00;0.00;59.02;17.22;36.56;180.03;849.17;180.03;883.36;873.96;80.44;0.17
11570;0.00;104.98;0.00;104.99;0.00;0.00;58.98;17.20;36.56;180.05;848.30;180.02;882.33;873.10;80.44;0.19
11575;0.00;104.93;0.00;105.09;0.00;0.00;58.98;17.20;36.57;180.06;849.31;180.02;882.70;873.32;80.44;0.17
11580;0.00;105.00;0.00;105.02;0.00;0.00;59.01;17.23;36.57;180.07;850.92;180.02;883.56;873.90;80.44;0.18
11585;0.00;105.02;0.00;104.99;0.00;0.00;58.98;17.16;36.57;180.05;852.21;180.03;884.39;874.47;80.44;0.19
11590;0.00;105.07;0.00;104.84;0.00;0.00;58.98;17.19;36.57;180.03;850.49;180.03;884.19;874.49;80.44;0.19
11595;0.00;105.03;0.00;104.99;0.00;0.00;59.05;17.23;36.57;180.01;849.63;180.05;883.44;874.02;80.44;0.18
11600;0.00;105.00;0.00;105.00;0.00;0.00;58.98;17.19;36.57;180.00;848.55;180.06;882.87;873.57;80.44;0.19
11605;0.00;104.89;0.00;105.13;0.00;0.00;59.01;17.19;36.57;180.02;849.95;180.07;883.51;873.53;80.44;0.19
11610;0.00;105.02;0.00;105.02;0.00;0.00;59.02;17.23;36.57;180.04;851.53;180.07;884.41;874.57;80.44;0.18
11615;0.00;105.02;0.00;104.98;0.00;0.00;59.00;17.22;36.57;180.07;852.81;180.07;884.99;875.01;80.44;0.19
11620;0.00;105.10;0.00;104.88;0.00;0.00;59.01;17.20;36.57;180.06;850.21;180.08;884.91;875.02;80.44;0.19
11625;0.00;105.02;0.00;105.00;0.00;0.00;59.02;17.22;36.57;180.05;849.55;180.07;883.31;873.96;80.44;0.17
11630;0.00;104.99;0.00;105.00;0.00;0.00;59.01;17.20;36.57;180.04;848.63;180.06;882.76;873.51;80.44;0.19
11635;0.00;104.89;0.00;105.13;0.00;0.00;58.99;17.20;36.58;180.02;849.05;180.06;882.87;873.54;80.44;0.18
11640;0.00;105.00;0.00;105.03;0.00;0.00;59.04;17.23;36.58;180.03;851.96;180.03;883.53;873.94;80.44;0.18
11645;0.00;104.99;0.00;105.00;0.00;0.00;59.01;17.20;36.58;180.03;852.62;180.03;884.52;874.64;80.44;0.19
11650;0.00;105.10;0.00;104.86;0.00;0.00;58.99;17.20;36.58;180.04;850.94;180.02;884.11;874.40;80.44;0.17
11655;0.00;105.04;0.00;104.99;0.00;0.00;59.04;17.22;36.58;180.04;849.15;180.00;883.29;873.86;80.44;0.17
11660;0.00;105.01;0.00;104.99;0.00;0.00;58.99;17.20;36.59;180.03;848.29;180.00;882.36;873.31;80.44;0.19
11665;0.00;104.91;0.00;105.12;0.00;0.00;58.98;17.22;36.58;180.02;849.42;180.00;882.88;873.45;80.44;0.17
11670;0.00;105.00;0.00;105.04;0.00;0.00;59.02;17.22;36.58;180.02;851.06;180.01;883.84;874.09;80.44;0.18
11675;0.00;104.99;0.00;104.99;0.00;0.00;58.99;17.20;36.59;180.02;852.15;180.03;884.66;874.69;80.44;0.19
11680;0.00;105.08;0.00;104.87;0.00;0.00;58.98;17.20;36.59;180.04;850.44;180.04;884.35;874.64;80.44;0.19
11685;0.00;105.01;0.00;105.02;0.00;0.00;59.05;17.22;36.59;180.04;849.61;180.05;883.59;874.14;80.44;0.18
11690;0.00;104.99;0.00;104.99;0.00;0.00;59.00;17.20;36.59;180.05;848.99;180.06;883.02;873.70;80.44;0.19
11695;0.00;104.93;0.00;105.09;0.00;0.00;58.99;17.22;36.60;180.05;850.22;180.08;882.99;873.65;80.44;0.19
11700;0.00;105.00;0.00;105.01;0.00;0.00;59.02;17.22;36.59;180.05;851.66;180.07;884.47;874.61;80.44;0.17
11705;0.00;105.01;0.00;104.98;0.00;0.00;59.01;17.23;36.59;180.04;852.84;180.07;884.91;874.96;80.44;0.19
11710;0.00;105.11;0.00;104.85;0.00;0.00;59.01;17.19;36.60;180.04;850.10;180.06;884.68;874.87;80.44;0.18
11715;0.00;105.03;0.00;104.99;0.00;0.00;59.03;17.23;36.59;180.05;849.41;180.06;883.05;874.36;80.44;0.17
11720;0.00;105.01;0.00;105.00;0.00;0.00;59.02;17.22;36.60;180.05;848.43;180.05;882.58;873.34;80.44;0.19
11725;0.00;104.91;0.00;105.11;0.00;0.00;58.99;17.19;36.60;180.06;849.09;180.04;882.77;873.42;80.44;0.17
11730;0.00;104.99;0.00;105.04;0.00;0.00;59.02;17.23;36.60;180.06;852.01;180.00;883.51;873.89;80.44;0.18
11735;0.00;105.00;0.00;104.99;0.00;0.00;59.00;17.25;36.59;180.05;852.52;180.01;884.58;874.68;80.44;0.19
11740;0.00;105.09;0.00;104.89;0.00;0.00;58.98;17.19;36.60;180.04;850.81;179.99;884.17;874.46;80.44;0.17
11745;0.00;105.02;0.00;105.00;0.00;0.00;59.03;17.23;36.60;180.03;849.69;179.98;883.40;873.96;80.44;0.18
11750;0.00;105.00;0.00;105.00;0.00;0.00;59.00;17.19;36.60;180.04;848.35;179.98;882.73;873.44;80.44;0.19
11755;0.00;104.87;0.00;105.14;0.00;0.00;58.99;17.20;36.60;180.05;849.68;179.97;883.17;873.66;80.44;0.19
11760;0.00;105.01;0.00;105.03;0.00;0.00;59.02;17.22;36.61;180.07;851.20;179.98;884.12;874.31;80.44;0.18
11765;0.00;104.99;0.00;104.99;0.00;0.00;59.00;17.23;36.60;180.08;852.09;179.98;884.83;874.85;80.44;0.19
11770;0.00;105.09;0.00;104.86;0.00;0.00;59.00;17.20;36.60;180.06;850.39;180.00;884.35;875.00;80.44;0.19
11775;0.00;105.03;0.00;105.00;0.00;0.00;59.04;17.22;36.60;180.04;849.60;180.02;883.54;874.11;80.44;0.18
11780;0.00;105.00;0.00;104.99;0.00;0.00;58.99;17.20;36.60;180.02;848.92;180.02;882.94;873.66;80.44;0.19
11785;0.00;104.92;0.00;105.10;0.00;0.00;59.02;17.20;36.60;180.02;850.35;180.04;882.94;873.61;80.44;0.19
11790;0.00;104.98;0.00;105.03;0.00;0.00;59.01;17.23;36.60;180.04;851.76;180.05;884.34;874.51;80.44;0.17
11795;0.00;105.01;0.00;104.99;0.00;0.00;59.00;17.22;36.61;180.06;852.82;180.05;884.70;874.80;80.44;0.19
11800;0.00;105.11;0.00;104.83;0.00;0.00;59.00;17.22;36.61;180.05;851.35;180.05;884.40;874.64;80.44;0.17
11805;0.00;105.05;0.00;105.01;0.00;0.00;59.01;17.22;36.60;180.04;849.31;180.05;882.80;874.12;80.44;0.17
11810;0.00;105.01;0.00;105.01;0.00;0.00;59.00;17.23;36.61;180.03;848.35;180.04;882.41;873.17;80.44;0.19
11815;0.00;104.90;0.00;105.11;0.00;0.00;58.98;17.19;36.61;180.02;849.15;180.04;882.73;873.38;80.44;0.17
11820;0.00;105.00;0.00;105.03;0.00;0.00;59.01;17.22;36.62;180.02;852.08;180.03;883.59;873.92;80.44;0.18
11825;0.00;104.97;0.00;105.00;0.00;0.00;59.01;17.22;36.62;180.03;852.43;180.02;884.71;874.78;80.44;0.19
11830;0.00;105.09;0.00;104.89;0.00;0.00;59.00;17.22;36.62;180.04;850.69;180.00;884.31;874.58;80.44;0.17
11835;0.00;105.01;0.00;105.00;0.00;0.00;59.03;17.22;36.62;180.07;849.70;180.00;883.55;874.10;80.44;0.18
11840;0.00;104.99;0.00;105.00;0.00;0.00;59.02;17.19;36.62;180.06;848.44;179.98;882.93;873.64;80.44;0.19
11845;0.00;104.88;0.00;105.13;0.00;0.00;58.99;17.22;36.62;180.06;849.76;179.98;883.48;873.96;80.44;0.19
11850;0.00;105.00;0.00;105.04;0.00;0.00;59.01;17.19;36.62;180.04;851.38;179.98;884.40;874.58;80.44;0.18
11855;0.00;105.03;0.00;104.99;0.00;0.00;58.99;17.20;36.62;180.02;852.74;179.97;885.05;875.07;80.44;0.19
11860;0.00;105.12;0.00;104.86;0.00;0.00;59.00;17.19;36.62;180.03;850.35;179.98;884.38;875.13;80.44;0.19
11865;0.00;105.03;0.00;104.99;0.00;0.00;59.03;17.20;36.62;180.04;849.59;179.98;883.53;874.13;80.44;0.17
11870;0.00;104.99;0.00;105.01;0.00;0.00;59.00;17.20;36.62;180.05;848.82;179.99;882.91;873.65;80.44;0.19
11875;0.00;104.92;0.00;105.10;0.00;0.00;58.99;17.22;36.62;180.07;850.46;179.99;882.92;873.58;80.44;0.18
11880;0.00;104.99;0.00;105.03;0.00;0.00;59.01;17.22;36.63;180.06;851.83;180.02;884.26;874.45;80.44;0.17
11885;0.00;104.99;0.00;104.99;0.00;0.00;59.01;17.19;36.62;180.03;852.75;180.03;884.59;874.70;80.44;0.19
11890;0.00;105.08;0.00;104.91;0.00;0.00;58.98;17.19;36.62;180.02;851.18;180.04;884.22;874.50;80.44;0.17
11895;0.00;105.03;0.00;104.99;0.00;0.00;59.06;17.23;36.63;180.03;849.21;180.07;883.45;873.97;80.44;0.17
11900;0.00;104.99;0.00;104.99;0.00;0.00;59.01;17.20;36.63;180.05;848.28;180.08;882.39;873.15;80.44;0.19
11905;0.00;104.89;0.00;105.11;0.00;0.00;58.98;17.20;36.64;180.06;849.23;180.08;882.83;873.42;80.44;0.17
11910;0.00;104.99;0.00;105.04;0.00;0.00;59.01;17.23;36.63;180.07;852.29;180.07;883.76;874.04;80.44;0.18
11915;0.00;105.00;0.00;105.00;0.00;0.00;59.02;17.19;36.63;180.06;852.37;180.06;884.91;874.69;80.44;0.19
11920;0.00;105.11;0.00;104.89;0.00;0.00;58.99;17.20;36.64;180.05;850.65;180.05;884.49;874.74;80.44;0.19
11925;0.00;105.02;0.00;104.99;0.00;0.00;59.05;17.23;36.63;180.04;849.70;180.04;883.71;874.25;80.44;0.18
11930;0.00;104.98;0.00;104.99;0.00;0.00;59.00;17.19;36.63;180.04;848.59;180.03;883.10;873.78;80.44;0.19
11935;0.00;104.87;0.00;105.15;0.00;0.00;58.98;17.19;36.64;180.04;850.06;180.02;883.60;874.04;80.44;0.19
11940;0.00;105.01;0.00;105.03;0.00;0.00;59.01;17.22;36.64;180.05;851.53;180.01;884.43;874.58;80.44;0.18
11945;0.00;104.99;0.00;105.00;0.00;0.00;59.00;17.19;36.64;180.08;852.83;180.01;884.93;874.97;80.44;0.19
11950;0.00;105.09;0.00;104.87;0.00;0.00;58.99;17.23;36.64;180.07;850.25;180.00;884.76;874.92;80.44;0.19
11955;0.00;105.01;0.00;105.01;0.00;0.00;59.02;17.23;36.64;180.06;849.50;180.02;883.11;873.81;80.44;0.17
11960;0.00;105.01;0.00;104.99;0.00;0.00;59.01;17.23;36.63;180.04;848.57;180.02;882.55;873.33;80.44;0.19
11965;0.00;104.90;0.00;105.09;0.00;0.00;58.99;17.17;36.64;180.05;850.52;180.03;882.68;873.33;80.44;0.18
11970;0.00;105.01;0.00;105.03;0.00;0.00;59.01;17.22;36.64;180.06;851.95;180.04;884.18;873.79;80.44;0.18
11975;0.00;105.01;0.00;104.99;0.00;0.00;58.99;17.19;36.65;180.07;852.67;180.04;884.56;874.65;80.44;0.19
11980;0.00;105.07;0.00;104.90;0.00;0.00;58.98;17.23;36.65;180.07;851.03;180.04;884.25;874.51;80.44;0.17
11985;0.00;105.04;0.00;104.99;0.00;0.00;59.03;17.22;36.64;180.05;849.17;180.05;883.50;874.01;80.44;0.17
11990;0.00;105.00;0.00;105.01;0.00;0.00;58.99;17.19;36.65;180.05;848.30;180.03;882.60;873.31;80.44;0.19
11995;0.00;104.88;0.00;105.12;0.00;0.00;58.98;17.17;36.64;180.04;849.38;180.04;883.11;873.65;80.44;0.17
12000;0.00;105.01;0.00;105.03;0.00;0.00;59.01;17.22;36.65;180.05;851.03;180.03;884.06;874.31;80.44;0.18
12005;0.00;105.00;0.00;104.99;0.00;0.00;58.99;17.23;36.65;180.06;852.19;180.03;884.86;874.89;80.44;0.19
12010;0.00;105.10;0.00;104.89;0.00;0.00;58.99;17.20;36.65;180.07;850.56;180.02;884.52;874.83;80.44;0.19
12015;0.00;105.03;0.00;104.99;0.00;0.00;59.03;17.19;36.66;180.07;849.67;180.02;883.75;874.28;80.44;0.17
12020;0.00;105.03;0.00;104.99;0.00;0.00;59.01;17.20;36.65;180.08;848.47;180.00;883.04;873.73;80.44;0.19
12025;0.00;104.92;0.00;105.09;0.00;0.00;58.98;17.19;36.65;180.09;849.36;179.99;883.37;873.92;80.44;0.17
12030;0.00;105.00;0.00;105.04;0.00;0.00;59.01;17.22;36.65;180.07;852.28;179.99;884.13;874.42;80.44;0.18
12035;0.00;105.00;0.00;104.99;0.00;0.00;59.00;17.20;36.65;180.06;852.51;180.00;884.98;874.91;80.44;0.19
12040;0.00;105.12;0.00;104.86;0.00;0.00;59.01;17.22;36.66;180.05;850.76;179.99;884.43;874.72;80.44;0.17
12045;0.00;105.05;0.00;104.98;0.00;0.00;59.03;17.28;36.65;180.04;849.77;179.99;883.54;874.13;80.44;0.18
12050;0.00;105.01;0.00;105.00;0.00;0.00;59.01;17.23;36.66;180.04;848.50;179.99;882.80;873.55;80.44;0.19
12055;0.00;104.89;0.00;105.11;0.00;0.00;58.98;17.22;36.66;180.06;849.80;179.99;883.11;873.67;80.44;0.19
12060;0.00;104.99;0.00;105.03;0.00;0.00;59.04;17.22;36.66;180.07;851.38;179.99;883.99;874.23;80.44;0.18
12065;0.00;105.00;0.00;104.99;0.00;0.00;59.00;17.20;36.67;180.09;852.69;179.98;884.58;874.66;80.44;0.19
12070;0.00;105.08;0.00;104.92;0.00;0.00;58.98;17.19;36.67;180.08;850.14;179.99;884.53;874.69;80.44;0.19
12075;0.00;105.03;0.00;105.00;0.00;0.00;59.01;17.23;36.66;180.07;849.40;179.99;883.10;873.76;80.44;0.17
12080;0.00;105.03;0.00;105.01;0.00;0.00;58.99;17.22;36.66;180.07;848.52;179.99;882.66;873.39;80.44;0.19
12085;0.00;104.87;0.00;105.13;0.00;0.00;58.98;17.22;36.67;180.05;850.47;179.99;882.91;873.51;80.44;0.18
12090;0.00;104.99;0.00;105.04;0.00;0.00;59.02;17.25;36.67;180.06;851.96;180.00;884.65;874.10;80.44;0.18
12095;0.00;105.00;0.00;104.99;0.00;0.00;59.01;17.17;36.67;180.07;852.79;180.00;885.13;875.14;80.44;0.19
12100;0.00;105.10;0.00;104.86;0.00;0.00;59.02;17.22;36.67;180.07;851.23;180.01;884.87;875.03;80.44;0.17
12105;0.00;105.01;0.00;105.00;0.00;0.00;59.03;17.23;36.67;180.06;849.36;180.02;884.12;874.56;80.44;0.17
12110;0.00;104.98;0.00;105.01;0.00;0.00;58.99;17.22;36.67;180.06;848.46;180.04;882.95;873.67;80.44;0.19
12115;0.00;104.91;0.00;105.09;0.00;0.00;59.01;17.22;36.67;180.06;849.57;180.05;883.29;873.85;80.44;0.17
12120;0.00;104.98;0.00;105.03;0.00;0.00;59.02;17.23;36.68;180.05;851.09;180.05;884.02;874.34;80.44;0.18
12125;0.00;104.99;0.00;104.99;0.00;0.00;59.01;17.20;36.68;180.05;852.28;180.05;884.66;874.77;80.44;0.19
12130;0.00;105.10;0.00;104.86;0.00;0.00;58.97;17.22;36.68;180.05;850.61;180.05;884.10;874.46;80.44;0.19
12135;0.00;105.04;0.00;105.00;0.00;0.00;59.03;17.20;36.68;180.06;849.65;180.05;883.23;873.85;80.44;0.18
12140;0.00;105.00;0.00;104.99;0.00;0.00;58.99;17.23;36.68;180.07;848.53;180.04;882.55;873.33;80.44;0.19
12145;0.00;104.90;0.00;105.09;0.00;0.00;59.00;17.20;36.68;180.07;850.00;180.03;883.10;873.22;80.44;0.19
12150;0.00;105.00;0.00;105.03;0.00;0.00;59.01;17.20;36.68;180.06;851.46;180.01;884.00;874.23;80.44;0.18
12155;0.00;105.00;0.00;104.99;0.00;0.00;59.00;17.20;36.69;180.05;852.74;180.01;884.61;874.68;80.44;0.19
12160;0.00;105.08;0.00;104.90;0.00;0.00;58.97;17.23;36.68;180.03;850.02;180.00;884.52;874.70;80.44;0.18
12165;0.00;105.02;0.00;104.99;0.00;0.00;59.04;17.23;36.68;180.03;849.38;179.99;883.14;873.80;80.44;0.17
12170;0.00;104.99;0.00;104.99;0.00;0.00;58.99;17.20;36.68;180.04;848.47;179.99;882.78;873.50;80.44;0.19
12175;0.00;104.88;0.00;105.12;0.00;0.00;58.99;17.22;36.69;180.08;849.07;179.99;883.07;873.65;80.44;0.18
12180;0.00;105.00;0.00;105.04;0.00;0.00;59.02;17.22;36.69;180.09;852.09;179.98;883.90;874.21;80.44;0.18
12185;0.00;105.01;0.00;104.99;0.00;0.00;59.00;17.23;36.69;180.09;852.69;179.99;885.08;875.11;80.44;0.19
12190;0.00;105.09;0.00;104.88;0.00;0.00;59.00;17.23;36.69;180.07;851.00;180.00;884.69;874.90;80.44;0.17
12195;0.00;105.04;0.00;105.00;0.00;0.00;59.02;17.20;36.69;180.05;849.89;180.02;883.85;874.37;80.44;0.18
12200;0.00;104.99;0.00;104.99;0.00;0.00;58.99;17.19;36.69;180.05;848.47;180.05;882.82;873.79;80.44;0.19
12205;0.00;104.92;0.00;105.09;0.00;0.00;58.97;17.20;36.70;180.05;849.76;180.06;883.27;873.80;80.44;0.17
12210;0.00;104.99;0.00;105.03;0.00;0.00;59.01;17.19;36.69;180.06;852.35;180.06;883.92;874.23;80.44;0.18
12215;0.00;104.99;0.00;104.99;0.00;0.00;58.99;17.22;36.70;180.07;852.44;180.06;884.75;874.72;80.44;0.19
12220;0.00;105.07;0.00;104.91;0.00;0.00;58.98;17.20;36.70;180.07;850.66;180.06;884.22;874.57;80.44;0.19
12225;0.00;105.01;0.00;105.01;0.00;0.00;59.05;17.23;36.70;180.07;849.65;180.05;883.35;873.96;80.44;0.18
12230;0.00;104.98;0.00;105.01;0.00;0.00;59.01;17.20;36.70;180.06;848.48;180.04;882.70;873.45;80.44;0.19
12235;0.00;104.88;0.00;105.14;0.00;0.00;58.98;17.20;36.70;180.06;849.94;180.01;883.26;873.75;80.44;0.19
12240;0.00;105.00;0.00;105.03;0.00;0.00;59.02;17.25;36.70;180.06;851.52;180.00;884.20;874.38;80.44;0.18
12245;0.00;105.01;0.00;104.98;0.00;0.00;59.00;17.20;36.70;180.06;852.77;179.99;884.82;874.87;80.44;0.19
12250;0.00;105.11;0.00;104.87;0.00;0.00;58.99;17.22;36.70;180.08;850.15;179.97;884.77;874.90;80.44;0.19
12255;0.00;105.03;0.00;104.99;0.00;0.00;59.04;17.19;36.70;180.09;849.44;179.98;883.30;873.94;80.44;0.17
12260;0.00;105.02;0.00;104.99;0.00;0.00;59.00;17.20;36.70;180.09;848.59;179.97;882.83;873.54;80.44;0.19
12265;0.00;104.92;0.00;105.09;0.00;0.00;58.99;17.22;36.70;180.09;849.02;179.97;883.02;873.63;80.44;0.18
12270;0.00;104.99;0.00;105.01;0.00;0.00;59.04;17.22;36.70;180.08;852.10;179.98;883.76;874.12;80.44;0.18
12275;0.00;104.98;0.00;105.01;0.00;0.00;59.00;17.20;36.70;180.06;852.74;179.98;884.89;874.97;80.44;0.19
12280;0.00;105.08;0.00;104.91;0.00;0.00;58.97;17.20;36.71;180.04;851.06;180.00;884.50;874.75;80.44;0.17
12285;0.00;105.02;0.00;104.99;0.00;0.00;59.03;17.23;36.71;180.03;849.21;180.00;883.67;874.21;80.44;0.17
12290;0.00;104.98;0.00;104.99;0.00;0.00;59.00;17.22;36.71;180.06;848.41;180.03;882.67;873.63;80.44;0.19
12295;0.00;104.88;0.00;105.14;0.00;0.00;58.98;17.19;36.72;180.08;849.62;180.04;883.15;873.71;80.44;0.19
12300;0.00;105.01;0.00;105.04;0.00;0.00;59.03;17.27;36.71;180.11;851.23;180.04;884.01;874.29;80.44;0.18
12305;0.00;105.02;0.00;105.00;0.00;0.00;59.01;17.22;36.72;180.11;852.00;180.05;884.70;874.78;80.44;0.19
12310;0.00;105.09;0.00;104.90;0.00;0.00;58.99;17.23;36.72;180.09;850.28;180.04;884.13;874.87;80.44;0.19
12315;0.00;105.02;0.00;105.00;0.00;0.00;59.04;17.23;36.72;180.05;849.54;180.04;883.32;873.95;80.44;0.18
12320;0.00;105.01;0.00;105.00;0.00;0.00;59.01;17.25;36.72;179.99;848.76;180.04;882.76;873.52;80.44;0.19
12325;0.00;104.93;0.00;105.09;0.00;0.00;59.01;17.20;36.72;179.99;850.40;180.03;882.88;873.55;80.44;0.18
12330;0.00;104.99;0.00;105.04;0.00;0.00;59.03;17.23;36.72;180.03;851.83;180.01;884.51;874.65;80.44;0.17
12335;0.00;104.99;0.00;104.99;0.00;0.00;58.97;17.23;36.72;180.07;852.85;180.00;884.96;875.00;80.44;0.19
12340;0.00;105.13;0.00;104.87;0.00;0.00;58.98;17.23;36.73;180.11;851.32;180.00;884.70;874.89;80.44;0.17
12345;0.00;105.02;0.00;104.99;0.00;0.00;59.04;17.23;36.73;180.10;849.33;179.99;883.91;874.39;80.44;0.17
12350;0.00;104.99;0.00;104.99;0.00;0.00;58.99;17.22;36.73;180.07;848.41;179.98;882.76;873.52;80.44;0.19
12355;0.00;104.92;0.00;105.09;0.00;0.00;58.98;17.20;36.73;180.04;849.42;179.99;883.11;873.72;80.44;0.17
12360;0.00;105.02;0.00;105.03;0.00;0.00;59.02;17.20;36.73;180.02;851.05;179.99;883.91;874.23;80.44;0.18
12365;0.00;105.01;0.00;104.99;0.00;0.00;58.99;17.22;36.74;180.03;852.36;180.00;884.64;874.74;80.44;0.19
12370;0.00;105.10;0.00;104.87;0.00;0.00;58.98;17.23;36.73;180.05;850.58;180.01;884.19;874.55;80.44;0.19
12375;0.00;105.01;0.00;105.00;0.00;0.00;59.03;17.22;36.74;180.07;849.62;180.01;883.35;873.97;80.44;0.18
12380;0.00;105.00;0.00;104.99;0.00;0.00;59.01;17.22;36.74;180.08;848.54;180.03;882.71;873.46;80.44;0.19
12385;0.00;104.91;0.00;105.11;0.00;0.00;59.02;17.22;36.74;180.06;850.03;180.04;883.33;873.38;80.44;0.19
12390;0.00;104.99;0.00;105.04;0.00;0.00;59.00;17.22;36.74;180.04;851.60;180.05;884.23;874.42;80.44;0.17
12395;0.00;105.01;0.00;105.00;0.00;0.00;58.98;17.22;36.75;180.03;852.83;180.06;884.79;874.85;80.44;0.19
12400;0.00;105.08;0.00;104.90;0.00;0.00;58.97;17.17;36.74;180.03;850.08;180.06;884.68;874.84;80.44;0.18
12405;0.00;105.03;0.00;104.99;0.00;0.00;59.01;17.23;36.75;180.04;849.37;180.06;883.15;873.86;80.44;0.17
12410;0.00;105.00;0.00;105.01;0.00;0.00;59.01;17.22;36.75;180.06;848.44;180.05;882.75;873.50;80.44;0.19
12415;0.00;104.88;0.00;105.12;0.00;0.00;59.01;17.23;36.75;180.07;849.09;180.05;883.01;873.63;80.44;0.17
12420;0.00;105.00;0.00;105.03;0.00;0.00;59.02;17.23;36.75;180.06;852.16;180.03;883.79;874.15;80.44;0.18
12425;0.00;104.99;0.00;104.98;0.00;0.00;58.98;17.20;36.75;180.05;852.59;180.02;884.85;874.94;80.44;0.19
12430;0.00;105.08;0.00;104.88;0.00;0.00;58.98;17.22;36.75;180.04;850.95;180.01;884.40;874.68;80.44;0.17
12435;0.00;105.03;0.00;105.01;0.00;0.00;59.04;17.23;36.74;180.03;849.78;180.00;883.53;874.13;80.44;0.18
12440;0.00;104.99;0.00;105.00;0.00;0.00;59.01;17.20;36.74;180.03;848.44;180.00;882.85;873.57;80.44;0.19
12445;0.00;104.92;0.00;105.08;0.00;0.00;58.98;17.20;36.74;180.05;849.71;179.99;883.16;873.70;80.44;0.19
12450;0.00;105.00;0.00;105.03;0.00;0.00;59.00;17.23;36.75;180.07;851.32;179.99;884.04;874.29;80.44;0.18
12455;0.00;104.99;0.00;104.99;0.00;0.00;59.00;17.20;36.75;180.07;851.91;180.00;884.69;874.77;80.44;0.19
12460;0.00;105.11;0.00;104.88;0.00;0.00;59.01;17.20;36.75;180.06;850.21;180.01;884.02;874.82;80.44;0.19
12465;0.00;105.01;0.00;105.01;0.00;0.00;59.02;17.20;36.75;180.04;849.50;180.02;883.22;873.86;80.44;0.17
12470;0.00;104.99;0.00;105.00;0.00;0.00;59.01;17.19;36.75;180.03;848.67;180.03;882.69;873.44;80.44;0.19
12475;0.00;104.92;0.00;105.11;0.00;0.00;58.99;17.20;36.76;180.05;850.49;180.04;882.84;873.52;80.44;0.18
12480;0.00;105.01;0.00;105.03;0.00;0.00;59.03;17.22;36.75;180.07;851.88;180.04;884.46;874.01;80.44;0.17
12485;0.00;105.00;0.00;104.98;0.00;0.00;58.99;17.20;36.75;180.08;852.79;180.04;884.87;874.94;80.44;0.19
12490;0.00;105.09;0.00;104.84;0.00;0.00;59.01;17.19;36.76;180.06;851.18;180.04;884.53;874.78;80.44;0.17
12495;0.00;105.01;0.00;104.99;0.00;0.00;59.02;17.23;36.76;180.04;849.24;180.04;883.78;874.30;80.44;0.17
12500;0.00;104.99;0.00;104.99;0.00;0.00;59.01;17.19;36.75;180.03;848.35;180.04;882.69;873.45;80.44;0.19
12505;0.00;104.90;0.00;105.11;0.00;0.00;59.01;17.19;36.76;180.02;849.46;180.04;883.09;873.68;80.44;0.17
12510;0.00;105.02;0.00;105.02;0.00;0.00;59.02;17.22;36.75;180.05;851.00;180.02;883.95;874.24;80.44;0.18
12515;0.00;104.98;0.00;105.01;0.00;0.00;59.01;17.20;36.75;180.06;852.25;180.01;884.69;874.77;80.44;0.19
12520;0.00;105.10;0.00;104.89;0.00;0.00;59.02;17.22;36.75;180.08;850.47;180.00;884.25;874.58;80.44;0.19
12525;0.00;105.04;0.00;104.99;0.00;0.00;59.02;17.25;36.76;180.07;849.56;179.98;883.43;874.05;80.44;0.18
12530;0.00;104.99;0.00;105.00;0.00;0.00;58.99;17.23;36.76;180.03;848.97;179.99;882.86;873.56;80.44;0.19
12535;0.00;104.86;0.00;105.14;0.00;0.00;59.01;17.23;36.76;180.02;850.14;179.99;883.55;873.52;80.44;0.19
12540;0.00;104.98;0.00;105.04;0.00;0.00;59.01;17.20;36.76;180.01;851.70;180.00;884.45;874.61;80.44;0.17
12545;0.00;105.00;0.00;104.97;0.00;0.00;59.01;17.20;36.76;180.02;852.86;179.98;884.98;875.02;80.44;0.19
12550;0.00;105.10;0.00;104.87;0.00;0.00;58.99;17.19;36.76;180.05;850.05;180.01;884.79;874.96;80.44;0.18
12555;0.00;105.02;0.00;105.01;0.00;0.00;59.04;17.22;36.76;180.06;849.37;180.04;883.23;874.49;80.44;0.17
12560;0.00;104.98;0.00;104.99;0.00;0.00;58.99;17.20;36.76;180.07;848.44;180.06;882.81;873.57;80.44;0.19
12565;0.00;104.92;0.00;105.09;0.00;0.00;59.00;17.20;36.76;180.06;849.29;180.08;883.10;873.70;80.44;0.17
12570;0.00;104.96;0.00;105.03;0.00;0.00;59.02;17.19;36.76;180.04;852.21;180.10;883.89;874.20;80.44;0.18
12575;0.00;104.99;0.00;105.00;0.00;0.00;59.01;17.23;36.76;180.03;852.49;180.10;884.79;874.73;80.44;0.19
12580;0.00;105.10;0.00;104.86;0.00;0.00;58.99;17.20;36.77;180.03;850.71;180.09;884.28;874.59;80.44;0.17
12585;0.00;105.04;0.00;104.99;0.00;0.00;59.05;17.20;36.76;180.05;849.64;180.08;883.42;874.03;80.44;0.18
12590;0.00;104.99;0.00;104.99;0.00;0.00;58.99;17.22;36.77;180.06;848.42;180.06;882.72;873.51;80.44;0.19
12595;0.00;104.89;0.00;105.11;0.00;0.00;59.01;17.22;36.77;180.07;849.86;180.02;883.26;873.78;80.44;0.19
12600;0.00;105.02;0.00;105.01;0.00;0.00;59.02;17.22;36.77;180.06;851.46;179.98;884.21;874.41;80.44;0.18
12605;0.00;104.99;0.00;104.99;0.00;0.00;58.99;17.23;36.77;180.05;852.77;179.97;884.83;874.88;80.44;0.19
12610;0.00;105.08;0.00;104.91;0.00;0.00;58.98;17.22;36.78;180.04;850.14;179.93;884.78;874.93;80.44;0.19
12615;0.00;105.02;0.00;105.01;0.00;0.00;59.03;17.23;36.78;180.03;849.42;179.91;883.34;873.98;80.44;0.17
12620;0.00;104.99;0.00;105.00;0.00;0.00;59.01;17.20;36.78;180.04;848.54;179.93;882.84;873.59;80.44;0.19
12625;0.00;104.90;0.00;105.12;0.00;0.00;59.00;17.20;36.78;180.05;848.98;179.92;883.07;873.71;80.44;0.18
12630;0.00;105.00;0.00;105.03;0.00;0.00;59.02;17.20;36.78;180.05;852.08;179.96;883.86;874.20;80.44;0.18
12635;0.00;105.00;0.00;105.00;0.00;0.00;58.98;17.22;36.78;180.06;852.73;179.98;884.91;875.01;80.44;0.19
12640;0.00;105.09;0.00;104.89;0.00;0.00;58.99;17.23;36.79;180.06;851.01;180.01;884.49;874.77;80.44;0.17
12645;0.00;105.01;0.00;105.00;0.00;0.00;59.03;17.22;36.78;180.05;849.21;180.05;883.62;874.19;80.44;0.17
12650;0.00;104.98;0.00;105.00;0.00;0.00;58.98;17.22;36.78;180.04;848.40;180.10;882.59;873.58;80.44;0.19
12655;0.00;104.92;0.00;105.16;0.00;0.00;59.01;17.19;36.79;180.04;849.68;180.12;883.09;873.66;80.44;0.19
12660;0.00;105.00;0.00;105.01;0.00;0.00;59.03;17.20;36.78;180.04;851.29;180.12;883.95;874.25;80.44;0.18
12665;0.00;105.01;0.00;104.99;0.00;0.00;58.99;17.19;36.79;180.03;852.07;180.12;884.64;874.73;80.44;0.19
12670;0.00;105.11;0.00;104.87;0.00;0.00;59.01;17.22;36.79;180.01;850.32;180.11;884.08;874.82;80.44;0.19
12675;0.00;105.02;0.00;105.01;0.00;0.00;59.04;17.22;36.79;180.02;849.51;180.09;883.24;873.89;80.44;0.18
12680;0.00;105.00;0.00;105.00;0.00;0.00;58.98;17.20;36.78;180.03;848.70;180.07;882.69;873.45;80.44;0.19
12685;0.00;104.92;0.00;105.10;0.00;0.00;58.99;17.19;36.79;180.04;850.34;180.01;882.79;873.48;80.44;0.19
12690;0.00;105.00;0.00;105.03;0.00;0.00;59.00;17.20;36.79;180.04;851.85;179.98;884.34;874.49;80.44;0.17
12695;0.00;105.00;0.00;104.99;0.00;0.00;58.98;17.19;36.78;180.02;852.85;179.95;884.83;874.90;80.44;0.19
12700;0.00;105.08;0.00;104.89;0.00;0.00;59.01;17.22;36.78;180.02;850.48;179.92;884.22;874.61;80.44;0.19
12705;0.00;105.05;0.00;104.99;0.00;0.00;59.04;17.25;36.78;180.03;849.58;179.91;883.42;874.07;80.44;0.18
12710;0.00;104.98;0.00;105.01;0.00;0.00;58.98;17.20;36.78;180.05;848.55;179.91;882.80;873.58;80.44;0.19
12715;0.00;104.90;0.00;105.14;0.00;0.00;58.99;17.22;36.79;180.07;849.95;179.92;883.35;873.48;80.44;0.19
12720;0.00;105.00;0.00;105.04;0.00;0.00;59.03;17.22;36.79;180.07;851.54;179.94;884.24;874.47;80.44;0.18
12725;0.00;104.99;0.00;104.99;0.00;0.00;59.01;17.20;36.79;180.03;852.83;179.97;884.82;874.91;80.44;0.19
12730;0.00;105.11;0.00;104.87;0.00;0.00;59.00;17.22;36.79;180.01;850.07;180.00;884.71;874.89;80.44;0.19
12735;0.00;105.03;0.00;105.01;0.00;0.00;59.02;17.22;36.80;179.99;849.41;180.07;883.17;873.88;80.44;0.17
12740;0.00;104.99;0.00;105.01;0.00;0.00;59.01;17.22;36.80;179.99;848.50;180.08;882.73;873.50;80.44;0.19
12745;0.00;104.91;0.00;105.08;0.00;0.00;58.98;17.22;36.80;180.02;849.11;180.10;883.00;873.64;80.44;0.18
12750;0.00;104.99;0.00;105.03;0.00;0.00;59.01;17.22;36.80;180.04;852.18;180.11;883.75;874.14;80.44;0.18
12755;0.00;104.99;0.00;105.00;0.00;0.00;58.99;17.20;36.80;180.05;852.68;180.11;884.80;874.92;80.44;0.19
12760;0.00;105.11;0.00;104.85;0.00;0.00;59.01;17.22;36.80;180.04;850.93;180.07;884.36;874.66;80.44;0.17
12765;0.00;105.01;0.00;105.01;0.00;0.00;59.05;17.22;36.80;180.02;849.75;180.07;883.49;874.07;80.44;0.18
12770;0.00;104.99;0.00;105.00;0.00;0.00;59.00;17.19;36.81;180.01;848.43;180.03;882.79;873.54;80.44;0.19
12775;0.00;104.88;0.00;105.11;0.00;0.00;58.98;17.23;36.80;180.00;849.71;180.00;883.11;873.68;80.44;0.19
12780;0.00;105.00;0.00;105.01;0.00;0.00;59.02;17.22;36.81;180.01;851.32;179.97;884.02;874.28;80.44;0.18
12785;0.00;104.99;0.00;104.98;0.00;0.00;59.01;17.17;36.81;180.04;851.89;179.95;884.67;874.76;80.44;0.19
12790;0.00;105.13;0.00;104.82;0.00;0.00;58.99;17.19;36.81;180.06;850.18;179.91;884.02;874.83;80.44;0.19
12795;0.00;105.02;0.00;104.99;0.00;0.00;59.02;17.25;36.81;180.05;849.46;179.91;883.23;873.90;80.44;0.17
12800;0.00;105.01;0.00;105.01;0.00;0.00;59.00;17.19;36.81;180.04;848.64;179.91;882.73;873.48;80.44;0.19
12805;0.00;104.91;0.00;105.11;0.00;0.00;59.00;17.20;36.80;180.01;850.51;179.92;882.94;873.57;80.44;0.18
12810;0.00;104.99;0.00;105.03;0.00;0.00;59.02;17.23;36.81;180.00;852.00;179.97;884.57;874.09;80.44;0.18
12815;0.00;105.00;0.00;104.99;0.00;0.00;59.00;17.20;36.81;180.00;852.76;180.02;884.96;875.03;80.44;0.19
12820;0.00;105.08;0.00;104.89;0.00;0.00;58.98;17.22;36.81;180.01;851.19;180.05;884.62;874.86;80.44;0.17
12825;0.00;105.05;0.00;104.99;0.00;0.00;59.03;17.19;36.81;180.04;849.23;180.08;883.80;874.34;80.44;0.17
12830;0.00;104.99;0.00;105.01;0.00;0.00;58.99;17.23;36.81;180.06;848.40;180.14;882.75;873.76;80.44;0.19
12835;0.00;104.90;0.00;105.12;0.00;0.00;58.98;17.20;36.81;180.07;849.64;180.17;883.18;873.76;80.44;0.17
12840;0.00;105.00;0.00;105.01;0.00;0.00;59.02;17.22;36.81;180.05;851.17;180.17;884.03;874.32;80.44;0.18
12845;0.00;105.01;0.00;104.97;0.00;0.00;58.98;17.22;36.81;180.02;852.17;180.17;884.67;874.80;80.44;0.19
12850;0.00;105.08;0.00;104.88;0.00;0.00;58.98;17.19;36.81;180.00;850.39;180.14;884.07;874.47;80.44;0.19
12855;0.00;105.02;0.00;104.99;0.00;0.00;59.02;17.20;36.81;179.99;849.53;180.11;883.19;873.89;80.44;0.18
12860;0.00;105.00;0.00;105.01;0.00;0.00;59.00;17.19;36.81;180.01;848.87;180.07;882.60;873.41;80.44;0.19
12865;0.00;104.95;0.00;105.08;0.00;0.00;59.00;17.19;36.81;180.04;850.26;179.98;882.64;873.38;80.44;0.19
12870;0.00;104.97;0.00;105.03;0.00;0.00;59.03;17.22;36.82;180.06;851.79;179.95;884.22;874.43;80.44;0.17
12875;0.00;105.00;0.00;104.99;0.00;0.00;59.01;17.22;36.82;180.08;852.84;179.93;884.70;874.81;80.44;0.19
12880;0.00;105.11;0.00;104.86;0.00;0.00;59.00;17.17;36.82;180.04;851.42;179.91;884.46;874.72;80.44;0.17
12885;0.00;105.01;0.00;104.99;0.00;0.00;59.03;17.22;36.82;180.02;849.26;179.91;883.69;874.22;80.44;0.17
12890;0.00;105.00;0.00;105.00;0.00;0.00;59.00;17.20;36.81;180.00;848.36;179.92;882.57;873.35;80.44;0.19
12895;0.00;104.90;0.00;105.11;0.00;0.00;58.98;17.20;36.82;180.00;849.27;179.95;882.95;873.58;80.44;0.17
12900;0.00;104.99;0.00;105.04;0.00;0.00;59.02;17.22;36.82;180.02;852.32;179.97;883.81;874.16;80.44;0.18
12905;0.00;105.00;0.00;104.99;0.00;0.00;59.02;17.20;36.82;180.04;852.41;180.04;884.80;874.72;80.44;0.19
12910;0.00;105.08;0.00;104.88;0.00;0.00;58.99;17.19;36.82;180.05;850.62;180.07;884.28;874.62;80.44;0.19
12915;0.00;105.02;0.00;105.00;0.00;0.00;59.04;17.22;36.82;180.04;849.63;180.11;883.44;874.07;80.44;0.18
12920;0.00;105.00;0.00;105.01;0.00;0.00;58.98;17.23;36.82;180.03;848.56;180.13;882.80;873.57;80.44;0.19
12925;0.00;104.90;0.00;105.11;0.00;0.00;58.99;17.22;36.82;180.02;850.05;180.15;883.35;873.47;80.44;0.19
12930;0.00;105.00;0.00;105.03;0.00;0.00;59.02;17.20;36.83;180.02;851.63;180.15;884.23;874.46;80.44;0.17
12935;0.00;104.99;0.00;104.99;0.00;0.00;59.01;17.22;36.83;180.00;852.87;180.13;884.75;874.86;80.44;0.19
12940;0.00;105.09;0.00;104.89;0.00;0.00;59.01;17.19;36.82;180.01;850.01;180.12;884.58;874.80;80.44;0.18
12945;0.00;105.03;0.00;104.99;0.00;0.00;59.03;17.22;36.83;180.01;849.30;180.06;883.00;874.34;80.44;0.17
12950;0.00;105.01;0.00;105.00;0.00;0.00;58.99;17.22;36.83;180.02;848.41;180.02;882.60;873.39;80.44;0.19
12955;0.00;104.85;0.00;105.14;0.00;0.00;58.99;17.17;36.82;180.06;849.12;179.98;882.87;873.55;80.44;0.17
12960;0.00;105.01;0.00;105.04;0.00;0.00;59.02;17.22;36.82;180.06;852.19;179.95;883.69;874.08;80.44;0.18
12965;0.00;105.00;0.00;104.99;0.00;0.00;59.01;17.20;36.83;180.05;852.50;179.93;884.77;874.89;80.44;0.19
12970;0.00;105.11;0.00;104.87;0.00;0.00;59.00;17.20;36.82;180.04;850.81;179.94;884.33;874.66;80.44;0.17
12975;0.00;105.01;0.00;104.99;0.00;0.00;59.03;17.22;36.82;179.99;849.69;179.95;883.51;874.10;80.44;0.18
12980;0.00;105.00;0.00;105.00;0.00;0.00;59.01;17.20;36.82;179.99;848.45;180.00;882.81;873.60;80.44;0.19
12985;0.00;104.91;0.00;105.10;0.00;0.00;58.98;17.22;36.82;180.01;849.78;180.03;883.30;873.84;80.44;0.19
12990;0.00;105.00;0.00;105.03;0.00;0.00;59.02;17.23;36.82;180.03;851.40;180.05;884.19;874.45;80.44;0.18
12995;0.00;105.01;0.00;104.99;0.00;0.00;59.01;17.20;36.83;180.06;852.75;180.08;884.85;874.93;80.44;0.19
13000;0.00;105.11;0.00;104.85;0.00;0.00;59.02;17.19;36.82;180.05;850.16;180.12;884.82;874.98;80.44;0.19
13005;0.00;105.04;0.00;105.00;0.00;0.00;59.04;17.23;36.84;180.03;849.41;180.14;883.30;873.99;80.44;0.17
13010;0.00;105.00;0.00;105.01;0.00;0.00;58.99;17.19;36.83;180.01;848.60;180.14;882.80;873.60;80.44;0.19
13015;0.00;104.92;0.00;105.11;0.00;0.00;59.02;17.20;36.83;180.00;850.59;180.14;882.99;873.66;80.44;0.18
13020;0.00;105.01;0.00;105.03;0.00;0.00;59.02;17.22;36.83;180.01;852.06;180.10;884.58;874.15;80.44;0.18
13025;0.00;105.00;0.00;104.99;0.00;0.00;59.01;17.19;36.83;180.02;852.73;180.09;884.89;875.00;80.44;0.19
13030;0.00;105.08;0.00;104.89;0.00;0.00;59.01;17.17;36.83;180.03;851.11;180.06;884.49;874.78;80.44;0.17
13035;0.00;105.04;0.00;105.01;0.00;0.00;59.02;17.19;36.84;180.05;849.18;180.03;883.62;874.23;80.44;0.17
13040;0.00;105.00;0.00;105.00;0.00;0.00;59.00;17.20;36.83;180.05;848.39;179.98;882.64;873.65;80.44;0.19
13045;0.00;104.90;0.00;105.14;0.00;0.00;58.99;17.20;36.84;180.03;849.67;179.96;883.14;873.71;80.44;0.19
13050;0.00;105.00;0.00;105.03;0.00;0.00;59.02;17.23;36.84;180.02;851.29;179.95;884.00;874.31;80.44;0.18
13055;0.00;105.00;0.00;105.00;0.00;0.00;58.98;17.23;36.83;180.00;852.09;179.94;884.68;874.79;80.44;0.19
13060;0.00;105.12;0.00;104.86;0.00;0.00;58.99;17.20;36.83;180.00;850.32;179.96;884.05;874.88;80.44;0.19
13065;0.00;105.03;0.00;105.00;0.00;0.00;59.03;17.20;36.83;180.00;849.49;179.97;883.23;873.93;80.44;0.18
13070;0.00;105.00;0.00;104.99;0.00;0.00;58.99;17.19;36.84;180.02;848.70;179.98;882.69;873.49;80.44;0.19
13075;0.00;104.93;0.00;105.11;0.00;0.00;58.98;17.19;36.84;180.04;850.35;180.03;882.82;873.53;80.44;0.18
13080;0.00;104.99;0.00;105.04;0.00;0.00;59.03;17.25;36.84;180.04;851.87;180.08;884.42;874.60;80.44;0.17
13085;0.00;105.00;0.00;104.97;0.00;0.00;58.99;17.19;36.84;180.03;852.85;180.10;884.85;874.96;80.44;0.19
13090;0.00;105.11;0.00;104.86;0.00;0.00;58.98;17.19;36.85;180.01;851.27;180.12;884.55;874.83;80.44;0.17
13095;0.00;105.04;0.00;105.01;0.00;0.00;59.02;17.25;36.85;180.00;849.27;180.15;883.77;874.33;80.44;0.17
13100;0.00;105.01;0.00;104.99;0.00;0.00;58.99;17.23;36.84;180.01;848.38;180.15;882.62;873.43;80.44;0.19
13105;0.00;104.93;0.00;105.07;0.00;0.00;58.98;17.19;36.84;180.01;849.45;180.13;883.02;873.66;80.44;0.17
13110;0.00;104.98;0.00;105.03;0.00;0.00;59.03;17.17;36.85;180.02;851.10;180.12;883.85;874.19;80.44;0.18
13115;0.00;105.00;0.00;104.98;0.00;0.00;59.00;17.22;36.85;180.03;852.21;180.07;884.53;874.68;80.44;0.19
13120;0.00;105.09;0.00;104.84;0.00;0.00;58.98;17.22;36.86;180.03;850.40;180.04;883.99;874.42;80.44;0.19
13125;0.00;105.04;0.00;104.99;0.00;0.00;59.02;17.23;36.85;180.02;849.53;180.01;883.14;873.84;80.44;0.18
13130;0.00;105.01;0.00;105.01;0.00;0.00;58.99;17.22;36.85;180.00;848.86;179.98;882.56;873.38;80.44;0.19
13135;0.00;104.92;0.00;105.11;0.00;0.00;59.02;17.22;36.85;179.99;850.17;179.96;882.64;873.39;80.44;0.19
13140;0.00;105.00;0.00;105.03;0.00;0.00;59.03;17.22;36.84;180.01;851.73;179.96;884.40;874.56;80.44;0.17
13145;0.00;105.00;0.00;104.98;0.00;0.00;58.99;17.22;36.85;180.03;852.87;179.96;884.93;874.99;80.44;0.19
13150;0.00;105.08;0.00;104.83;0.00;0.00;58.98;17.22;36.85;180.05;849.99;179.98;884.74;874.94;80.44;0.18
13155;0.00;105.02;0.00;105.01;0.00;0.00;59.03;17.25;36.85;180.04;849.32;180.02;883.22;874.49;80.44;0.17
13160;0.00;105.02;0.00;105.00;0.00;0.00;59.00;17.20;36.85;180.02;848.42;180.05;882.86;873.62;80.44;0.19
13165;0.00;104.89;0.00;105.12;0.00;0.00;58.99;17.22;36.86;180.00;849.36;180.08;883.20;873.82;80.44;0.17
13170;0.00;104.99;0.00;105.04;0.00;0.00;59.00;17.25;36.86;179.99;852.32;180.11;884.00;874.32;80.44;0.18
13175;0.00;104.99;0.00;104.99;0.00;0.00;59.01;17.20;36.86;180.00;852.50;180.17;884.86;874.84;80.44;0.19
13180;0.00;105.08;0.00;104.88;0.00;0.00;59.01;17.17;36.87;180.01;850.69;180.20;884.28;874.65;80.44;0.19
13185;0.00;105.03;0.00;105.00;0.00;0.00;59.02;17.22;36.88;180.02;849.65;180.24;883.40;874.05;80.44;0.18
13190;0.00;104.99;0.00;105.01;0.00;0.00;58.98;17.19;36.88;180.02;848.50;180.26;882.72;873.49;80.44;0.19
13195;0.00;104.93;0.00;105.10;0.00;0.00;58.98;17.20;36.88;180.02;849.96;180.32;883.26;873.38;80.44;0.19
13200;0.00;105.01;0.00;105.03;0.00;0.00;59.03;17.23;36.88;180.01;851.54;180.33;884.15;874.37;80.44;0.18
13205;0.00;105.01;0.00;104.98;0.00;0.00;59.00;17.19;36.89;180.00;852.81;180.33;884.71;874.81;80.44;0.19
13210;0.00;105.11;0.00;104.87;0.00;0.00;58.99;17.20;36.89;180.01;850.06;180.30;884.60;874.80;80.44;0.19
13215;0.00;105.03;0.00;105.01;0.00;0.00;59.04;17.23;36.89;180.02;849.31;180.28;883.09;873.80;80.44;0.17
13220;0.00;105.00;0.00;105.00;0.00;0.00;59.00;17.22;36.89;180.02;848.41;180.26;882.68;873.46;80.44;0.19
13225;0.00;104.92;0.00;105.08;0.00;0.00;58.98;17.20;36.89;180.02;849.04;180.25;883.00;873.63;80.44;0.18
13230;0.00;104.99;0.00;105.03;0.00;0.00;59.00;17.23;36.89;180.01;852.16;180.22;883.83;874.17;80.44;0.18
13235;0.00;104.99;0.00;104.99;0.00;0.00;59.02;17.23;36.89;180.03;852.67;180.20;885.00;875.06;80.44;0.19
13240;0.00;105.10;0.00;104.85;0.00;0.00;59.02;17.20;36.89;180.04;850.92;180.20;884.57;874.84;80.44;0.17
13245;0.00;105.02;0.00;105.00;0.00;0.00;59.03;17.23;36.89;180.03;849.75;180.20;883.75;874.32;80.44;0.18
13250;0.00;104.98;0.00;105.00;0.00;0.00;58.99;17.20;36.89;180.02;848.49;180.26;883.06;873.77;80.44;0.19
13255;0.00;104.92;0.00;105.12;0.00;0.00;59.00;17.19;36.89;180.02;849.90;180.30;883.40;873.94;80.44;0.19
13260;0.00;105.04;0.00;105.01;0.00;0.00;59.05;17.25;36.88;180.01;851.41;180.32;884.28;874.50;80.44;0.18
13265;0.00;105.00;0.00;104.98;0.00;0.00;58.99;17.20;36.88;180.04;852.76;180.36;884.84;874.93;80.44;0.19
13270;0.00;105.09;0.00;104.86;0.00;0.00;58.98;17.20;36.88;180.05;850.22;180.44;884.03;874.93;80.44;0.19
13275;0.00;105.03;0.00;105.00;0.00;0.00;59.00;17.23;36.88;180.04;849.44;180.46;883.14;873.87;80.44;0.17
13280;0.00;104.99;0.00;105.01;0.00;0.00;59.01;17.22;36.87;180.02;848.56;180.47;882.58;873.39;80.44;0.19
13285;0.00;104.91;0.00;105.10;0.00;0.00;58.98;17.23;36.87;180.00;850.51;180.46;882.72;873.43;80.44;0.18
13290;0.00;104.96;0.00;105.03;0.00;0.00;59.00;17.23;36.86;180.01;851.98;180.45;884.31;873.90;80.44;0.18
13295;0.00;105.01;0.00;105.00;0.00;0.00;58.99;17.22;36.86;180.02;852.74;180.43;884.66;874.77;80.44;0.19
13300;0.00;105.08;0.00;104.83;0.00;0.00;58.98;17.22;36.85;180.03;851.02;180.41;884.28;874.58;80.44;0.17
13305;0.00;105.04;0.00;104.99;0.00;0.00;59.02;17.23;36.85;180.03;849.15;180.38;883.50;874.05;80.44;0.17
13310;0.00;105.00;0.00;104.99;0.00;0.00;59.02;17.20;36.84;180.02;848.35;180.30;882.58;873.52;80.44;0.19
13315;0.00;104.87;0.00;105.13;0.00;0.00;58.98;17.19;36.84;180.02;849.61;180.26;883.13;873.67;80.44;0.17
13320;0.00;105.01;0.00;105.03;0.00;0.00;59.01;17.22;36.84;180.01;851.26;180.22;884.04;874.29;80.44;0.18
13325;0.00;104.99;0.00;104.98;0.00;0.00;58.98;17.20;36.83;180.02;852.21;180.20;884.74;874.82;80.44;0.19
13330;0.00;105.09;0.00;104.87;0.00;0.00;58.99;17.23;36.83;180.04;850.41;180.17;884.18;874.56;80.44;0.19
13335;0.00;105.03;0.00;105.00;0.00;0.00;59.03;17.22;36.83;180.05;849.56;180.16;883.34;873.98;80.44;0.18
13340;0.00;104.99;0.00;105.01;0.00;0.00;59.01;17.23;36.82;180.06;848.81;180.17;882.74;873.52;80.44;0.19
13345;0.00;104.87;0.00;105.13;0.00;0.00;59.00;17.22;36.82;180.05;850.35;180.22;882.80;873.51;80.44;0.19
13350;0.00;104.99;0.00;105.03;0.00;0.00;59.05;17.20;36.82;180.03;851.89;180.28;884.35;874.51;80.44;0.17
13355;0.00;105.00;0.00;105.00;0.00;0.00;59.02;17.22;36.81;180.01;852.94;180.33;884.72;874.83;80.44;0.19
13360;0.00;105.11;0.00;104.86;0.00;0.00;59.01;17.19;36.82;180.01;851.39;180.38;884.39;874.68;80.44;0.17
13365;0.00;105.03;0.00;105.00;0.00;0.00;59.04;17.23;36.82;180.02;849.29;180.49;883.60;874.12;80.44;0.17
13370;0.00;105.01;0.00;105.01;0.00;0.00;59.02;17.20;36.82;180.03;848.43;180.51;882.36;873.16;80.45;0.19
13375;0.00;104.93;0.00;105.09;0.00;0.00;59.01;17.22;36.81;180.04;849.45;180.53;882.66;873.31;80.45;0.18
13380;0.00;105.00;0.00;105.02;0.00;0.00;59.03;17.22;36.81;180.03;852.13;180.51;883.26;873.70;80.45;0.18
13385;0.00;105.01;0.00;104.99;0.00;0.00;58.99;17.20;36.81;180.02;852.70;180.48;884.27;874.43;80.45;0.19
13390;0.00;105.11;0.00;104.83;0.00;0.00;58.98;17.27;36.80;180.03;851.03;180.42;883.82;874.18;80.45;0.17
13395;0.00;105.01;0.00;105.01;0.00;0.00;59.05;17.25;36.81;180.02;849.10;180.36;882.99;873.62;80.45;0.17
13400;0.00;105.00;0.00;105.00;0.00;0.00;59.00;17.22;36.80;180.02;848.35;180.23;882.11;873.06;80.45;0.19
13405;0.00;104.91;0.00;105.12;0.00;0.00;59.02;17.23;36.80;180.02;849.69;180.16;882.68;873.28;80.45;0.19
13410;0.00;104.97;0.00;105.04;0.00;0.00;59.02;17.22;36.79;180.02;851.33;180.10;883.66;873.92;80.45;0.18
13415;0.00;105.01;0.00;105.00;0.00;0.00;58.98;17.23;36.78;180.00;852.06;180.07;884.41;874.48;80.45;0.19
13420;0.00;105.09;0.00;104.87;0.00;0.00;58.98;17.20;36.77;180.00;850.31;180.04;883.91;874.62;80.45;0.19
13425;0.00;105.02;0.00;105.00;0.00;0.00;59.03;17.22;36.77;180.00;849.51;180.06;883.10;873.75;80.45;0.18
13430;0.00;104.99;0.00;105.01;0.00;0.00;59.00;17.20;36.77;180.01;848.71;180.10;882.55;873.35;80.45;0.19
13435;0.00;104.88;0.00;105.14;0.00;0.00;58.99;17.23;36.76;180.03;850.47;180.14;882.68;873.37;80.45;0.18
13440;0.00;104.99;0.00;105.04;0.00;0.00;59.03;17.23;36.76;180.03;851.98;180.27;884.22;874.41;80.45;0.17
13445;0.00;105.01;0.00;104.99;0.00;0.00;58.99;17.22;36.75;180.02;852.88;180.34;884.57;874.67;80.45;0.19
13450;0.00;105.09;0.00;104.88;0.00;0.00;59.00;17.20;36.75;180.00;851.22;180.38;884.18;874.46;80.45;0.17
13455;0.00;105.03;0.00;105.00;0.00;0.00;59.02;17.22;36.74;179.98;849.22;180.46;883.36;873.92;80.45;0.17
13460;0.00;105.00;0.00;105.00;0.00;0.00;59.00;17.22;36.74;179.97;848.37;180.48;882.25;873.04;80.45;0.19
13465;0.00;104.91;0.00;105.09;0.00;0.00;58.98;17.19;36.74;179.99;849.50;180.48;882.69;873.31;80.45;0.17
13470;0.00;104.99;0.00;105.03;0.00;0.00;59.03;17.23;36.74;180.02;851.16;180.44;883.59;873.89;80.45;0.18
13475;0.00;104.99;0.00;104.99;0.00;0.00;59.01;17.23;36.73;180.03;852.21;180.36;884.32;874.43;80.45;0.19
13480;0.00;105.13;0.00;104.83;0.00;0.00;58.98;17.20;36.74;180.03;850.50;180.30;883.86;874.21;80.45;0.19
13485;0.00;105.03;0.00;105.01;0.00;0.00;59.03;17.22;36.73;180.02;849.57;180.23;883.00;873.66;80.45;0.18
13490;0.00;104.98;0.00;105.01;0.00;0.00;58.98;17.20;36.73;180.01;848.88;180.17;882.41;873.21;80.45;0.19
13495;0.00;104.91;0.00;105.12;0.00;0.00;59.02;17.22;36.73;180.01;850.31;180.06;882.49;873.20;80.45;0.19
13500;0.00;105.03;0.00;105.03;0.00;0.00;59.01;17.20;36.73;180.02;851.86;180.03;884.10;874.31;80.45;0.17
13505;0.00;105.00;0.00;104.98;0.00;0.00;58.99;17.20;36.72;180.02;852.95;180.01;884.62;874.69;80.45;0.19
13510;0.00;105.07;0.00;104.89;0.00;0.00;58.97;17.20;36.73;180.02;851.53;180.02;884.39;874.61;80.45;0.17
13515;0.00;105.03;0.00;105.01;0.00;0.00;59.02;17.22;36.72;180.01;849.32;180.07;882.81;874.13;80.45;0.17
13520;0.00;105.00;0.00;104.99;0.00;0.00;59.02;17.23;36.72;180.01;848.42;180.12;882.42;873.19;80.45;0.19
13525;0.00;104.87;0.00;105.13;0.00;0.00;58.97;17.20;36.72;180.01;849.43;180.18;882.74;873.37;80.45;0.17
13530;0.00;105.00;0.00;105.04;0.00;0.00;59.01;17.20;36.72;180.00;852.38;180.24;883.58;873.92;80.45;0.18
13535;0.00;105.01;0.00;104.99;0.00;0.00;58.98;17.20;36.72;180.01;852.48;180.35;884.45;874.45;80.45;0.19
13540;0.00;105.11;0.00;104.87;0.00;0.00;58.99;17.22;36.72;180.01;850.64;180.39;883.91;874.26;80.45;0.19
13545;0.00;105.04;0.00;104.99;0.00;0.00;59.03;17.23;36.72;180.02;849.62;180.42;883.07;873.68;80.45;0.18
13550;0.00;104.98;0.00;105.01;0.00;0.00;58.98;17.22;36.72;180.04;848.55;180.43;882.41;873.21;80.45;0.19
13555;0.00;104.92;0.00;105.08;0.00;0.00;58.99;17.20;36.72;180.03;850.06;180.40;883.08;873.14;80.45;0.19
13560;0.00;105.00;0.00;105.03;0.00;0.00;59.03;17.23;36.72;180.02;851.65;180.36;884.00;874.21;80.45;0.18
13565;0.00;105.00;0.00;104.99;0.00;0.00;58.98;17.20;36.72;180.00;852.90;180.31;884.58;874.65;80.45;0.19
13570;0.00;105.11;0.00;104.84;0.00;0.00;58.99;17.20;36.72;179.99;850.10;180.24;884.43;874.63;80.45;0.18
13575;0.00;105.01;0.00;105.00;0.00;0.00;59.05;17.22;36.71;179.99;849.37;180.11;882.92;873.63;80.45;0.17
13580;0.00;105.01;0.00;105.00;0.00;0.00;58.98;17.22;36.72;180.00;848.46;180.06;882.49;873.26;80.45;0.19
13585;0.00;104.90;0.00;105.09;0.00;0.00;58.98;17.22;36.72;180.04;849.18;180.01;882.82;873.43;80.45;0.17
13590;0.00;104.99;0.00;105.04;0.00;0.00;58.99;17.20;36.72;180.05;852.28;179.98;883.65;873.98;80.45;0.18
13595;0.00;105.01;0.00;105.00;0.00;0.00;58.99;17.20;36.72;180.04;852.71;179.99;884.72;874.81;80.45;0.19
13600;0.00;105.15;0.00;104.83;0.00;0.00;58.98;17.20;36.72;180.04;850.92;180.02;884.28;874.56;80.45;0.17
13605;0.00;105.03;0.00;104.99;0.00;0.00;59.02;17.22;36.72;180.01;849.76;180.07;883.42;874.00;80.45;0.18
13610;0.00;105.01;0.00;105.00;0.00;0.00;59.01;17.22;36.72;180.01;848.52;180.18;882.71;873.46;80.45;0.19
13615;0.00;104.90;0.00;105.12;0.00;0.00;58.99;17.22;36.72;180.00;849.85;180.24;883.13;873.66;80.45;0.19
13620;0.00;105.01;0.00;105.03;0.00;0.00;58.99;17.22;36.72;180.00;851.48;180.29;884.02;874.25;80.45;0.18
13625;0.00;105.00;0.00;105.00;0.00;0.00;58.98;17.22;36.71;180.01;852.83;180.35;884.60;874.68;80.45;0.19
13630;0.00;105.09;0.00;104.90;0.00;0.00;58.99;17.22;36.72;180.02;850.20;180.41;884.52;874.69;80.45;0.19
13635;0.00;105.05;0.00;105.01;0.00;0.00;59.03;17.22;36.72;180.02;849.43;180.41;882.95;873.65;80.45;0.17
13640;0.00;105.00;0.00;105.00;0.00;0.00;59.01;17.20;36.72;180.02;848.63;180.40;882.46;873.23;80.45;0.19
13645;0.00;104.88;0.00;105.12;0.00;0.00;58.99;17.22;36.72;180.03;850.62;180.36;882.60;873.30;80.45;0.18
13650;0.00;105.01;0.00;105.04;0.00;0.00;59.03;17.23;36.72;180.02;852.09;180.25;884.24;873.80;80.45;0.18
13655;0.00;105.01;0.00;104.99;0.00;0.00;58.98;17.20;36.72;180.02;852.79;180.18;884.58;874.67;80.45;0.19
13660;0.00;105.09;0.00;104.86;0.00;0.00;58.98;17.22;36.72;180.01;851.04;180.11;884.18;874.47;80.45;0.17
13665;0.00;105.03;0.00;105.01;0.00;0.00;59.05;17.23;36.72;180.03;849.18;180.05;883.37;873.92;80.44;0.17
13670;0.00;104.98;0.00;105.01;0.00;0.00;58.99;17.20;36.72;180.02;848.40;179.96;882.42;873.38;80.44;0.19
13675;0.00;104.93;0.00;105.09;0.00;0.00;59.00;17.20;36.72;180.03;849.70;179.95;882.94;873.50;80.44;0.19
13680;0.00;105.02;0.00;105.04;0.00;0.00;59.02;17.22;36.72;180.03;851.35;179.95;883.86;874.11;80.44;0.18
13685;0.00;105.01;0.00;104.99;0.00;0.00;59.02;17.20;36.72;180.01;852.19;179.98;884.56;874.63;80.44;0.19
13690;0.00;105.09;0.00;104.87;0.00;0.00;59.02;17.23;36.73;180.01;850.38;180.07;883.98;874.73;80.44;0.19
13695;0.00;105.04;0.00;105.00;0.00;0.00;59.02;17.22;36.73;180.01;849.53;180.12;883.13;873.78;80.44;0.18
13700;0.00;104.98;0.00;105.00;0.00;0.00;59.00;17.22;36.73;180.05;848.75;180.18;882.59;873.35;80.44;0.19
13705;0.00;104.92;0.00;105.09;0.00;0.00;58.98;17.20;36.73;180.06;850.40;180.24;882.70;873.37;80.44;0.19
13710;0.00;105.01;0.00;105.03;0.00;0.00;59.02;17.22;36.73;180.06;851.93;180.34;884.31;874.45;80.44;0.17
13715;0.00;105.01;0.00;104.99;0.00;0.00;58.98;17.22;36.73;180.04;852.93;180.36;884.71;874.79;80.44;0.19
13720;0.00;105.09;0.00;104.84;0.00;0.00;58.98;17.20;36.74;180.00;851.32;180.36;884.40;874.63;80.44;0.17
13725;0.00;105.03;0.00;104.99;0.00;0.00;59.05;17.23;36.74;179.99;849.22;180.34;883.61;874.12;80.44;0.17
13730;0.00;105.00;0.00;105.00;0.00;0.00;58.99;17.19;36.73;179.98;848.38;180.31;882.51;873.27;80.44;0.19
13735;0.00;104.92;0.00;105.11;0.00;0.00;59.01;17.19;36.73;180.00;849.46;180.24;882.92;873.53;80.44;0.17
13740;0.00;104.99;0.00;105.03;0.00;0.00;59.03;17.22;36.74;180.05;851.12;180.19;883.81;874.11;80.44;0.18
13745;0.00;105.00;0.00;104.99;0.00;0.00;59.00;17.19;36.74;180.06;852.32;180.06;884.55;874.64;80.44;0.19
13750;0.00;105.08;0.00;104.83;0.00;0.00;58.98;17.19;36.74;180.06;850.49;180.01;884.12;874.45;80.44;0.19
13755;0.00;105.05;0.00;104.99;0.00;0.00;59.02;17.20;36.74;180.04;849.62;179.96;883.26;873.90;80.44;0.18
13760;0.00;105.01;0.00;105.00;0.00;0.00;59.02;17.20;36.74;180.00;848.95;179.93;882.62;873.40;80.44;0.19
13765;0.00;104.89;0.00;105.11;0.00;0.00;58.99;17.22;36.75;179.99;850.24;179.92;883.33;873.36;80.44;0.19
13770;0.00;104.99;0.00;105.03;0.00;0.00;59.02;17.22;36.74;180.00;851.80;179.94;884.18;874.38;80.44;0.17
13775;0.00;105.01;0.00;104.99;0.00;0.00;59.00;17.20;36.75;180.01;852.93;179.99;884.70;874.77;80.44;0.19
13780;0.00;105.09;0.00;104.87;0.00;0.00;58.98;17.20;36.75;180.03;850.00;180.04;884.50;874.71;80.44;0.18
13785;0.00;105.02;0.00;104.99;0.00;0.00;59.04;17.20;36.75;180.02;849.30;180.16;882.95;874.23;80.44;0.17
13790;0.00;105.01;0.00;105.01;0.00;0.00;58.99;17.19;36.75;180.02;848.40;180.22;882.54;873.31;80.44;0.19
13795;0.00;104.89;0.00;105.12;0.00;0.00;58.98;17.20;36.75;180.02;849.23;180.28;882.88;873.49;80.44;0.17
13800;0.00;105.01;0.00;105.02;0.00;0.00;59.03;17.22;36.76;180.02;852.32;180.32;883.70;874.04;80.44;0.18
13805;0.00;105.01;0.00;104.98;0.00;0.00;59.01;17.22;36.75;180.02;852.54;180.35;884.67;874.78;80.44;0.19
13810;0.00;105.09;0.00;104.88;0.00;0.00;59.00;17.22;36.76;180.01;850.81;180.34;884.18;874.49;80.44;0.17
13815;0.00;105.03;0.00;105.00;0.00;0.00;59.05;17.23;36.75;180.01;849.68;180.31;883.34;873.94;80.44;0.18
13820;0.00;105.00;0.00;105.00;0.00;0.00;59.01;17.22;36.76;180.00;848.50;180.21;882.68;873.42;80.44;0.19
13825;0.00;104.92;0.00;105.09;0.00;0.00;58.98;17.22;36.76;180.01;849.98;180.14;883.20;873.71;80.44;0.19
13830;0.00;104.99;0.00;105.04;0.00;0.00;59.01;17.22;36.76;180.02;852.34;180.08;883.95;874.20;80.44;0.18
13835;0.00;105.02;0.00;105.01;0.00;0.00;58.99;17.23;36.76;180.03;852.84;179.99;884.79;874.86;80.44;0.19
13840;0.00;105.10;0.00;104.83;0.00;0.00;59.00;17.22;36.76;180.03;850.39;179.92;884.16;874.51;80.44;0.19
13845;0.00;105.01;0.00;105.00;0.00;0.00;59.02;17.20;36.77;180.01;849.70;179.89;883.46;874.06;80.44;0.18
13850;0.00;104.99;0.00;105.01;0.00;0.00;59.02;17.22;36.76;180.00;848.50;179.87;882.79;873.55;80.44;0.19
13855;0.00;104.92;0.00;105.11;0.00;0.00;59.02;17.22;36.76;180.00;849.95;179.89;883.26;873.74;80.44;0.19
13860;0.00;105.01;0.00;105.01;0.00;0.00;59.02;17.19;36.76;179.99;851.56;179.93;884.11;874.33;80.44;0.18
13865;0.00;104.98;0.00;104.99;0.00;0.00;58.99;17.23;36.76;179.99;852.88;179.99;884.66;874.75;80.44;0.19
13870;0.00;105.08;0.00;104.89;0.00;0.00;58.97;17.19;36.77;180.00;850.18;180.11;884.54;874.74;80.44;0.19
13875;0.00;105.03;0.00;104.99;0.00;0.00;59.02;17.20;36.76;180.01;849.40;180.19;882.97;873.68;80.44;0.17
13880;0.00;105.01;0.00;104.99;0.00;0.00;58.99;17.20;36.77;180.02;848.51;180.25;882.50;873.28;80.44;0.19
13885;0.00;104.88;0.00;105.12;0.00;0.00;58.98;17.17;36.77;180.01;849.02;180.30;882.71;873.39;80.44;0.18
13890;0.00;104.98;0.00;105.03;0.00;0.00;59.02;17.22;36.77;180.00;852.06;180.34;883.54;873.93;80.44;0.18
13895;0.00;105.01;0.00;104.99;0.00;0.00;58.98;17.20;36.78;179.99;852.78;180.34;884.74;874.83;80.44;0.19
13900;0.00;105.09;0.00;104.87;0.00;0.00;58.99;17.22;36.77;179.99;851.03;180.32;884.37;874.62;80.44;0.17
13905;0.00;105.03;0.00;104.99;0.00;0.00;59.04;17.23;36.78;179.99;849.14;180.27;883.56;874.10;80.44;0.17
13910;0.00;104.99;0.00;105.01;0.00;0.00;59.01;17.20;36.78;180.01;848.45;180.16;882.66;873.58;80.44;0.19
13915;0.00;104.91;0.00;105.09;0.00;0.00;58.98;17.20;36.78;180.01;849.72;180.09;883.20;873.73;80.44;0.19
13920;0.00;105.01;0.00;105.03;0.00;0.00;59.00;17.22;36.78;180.02;851.38;180.02;884.07;874.32;80.44;0.18
13925;0.00;104.97;0.00;104.99;0.00;0.00;59.02;17.22;36.78;180.01;852.10;179.95;884.71;874.79;80.44;0.19
13930;0.00;105.09;0.00;104.85;0.00;0.00;58.98;17.19;36.78;180.00;850.31;179.87;883.99;874.81;80.44;0.19
13935;0.00;105.03;0.00;105.01;0.00;0.00;59.02;17.22;36.78;179.99;849.48;179.85;883.11;873.78;80.44;0.17
13940;0.00;105.00;0.00;105.01;0.00;0.00;59.01;17.25;36.78;180.00;848.55;179.88;882.55;873.36;80.44;0.19
13945;0.00;104.88;0.00;105.13;0.00;0.00;58.99;17.23;36.78;180.00;849.52;179.90;882.86;873.46;80.44;0.17
13950;0.00;104.99;0.00;105.04;0.00;0.00;58.99;17.23;36.78;180.02;852.38;179.92;883.69;874.02;80.44;0.18
13955;0.00;105.02;0.00;104.99;0.00;0.00;59.00;17.23;36.79;180.02;852.44;180.05;884.63;874.56;80.44;0.19
13960;0.00;105.09;0.00;104.86;0.00;0.00;58.99;17.22;36.79;180.02;850.59;180.12;884.08;874.43;80.44;0.19
13965;0.00;105.01;0.00;105.00;0.00;0.00;59.02;17.22;36.79;180.02;849.58;180.18;883.26;873.89;80.44;0.18
13970;0.00;104.99;0.00;105.01;0.00;0.00;58.99;17.20;36.79;180.00;848.37;180.26;882.54;873.29;80.44;0.19
13975;0.00;104.92;0.00;105.11;0.00;0.00;58.98;17.20;36.79;179.99;850.51;180.30;882.85;873.46;80.44;0.18
13980;0.00;105.00;0.00;105.03;0.00;0.00;59.02;17.23;36.79;179.99;851.69;180.30;884.16;874.34;80.44;0.18
13985;0.00;105.01;0.00;104.99;0.00;0.00;59.01;17.20;36.79;180.00;852.64;180.27;884.82;874.90;80.44;0.19
13990;0.00;105.12;0.00;104.83;0.00;0.00;58.98;17.22;36.79;180.01;850.10;180.21;884.55;874.75;80.44;0.18
13995;0.00;105.04;0.00;104.99;0.00;0.00;59.05;17.25;36.80;180.01;849.58;180.16;883.35;873.99;80.44;0.18
14000;0.00;105.00;0.00;105.00;0.00;0.00;59.00;17.20;36.79;180.01;848.40;180.06;882.63;873.41;80.44;0.19
14005;0.00;104.91;0.00;105.11;0.00;0.00;59.00;17.20;36.80;180.00;850.38;179.96;883.37;873.50;80.44;0.18
14010;0.00;105.00;0.00;105.05;0.00;0.00;59.02;17.22;36.80;180.01;852.47;179.93;884.04;874.27;80.44;0.18
14015;0.00;105.01;0.00;104.99;0.00;0.00;58.98;17.22;36.79;180.01;852.78;179.86;884.73;874.83;80.44;0.19
14020;0.00;105.11;0.00;104.87;0.00;0.00;58.99;17.22;36.81;180.00;850.99;179.86;884.28;874.60;80.44;0.17
14025;0.00;105.03;0.00;104.99;0.00;0.00;59.02;17.22;36.81;180.00;849.20;179.87;883.53;874.10;80.44;0.17
14030;0.00;104.99;0.00;104.99;0.00;0.00;58.99;17.22;36.81;180.01;848.36;179.90;882.49;873.25;80.44;0.19
14035;0.00;104.93;0.00;105.10;0.00;0.00;58.98;17.22;36.81;180.01;849.52;179.95;882.93;873.52;80.44;0.17
14040;0.00;105.01;0.00;105.01;0.00;0.00;59.02;17.22;36.81;180.02;851.18;180.01;883.83;874.10;80.44;0.18
14045;0.00;104.99;0.00;104.99;0.00;0.00;59.05;17.22;36.81;180.01;852.32;180.14;884.53;874.62;80.44;0.19
14050;0.00;105.11;0.00;104.85;0.00;0.00;59.01;17.22;36.81;180.01;850.47;180.19;884.04;874.40;80.44;0.19
14055;0.00;105.04;0.00;104.99;0.00;0.00;59.01;17.20;36.82;180.01;849.52;180.24;883.15;873.85;80.44;0.18
14060;0.00;105.01;0.00;104.99;0.00;0.00;58.98;17.19;36.84;179.99;848.81;180.28;882.59;873.37;80.44;0.19
14065;0.00;104.90;0.00;105.12;0.00;0.00;58.99;17.22;36.85;179.99;850.17;180.32;882.65;873.37;80.44;0.19
14070;0.00;105.00;0.00;105.03;0.00;0.00;58.99;17.20;36.87;179.99;851.75;180.32;884.39;874.53;80.44;0.17
14075;0.00;104.99;0.00;104.99;0.00;0.00;59.01;17.17;36.88;180.00;852.94;180.31;884.94;874.97;80.44;0.19
14080;0.00;105.10;0.00;104.90;0.00;0.00;58.98;17.19;36.88;180.02;850.00;180.27;884.77;874.93;80.44;0.18
14085;0.00;105.02;0.00;105.00;0.00;0.00;59.02;17.27;36.89;180.02;849.32;180.17;883.20;874.47;80.44;0.17
14090;0.00;105.00;0.00;105.00;0.00;0.00;59.00;17.22;36.89;180.02;848.48;180.10;882.82;873.57;80.44;0.19
14095;0.00;104.91;0.00;105.10;0.00;0.00;58.99;17.22;36.89;180.02;849.40;180.03;883.11;873.73;80.44;0.17
14100;0.00;104.99;0.00;105.04;0.00;0.00;59.01;17.25;36.88;180.01;852.45;179.97;883.90;874.21;80.44;0.18
14105;0.00;104.98;0.00;104.99;0.00;0.00;58.99;17.22;36.88;180.00;852.52;179.88;884.58;874.67;80.44;0.19
14110;0.00;105.09;0.00;104.89;0.00;0.00;58.99;17.22;36.87;179.99;850.66;179.86;883.94;874.34;80.44;0.19
14115;0.00;105.02;0.00;105.00;0.00;0.00;59.02;17.25;36.86;179.99;849.65;179.84;882.99;873.67;80.44;0.18
14120;0.00;104.98;0.00;105.01;0.00;0.00;58.99;17.20;36.85;180.01;848.51;179.86;882.31;873.13;80.44;0.19
14125;0.00;104.93;0.00;105.09;0.00;0.00;58.99;17.22;36.85;180.02;850.03;179.95;882.91;873.02;80.44;0.19
14130;0.00;104.99;0.00;105.04;0.00;0.00;59.05;17.25;36.85;180.02;851.62;180.01;883.89;874.10;80.44;0.18
14135;0.00;105.01;0.00;104.98;0.00;0.00;59.00;17.20;36.84;180.02;852.84;180.08;884.49;874.58;80.44;0.19
14140;0.00;105.10;0.00;104.84;0.00;0.00;58.99;17.22;36.84;180.02;850.04;180.13;884.42;874.61;80.44;0.19
14145;0.00;105.01;0.00;105.01;0.00;0.00;59.05;17.20;36.84;180.02;849.30;180.26;883.00;873.68;80.44;0.17
14150;0.00;105.01;0.00;105.01;0.00;0.00;59.00;17.22;36.83;180.01;848.41;180.28;882.61;873.36;80.44;0.19
14155;0.00;104.91;0.00;105.11;0.00;0.00;58.99;17.19;36.82;179.98;849.17;180.30;882.95;873.57;80.44;0.18
14160;0.00;104.99;0.00;105.03;0.00;0.00;59.00;17.23;36.82;179.99;852.25;180.28;883.86;874.17;80.44;0.18
14165;0.00;105.01;0.00;104.99;0.00;0.00;58.99;17.22;36.82;180.01;852.77;180.25;884.98;875.05;80.44;0.19
14170;0.00;105.10;0.00;104.89;0.00;0.00;58.98;17.19;36.82;180.02;850.97;180.19;884.51;874.80;80.44;0.17
14175;0.00;105.03;0.00;105.00;0.00;0.00;59.01;17.22;36.82;180.05;849.82;180.14;883.65;874.21;80.44;0.17
14180;0.00;105.00;0.00;104.98;0.00;0.00;58.99;17.22;36.81;180.06;848.58;180.01;882.89;873.64;80.44;0.19
14185;0.00;104.87;0.00;105.13;0.00;0.00;58.97;17.20;36.81;180.05;849.92;179.95;883.15;873.72;80.44;0.19
14190;0.00;104.99;0.00;105.04;0.00;0.00;59.02;17.20;36.82;180.04;851.53;179.90;883.92;874.21;80.44;0.18
14195;0.00;105.01;0.00;104.99;0.00;0.00;58.99;17.22;36.81;180.00;852.84;179.86;884.45;874.58;80.44;0.19
14200;0.00;105.11;0.00;104.87;0.00;0.00;58.99;17.23;36.81;179.99;850.12;179.84;884.31;874.53;80.44;0.19
14205;0.00;105.04;0.00;105.01;0.00;0.00;59.01;17.22;36.80;179.98;849.37;179.85;882.70;873.46;80.44;0.17
14210;0.00;105.03;0.00;105.01;0.00;0.00;58.99;17.20;36.81;179.97;848.50;179.89;882.25;873.05;80.44;0.19
14215;0.00;104.91;0.00;105.09;0.00;0.00;58.98;17.19;36.81;180.00;850.55;179.93;882.50;873.18;80.44;0.18
14220;0.00;104.99;0.00;105.03;0.00;0.00;59.02;17.20;36.81;180.03;852.05;180.06;884.35;873.76;80.44;0.18
14225;0.00;105.00;0.00;104.99;0.00;0.00;58.98;17.23;36.80;180.04;852.83;180.12;884.81;874.85;80.44;0.19
14230;0.00;105.12;0.00;104.86;0.00;0.00;58.99;17.22;36.80;180.06;851.12;180.18;884.53;874.75;80.44;0.17
14235;0.00;105.05;0.00;104.99;0.00;0.00;59.03;17.23;36.80;180.04;849.17;180.22;883.78;874.29;80.44;0.17
14240;0.00;104.97;0.00;105.00;0.00;0.00;59.02;17.23;36.80;180.03;848.45;180.27;882.91;873.80;80.44;0.19
14245;0.00;104.91;0.00;105.12;0.00;0.00;59.00;17.19;36.80;180.03;849.68;180.27;883.47;873.97;80.44;0.17
14250;0.00;104.99;0.00;105.03;0.00;0.00;59.02;17.22;36.80;180.02;851.36;180.24;884.35;874.56;80.44;0.18
14255;0.00;105.02;0.00;104.99;0.00;0.00;58.99;17.22;36.80;180.02;852.27;180.21;884.99;875.04;80.44;0.19
14260;0.00;105.10;0.00;104.87;0.00;0.00;59.00;17.20;36.80;180.03;850.45;180.11;884.29;874.67;80.44;0.19
14265;0.00;105.03;0.00;104.99;0.00;0.00;59.04;17.22;36.80;180.04;849.62;180.05;883.34;874.01;80.44;0.18
14270;0.00;105.00;0.00;105.01;0.00;0.00;59.01;17.20;36.80;180.04;848.87;179.99;882.71;873.50;80.44;0.19
14275;0.00;104.88;0.00;105.12;0.00;0.00;58.98;17.19;36.80;180.04;850.42;179.88;882.74;873.44;80.44;0.19
14280;0.00;104.98;0.00;105.04;0.00;0.00;59.01;17.23;36.80;180.04;851.93;179.86;884.24;874.42;80.44;0.17
14285;0.00;105.00;0.00;105.00;0.00;0.00;58.99;17.22;36.80;180.03;852.93;179.84;884.64;874.75;80.44;0.19
14290;0.00;105.09;0.00;104.86;0.00;0.00;59.01;17.19;36.80;180.00;851.39;179.84;884.34;874.60;80.44;0.17
14295;0.00;105.02;0.00;105.00;0.00;0.00;59.03;17.22;36.80;180.00;849.17;179.91;883.57;874.11;80.44;0.17
14300;0.00;105.00;0.00;105.01;0.00;0.00;59.02;17.22;36.80;180.01;848.31;179.96;882.52;873.31;80.44;0.19
14305;0.00;104.92;0.00;105.10;0.00;0.00;58.99;17.22;36.81;180.02;849.43;180.02;883.02;873.61;80.44;0.17
14310;0.00;105.01;0.00;105.04;0.00;0.00;59.01;17.22;36.81;180.02;851.04;180.08;883.99;874.26;80.44;0.18
14315;0.00;105.00;0.00;104.97;0.00;0.00;59.01;17.22;36.81;180.02;852.46;180.18;884.99;874.85;80.44;0.19
14320;0.00;105.11;0.00;104.84;0.00;0.00;59.00;17.22;36.81;180.02;850.62;180.21;884.47;874.76;80.44;0.19
14325;0.00;105.01;0.00;104.99;0.00;0.00;59.02;17.23;36.82;180.01;849.65;180.23;883.62;874.23;80.44;0.18
14330;0.00;104.99;0.00;104.99;0.00;0.00;59.01;17.20;36.81;180.00;848.67;180.23;882.97;873.73;80.44;0.19
14335;0.00;104.90;0.00;105.09;0.00;0.00;58.99;17.20;36.81;180.00;850.23;180.18;883.60;873.66;80.44;0.19
14340;0.00;104.98;0.00;105.03;0.00;0.00;59.01;17.22;36.81;180.01;851.81;180.14;884.40;874.60;80.44;0.17
14345;0.00;104.99;0.00;104.98;0.00;0.00;59.00;17.20;36.81;180.02;853.02;180.09;884.86;874.95;80.44;0.19
14350;0.00;105.08;0.00;104.91;0.00;0.00;59.01;17.20;36.81;180.02;850.09;180.03;884.61;874.83;80.44;0.18
14355;0.00;105.03;0.00;104.99;0.00;0.00;59.02;17.25;36.81;180.03;849.33;179.92;882.93;874.30;80.44;0.17
14360;0.00;104.97;0.00;105.01;0.00;0.00;59.01;17.19;36.81;180.03;848.41;179.89;882.47;873.30;80.44;0.19
14365;0.00;104.88;0.00;105.13;0.00;0.00;58.98;17.20;36.82;180.02;849.22;179.85;882.77;873.44;80.44;0.17
14370;0.00;105.00;0.00;105.03;0.00;0.00;59.02;17.22;36.82;180.01;852.21;179.84;883.57;873.97;80.44;0.18
14375;0.00;105.01;0.00;104.98;0.00;0.00;59.01;17.22;36.82;180.00;852.60;179.86;884.64;874.76;80.44;0.19
14380;0.00;105.09;0.00;104.87;0.00;0.00;58.99;17.19;36.81;180.00;850.76;179.89;884.17;874.48;80.44;0.17
14385;0.00;105.01;0.00;105.00;0.00;0.00;59.02;17.25;36.82;180.01;849.63;179.94;883.36;873.97;80.44;0.18
14390;0.00;105.01;0.00;105.00;0.00;0.00;58.99;17.22;36.81;180.02;848.49;180.04;882.73;873.49;80.44;0.19
14395;0.00;104.90;0.00;105.09;0.00;0.00;58.97;17.22;36.82;180.02;850.02;180.09;883.38;873.87;80.44;0.19
14400;0.00;105.01;0.00;105.04;0.00;0.00;59.02;17.19;36.82;180.02;851.56;180.14;884.36;874.54;80.44;0.18
14405;0.00;105.01;0.00;104.99;0.00;0.00;59.01;17.19;36.82;180.02;852.91;180.18;884.98;875.01;80.44;0.19
14410;0.00;105.12;0.00;104.86;0.00;0.00;59.00;17.20;36.83;180.02;850.20;180.23;884.90;875.03;80.44;0.19
14415;0.00;105.02;0.00;105.00;0.00;0.00;59.03;17.25;36.83;180.03;849.44;180.22;883.31;874.00;80.44;0.17
14420;0.00;104.99;0.00;105.00;0.00;0.00;59.00;17.20;36.83;180.02;848.61;180.21;882.77;873.56;80.44;0.19
14425;0.00;104.92;0.00;105.11;0.00;0.00;58.96;17.20;36.83;180.02;849.08;180.19;882.97;873.62;80.44;0.18
14430;0.00;104.98;0.00;105.02;0.00;0.00;59.00;17.23;36.83;180.02;852.19;180.08;883.71;874.09;80.44;0.18
14435;0.00;104.99;0.00;104.98;0.00;0.00;59.01;17.20;36.83;180.01;852.77;180.04;884.70;874.82;80.44;0.19
14440;0.00;105.11;0.00;104.83;0.00;0.00;58.98;17.20;36.84;180.01;850.94;179.97;884.23;874.56;80.44;0.17
14445;0.00;105.01;0.00;105.00;0.00;0.00;59.02;17.22;36.84;180.01;849.07;179.93;883.37;873.98;80.44;0.17
14450;0.00;105.01;0.00;105.01;0.00;0.00;59.00;17.22;36.84;180.01;848.36;179.85;882.47;873.41;80.44;0.19
14455;0.00;104.90;0.00;105.11;0.00;0.00;58.98;17.23;36.84;180.02;849.73;179.85;883.04;873.60;80.44;0.19
14460;0.00;104.97;0.00;105.04;0.00;0.00;59.02;17.22;36.84;180.03;851.39;179.85;884.04;874.27;80.44;0.18
14465;0.00;104.99;0.00;104.99;0.00;0.00;59.00;17.23;36.85;180.01;852.11;179.87;884.74;874.80;80.44;0.19
14470;0.00;105.08;0.00;104.88;0.00;0.00;58.99;17.20;36.85;180.00;850.31;179.94;884.19;874.92;80.44;0.19
14475;0.00;105.03;0.00;104.99;0.00;0.00;59.04;17.22;36.84;180.01;849.48;179.99;883.40;874.02;80.44;0.17
14480;0.00;104.98;0.00;105.01;0.00;0.00;59.01;17.22;36.85;180.02;848.68;180.05;882.87;873.62;80.44;0.19
14485;0.00;104.94;0.00;105.15;0.00;0.00;58.98;17.20;36.85;180.04;850.62;180.10;883.04;873.69;80.44;0.18
14490;0.00;105.00;0.00;105.02;0.00;0.00;59.03;17.23;36.84;180.04;852.05;180.18;884.64;874.19;80.44;0.17
14495;0.00;104.99;0.00;104.99;0.00;0.00;59.02;17.20;36.85;180.04;852.96;180.21;884.99;875.06;80.44;0.19
14500;0.00;105.09;0.00;104.86;0.00;0.00;58.98;17.20;36.85;180.01;851.27;180.21;884.59;874.85;80.44;0.17
14505;0.00;105.04;0.00;105.01;0.00;0.00;59.02;17.25;36.85;180.00;849.20;180.19;883.73;874.30;80.44;0.17
14510;0.00;105.01;0.00;105.00;0.00;0.00;59.01;17.20;36.85;180.01;848.39;180.12;882.63;873.41;80.44;0.19
14515;0.00;104.92;0.00;105.11;0.00;0.00;58.98;17.20;36.85;180.01;849.55;180.07;883.08;873.67;80.44;0.17
14520;0.00;104.98;0.00;105.03;0.00;0.00;59.01;17.22;36.85;180.01;851.21;180.02;883.93;874.25;80.44;0.18
14525;0.00;104.99;0.00;104.99;0.00;0.00;59.01;17.22;36.85;180.03;852.22;179.92;884.63;874.74;80.44;0.19
14530;0.00;105.08;0.00;104.88;0.00;0.00;58.99;17.22;36.85;180.03;850.36;179.89;884.05;874.48;80.44;0.19
14535;0.00;105.04;0.00;104.98;0.00;0.00;59.02;17.22;36.86;180.05;849.45;179.87;883.23;873.89;80.44;0.18
14540;0.00;105.00;0.00;105.01;0.00;0.00;58.99;17.20;36.86;180.02;848.81;179.85;882.70;873.46;80.44;0.19
14545;0.00;104.90;0.00;105.11;0.00;0.00;59.00;17.19;36.86;180.01;850.31;179.86;882.85;873.53;80.44;0.19
14550;0.00;104.99;0.00;105.03;0.00;0.00;59.00;17.22;36.86;180.00;851.89;179.90;884.66;874.77;80.44;0.17
14555;0.00;105.01;0.00;104.97;0.00;0.00;59.00;17.20;36.86;180.00;852.99;179.93;885.18;875.20;80.44;0.19
14560;0.00;105.08;0.00;104.89;0.00;0.00;58.98;17.23;36.87;180.03;851.44;179.98;884.96;875.13;80.44;0.17
14565;0.00;105.03;0.00;105.01;0.00;0.00;58.99;17.22;36.86;180.04;849.33;180.08;884.19;874.66;80.44;0.17
14570;0.00;105.00;0.00;104.99;0.00;0.00;58.99;17.22;36.86;180.03;848.48;180.12;883.03;873.76;80.44;0.19
14575;0.00;104.87;0.00;105.13;0.00;0.00;58.98;17.20;36.87;180.04;849.52;180.17;883.40;873.96;80.44;0.17
14580;0.00;105.00;0.00;105.03;0.00;0.00;59.03;17.23;36.86;180.01;851.19;180.19;884.16;874.46;80.44;0.18
14585;0.00;105.02;0.00;104.99;0.00;0.00;58.99;17.23;36.86;180.00;852.46;180.20;884.85;874.92;80.44;0.19
14590;0.00;105.09;0.00;104.86;0.00;0.00;59.01;17.22;36.87;180.01;850.68;180.18;884.20;874.58;80.44;0.19
14595;0.00;105.02;0.00;104.99;0.00;0.00;59.03;17.23;36.87;180.01;849.63;180.15;883.26;873.95;80.44;0.18
14600;0.00;105.00;0.00;105.01;0.00;0.00;59.01;17.22;36.87;180.03;848.60;180.10;882.61;873.42;80.44;0.19
14605;0.00;104.92;0.00;105.12;0.00;0.00;58.98;17.17;36.87;180.04;850.17;180.01;883.32;873.36;80.44;0.19
14610;0.00;105.01;0.00;105.02;0.00;0.00;59.01;17.22;36.87;180.04;851.75;179.96;884.27;874.46;80.44;0.17
14615;0.00;105.00;0.00;104.99;0.00;0.00;59.01;17.22;36.88;180.03;852.93;179.90;884.83;874.89;80.44;0.19
14620;0.00;105.10;0.00;104.83;0.00;0.00;59.01;17.20;36.87;180.01;850.00;179.86;884.67;874.86;80.44;0.18
14625;0.00;105.03;0.00;105.01;0.00;0.00;59.04;17.25;36.87;180.00;849.28;179.82;883.20;874.43;80.44;0.17
14630;0.00;104.98;0.00;105.00;0.00;0.00;58.99;17.19;36.88;180.01;848.41;179.82;882.87;873.61;80.44;0.19
14635;0.00;104.88;0.00;105.12;0.00;0.00;59.01;17.22;36.88;180.02;849.32;179.84;883.27;873.86;80.44;0.17
14640;0.00;105.00;0.00;105.03;0.00;0.00;59.02;17.22;36.87;180.04;852.38;179.87;884.16;874.46;80.44;0.18
14645;0.00;105.00;0.00;105.00;0.00;0.00;59.01;17.22;36.88;180.04;852.72;179.97;885.20;875.27;80.44;0.19
14650;0.00;105.08;0.00;104.87;0.00;0.00;58.99;17.20;36.88;180.03;850.87;180.01;884.68;874.97;80.44;0.17
14655;0.00;105.04;0.00;105.00;0.00;0.00;59.02;17.25;36.88;180.01;849.75;180.08;883.79;874.39;80.44;0.18
14660;0.00;105.01;0.00;105.02;0.00;0.00;59.00;17.22;36.88;180.01;848.56;180.17;883.05;873.81;80.44;0.19
14665;0.00;104.92;0.00;105.09;0.00;0.00;58.98;17.19;36.89;180.01;850.03;180.20;883.45;873.96;80.44;0.19
