PV MassSpec-23.06.00
EXPORTED SCAN DATA
Run Path and Name: c:\Pfeiffer Vacuum\data\23-007-2026\MCD 256_New_Calibrattion by Amir for_WGS and DRM_PUSLSING_32ms, Position 1, RGA PrismaPro A 100 47507368, 23-007-2026 12'36'27.isi
23/07/2026 12:36:27
SensorID:  RGA PrismaPro A 100 47507368
50 Bins
397 TimePoints

Time Relative (sec)	Time Absolute (UTC)	Time Absolute (Date_Time)	Step	Ionizer_State	Pressure_(mBar)	External_Pressure_(mBar)	2_amu_(_)	12_amu_(_)	13_amu_(_)	14_amu_(_)	15_amu_(_)	16_amu_(_)	17_amu_(_)	18_amu_(_)	20_amu_(_)	22_amu_(_)	24_amu_(_)	25_amu_(_)	26_amu_(_)	27_amu_(_)	28_amu_(_)	29_amu_(_)	30_amu_(_)	31_amu_(_)	32_amu_(_)	40_amu_(_)	44_amu_(_)	Periph:_Digital_In_0	Periph:_Digital_In_1	Periph:_Digital_In_13	Periph:_Digital_In_14	Periph:_Digital_In_15	Periph:_Digital_In_16	Periph:_Digital_In_17	Periph:_Digital_Out_2	Periph:_Digital_Out_3	Periph:_Digital_Out_4	Periph:_Digital_Out_5	Periph:_Digital_Out_6	Periph:_Digital_Out_7	Periph:_Digital_Out_8	Periph:_Digital_Out_9	Periph:_Digital_Out_10	Periph:_Digital_Out_11	Sig:_MCD	Sig:_MCD_Ar	Sig:_MCD_CH4	Sig:_MCD_CO	Sig:_MCD_CO2	Sig:_MCD_H2	Sig:_MCD_H2O	Sig:_MCD_O2
2,092	1784802989,160	23/07/2026_12:36:29,160	1	2	3,273884204e-06	2,802116796e-06	2,44063051e-11	9,07933017e-12	1,202581177e-11	2,450779163e-11	1,452092474e-10	1,831855639e-10	2,03176408e-12	3,576753151e-14	3,764128332e-12	6,378199835e-13	9,751959778e-15	4,843382504e-14	7,783328154e-14	2,130064076e-14	8,131452976e-12	5,206606495e-14	4,999999912e-15	1,142838198e-14	1,271635385e-13	3,739110063e-11	7,311175276e-11	1	1	1	1	1	1	1	0	0	0	0	0	0	0	0	0	0	4,304351997e-08	12,26138132	56,82487319	0	29,8550107	1,603039288	0,0112444314	0
2,9	1784802989,968	23/07/2026_12:36:29,968	1	2	3,252766874e-06	2,880520924e-06	2,339836484e-11	9,24826795e-12	1,213542287e-11	2,462387586e-11	1,450567166e-10	1,846765518e-10	1,99513908e-12	1,264572621e-13	3,918770256e-12	7,532214869e-13	1,851436485e-14	4,999999912e-15	4,999999912e-15	4,999999912e-15	8,207397435e-12	2,060562279e-13	9,677839313e-14	2,35746752e-14	2,050123478e-14	3,718332933e-11	7,352527615e-11	1	1	1	1	1	1	1	0	0	0	0	0	0	0	0	0	0	3,022974324e-08	12,15358862	56,8661116	0	29,95268122	1,531161754	0,04078805726	0
3,708	1784802990,776	23/07/2026_12:36:30,776	1	2	3,254156354e-06	2,821517228e-06	2,249830357e-11	9,11086831e-12	1,20394042e-11	2,452003357e-11	1,45145132e-10	1,842933167e-10	2,114339736e-12	1,029757199e-13	3,767663265e-12	6,406722483e-13	4,999999912e-15	4,957860701e-14	9,124077633e-14	9,586645713e-14	8,163332857e-12	8,795001945e-14	4,999999912e-15	4,999999912e-15	1,325614423e-13	3,717977315e-11	7,291529186e-11	1	1	1	1	1	1	1	0	0	0	0	0	0	0	0	0	0	3,581780567e-08	12,18598162	56,99550723	0	29,78558814	1,476887592	0,04355860467	0,03752033715
4,516	1784802991,584	23/07/2026_12:36:31,584	1	2	3,250597729e-06	2,802116796e-06	2,173327837e-11	9,203749742e-12	1,219239033e-11	2,468779695e-11	1,453285825e-10	1,839661617e-10	2,011825819e-12	9,651451188e-14	3,871814761e-12	7,691009288e-13	7,555925558e-14	1,309704112e-14	4,999999912e-15	4,999999912e-15	8,146021184e-12	2,034639818e-13	1,067282723e-13	7,403805216e-14	9,98984085e-14	3,698138323e-11	7,369171939e-11	1	1	1	1	1	1	1	0	0	0	0	0	0	0	0	0	0	3,720360165e-08	12,11860991	56,92286183	0	30,07411514	1,425943703	0,03156975436	0
5,324	1784802992,392	23/07/2026_12:36:32,392	1	2	3,260904577e-06	2,80748759e-06	2,119408295e-11	9,16627451e-12	1,217718894e-11	2,495917188e-11	1,480347095e-10	1,890608364e-10	2,202048873e-12	1,613167472e-13	3,602699302e-12	5,552756605e-13	4,999999912e-15	4,803412374e-14	6,672311629e-14	9,199361921e-14	7,337034626e-12	1,396474353e-13	4,999999912e-15	4,999999912e-15	9,77989933e-14	3,490730968e-11	6,998269325e-11	1	1	1	1	1	1	1	0	0	0	0	0	0	0	0	0	0	1,884681007e-08	11,51546282	58,81868861	0	28,81172463	1,40006295	0,06919086361	0,07828412816
6,132	1784802993,200	23/07/2026_12:36:33,200	1	2	3,23435188e-06	2,908254601e-06	2,034149585e-11	8,916949644e-12	1,185037658e-11	2,388841555e-11	1,39626033e-10	1,762512636e-10	1,852821932e-12	6,616042214e-14	3,761768674e-12	6,940422629e-13	7,733656787e-14	4,728516705e-14	4,999999912e-15	4,999999912e-15	7,282377826e-12	1,123551393e-13	7,379745415e-14	8,835748295e-14	1,288709807e-13	7,28496638e-11	6,359976434e-11	1	1	1	1	1	1	1	0	0	0	0	0	0	0	0	0	0	1,11025229e-08	22,51355772	51,92526476	0	24,62265211	1,264928565	0,01181902361	0,02651786572
6,94	1784802994,008	23/07/2026_12:36:34,008	1	2	2,859521146e-06	2,466353408e-06	1,771119883e-11	6,513698868e-12	5,434922911e-12	1,028918617e-11	5,614490123e-11	7,119525802e-11	7,369074426e-13	2,256299937e-13	1,437897024e-11	5,772438192e-13	4,999999912e-15	4,999999912e-15	3,616335001e-14	6,751863608e-14	7,243563388e-12	1,473970007e-13	4,999999912e-15	4,999999912e-15	3,03890146e-14	1,738627853e-10	6,821736925e-11	1	1	1	1	1	1	1	0	0	0	0	0	0	0	0	0	0	5,247961087e-08	53,62189458	19,83028339	0	26,16311517	1,095934517	0,07759032939	0
7,748	1784802994,816	23/07/2026_12:36:34,816	1	2	2,6569478e-06	1,891034117e-06	1,40347586e-11	5,457301711e-12	1,489802856e-12	2,878748889e-12	1,586402711e-11	2,733167165e-11	1,600283762e-13	8,992912887e-14	1,941201713e-11	6,758383458e-13	8,157806841e-14	1,032784088e-13	3,013677497e-14	4,999999912e-15	7,347481998e-12	7,27302875e-14	5,46622006e-14	9,303361304e-14	1,403459326e-13	1,938169208e-10	6,986967949e-11	1	1	1	1	1	1	1	0	0	0	0	0	0	0	0	0	0	3,605412176e-08	64,59255141	6,095623382	0	29,0143436	0,9368876064	0,02882177402	0,0272716199
8,556	1784802995,624	23/07/2026_12:36:35,624	1	2	2,678157443e-06	1,764293756e-06	8,857840676e-12	5,437553185e-12	8,525882366e-13	1,523637878e-12	9,031365066e-12	1,977232093e-11	1,92481854e-13	2,511876341e-13	2,055749147e-11	6,64580641e-13	4,999999912e-15	4,999999912e-15	2,452929996e-14	7,860940767e-14	7,547608372e-12	1,721474932e-13	4,477052951e-14	4,999999912e-15	4,999999912e-15	1,993743365e-10	6,998477492e-11	1	1	1	1	1	1	1	0	0	0	0	0	0	0	0	0	0	2,721923781e-08	67,07862661	3,516738266	0	29,35244488	0,5967805323	0,1033208371	0
9,364	1784802996,432	23/07/2026_12:36:36,432	1	2	2,672631808e-06	1,710359356e-06	6,858005917e-12	5,219475026e-12	5,917456195e-13	1,153967655e-12	6,439707274e-12	1,669220318e-11	7,804671351e-14	1,003369073e-13	2,074380077e-11	6,614723417e-13	5,544607538e-14	8,841569783e-14	6,836073591e-14	2,086213011e-14	7,334854946e-12	3,762634193e-14	2,024123124e-14	6,084787893e-14	1,181566509e-13	2,02223932e-10	7,059672291e-11	1	1	1	1	1	1	1	0	0	0	0	0	0	0	0	0	0	3,47235607e-08	68,10752116	2,463463766	0	29,63443391	0,462544838	0,03780985107	0,03977562675
10,172	1784802997,240	23/07/2026_12:36:37,240	1	2	2,669349442e-06	1,673398174e-06	6,123954642e-12	5,344745046e-12	5,151307983e-13	8,340233885e-13	4,82612561e-12	1,488147106e-11	9,102733758e-14	2,185905807e-13	2,099801756e-11	7,12265533e-13	4,999999912e-15	4,999999912e-15	4,999999912e-15	2,688870685e-14	7,459565951e-12	1,782322797e-13	1,03662589e-13	9,689868875e-15	4,999999912e-15	2,040444341e-10	7,020792281e-11	1	1	1	1	1	1	1	0	0	0	0	0	0	0	0	0	0	2,626867796e-08	68,81544404	1,85221699	0	29,52156901	0,4135929851	0,08684786493	0
10,98	1784802998,048	23/07/2026_12:36:38,048	1	2	2,661283133e-06	1,651099637e-06	5,46120614e-12	5,131850674e-12	3,625105316e-13	7,164527218e-13	4,015664971e-12	1,396801945e-11	1,262282921e-13	1,20950667e-13	2,109212804e-11	6,179475334e-13	1,232479864e-14	7,276908839e-14	1,071357223e-13	7,217924175e-14	7,393995138e-12	2,499109386e-14	4,999999912e-15	2,185556593e-14	9,235838548e-14	2,050350723e-10	7,017137565e-11	1	1	1	1	1	1	1	0	0	0	0	0	0	0	0	0	0	3,337187128e-08	69,19012388	1,534952542	0	29,51894774	0,3690507639	0,05372820817	0,03514347807
11,788	1784802998,856	23/07/2026_12:36:38,856	1	2	2,663196483e-06	1,64415485e-06	5,070755447e-12	5,261277091e-12	4,359470955e-13	6,178698503e-13	3,292568692e-12	1,30507662e-11	3,624484474e-14	1,896684307e-13	2,122178475e-11	7,491584935e-13	5,257443379e-14	4,999999912e-15	4,999999912e-15	4,999999912e-15	7,415275859e-12	1,449017772e-13	1,105661786e-13	5,661026118e-14	2,568960127e-14	2,042971209e-10	7,067872676e-11	1	1	1	1	1	1	1	0	0	0	0	0	0	0	0	0	0	2,941751086e-08	69,22624621	1,229382064	0	29,85387606	0,3440502992	0,07284503193	0
12,596	1784802999,664	23/07/2026_12:36:39,664	1	2	2,660714017e-06	1,627850111e-06	4,729276866e-12	5,143306787e-12	2,238022186e-13	4,714468291e-13	2,911896852e-12	1,268411157e-11	1,500396893e-13	1,676110558e-13	2,11712748e-11	5,86530065e-13	4,999999912e-15	3,598096688e-14	8,61183683e-14	9,108554568e-14	7,398651136e-12	5,153442641e-14	4,999999912e-15	4,999999912e-15	6,432490174e-14	2,057088805e-10	7,056533829e-11	1	1	1	1	1	1	1	0	0	0	0	0	0	0	0	0	0	3,278575999e-08	69,49856917	1,08645623	0	29,71999521	0,3199611201	0,07568627882	0,02010312263
13,404	1784803000,472	23/07/2026_12:36:40,472	1	2	2,667991339e-06	1,630348947e-06	4,356971815e-12	5,199699612e-12	3,531350288e-13	5,14909621e-13	2,559025691e-12	1,217764691e-11	4,999999912e-15	1,504743324e-13	2,129087705e-11	7,116717697e-13	9,192375593e-14	1,241793669e-14	4,999999912e-15	4,999999912e-15	7,370059424e-12	1,160766497e-13	9,869152208e-14	8,068552608e-14	3,536006801e-14	2,047957082e-10	7,055814266e-11	1	1	1	1	1	1	1	0	0	0	0	0	0	0	0	0	0	3,052370839e-08	69,5672118	0,9387030977	0	29,87607262	0,2963505962	0,05573945992	0
14,212	1784803001,280	23/07/2026_12:36:41,280	1	2	2,652298235e-06	1,609240712e-06	4,170734071e-12	5,160459299e-12	1,899788649e-13	3,4147766e-13	2,330628962e-12	1,201303206e-11	1,494032627e-13	2,177639986e-13	2,131106749e-11	6,174041313e-13	4,999999912e-15	5,541505534e-15	5,179831106e-14	1,170855811e-13	7,457651684e-12	9,100794391e-14	4,999999912e-15	4,999999912e-15	3,404066512e-14	2,051151471e-10	6,95602187e-11	1	1	1	1	1	1	1	0	0	0	0	0	0	0	0	0	0	2,801864349e-08	69,83946069	0,8895200003	0	29,52983972	0,2843515035	0,09644250314	0,009358060394
15,02	1784803002,088	23/07/2026_12:36:42,088	1	2	2,665915417e-06	1,599401003e-06	3,803807529e-12	5,169361033e-12	2,813205127e-13	4,605734739e-13	2,175723143e-12	1,172053513e-11	4,999999912e-15	8,983600268e-14	2,124549321e-11	6,760556199e-13	6,596252136e-14	6,447235324e-14	4,999999912e-15	4,999999912e-15	7,331897242e-12	8,291300589e-14	5,47863858e-14	8,955660378e-14	1,022849747e-13	2,055247639e-10	7,083916786e-11	1	1	1	1	1	1	1	0	0	0	0	0	0	0	0	0	0	3,229517344e-08	69,71273388	0,772763779	0	29,95071891	0,2583614619	0,03269831795	0,03611346936
15,828	1784803002,896	23/07/2026_12:36:42,896	1	2	2,64976461e-06	1,611709195e-06	3,724662506e-12	5,211974081e-12	1,918842553e-13	2,751775316e-13	1,948230422e-12	1,16263197e-11	1,069455803e-13	2,281135621e-13	2,138526162e-11	6,193405706e-13	4,999999912e-15	4,999999912e-15	1,728809492e-14	7,919150226e-14	7,477082321e-12	1,18401125e-13	1,396629767e-14	4,999999912e-15	4,999999912e-15	2,057132797e-10	7,010828029e-11	1	1	1	1	1	1	1	0	0	0	0	0	0	0	0	0	0	2,721872429e-08	69,89240948	0,732912433	0	29,69916736	0,2533915445	0,0966224743	0
16,636	1784803003,704	23/07/2026_12:36:43,704	1	2	2,661998906e-06	1,611089829e-06	3,346617905e-12	5,124633357e-12	2,204493912e-13	3,787159659e-13	1,920138527e-12	1,140039365e-11	4,999999912e-15	5,789861863e-14	2,134579145e-11	6,598580189e-13	6,339355852e-14	7,96300146e-14	4,299709663e-14	4,999999912e-15	7,313279322e-12	2,986513489e-14	2,095526647e-14	3,601200894e-14	1,060491484e-13	2,06875253e-10	7,019009679e-11	1	1	1	1	1	1	1	0	0	0	0	0	0	0	0	0	0	3,175136147e-08	70,11244532	0,6811075437	0	29,65417272	0,2271232835	0,02060246814	0,04128743214
17,444	1784803004,512	23/07/2026_12:36:44,512	1	2	2,641058472e-06	1,603084229e-06	3,339807597e-12	5,205834895e-12	2,095099539e-13	2,521655573e-13	1,68682505e-12	1,125926782e-11	6,819386364e-14	2,210586315e-13	2,138599887e-11	6,61895289e-13	4,999999912e-15	4,999999912e-15	4,999999912e-15	3,211976041e-14	7,401931498e-12	1,654573424e-13	6,285415439e-14	4,999999912e-15	4,999999912e-15	2,043211433e-10	7,023076565e-11	1	1	1	1	1	1	1	0	0	0	0	0	0	0	0	0	0	2,740549303e-08	69,84840667	0,6181080036	0	29,93123267	0,228598434	0,09103997043	0
18,252	1784803005,320	23/07/2026_12:36:45,320	1	2	2,644897222e-06	1,58536352e-06	3,012641569e-12	5,074966055e-12	1,637653907e-13	2,989345967e-13	1,709860335e-12	1,12128553e-11	3,682305315e-14	7,957179295e-14	2,123979465e-11	6,003488722e-13	1,394300934e-14	6,743325516e-14	6,792996883e-14	1,319793545e-14	7,289673205e-12	1,232867974e-14	4,999999912e-15	2,918602114e-14	1,093748302e-13	2,065562027e-10	7,011855679e-11	1	1	1	1	1	1	1	0	0	0	0	0	0	0	0	0	0	3,274642841e-08	70,15981596	0,6097726117	0	29,69135374	0,2049184126	0,03243914979	0,04647084635
19,06	1784803006,128	23/07/2026_12:36:46,128	1	2	2,65615131e-06	1,593283969e-06	2,962395086e-12	5,220550121e-12	2,395458235e-13	2,558133013e-13	1,503567453e-12	1,105424866e-11	2,173526184e-14	1,788221264e-13	2,141437548e-11	7,279432591e-13	4,999999912e-15	4,999999912e-15	4,999999912e-15	4,999999912e-15	7,392835476e-12	1,736376478e-13	9,565301838e-14	7,982399531e-15	4,999999912e-15	2,045639075e-10	6,961826254e-11	1	1	1	1	1	1	1	0	0	0	0	0	0	0	0	0	0	2,460750435e-08	70,10142815	0,5651702089	0	29,74641193	0,2032585645	0,0702994247	0
19,868	1784803006,936	23/07/2026_12:36:46,936	1	2	2,645047516e-06	1,588403848e-06	2,741829333e-12	5,03998579e-12	1,368417505e-13	2,689375415e-13	1,566285838e-12	1,106013718e-11	8,580404453e-14	1,269694799e-13	2,12665302e-11	5,875506245e-13	4,999999912e-15	4,864337421e-14	8,080581153e-14	7,639745905e-14	7,33564251e-12	6,26717306e-15	4,999999912e-15	1,679137278e-14	6,351385075e-14	2,059138415e-10	7,034082344e-11	1	1	1	1	1	1	1	0	0	0	0	0	0	0	0	0	0	3,457030911e-08	70,0828004	0,5512904344	0	29,84275664	0,1868664562	0,05597129902	0,02081737102
20,676	1784803007,744	23/07/2026_12:36:47,744	1	2	2,648245299e-06	1,584147185e-06	2,653522367e-12	5,180013536e-12	2,502795605e-13	2,920348696e-13	1,395042502e-12	1,080752675e-11	4,999999912e-15	1,495080508e-13	2,153753738e-11	7,052727001e-13	3,752931939e-14	4,999999912e-15	4,999999912e-15	4,999999912e-15	7,097528294e-12	1,251378558e-13	1,102984213e-13	6,351385075e-14	4,999999912e-15	2,112970909e-10	6,945671815e-11	1	1	1	1	1	1	1	0	0	0	0	0	0	0	0	0	0	2,562154702e-08	70,96404611	0,4951213799	0	29,09012382	0,1784791064	0,05623115384	0
21,484	1784803008,552	23/07/2026_12:36:48,552	1	2	2,676055146e-06	1,604313297e-06	2,585091863e-12	5,196613972e-12	1,277689163e-13	2,357428217e-13	1,570406999e-12	1,163737856e-11	1,365235507e-13	1,822525692e-13	2,284787116e-11	6,304469208e-13	4,999999912e-15	2,836333192e-14	9,532703945e-14	1,006046713e-13	8,434544729e-12	7,629656049e-14	4,999999912e-15	4,999999912e-15	6,816280803e-14	1,371412428e-10	8,108719945e-11	1	1	1	1	1	1	1	0	0	0	0	0	0	0	0	0	0	6,412939587e-08	57,91548001	0,4638565397	0	42,38761734	0,2173224192	0,1024732621	0
22,292	1784803009,360	23/07/2026_12:36:49,360	1	2	3,147565394e-06	1,977010015e-06	7,674205889e-12	9,114562403e-12	1,054964189e-11	2,176823478e-11	1,312547432e-10	1,686578932e-10	1,770486969e-12	5,046337697e-14	6,346682294e-12	7,730319206e-13	7,054938095e-14	1,348897936e-14	4,999999912e-15	4,999999912e-15	8,373305521e-12	1,263369563e-13	7,262939572e-14	7,47094037e-14	2,205580282e-13	5,065544512e-11	7,397404217e-11	1	1	1	1	1	1	1	0	0	0	0	0	0	0	0	0	0	2,100730483e-08	16,85449918	52,35796066	0	30,64181542	0,510264657	0,009612884444	0,1244224436
23,1	1784803010,168	23/07/2026_12:36:50,168	1	2	3,223653266e-06	2,658771564e-06	1,510551059e-11	8,805922137e-12	1,093710365e-11	2,254923852e-11	1,326788818e-10	1,695814045e-10	1,902823168e-12	1,486193845e-13	4,872277495e-12	6,133605993e-13	4,999999912e-15	4,999999912e-15	4,524008392e-14	9,584316712e-14	9,631310506e-12	1,2778831e-13	4,999999912e-15	4,999999912e-15	2,171043022e-13	4,461318814e-11	7,340045238e-11	1	1	1	1	1	1	1	0	0	0	0	0	0	0	0	0	0	3,814375836e-08	14,94732729	53,25002184	0,008630405231	30,62960083	1,012884527	0,0585444429	0,09299066658
23,908	1784803010,976	23/07/2026_12:36:50,976	1	2	3,215442575e-06	2,662852694e-06	1,456942206e-11	8,954964374e-12	1,156636245e-11	2,349787205e-11	1,393120203e-10	1,767484908e-10	1,840434706e-12	1,901884242e-14	4,446897711e-12	7,058548082e-13	7,300581038e-14	7,046013756e-14	4,999999912e-15	4,999999912e-15	8,200233027e-12	9,082554722e-14	3,29890195e-14	7,179506149e-14	1,416459452e-13	4,214973509e-11	7,361301152e-11	1	1	1	1	1	1	1	0	0	0	0	0	0	0	0	0	0	4,044559663e-08	13,97579057	55,1984351	0	30,39476801	0,9671606611	0	0,02242496194
24,716	1784803011,784	23/07/2026_12:36:51,784	1	2	3,213016271e-06	2,673076096e-06	1,27460386e-11	9,048677606e-12	1,161127357e-11	2,370814135e-11	1,411940703e-10	1,790930182e-10	2,024146692e-12	1,568928499e-13	4,337312627e-12	6,454765108e-13	4,999999912e-15	4,999999912e-15	4,999999912e-15	6,242340764e-14	8,156247379e-12	1,930600726e-13	1,933317127e-14	4,999999912e-15	1,753257404e-14	4,068874751e-11	7,294748833e-11	1	1	1	1	1	1	1	0	0	0	0	0	0	0	0	0	0	3,540845138e-08	13,50171824	56,01590921	0	30,14696262	0,8466818959	0,06158008534	0
25,524	1784803012,592	23/07/2026_12:36:52,592	1	2	3,220603276e-06	2,727933179e-06	1,224419177e-11	8,995178734e-12	1,179424267e-11	2,403885598e-11	1,425157353e-10	1,812157646e-10	1,924686755e-12	4,999999912e-15	4,102342164e-12	6,752406793e-13	4,617919274e-14	6,912132406e-14	2,832841383e-14	4,999999912e-15	7,907180986e-12	7,070461838e-14	4,999999912e-15	3,186752755e-14	1,57816414e-13	3,995729442e-11	7,386154188e-11	1	1	1	1	1	1	1	0	0	0	0	0	0	0	0	0	0	3,962095858e-08	13,17766364	56,29294983	0	30,3528591	0,8086531475	0	0,05112225507
26,332	1784803013,400	23/07/2026_12:36:53,400	1	2	3,230700941e-06	2,743661071e-06	1,226091364e-11	9,151741864e-12	1,182867606e-11	2,404472628e-11	1,432077235e-10	1,815013972e-10	2,023381896e-12	1,452316186e-13	4,144629084e-12	7,042249813e-13	4,999999912e-15	4,999999912e-15	4,999999912e-15	3,81269384e-14	8,061059632e-12	2,168210273e-13	4,253531121e-14	4,999999912e-15	4,999999912e-15	3,910298821e-11	7,377644329e-11	1	1	1	1	1	1	1	0	0	0	0	0	0	0	0	0	0	3,618602952e-08	12,91509816	56,53306797	0	30,3468	0,8107098776	0,05416708268	0
27,14	1784803014,208	23/07/2026_12:36:54,208	1	2	3,226021136e-06	2,696744787e-06	1,203820984e-11	8,984079973e-12	1,188234927e-11	2,411286622e-11	1,436974706e-10	1,822373225e-10	2,010556869e-12	3,216245426e-14	3,941188521e-12	6,706615515e-13	3,576365549e-14	6,038220732e-14	7,826404184e-14	3,147946788e-14	7,924350412e-12	4,914397746e-14	4,999999912e-15	1,977556302e-14	1,263524875e-13	3,879076227e-11	7,32444036e-11	1	1	1	1	1	1	1	0	0	0	0	0	0	0	0	0	0	4,088600388e-08	12,82089914	56,82750663	0	30,16126543	0,796865843	0,009457139754	0,02376222694
27,948	1784803015,016	23/07/2026_12:36:55,016	1	2	3,228934929e-06	2,74261015e-06	1,213066973e-11	9,178290072e-12	1,203680471e-11	2,429563495e-11	1,440182834e-10	1,821838791e-10	1,998503576e-12	1,532605965e-13	4,048564869e-12	7,551889886e-13	1,126151649e-14	4,999999912e-15	4,999999912e-15	4,999999912e-15	7,996133269e-12	2,029012944e-13	1,061655782e-13	8,9021096e-15	1,281375857e-14	3,796647371e-11	7,363991361e-11	1	1	1	1	1	1	1	0	0	0	0	0	0	0	0	0	0	3,701959309e-08	12,56515829	56,91899812	0	30,34395613	0,8036764954	0,05399611512	0
28,756	1784803015,824	23/07/2026_12:36:55,824	1	2	3,237856163e-06	2,716456038e-06	1,199330218e-11	9,006681685e-12	1,194999655e-11	2,438987901e-11	1,445104175e-10	1,83063259e-10	2,072056502e-12	6,58616228e-14	3,840696424e-12	6,416811527e-13	4,999999912e-15	6,415415345e-14	9,209451778e-14	7,30329832e-14	7,953734026e-12	6,4588783e-14	4,999999912e-15	4,999999912e-15	9,448496673e-14	3,795196449e-11	7,241766908e-11	1	1	1	1	1	1	1	0	0	0	0	0	0	0	0	0	0	3,889666218e-08	12,57469322	57,29043888	0	29,89541612	0,7958869475	0,02704127023	0,003872860094
29,564	1784803016,632	23/07/2026_12:36:56,632	1	2	3,243975698e-06	2,736311671e-06	1,201815383e-11	9,161563869e-12	1,204913599e-11	2,439185139e-11	1,4412814e-10	1,835812891e-10	1,973830821e-12	9,231181222e-14	3,933582193e-12	7,692754853e-13	5,962161239e-14	4,999999912e-15	4,999999912e-15	4,999999912e-15	7,964194408e-12	1,721591348e-13	1,065924421e-13	4,251591077e-14	4,645859842e-14	3,757151187e-11	7,362662563e-11	1	1	1	1	1	1	1	0	0	0	0	0	0	0	0	0	0	3,222432904e-08	12,4086785	57,09526042	0	30,30811837	0,794716299	0,02754888317	0,005559610569
30,372	1784803017,440	23/07/2026_12:36:57,440	1	2	3,233050165e-06	2,698815251e-06	1,199599274e-11	9,056697232e-12	1,192536521e-11	2,438075436e-11	1,444564607e-10	1,833238561e-10	2,111300934e-12	1,199921781e-13	3,830144969e-12	6,104385118e-13	4,999999912e-15	2,434303403e-14	9,01270432e-14	1,160805257e-13	7,948071888e-12	1,161115746e-13	4,999999912e-15	4,999999912e-15	8,072045772e-14	3,735120546e-11	7,313315925e-11	1	1	1	1	1	1	1	0	0	0	0	0	0	0	0	0	0	3,766718784e-08	12,36326046	57,24811166	0	30,16227664	0,7951690028	0,05118005663	0,00453057736
31,18	1784803018,248	23/07/2026_12:36:58,248	1	2	3,235898248e-06	2,725843387e-06	1,18892951e-11	9,163667221e-12	1,212424171e-11	2,457594024e-11	1,450142229e-10	1,838086211e-10	1,968514544e-12	5,334278754e-14	3,830987177e-12	7,273571936e-13	7,209386761e-14	2,912781642e-14	4,999999912e-15	4,999999912e-15	7,88438672e-12	1,393990853e-13	7,954463368e-14	6,808908905e-14	8,62503157e-14	3,701605689e-11	7,368274046e-11	1	1	1	1	1	1	1	0	0	0	0	0	0	0	0	0	0	3,701936829e-08	12,23085014	57,31921791	0	30,3288148	0,7866450856	0,0116749875	0
31,988	1784803019,056	23/07/2026_12:36:59,056	1	2	3,240535989e-06	2,726891353e-06	1,194275408e-11	9,154555586e-12	1,197716752e-11	2,445567013e-11	1,454211057e-10	1,843102337e-10	2,115387509e-12	1,63598532e-13	3,81414518e-12	6,282466409e-13	4,999999912e-15	6,170162376e-15	5,096785963e-14	1,049548293e-13	7,994285789e-12	1,419913313e-13	4,999999912e-15	4,999999912e-15	5,726996432e-14	3,688045008e-11	7,286570652e-11	1	1	1	1	1	1	1	0	0	0	0	0	0	0	0	0	0	3,48832655e-08	12,19411821	57,53516722	0	30,01673884	0,7907114067	0,06678890348	0
32,796	1784803019,864	23/07/2026_12:36:59,864	1	2	3,236000339e-06	2,727933179e-06	1,17679139e-11	9,132734499e-12	1,210434704e-11	2,46406541e-11	1,453838994e-10	1,848908249e-10	1,966639959e-12	2,745527872e-14	3,763840802e-12	7,128010747e-13	8,268404272e-14	5,247742142e-14	4,999999912e-15	4,999999912e-15	7,867316174e-12	1,091342389e-13	5,666847268e-14	8,628524056e-14	1,131079822e-13	3,677837895e-11	7,337911528e-11	1	1	1	1	1	1	1	0	0	0	0	0	0	0	0	0	0	3,473084687e-08	12,13760713	57,52893733	0	30,18471322	0,7777556539	0,0007762669353	0,03549003766
33,604	1784803020,672	23/07/2026_12:37:00,672	1	2	3,23444101e-06	2,703990958e-06	1,187734199e-11	9,168153216e-12	1,204998427e-11	2,451460909e-11	1,453218934e-10	1,852147186e-10	2,116396468e-12	1,843209694e-13	3,835767641e-12	6,742395813e-13	4,999999912e-15	4,999999912e-15	2,456422652e-14	8,547419635e-14	7,971669332e-12	1,997191881e-13	1,726869109e-14	4,999999912e-15	4,999999912e-15	3,664801101e-11	7,331635993e-11	1	1	1	1	1	1	1	0	0	0	0	0	0	0	0	0	0	3,089643198e-08	12,0878336	57,53582084	0	30,14630773	0,7843792111	0,07402851534	0
34,412	1784803021,480	23/07/2026_12:37:01,480	1	2	3,236480552e-06	2,645557061e-06	1,167228293e-11	9,112683698e-12	1,211884933e-11	2,46188972e-11	1,454355247e-10	1,846873765e-10	1,987816162e-12	1,628301579e-14	3,707637929e-12	6,772585964e-13	5,114637351e-14	8,638225633e-14	4,239172219e-14	4,999999912e-15	7,818314572e-12	7,467835486e-14	1,67486874e-14	5,033920532e-14	1,208730652e-13	3,643752661e-11	7,353476161e-11	1	1	1	1	1	1	1	0	0	0	0	0	0	0	0	0	0	3,727098455e-08	12,04034758	57,57053501	0	30,28153152	0,772454486	0	0,02994064681
35,22	1784803022,288	23/07/2026_12:37:02,288	1	2	3,24311759e-06	2,721668579e-06	1,1819456e-11	9,247841208e-12	1,21269713e-11	2,471631753e-11	1,469115107e-10	1,867455079e-10	2,093062269e-12	1,509438733e-13	3,769437019e-12	6,720625575e-13	4,999999912e-15	4,999999912e-15	4,999999912e-15	3,064513365e-14	7,101169045e-12	2,042478599e-13	6,737117103e-14	4,999999912e-15	4,999999912e-15	3,360490705e-11	6,78667747e-11	1	1	1	1	1	1	1	0	0	0	0	0	0	0	0	0	0	1,123003948e-08	11,38547947	59,77385627	0	28,66666109	0,801217399	0,0583361203	0,004790254634
36,028	1784803023,096	23/07/2026_12:37:03,096	1	2	3,246140523e-06	2,837784223e-06	1,18422893e-11	8,840098792e-12	1,191307122e-11	2,408978919e-11	1,422086476e-10	1,78952464e-10	1,961028562e-12	2,022959301e-14	3,53821486e-12	6,233685985e-13	4,317172433e-14	8,722433583e-14	6,999446595e-14	1,827376683e-14	7,1571425e-12	4,869770629e-14	4,999999912e-15	2,212332659e-14	1,174620161e-13	5,901461958e-11	6,370421551e-11	1	1	1	1	1	1	1	0	0	0	0	0	0	0	0	0	0	1,817240154e-08	19,00514911	54,9835153	0	25,66802043	0,7667869443	0,002281167867	0,009091170692
36,836	1784803023,904	23/07/2026_12:37:03,904	1	2	2,907496764e-06	2,467298827e-06	9,457720197e-12	6,894425569e-12	6,556595544e-12	1,228500548e-11	6,80193124e-11	8,370243387e-11	7,884185384e-13	1,486776061e-13	1,31929875e-11	6,693615389e-13	1,391196643e-14	4,999999912e-15	4,999999912e-15	1,024867684e-14	7,002741702e-12	1,643552509e-13	1,256112862e-13	3,06140882e-14	4,999999912e-15	1,679750783e-10	6,718699208e-11	1	1	1	1	1	1	1	0	0	0	0	0	0	0	0	0	0	5,436482713e-08	51,17280918	23,66032966	0	25,43091251	0,5782974771	0,04041974585	0
37,644	1784803024,712	23/07/2026_12:37:04,712	1	2	2,63694983e-06	1,855139772e-06	6,350388097e-12	5,431243563e-12	1,560868297e-12	3,099698883e-12	1,759670534e-11	2,932116702e-11	2,966450599e-13	1,429731171e-13	1,905194752e-11	6,040820513e-13	2,537527243e-14	6,402609562e-14	1,140703742e-13	9,429479766e-14	7,286545499e-12	3,723439946e-14	4,999999912e-15	1,804869154e-14	8,016940519e-14	1,918829262e-10	6,975812289e-11	1	1	1	1	1	1	1	0	0	0	0	0	0	0	0	0	0	3,858941461e-08	64,30235795	6,810283525	0	29,12744729	0,4263024611	0,0602137242	0
38,452	1784803025,520	23/07/2026_12:37:05,520	1	2	2,663854048e-06	1,70643159e-06	4,034660626e-12	5,425142974e-12	1,003396259e-12	1,77127475e-12	9,856187914e-12	2,053865238e-11	1,023819904e-13	1,686937536e-13	2,035004283e-11	7,407569566e-13	7,500044422e-14	4,999999912e-15	4,999999912e-15	4,999999912e-15	7,369746306e-12	1,418399632e-13	1,107951486e-13	8,729419233e-14	1,735018243e-14	1,978815861e-10	7,003111285e-11	1	1	1	1	1	1	1	0	0	0	0	0	0	0	0	0	0	2,954869602e-08	67,0036525	3,83361995	0	29,55455724	0,2735791294	0,0622216306	0
39,26	1784803026,328	23/07/2026_12:37:06,328	1	2	2,667775561e-06	1,665081072e-06	3,275835549e-12	5,243767226e-12	6,002674486e-13	1,144964549e-12	6,900785932e-12	1,729523469e-11	2,095992108e-13	1,890475352e-13	2,054820376e-11	6,077182486e-13	4,999999912e-15	4,13051551e-14	7,883836406e-14	1,11839032e-13	7,389523889e-12	6,76001342e-14	4,999999912e-15	4,999999912e-15	6,309862843e-14	1,996287441e-10	6,987253831e-11	1	1	1	1	1	1	1	0	0	0	0	0	0	0	0	0	0	3,149141671e-08	67,99563043	2,706984224	0	29,6672804	0,2234390731	0,08499515192	0,01524815706
40,068	1784803027,136	23/07/2026_12:37:07,136	1	2	2,668740308e-06	1,625979962e-06	2,821207244e-12	5,261114027e-12	5,924208606e-13	9,743343285e-13	5,330561079e-12	1,535824419e-11	7,59822435e-15	1,147339602e-13	2,084656753e-11	7,125954557e-13	1,032473735e-13	3,603529557e-14	4,999999912e-15	4,999999912e-15	7,347978996e-12	1,10573951e-13	7,85046263e-14	8,617270715e-14	7,890821378e-14	2,019540923e-10	7,031224908e-11	1	1	1	1	1	1	1	0	0	0	0	0	0	0	0	0	0	3,088011092e-08	68,64628469	2,04421737	0	29,79024221	0,1920289054	0,03835618975	0,01941923083
40,876	1784803027,944	23/07/2026_12:37:07,944	1	2	2,676853001e-06	1,620382136e-06	2,711964117e-12	5,225882227e-12	3,616374236e-13	6,931963142e-13	4,335702804e-12	1,432144507e-11	1,686006207e-13	2,235499654e-13	2,097910387e-11	6,144355315e-13	4,999999912e-15	4,999999912e-15	5,469712208e-14	9,490018905e-14	7,438788301e-12	1,267211433e-13	5,863594471e-15	4,999999912e-15	8,781808898e-15	2,027178703e-10	6,974432143e-11	1	1	1	1	1	1	1	0	0	0	0	0	0	0	0	0	0	2,84372445e-08	69,07789904	1,685780072	0	29,62948863	0,1850493263	0,09794257019	0
41,684	1784803028,752	23/07/2026_12:37:08,752	1	2	2,663079613e-06	1,609855644e-06	2,37516647e-12	5,146601027e-12	3,927365703e-13	6,902081445e-13	3,771470549e-12	1,348352159e-11	4,999999912e-15	7,312999896e-14	2,103913398e-11	6,898667293e-13	7,303685922e-14	7,483746153e-14	4,999999912e-15	4,999999912e-15	7,266823428e-12	7,002551479e-14	3,469648207e-14	8,163627651e-14	1,011324271e-13	2,034848262e-10	6,956348692e-11	1	1	1	1	1	1	1	0	0	0	0	0	0	0	0	0	0	3,094514908e-08	69,46872557	1,432832416	0	29,60317247	0,1623722087	0,02414444794	0,03630965881
42,492	1784803029,560	23/07/2026_12:37:09,560	1	2	2,658917765e-06	1,606774163e-06	2,370335265e-12	5,215160335e-12	3,082596841e-13	5,048045315e-13	3,142606834e-12	1,297197592e-11	1,180480003e-13	2,222965329e-13	2,114364413e-11	6,367761136e-13	4,999999912e-15	4,999999912e-15	1,246450317e-14	6,185683747e-14	7,400173356e-12	1,400898305e-13	2,242989154e-14	4,999999912e-15	4,999999912e-15	2,031317059e-10	7,020751341e-11	1	1	1	1	1	1	1	0	0	0	0	0	0	0	0	0	0	2,870078405e-08	69,36666064	1,206527769	0	29,88866437	0,1620746194	0,09432686687	0
43,3	1784803030,368	23/07/2026_12:37:10,368	1	2	2,647833071e-06	1,636610023e-06	2,069417554e-12	5,098865774e-12	2,866370064e-13	5,340953374e-13	2,953745321e-12	1,262989279e-11	4,999999912e-15	6,730521088e-14	2,103823019e-11	6,422556172e-13	4,181739997e-14	7,373148722e-14	5,03857752e-14	4,999999912e-15	7,270467214e-12	8,102705315e-15	4,999999912e-15	4,060664429e-14	9,509033778e-14	2,030889623e-10	6,955817866e-11	1	1	1	1	1	1	1	0	0	0	0	0	0	0	0	0	0	3,159112517e-08	69,65752287	1,127954099	0	29,74100208	0,1421288284	0,02303819442	0,03827899453
44,108	1784803031,176	23/07/2026_12:37:11,176	1	2	2,656586048e-06	1,597563369e-06	2,099636003e-12	5,230259368e-12	3,135644684e-13	4,207002043e-13	2,544958385e-12	1,224322553e-11	6,62613207e-14	2,049386051e-13	2,110939895e-11	6,95602213e-13	4,999999912e-15	4,999999912e-15	4,999999912e-15	1,929048419e-14	7,418268257e-12	1,585886641e-13	6,62613207e-14	4,999999912e-15	4,999999912e-15	2,033688495e-10	7,025460769e-11	1	1	1	1	1	1	1	0	0	0	0	0	0	0	0	0	0	2,777945581e-08	69,56550825	0,9614439709	0	29,96081405	0,1438127745	0,08343169147	0
44,916	1784803031,984	23/07/2026_12:37:11,984	1	2	2,67721316e-06	1,606774163e-06	1,889574868e-12	5,06833334e-12	2,115860791e-13	4,237775224e-13	2,479970222e-12	1,215822928e-11	6,024250787e-14	8,585450059e-14	2,111856176e-11	6,197636263e-13	9,01853089e-15	5,735533169e-14	7,722402768e-14	1,830093457e-14	7,261464867e-12	1,193674235e-14	4,999999912e-15	4,999999912e-15	7,744134923e-14	2,029398871e-10	6,969037847e-11	1	1	1	1	1	1	1	0	0	0	0	0	0	0	0	0	0	3,210345156e-08	69,73952135	0,9499599629	0	29,85447228	0,1300196031	0,03646742502	0,03180441665
45,724	1784803032,792	23/07/2026_12:37:12,792	1	2	2,654225455e-06	1,613564677e-06	1,893401234e-12	5,231574722e-12	3,12179102e-13	3,871213517e-13	2,175350611e-12	1,182068592e-11	3,221677956e-14	1,63877958e-13	2,123478476e-11	7,215673371e-13	2,144422471e-14	4,999999912e-15	4,999999912e-15	4,999999912e-15	7,387654724e-12	1,378623642e-13	1,061345429e-13	2,392781001e-14	4,999999912e-15	2,035974861e-10	7,016285469e-11	1	1	1	1	1	1	1	0	0	0	0	0	0	0	0	0	0	2,708977157e-08	69,74393436	0,81906018	0	29,96468688	0,129867459	0,06458692332	0
46,532	1784803033,600	23/07/2026_12:37:13,600	1	2	2,642555501e-06	1,605541456e-06	1,743664349e-12	5,078469329e-12	1,81177664e-13	3,504961891e-13	2,158873341e-12	1,174857781e-11	1,126927666e-13	1,362247446e-13	2,105508996e-11	5,949743194e-13	4,999999912e-15	4,144485455e-14	9,173749678e-14	7,776731461e-14	7,32696976e-12	3,1541552e-14	4,999999912e-15	4,999999912e-15	6,385923013e-14	2,037535141e-10	6,940541891e-11	1	1	1	1	1	1	1	0	0	0	0	0	0	0	0	0	0	3,060119162e-08	69,96205885	0,8197194317	0	29,71163526	0,1198900277	0,06186464172	0,02477251668
47,34	1784803034,408	23/07/2026_12:37:14,408	1	2	2,648064992e-06	1,585972882e-06	1,704085983e-12	5,175799025e-12	2,972582033e-13	4,02562288e-13	1,990257351e-12	1,148862689e-11	4,999999912e-15	1,293056238e-13	2,11845038e-11	7,182882219e-13	5,572936047e-14	4,999999912e-15	4,999999912e-15	4,999999912e-15	7,315797274e-12	1,218858998e-13	8,975450456e-14	6,296281855e-14	3,176275296e-14	2,031968899e-10	6,99564226e-11	1	1	1	1	1	1	1	0	0	0	0	0	0	0	0	0	0	2,866786039e-08	69,85497604	0,7303537075	0	29,97999678	0,117299767	0,04883739472	0,0009578613524
48,148	1784803035,216	23/07/2026_12:37:15,216	1	2	2,645406539e-06	1,569042297e-06	1,680635449e-12	5,093518489e-12	1,491161117e-13	2,95119994e-13	1,908473596e-12	1,152509251e-11	1,418516319e-13	1,990672709e-13	2,117295922e-11	5,839611563e-13	4,999999912e-15	1,164957701e-14	6,929983795e-14	1,061810958e-13	7,336508137e-12	6,843057886e-14	4,999999912e-15	4,999999912e-15	3,471588929e-14	2,036967262e-10	6,961168447e-11	1	1	1	1	1	1	1	0	0	0	0	0	0	0	0	0	0	2,99283129e-08	69,95776049	0,7269369204	0	29,80628027	0,1155748684	0,08976826485	0,01038005262
48,956	1784803036,024	23/07/2026_12:37:16,024	1	2	2,653053571e-06	1,592061722e-06	1,530475508e-12	5,15083115e-12	2,529184002e-13	3,896087825e-13	1,846527705e-12	1,131636711e-11	4,999999912e-15	9,477600725e-14	2,119584196e-11	6,914887499e-13	9,977423347e-14	3,666006707e-14	4,999999912e-15	4,999999912e-15	7,267467444e-12	8,428285468e-14	6,612162803e-14	7,953299206e-14	8,626971614e-14	2,027613216e-10	6,945851533e-11	1	1	1	1	1	1	1	0	0	0	0	0	0	0	0	0	0	2,791205674e-08	69,98164416	0,685544773	0	29,8856528	0,1057643744	0,03556287842	0,03425354135
49,764	1784803036,832	23/07/2026_12:37:16,832	1	2	2,646890835e-06	1,584147185e-06	1,579343969e-12	5,132130398e-12	1,526164313e-13	2,532016751e-13	1,731727392e-12	1,125986804e-11	1,151142712e-13	2,275586403e-13	2,120498742e-11	6,040704503e-13	4,999999912e-15	4,999999912e-15	3,054812127e-14	7,602880998e-14	7,398216588e-12	1,349519183e-13	4,999999912e-15	4,999999912e-15	8,133749072e-15	2,044343445e-10	6,943175201e-11	1	1	1	1	1	1	1	0	0	0	0	0	0	0	0	0	0	2,775101713e-08	70,12603996	0,6483189398	0	29,6949631	0,1084798527	0,09845884555	0
50,572	1784803037,640	23/07/2026_12:37:17,640	1	2	2,649005637e-06	1,58354203e-06	1,397044806e-12	5,078978037e-12	2,211440124e-13	3,472481092e-13	1,760998899e-12	1,115189104e-11	4,999999912e-15	7,517118574e-14	2,115419645e-11	6,63595047e-13	7,827566991e-14	7,169416292e-14	4,999999912e-15	4,999999912e-15	7,070736791e-12	4,511979169e-14	4,276037803e-14	7,669238915e-14	8,858256332e-14	2,090715101e-10	6,823769327e-11	1	1	1	1	1	1	1	0	0	0	0	0	0	0	0	0	0	2,633307518e-08	71,00667819	0,6595714155	0	28,90352015	0,0950309004	0,02744030824	0,03907481037
51,38	1784803038,448	23/07/2026_12:37:18,448	1	2	2,669179594e-06	1,59389117e-06	1,52109228e-12	5,219152801e-12	1,760591456e-13	2,319708824e-13	1,631052932e-12	1,144381378e-11	8,75192727e-14	2,267243332e-13	2,248549957e-11	6,973950497e-13	4,999999912e-15	4,999999912e-15	1,000032e-14	5,895802645e-14	8,194086902e-12	1,749415364e-13	5,057592393e-14	4,999999912e-15	4,999999912e-15	1,722860743e-10	8,071862623e-11	1	1	1	1	1	1	1	0	0	0	0	0	0	0	0	0	0	6,218458507e-08	63,51619849	0,3907618468	0	36,95654896	0,1120084351	0,1033164842	0
52,188	1784803039,256	23/07/2026_12:37:19,256	1	2	3,056868309e-06	1,830417659e-06	3,907570448e-12	8,582674502e-12	9,432185068e-12	2,020446484e-11	1,241318021e-10	1,644677589e-10	1,767370863e-12	4,999999912e-15	6,79702258e-12	7,030762691e-13	2,710602332e-14	5,442547861e-14	4,796815343e-14	4,999999912e-15	8,006016856e-12	3,728872815e-14	4,999999912e-15	6,337029561e-15	1,339623264e-13	5,132515246e-11	7,37193917e-11	1	1	1	1	1	1	1	0	0	0	0	0	0	0	0	0	0	1,141084915e-08	17,45020265	51,41121995	0	31,27648737	0,265314037	0	0,243797555
52,996	1784803040,064	23/07/2026_12:37:20,064	1	2	3,245339485e-06	2,549003739e-06	8,9719265e-12	8,903224512e-12	1,120074346e-11	2,270867522e-11	1,353430007e-10	1,719015763e-10	1,87883346e-12	1,225805346e-13	4,912969771e-12	7,236085646e-13	4,999999912e-15	4,999999912e-15	4,999999912e-15	4,999999912e-15	8,668245809e-12	1,865328909e-13	6,800371491e-14	4,999999912e-15	5,161204173e-14	4,444051377e-11	7,306997368e-11	1	1	1	1	1	1	1	0	0	0	0	0	0	0	0	0	0	3,725703579e-08	14,92087952	54,26770399	0	30,53882394	0,6027967989	0,04322203199	0
53,804	1784803040,872	23/07/2026_12:37:20,872	1	2	3,210426257e-06	2,612302751e-06	9,406682031e-12	8,869978536e-12	1,148336547e-11	2,336457937e-11	1,390994264e-10	1,771130465e-10	1,957660162e-12	1,20803246e-14	4,349540693e-12	6,260540046e-13	4,999999912e-15	5,377353768e-14	6,619147775e-14	4,287679763e-14	7,895791659e-12	4,101411119e-14	4,999999912e-15	4,999999912e-15	9,804348089e-14	4,170181561e-11	7,319788525e-11	1	1	1	1	1	1	1	0	0	0	0	0	0	0	0	0	0	3,853706327e-08	13,92239866	55,62749393	0	30,44916459	0,6288095006	0,002810761208	0,02381667921
54,612	1784803041,680	23/07/2026_12:37:21,680	1	2	3,222689429e-06	2,658771564e-06	9,389879499e-12	9,040128021e-12	1,174352716e-11	2,375654534e-11	1,414800499e-10	1,791263526e-10	1,905698906e-12	8,507449844e-14	4,309609093e-12	7,616966953e-13	2,211556777e-14	4,999999912e-15	4,999999912e-15	4,999999912e-15	7,856449866e-12	1,740489941e-13	8,665778598e-14	3,2701855e-14	4,999999912e-15	3,998752024e-11	7,283128267e-11	1	1	1	1	1	1	1	0	0	0	0	0	0	0	0	0	0	3,648209403e-08	13,35240124	56,42260918	0	30,27867545	0,627592148	0,02292171456	0
55,42	1784803042,488	23/07/2026_12:37:22,488	1	2	3,216954156e-06	2,674100415e-06	9,457961324e-12	8,951448957e-12	1,169758301e-11	2,381947417e-11	1,420162321e-10	1,80200535e-10	2,071214294e-12	8,703031785e-14	4,014093745e-12	6,126194387e-13	4,999999912e-15	3,35711141e-14	9,233898504e-14	9,215271233e-14	7,851778255e-12	6,008340798e-14	4,999999912e-15	4,999999912e-15	5,173234074e-14	3,930463247e-11	7,319413131e-11	1	1	1	1	1	1	1	0	0	0	0	0	0	0	0	0	0	4,002692567e-08	13,08591249	56,57017841	0	30,36072394	0,6306226428	0,03854906631	0
56,228	1784803043,296	23/07/2026_12:37:23,296	1	2	3,221588486e-06	2,678205192e-06	9,501714519e-12	9,036197138e-12	1,185463446e-11	2,396238589e-11	1,427895718e-10	1,811589212e-10	1,91626554e-12	6,88652084e-14	4,080804705e-12	7,594886092e-13	7,100730052e-14	1,071823125e-14	4,999999912e-15	4,999999912e-15	7,778819255e-12	1,529656664e-13	9,323540339e-14	5,570220121e-14	4,96794988e-14	3,8371719e-11	7,313476907e-11	1	1	1	1	1	1	1	0	0	0	0	0	0	0	0	0	0	3,678925302e-08	12,78720375	56,91799627	0	30,35552482	0,6338794906	0,01566114284	0
57,036	1784803044,104	23/07/2026_12:37:24,104	1	2	3,226406079e-06	2,684369974e-06	9,675895501e-12	9,027057747e-12	1,183033012e-11	2,409811586e-11	1,430379704e-10	1,817464096e-10	2,095662185e-12	1,492752184e-13	3,944273727e-12	6,31991421e-13	4,999999912e-15	6,655238663e-15	3,602365395e-14	1,055019922e-13	7,890072276e-12	1,245324915e-13	4,999999912e-15	4,999999912e-15	4,508874624e-14	3,812228311e-11	7,249850026e-11	1	1	1	1	1	1	1	0	0	0	0	0	0	0	0	0	0	3,444297799e-08	12,70390428	57,10521724	0	30,10705727	0,6456646308	0,06297832042	0
57,844	1784803044,912	23/07/2026_12:37:24,912	1	2	3,236691555e-06	2,696744787e-06	9,653539253e-12	9,082934925e-12	1,195888267e-11	2,430024411e-11	1,435786767e-10	1,821531953e-10	1,932471327e-12	3,853440191e-14	3,919542642e-12	7,302753779e-13	8,050702574e-14	5,21009932e-14	4,999999912e-15	4,999999912e-15	7,773138036e-12	1,213930622e-13	7,116252439e-14	8,476016791e-14	8,358046107e-14	3,742432753e-11	7,262635632e-11	1	1	1	1	1	1	1	0	0	0	0	0	0	0	0	0	0	3,446144852e-08	12,4870046	57,34007151	0	30,18949362	0,6449066388	0,004496320843	0,003865767978
58,652	1784803045,720	23/07/2026_12:37:25,720	1	2	3,236625389e-06	2,719583563e-06	9,85458503e-12	9,084828376e-12	1,1923274e-11	2,414879234e-11	1,441923247e-10	1,828050072e-10	2,08505652e-12	1,679913533e-13	3,916018985e-12	6,446538182e-13	4,999999912e-15	4,999999912e-15	3,853440868e-14	9,385630565e-14	7,908338047e-12	1,859042705e-13	4,999999912e-15	4,999999912e-15	8,296735152e-15	3,740159224e-11	7,309550187e-11	1	1	1	1	1	1	1	0	0	0	0	0	0	0	0	0	0	3,64536255e-08	12,42291238	57,29025786	0	30,24334104	0,6553584847	0,06756148413	0
59,46	1784803046,528	23/07/2026_12:37:26,528	1	2	3,242805633e-06	2,695711601e-06	9,720614938e-12	9,046508334e-12	1,202300932e-11	2,437727104e-11	1,439013769e-10	1,830266216e-10	1,95932875e-12	2,043914727e-14	3,816089372e-12	7,00569431e-13	8,774434629e-14	9,435689534e-14	3,661350736e-14	4,999999912e-15	7,717586986e-12	8,982436106e-14	2,891438784e-14	7,545059141e-14	1,12518122e-13	3,6733179e-11	7,265655438e-11	1	1	1	1	1	1	1	0	0	0	0	0	0	0	0	0	0	3,409948154e-08	12,25306183	57,55026043	0	30,20520959	0,6492623144	0	0,03640750166
60,268	1784803047,336	23/07/2026_12:37:27,336	1	2	3,236232033e-06	2,707101203e-06	9,925204755e-12	9,172103181e-12	1,199487037e-11	2,421851261e-11	1,448127868e-10	1,83243018e-10	2,079677793e-12	1,644910607e-13	3,896561459e-12	7,0268433e-13	4,999999912e-15	4,999999912e-15	4,999999912e-15	6,300549546e-14	7,903720213e-12	2,31547908e-13	4,832129163e-14	4,999999912e-15	4,999999912e-15	3,672956383e-11	7,297410592e-11	1	1	1	1	1	1	1	0	0	0	0	0	0	0	0	0	0	3,465708096e-08	12,21208881	57,53236816	0	30,21600556	0,6606396863	0,06511940696	0
61,076	1784803048,144	23/07/2026_12:37:28,144	1	2	3,236080147e-06	2,716456038e-06	9,795984336e-12	9,002835803e-12	1,198102815e-11	2,442283875e-11	1,44612558e-10	1,830287449e-10	2,007828582e-12	2,366004934e-14	3,709597733e-12	6,634629911e-13	3,148334729e-14	7,991328953e-14	7,550493027e-14	1,664391789e-14	7,726380299e-12	6,36147561e-14	1,32910735e-14	3,880993156e-14	1,285295113e-13	3,646447727e-11	7,335181074e-11	1	1	1	1	1	1	1	0	0	0	0	0	0	0	0	0	0	4,248262254e-08	12,1336374	57,52045722	0	30,40168046	0,6528252322	0,004965135119	0,01253604465
61,884	1784803048,952	23/07/2026_12:37:28,952	1	2	3,240471642e-06	2,695711601e-06	9,942097492e-12	9,216082758e-12	1,20394094e-11	2,434870014e-11	1,44664683e-10	1,83596971e-10	2,032385111e-12	1,400161047e-13	3,833047595e-12	7,413545689e-13	6,647476877e-15	4,999999912e-15	4,999999912e-15	2,108332768e-14	7,848961932e-12	2,185595455e-13	8,022373727e-14	6,926880859e-15	4,999999912e-15	3,622986286e-11	7,327451146e-11	1	1	1	1	1	1	1	0	0	0	0	0	0	0	0	0	0	3,175066581e-08	12,04846109	57,58557724	0	30,35893367	0,6619202579	0,05115294023	0
62,692	1784803049,760	23/07/2026_12:37:29,760	1	2	3,251550879e-06	2,738409421e-06	9,856937315e-12	9,070353843e-12	1,204092728e-11	2,44570926e-11	1,450447817e-10	1,837721642e-10	2,077505052e-12	5,414219691e-14	3,669810116e-12	6,356740221e-13	3,349738157e-14	6,668430863e-14	9,608377191e-14	7,630820211e-14	7,732662601e-12	7,034759738e-14	4,999999912e-15	4,999999912e-15	1,019201881e-13	3,623000511e-11	7,33568345e-11	1	1	1	1	1	1	1	0	0	0	0	0	0	0	0	0	0	3,948828315e-08	12,03541721	57,64122056	0	30,36080869	0,655813627	0,02248833121	0,005892757218
63,5	1784803050,568	23/07/2026_12:37:30,568	1	2	3,243979563e-06	2,733168003e-06	9,944638862e-12	9,161626319e-12	1,215271894e-11	2,449718553e-11	1,450612547e-10	1,836479024e-10	2,001134501e-12	1,008801942e-13	3,772412938e-12	7,853877596e-13	5,319532927e-14	4,999999912e-15	4,999999912e-15	4,999999912e-15	7,791167017e-12	1,922141103e-13	1,172718742e-13	4,586874839e-14	6,441805419e-15	3,60295821e-11	7,286696246e-11	1	1	1	1	1	1	1	0	0	0	0	0	0	0	0	0	0	3,47354614e-08	12,00335591	57,78588705	0	30,23746773	0,6633453324	0,03302204724	0
64,308	1784803051,376	23/07/2026_12:37:31,376	1	2	3,269713716e-06	2,707101203e-06	9,959105589e-12	9,084680924e-12	1,197865071e-11	2,450235327e-11	1,446705672e-10	1,843353664e-10	2,128092407e-12	1,105196121e-13	3,671874003e-12	6,249636225e-13	4,999999912e-15	3,520485092e-14	9,198585361e-14	1,087190234e-13	7,789770565e-12	9,583542185e-14	4,999999912e-15	4,999999912e-15	7,081328254e-14	3,611579438e-11	7,27856872e-11	1	1	1	1	1	1	1	0	0	0	0	0	0	0	0	0	0	3,225029513e-08	12,00764528	57,74955796	0	30,174329	0,6631493921	0,04859457637	0,02663875215
65,116	1784803052,184	23/07/2026_12:37:32,184	1	2	3,24574421e-06	2,714375114e-06	9,957389947e-12	9,174347046e-12	1,218813332e-11	2,471039345e-11	1,457166748e-10	1,847556691e-10	1,985573164e-12	6,23923588e-14	3,743362825e-12	7,396664661e-13	7,332014092e-14	1,166510143e-14	4,999999912e-15	4,999999912e-15	7,211443248e-12	1,540677715e-13	1,000807984e-13	6,962581011e-14	5,273741648e-14	3,23639969e-11	6,609773145e-11	1	1	1	1	1	1	1	0	0	0	0	0	0	0	0	0	0	1,013682168e-08	11,16175929	60,27671465	0	28,4053406	0,686876289	0,01566517851	0,0183643109
65,924	1784803052,992	23/07/2026_12:37:32,992	1	2	3,264063253e-06	2,793537078e-06	1,047873073e-11	8,859028962e-12	1,212583072e-11	2,441317461e-11	1,444400988e-10	1,816803374e-10	2,0644621e-12	1,559653828e-13	3,570586752e-12	6,053704087e-13	4,999999912e-15	1,188629731e-14	6,174430406e-14	9,604884027e-14	7,402280178e-12	1,286148786e-13	4,999999912e-15	4,999999912e-15	2,399378371e-14	4,671016351e-11	6,538769526e-11	1	1	1	1	1	1	1	0	0	0	0	0	0	0	0	0	0	2,492938091e-08	15,45502941	57,25701865	0	27,01818661	0,6960220795	0,06082144831	0
66,732	1784803053,800	23/07/2026_12:37:33,800	1	2	2,980784529e-06	2,570588549e-06	8,215201089e-12	7,229170821e-12	7,798160555e-12	1,483195858e-11	8,182167444e-11	1,007823339e-10	9,149456366e-13	5,303234658e-14	1,13331124e-11	6,542466222e-13	8,923062484e-14	7,671956196e-14	4,999999912e-15	4,999999912e-15	6,764444907e-12	7,358403573e-14	6,020370698e-14	7,895478027e-14	1,077333413e-13	1,606475786e-10	6,61109778e-11	1	1	1	1	1	1	1	0	0	0	0	0	0	0	0	0	0	5,041140614e-08	47,74957222	28,14667556	0	24,44189248	0,490466518	0,0004667317845	0
67,54	1784803054,608	23/07/2026_12:37:34,608	1	2	2,639283821e-06	1,865120794e-06	4,997272127e-12	5,544234776e-12	1,797511467e-12	3,423562215e-12	1,955379261e-11	3,175484875e-11	3,171230368e-13	2,432984098e-13	1,890950244e-11	6,200895374e-13	4,999999912e-15	4,999999912e-15	4,517024097e-14	8,149270104e-14	7,344463579e-12	1,709018262e-13	2,539467965e-14	4,999999912e-15	4,999999912e-15	1,904601477e-10	6,897555443e-11	1	1	1	1	1	1	1	0	0	0	0	0	0	0	0	0	0	3,281440853e-08	63,82232006	7,635002713	0	28,80630544	0,3354507199	0,09783582011	0
68,348	1784803055,416	23/07/2026_12:37:35,416	1	2	2,67678297e-06	1,70381611e-06	3,045793435e-12	5,312578502e-12	9,783624648e-13	1,906680543e-12	1,064619053e-11	2,146825079e-11	1,012837817e-13	5,521324636e-14	1,998439782e-11	6,66579205e-13	5,629981344e-14	9,613034517e-14	6,207415902e-14	4,999999912e-15	7,23253098e-12	4,596187797e-14	4,180187555e-14	7,188431843e-14	1,274856143e-13	1,95413033e-10	6,950460346e-11	1	1	1	1	1	1	1	0	0	0	0	0	0	0	0	0	0	3,288871634e-08	66,70827689	4,194177835	0	29,57125627	0,2082249302	0,01718382986	0,03935385366
69,156	1784803056,224	23/07/2026_12:37:36,224	1	2	2,669770083e-06	1,658077394e-06	2,594378488e-12	5,346083385e-12	7,166157316e-13	1,210678693e-12	7,251894831e-12	1,765725587e-11	1,432796752e-13	2,317574843e-13	2,056565855e-11	6,857571694e-13	4,999999912e-15	4,999999912e-15	4,999999912e-15	2,891050843e-14	7,37744154e-12	1,758146715e-13	6,166281271e-14	4,999999912e-15	4,999999912e-15	1,979330033e-10	6,939082642e-11	1	1	1	1	1	1	1	0	0	0	0	0	0	0	0	0	0	2,623524476e-08	67,87958709	2,873809307	0	29,66597356	0,1781533661	0,09524925702	0
69,964	1784803057,032	23/07/2026_12:37:37,032	1	2	2,690168458e-06	1,627224719e-06	2,151562565e-12	5,143244771e-12	5,076140788e-13	1,010664642e-12	5,694383333e-12	1,582454827e-11	1,057697495e-13	9,372436502e-14	2,06064471e-11	6,339976287e-13	4,017202153e-14	8,053030221e-14	8,810525009e-14	5,091353432e-14	7,271383148e-12	1,778869817e-14	4,999999912e-15	4,203471474e-14	1,012061799e-13	2,009125644e-10	6,962778271e-11	1	1	1	1	1	1	1	0	0	0	0	0	0	0	0	0	0	3,327696949e-08	68,63318923	2,224577625	0	29,64955182	0,1471889121	0,03943845658	0,0369593747
70,772	1784803057,840	23/07/2026_12:37:37,840	1	2	2,661732424e-06	1,610472623e-06	2,079053292e-12	5,312356891e-12	5,084949931e-13	7,696441683e-13	4,513434331e-12	1,451381463e-11	6,529893542e-14	1,772776533e-13	2,085897427e-11	7,218971514e-13	1,391973542e-14	4,999999912e-15	4,999999912e-15	4,999999912e-15	7,356907618e-12	1,784883954e-13	8,709240875e-14	2,28296013e-14	4,999999912e-15	2,003551491e-10	6,873543401e-11	1	1	1	1	1	1	1	0	0	0	0	0	0	0	0	0	0	2,195078289e-08	69,08620936	1,805484354	0	29,55442258	0,1435448976	0,07023297081	0
71,58	1784803058,648	23/07/2026_12:37:38,648	1	2	2,670000413e-06	1,616039754e-06	1,879341734e-12	5,103363478e-12	3,435693028e-13	6,782637603e-13	3,970925151e-12	1,383487856e-11	1,312847265e-13	1,306327957e-13	2,086538407e-11	6,052463218e-13	1,30660016e-14	4,910905938e-14	9,471392312e-14	7,993658632e-14	7,289106818e-12	2,56081167e-14	4,999999912e-15	1,784690627e-14	8,328941378e-14	2,005226124e-10	6,929636032e-11	1	1	1	1	1	1	1	0	0	0	0	0	0	0	0	0	0	3,149471765e-08	69,1469198	1,557127964	0	29,78710123	0,1297623664	0,05925716087	0,03247816451
72,388	1784803059,456	23/07/2026_12:37:39,456	1	2	2,653819593e-06	1,611089829e-06	1,787864453e-12	5,224589858e-12	4,14922003e-13	6,253748604e-13	3,365873335e-12	1,310718287e-11	2,254631621e-14	1,446146263e-13	2,100452451e-11	7,300270414e-13	5,092129992e-14	4,999999912e-15	4,999999912e-15	4,999999912e-15	7,280053296e-12	1,455149071e-13	1,051255843e-13	6,954820156e-14	1,469197621e-14	2,020598272e-10	6,954328086e-11	1	1	1	1	1	1	1	0	0	0	0	0	0	0	0	0	0	2,681221831e-08	69,45252333	1,301507481	0	29,80056494	0,123049637	0,0546342546	0
73,196	1784803060,264	23/07/2026_12:37:40,264	1	2	2,655553772e-06	1,599401003e-06	1,706546254e-12	5,105428233e-12	2,456849828e-13	4,89821508e-13	3,075608128e-12	1,282211837e-11	1,47521169e-13	1,800251165e-13	2,089275281e-11	5,790132913e-13	4,999999912e-15	3,026483957e-14	7,21753725e-14	9,943273012e-14	7,374153371e-12	5,94469813e-14	4,999999912e-15	4,999999912e-15	3,520097151e-14	2,021108281e-10	6,891150151e-11	1	1	1	1	1	1	1	0	0	0	0	0	0	0	0	0	0	2,890695525e-08	69,63581721	1,208778814	0	29,60305405	0,1177395493	0,08147915781	0,009948262145
74,004	1784803061,072	23/07/2026_12:37:41,072	1	2	2,675813903e-06	1,606774163e-06	1,55846256e-12	5,148363073e-12	3,595263464e-13	5,435912137e-13	2,816570111e-12	1,24029207e-11	4,999999912e-15	1,174387193e-13	2,102538976e-11	7,196775185e-13	6,410371095e-14	3,181708505e-14	4,999999912e-15	4,999999912e-15	7,268570728e-12	9,707333001e-14	7,69562704e-14	7,288939417e-14	5,513175501e-14	2,023234913e-10	6,923644991e-11	1	1	1	1	1	1	1	0	0	0	0	0	0	0	0	0	0	2,843600435e-08	69,72749779	1,07642983	0	29,74631812	0,107545725	0,04310415666	0,01464143395
74,812	1784803061,880	23/07/2026_12:37:41,880	1	2	2,657949381e-06	1,613564677e-06	1,573608431e-12	5,138238793e-12	2,0588159e-13	3,779010254e-13	2,571374103e-12	1,228035208e-11	1,306910038e-13	2,049192115e-13	2,102319707e-11	5,990024015e-13	4,999999912e-15	4,999999912e-15	5,17129403e-14	8,011896946e-14	7,380963896e-12	1,072211032e-13	4,999999912e-15	4,999999912e-15	1,225495654e-14	2,008183064e-10	6,909853939e-11	1	1	1	1	1	1	1	0	0	0	0	0	0	0	0	0	0	2,729253081e-08	69,59746347	1,014050345	0	29,85664046	0,109192955	0,0908225558	0
75,62	1784803062,688	23/07/2026_12:37:42,688	1	2	2,656738388e-06	1,617898647e-06	1,395706033e-12	5,115483124e-12	2,804513078e-13	4,788899312e-13	2,468941501e-12	1,201512067e-11	4,999999912e-15	7,61141909e-14	2,10124574e-11	6,644448446e-13	6,245446326e-14	7,086760107e-14	4,999999912e-15	4,999999912e-15	7,221688525e-12	4,451054122e-14	3,578694212e-14	7,422045563e-14	7,987061262e-14	2,024797552e-10	6,91756305e-11	1	1	1	1	1	1	1	0	0	0	0	0	0	0	0	0	0	2,912869899e-08	69,87674166	0,9402449678	0	29,7615268	0,09644725043	0,02732324784	0,03036688861
76,428	1784803063,496	23/07/2026_12:37:43,496	1	2	2,647212796e-06	1,595115009e-06	1,482429739e-12	5,181360115e-12	2,142637061e-13	3,225790945e-13	2,225348161e-12	1,187235987e-11	8,303718092e-14	2,283270144e-13	2,108173532e-11	6,30854364e-13	4,999999912e-15	4,999999912e-15	4,999999912e-15	4,475890145e-14	7,370144425e-12	1,459029702e-13	5,518226528e-15	4,999999912e-15	4,999999912e-15	2,021133955e-10	6,949203712e-11	1	1	1	1	1	1	1	0	0	0	0	0	0	0	0	0	0	2,648168582e-08	69,74188707	0,8585179898	0	29,89715347	0,1024226531	0,09544082567	0
77,236	1784803064,304	23/07/2026_12:37:44,304	1	2	2,64193045e-06	1,584147185e-06	1,248087896e-12	5,04634572e-12	2,221025149e-13	4,118486151e-13	2,230253308e-12	1,175130132e-11	4,999999912e-15	5,387055344e-14	2,093717387e-11	6,37668683e-13	5,061085218e-14	7,938941659e-14	4,673024866e-14	4,999999912e-15	7,188501964e-12	2,428483101e-14	4,999999912e-15	4,486755544e-14	1,01213932e-13	2,017581519e-10	6,897366012e-11	1	1	1	1	1	1	1	0	0	0	0	0	0	0	0	0	0	3,055572823e-08	69,9318622	0,8532462316	0	29,8039724	0,08662317746	0,01893608159	0,04491166839
78,044	1784803065,112	23/07/2026_12:37:45,112	1	2	2,653838692e-06	1,6166573e-06	1,342464117e-12	5,184339937e-12	2,594804796e-13	2,931952099e-13	2,00769284e-12	1,155129464e-11	5,464667618e-14	1,93044555e-13	2,109801743e-11	6,850121056e-13	4,999999912e-15	4,999999912e-15	4,999999912e-15	2,276363437e-14	7,3321774e-12	1,625585246e-13	6,700252197e-14	4,999999912e-15	4,999999912e-15	2,02179426e-10	6,958564974e-11	1	1	1	1	1	1	1	0	0	0	0	0	0	0	0	0	0	2,659940567e-08	69,82784064	0,7561860292	0	29,96292669	0,09283585885	0,07911297284	0
78,852	1784803065,920	23/07/2026_12:37:45,920	1	2	2,64113919e-06	1,598788458e-06	1,164712966e-12	5,031067576e-12	1,877475226e-13	3,440583322e-13	2,02228013e-12	1,150445884e-11	6,841118519e-14	7,517895811e-14	2,095649522e-11	5,924790281e-13	1,889467078e-14	6,508938625e-14	6,924938867e-14	3,876336508e-14	7,209623523e-12	4,999999912e-15	4,999999912e-15	2,181288563e-14	8,402672546e-14	2,018435558e-10	6,963783716e-11	1	1	1	1	1	1	1	0	0	0	0	0	0	0	0	0	0	3,319536467e-08	69,83722564	0,7477308045	0	30,03380362	0,08069262309	0,03402327791	0,03233591055
79,66	1784803066,728	23/07/2026_12:37:46,728	1	2	2,639788136e-06	1,591451792e-06	1,234268872e-12	5,185810982e-12	2,816892227e-13	3,32385405e-13	1,808846801e-12	1,132349943e-11	2,112990094e-14	1,645570344e-13	2,113517521e-11	7,130881714e-13	1,153704275e-14	4,999999912e-15	4,999999912e-15	4,999999912e-15	7,29999481e-12	1,398453564e-13	1,091420113e-13	3,035021033e-14	4,999999912e-15	2,023978901e-10	6,927819429e-11	1	1	1	1	1	1	1	0	0	0	0	0	0	0	0	0	0	2,545630362e-08	70,00221064	0,6879917119	0	29,87441257	0,08547401227	0,06484722312	0
80,468	1784803067,536	23/07/2026_12:37:47,536	1	2	2,655173603e-06	1,590840384e-06	1,140497961e-12	5,029127722e-12	1,515026846e-13	3,008904432e-13	1,856516243e-12	1,136053491e-11	1,071706539e-13	1,359492082e-13	2,107074064e-11	5,871548365e-13	4,999999912e-15	5,029652503e-14	7,913718373e-14	7,801956103e-14	7,223733764e-12	2,744752498e-14	4,999999912e-15	4,999999912e-15	5,160040689e-14	2,058106741e-10	6,714882123e-11	1	1	1	1	1	1	1	0	0	0	0	0	0	0	0	0	0	2,444917487e-08	70,86371547	0,7532275031	0	28,83764736	0,078641553	0,06161942094	0,02804006261
81,276	1784803068,344	23/07/2026_12:37:48,344	1	2	2,656890047e-06	1,594503829e-06	1,119449694e-12	5,08448058e-12	2,819375863e-13	3,59953251e-13	1,768659221e-12	1,135424914e-11	4,999999912e-15	1,267133777e-13	2,212998881e-11	7,549056866e-13	5,375802342e-14	4,999999912e-15	4,999999912e-15	4,999999912e-15	7,802378535e-12	1,238882993e-13	1,046094702e-13	6,27610282e-14	2,144034699e-14	2,006648736e-10	7,916000494e-11	1	1	1	1	1	1	1	0	0	0	0	0	0	0	0	0	0	6,259424333e-08	67,42747803	0,4086193398	0	33,09313909	0,07527502413	0,04775611506	0
82,084	1784803069,152	23/07/2026_12:37:49,152	1	2	2,931673862e-06	1,739448521e-06	2,441257266e-12	7,815289214e-12	7,109763733e-12	1,630968451e-11	1,065118271e-10	1,476528066e-10	1,736679051e-12	1,316611479e-13	7,962069372e-12	6,65818583e-13	4,999999912e-15	8,723605029e-15	5,671892196e-14	1,005852709e-13	8,09540629e-12	1,027584119e-13	4,999999912e-15	4,999999912e-15	3,678813845e-14	5,279815821e-11	7,388602924e-11	1	1	1	1	1	1	1	0	0	0	0	0	0	0	0	0	0	7,904245569e-10	19,03833548	47,70443303	0	33,29132132	0,1754946143	0,07070803775	0,380430971
82,892	1784803069,960	23/07/2026_12:37:49,960	1	2	3,262358405e-06	2,640490038e-06	7,548994416e-12	8,873336961e-12	1,116188305e-11	2,269089604e-11	1,353230583e-10	1,720531079e-10	1,783130067e-12	1,504899043e-14	4,906256391e-12	7,163518368e-13	7,887717172e-14	1,607347e-14	4,999999912e-15	4,999999912e-15	8,079007081e-12	1,297286118e-13	5,88222098e-14	7,313387499e-14	1,121572317e-13	4,437299139e-11	7,283035286e-11	1	1	1	1	1	1	1	0	0	0	0	0	0	0	0	0	0	3,576666419e-08	14,95930998	54,52163844	0	30,56893745	0,5092735827	0	0,01581654571
83,7	1784803070,768	23/07/2026_12:37:50,768	1	2	3,221125553e-06	2,631399639e-06	8,330544587e-12	8,931029527e-12	1,142939302e-11	2,328184694e-11	1,385496995e-10	1,770766866e-10	2,001262654e-12	1,566716592e-13	4,441262462e-12	6,345448797e-13	4,999999912e-15	4,999999912e-15	3,26475297e-14	9,411630411e-14	7,865524204e-12	1,499659636e-13	4,999999912e-15	4,999999912e-15	4,999999912e-15	4,130136858e-11	7,247384637e-11	1	1	1	1	1	1	1	0	0	0	0	0	0	0	0	0	0	2,988952931e-08	13,86206331	55,82731663	0	30,31946217	0,5596663307	0,06280565302	0
84,508	1784803071,576	23/07/2026_12:37:51,576	1	2	3,216695632e-06	2,665915645e-06	8,308216094e-12	8,962655271e-12	1,163608186e-11	2,372872905e-11	1,407275962e-10	1,788587473e-10	1,881235619e-12	1,097047597e-14	4,14603421e-12	6,963783933e-13	6,744102753e-14	5,908996708e-14	9,138829897e-15	4,999999912e-15	7,650530383e-12	8,814794055e-14	2,025288134e-14	4,806905199e-14	8,693718488e-14	3,975563281e-11	7,300266641e-11	1	1	1	1	1	1	1	0	0	0	0	0	0	0	0	0	0	3,640635829e-08	13,31170975	56,41312898	0	30,45527606	0,5570151539	0	0,01033222785
85,316	1784803072,384	23/07/2026_12:37:52,384	1	2	3,22326423e-06	2,673076096e-06	8,639370469e-12	9,06091261e-12	1,171992017e-11	2,364982862e-11	1,415491613e-10	1,793740295e-10	2,025826772e-12	1,461552098e-13	4,135944191e-12	6,787293709e-13	4,999999912e-15	4,999999912e-15	4,999999912e-15	3,697052836e-14	7,826492926e-12	1,886866314e-13	3,833650113e-14	4,999999912e-15	4,999999912e-15	3,862149489e-11	7,279522124e-11	1	1	1	1	1	1	1	0	0	0	0	0	0	0	0	0	0	3,46811791e-08	12,95090901	56,72226048	0	30,39868558	0,5799140561	0,05786770933	0
86,124	1784803073,192	23/07/2026_12:37:53,192	1	2	3,249770316e-06	2,691582949e-06	8,583943452e-12	8,921183237e-12	1,175950483e-11	2,391695522e-11	1,415758066e-10	1,802089589e-10	1,958525573e-12	4,999999912e-15	3,919658868e-12	6,702113907e-13	3,515828104e-14	6,877984781e-14	6,766223188e-14	4,999999912e-15	7,68547552e-12	7,464731958e-14	4,999999912e-15	3,478573901e-14	9,91416896e-14	3,819522476e-11	7,250746531e-11	1	1	1	1	1	1	1	0	0	0	0	0	0	0	0	0	0	3,577500165e-08	12,81613432	56,95952135	0	30,32416799	0,5768016964	0	0,03048250272
86,932	1784803074,000	23/07/2026_12:37:54,000	1	2	3,227759635e-06	2,70606688e-06	8,809193826e-12	9,104553916e-12	1,18470702e-11	2,403224494e-11	1,420405182e-10	1,808485861e-10	2,0044604e-12	1,399074406e-13	4,010080896e-12	7,346023204e-13	4,999999912e-15	4,999999912e-15	4,999999912e-15	2,476214085e-14	7,799801603e-12	1,966263524e-13	7,837657525e-14	4,999999912e-15	4,999999912e-15	3,757402028e-11	7,29410074e-11	1	1	1	1	1	1	1	0	0	0	0	0	0	0	0	0	0	3,039668151e-08	12,58449513	57,02808932	0	30,44261035	0,590621767	0,05206841444	0
87,74	1784803074,808	23/07/2026_12:37:54,808	1	2	3,23648328e-06	2,7050271e-06	8,779487554e-12	8,991151573e-12	1,186987661e-11	2,413367423e-11	1,433118485e-10	1,818127038e-10	2,037480427e-12	3,11612647e-14	3,827603165e-12	6,341451344e-13	2,380363329e-14	6,065385417e-14	9,132615047e-14	5,550041085e-14	7,675968368e-12	3,907769561e-14	4,999999912e-15	1,995407522e-14	9,573451651e-14	3,726920855e-11	7,275868102e-11	1	1	1	1	1	1	1	0	0	0	0	0	0	0	0	0	0	3,808877378e-08	12,45913	57,34283191	0	30,3052519	0,5877534349	0,01222409398	0,01045995994
88,548	1784803075,616	23/07/2026_12:37:55,616	1	2	3,226830358e-06	2,709179626e-06	8,920418224e-12	9,15418609e-12	1,19921191e-11	2,421957947e-11	1,437847758e-10	1,82049556e-10	1,981029273e-12	1,009694512e-13	3,887942485e-12	7,568226644e-13	1,711735341e-14	4,999999912e-15	4,999999912e-15	4,999999912e-15	7,747048662e-12	1,965875515e-13	9,249420891e-14	4,822427586e-14	4,999999912e-15	3,693352221e-11	7,264926855e-11	1	1	1	1	1	1	1	0	0	0	0	0	0	0	0	0	0	3,313524134e-08	12,35218623	57,48638474	0	30,2633557	0,5973000779	0,03302329059	0
89,356	1784803076,424	23/07/2026_12:37:56,424	1	2	3,230300763e-06	2,709179626e-06	8,976385607e-12	9,001578996e-12	1,18797602e-11	2,421247404e-11	1,439155323e-10	1,823414891e-10	2,088017476e-12	9,237779947e-14	3,757437937e-12	6,252003039e-13	4,999999912e-15	4,078128216e-14	8,278494806e-14	8,623091526e-14	7,739637056e-12	9,628944506e-14	4,999999912e-15	4,999999912e-15	5,850787926e-14	3,647360539e-11	7,304186422e-11	1	1	1	1	1	1	1	0	0	0	0	0	0	0	0	0	0	3,982792983e-08	12,1855452	57,50187909	0	30,39743632	0,6005419946	0,03981075022	0
90,164	1784803077,232	23/07/2026_12:37:57,232	1	2	3,260897302e-06	2,701919357e-06	9,012766228e-12	9,078814089e-12	1,203091446e-11	2,43042704e-11	1,442612974e-10	1,816867212e-10	1,947318392e-12	7,247417185e-14	3,814929275e-12	7,529769993e-13	7,365387868e-14	5,29315251e-15	4,999999912e-15	4,999999912e-15	7,671955952e-12	1,679680971e-13	1,013458794e-13	7,34365639e-14	3,332664006e-14	3,630193368e-11	7,253972423e-11	1	1	1	1	1	1	1	0	0	0	0	0	0	0	0	0	0	4,006673596e-08	12,17927684	57,68312983	0	30,29039525	0,6053985805	0,01888184133	0
90,972	1784803078,040	23/07/2026_12:37:58,040	1	2	3,239004627e-06	2,707101203e-06	9,084744242e-12	9,091558235e-12	1,188593408e-11	2,427610023e-11	1,445920744e-10	1,829444651e-10	2,097373707e-12	1,475250586e-13	3,753599861e-12	6,119868609e-13	4,999999912e-15	8,723605876e-15	7,65565725e-14	1,205470999e-13	7,80645687e-12	1,423716288e-13	4,999999912e-15	4,999999912e-15	2,741259673e-14	3,591007353e-11	7,256927004e-11	1	1	1	1	1	1	1	0	0	0	0	0	0	0	0	0	0	3,647134634e-08	12,00897169	57,79170842	0	30,22583831	0,6082982342	0,06101117021	0
91,78	1784803078,848	23/07/2026_12:37:58,848	1	2	3,249821702e-06	2,716456038e-06	9,013029906e-12	9,101911065e-12	1,204038345e-11	2,442354652e-11	1,445466385e-10	1,830112589e-10	1,929918031e-12	2,61242342e-14	3,718442221e-12	7,474821001e-13	8,824495632e-14	6,01493749e-14	4,999999912e-15	4,999999912e-15	7,681857754e-12	1,372026678e-13	6,089445219e-14	8,746883019e-14	9,131839843e-14	3,55800181e-11	7,301013266e-11	1	1	1	1	1	1	1	0	0	0	0	0	0	0	0	0	0	3,702088178e-08	11,90223067	57,80777596	0	30,41930433	0,603681802	0	0
92,588	1784803079,656	23/07/2026_12:37:59,656	1	2	3,240136493e-06	2,735260523e-06	9,170907957e-12	9,10045303e-12	1,194249821e-11	2,431852116e-11	1,448948184e-10	1,830282037e-10	2,084272642e-12	1,753101787e-13	3,75448457e-12	6,594854871e-13	4,999999912e-15	4,999999912e-15	2,405975233e-14	8,323121245e-14	7,808319963e-12	1,819848254e-13	4,999999912e-15	4,999999912e-15	4,999999912e-15	3,569845461e-11	7,296838828e-11	1	1	1	1	1	1	1	0	0	0	0	0	0	0	0	0	0	3,876996605e-08	11,92493046	57,78215718	0	30,34852029	0,6133479821	0,07009215074	0
93,396	1784803080,464	23/07/2026_12:38:00,464	1	2	3,239689022e-06	2,731071163e-06	9,088387161e-12	9,054299845e-12	1,204508281e-11	2,441287797e-11	1,448956788e-10	1,834006419e-10	1,947314488e-12	7,307182982e-15	3,661392804e-12	6,99420773e-13	5,921414888e-14	7,594731186e-14	4,84105418e-14	4,999999912e-15	7,617187263e-12	9,094197699e-14	3,872455741e-14	6,582670471e-14	1,147844027e-13	3,547979965e-11	7,254669088e-11	1	1	1	1	1	1	1	0	0	0	0	0	0	0	0	0	0	3,768697988e-08	11,87595641	57,99366979	0	30,24834618	0,6091757668	0	0,01019099263
94,204	1784803081,272	23/07/2026_12:38:01,272	1	2	3,25267456e-06	2,70606688e-06	9,269196521e-12	9,178329104e-12	1,202042112e-11	2,432296031e-11	1,447835324e-10	1,84039714e-10	2,046537636e-12	1,558606082e-13	3,75658055e-12	7,006354047e-13	4,999999912e-15	4,999999912e-15	4,999999912e-15	4,043590278e-14	7,814699408e-12	2,23258952e-13	3,720724019e-14	4,999999912e-15	4,999999912e-15	3,566115805e-11	7,233074556e-11	1	1	1	1	1	1	1	0	0	0	0	0	0	0	0	0	0	2,853732658e-08	11,91015538	57,96241906	0	30,10775816	0,6197911799	0,05835323777	0
95,012	1784803082,080	23/07/2026_12:38:02,080	1	2	3,25038377e-06	2,687460437e-06	9,106580073e-12	9,016146336e-12	1,202856564e-11	2,452993537e-11	1,454204951e-10	1,844531056e-10	2,013005431e-12	1,038061916e-14	3,623471965e-12	6,472963983e-13	5,052159185e-14	7,532640961e-14	6,930371397e-14	1,382659568e-14	7,455615986e-12	6,492639e-14	4,999999912e-15	3,239141065e-14	9,978974434e-14	3,25535883e-11	6,378200745e-11	1	1	1	1	1	1	1	0	0	0	0	0	0	0	0	0	0	8,368759657e-09	11,31314189	60,70431288	0	27,640287	0,6332553599	0	0,05989596732
95,82	1784803082,888	23/07/2026_12:38:02,888	1	2	3,273653419e-06	2,757368748e-06	9,78719536e-12	8,858814723e-12	1,262089131e-11	2,523279155e-11	1,471003042e-10	1,844715908e-10	2,029137275e-12	1,175202242e-13	3,582527721e-12	7,244778237e-13	4,999999912e-15	4,999999912e-15	4,999999912e-15	1,938750335e-14	7,411551407e-12	2,060911527e-13	9,327421105e-14	4,999999912e-15	4,999999912e-15	3,854830691e-11	6,657302487e-11	1	1	1	1	1	1	1	0	0	0	0	0	0	0	0	0	0	3,323248054e-08	12,95635079	59,05131188	0	27,88097971	0,6593571933	0,0401160647	0
96,628	1784803083,696	23/07/2026_12:38:03,696	1	2	3,063062195e-06	2,612302751e-06	7,992004628e-12	7,628081326e-12	8,920710524e-12	1,730457097e-11	9,757945146e-11	1,189165155e-10	1,237656895e-12	6,926879589e-14	9,417241292e-12	5,471109134e-13	1,133912842e-14	7,088311871e-14	1,048151298e-13	6,209743548e-14	6,751002101e-12	2,9469313e-14	4,999999912e-15	2,596124643e-14	8,674703615e-14	1,48892107e-10	6,52488133e-11	1	1	1	1	1	1	1	0	0	0	0	0	0	0	0	0	0	5,215395932e-08	43,50677993	33,10714612	0	23,71615019	0,4693903153	0,01467959401	0
97,436	1784803084,504	23/07/2026_12:38:04,504	1	2	2,646681651e-06	1,926150389e-06	4,578457839e-12	5,601447257e-12	2,19151303e-12	4,018145192e-12	2,219031903e-11	3,459543069e-11	2,596551175e-13	1,642543659e-13	1,842616164e-11	7,461587771e-13	7,118193161e-14	4,999999912e-15	4,999999912e-15	4,999999912e-15	7,240397084e-12	1,487940224e-13	1,336441401e-13	7,034371458e-14	2,116870013e-14	1,86953189e-10	6,903945471e-11	1	1	1	1	1	1	1	0	0	0	0	0	0	0	0	0	0	3,516116373e-08	62,81720885	8,659949734	0	28,90431052	0,3081921666	0,05870371336	0
98,244	1784803085,312	23/07/2026_12:38:05,312	1	2	2,671924449e-06	1,745459599e-06	2,857634268e-12	5,30561272e-12	9,910015517e-13	1,931722143e-12	1,136092349e-11	2,231840233e-11	2,634037736e-13	1,651158458e-13	1,987320031e-11	5,860838074e-13	4,999999912e-15	5,996698499e-14	9,293660405e-14	1,144196229e-13	7,331194679e-12	6,98082068e-14	4,999999912e-15	4,999999912e-15	7,039805343e-14	1,929400251e-10	6,921916512e-11	1	1	1	1	1	1	1	0	0	0	0	0	0	0	0	0	0	3,281286438e-08	66,26320969	4,517556542	0	29,62674969	0,1965318969	0,0755115866	0,009154087114
99,052	1784803086,120	23/07/2026_12:38:06,120	1	2	2,673296194e-06	1,694051093e-06	2,240288684e-12	5,318290513e-12	7,765244611e-13	1,38636921e-12	7,741247747e-12	1,81210099e-11	6,181027776e-14	1,233411295e-13	2,032758163e-11	7,102127046e-13	9,291720361e-14	3,99857522e-14	4,999999912e-15	4,999999912e-15	7,229566338e-12	1,192742601e-13	9,810168221e-14	9,838108789e-14	8,419359773e-14	1,978152225e-10	6,944729514e-11	1	1	1	1	1	1	1	0	0	0	0	0	0	0	0	0	0	2,859667857e-08	67,79910594	3,048432334	0	29,6709371	0,1537638734	0,0440356977	0,02134529278
99,86	1784803086,928	23/07/2026_12:38:06,928	1	2	2,664533895e-06	1,655536039e-06	2,067019732e-12	5,203045026e-12	4,928600388e-13	9,698950627e-13	5,85540557e-12	1,606768191e-11	1,88217077e-13	2,178959595e-13	2,05938773e-11	6,061115694e-13	4,999999912e-15	1,486271772e-14	5,484846653e-14	1,010121349e-13	7,378604672e-12	1,040234861e-13	4,999999912e-15	4,999999912e-15	3,972962977e-14	1,970330149e-10	6,94414734e-11	1	1	1	1	1	1	1	0	0	0	0	0	0	0	0	0	0	3,007938586e-08	68,16222186	2,333298522	0	29,94413695	0,1431739478	0,09701516988	0,005721117622
100,668	1784803087,736	23/07/2026_12:38:07,736	1	2	2,654694754e-06	1,625357072e-06	1,75869009e-12	5,169912241e-12	5,267997952e-13	8,864852212e-13	4,835435004e-12	1,475129394e-11	2,092422101e-14	8,63357034e-14	2,06677904e-11	6,866806928e-13	8,24550931e-14	8,031299421e-14	4,999999912e-15	4,999999912e-15	7,210162589e-12	8,037508511e-14	6,994402345e-14	8,906764215e-14	9,155123084e-14	1,994297921e-10	6,934968572e-11	1	1	1	1	1	1	1	0	0	0	0	0	0	0	0	0	0	3,032522089e-08	68,83349519	1,89383259	0	29,8367456	0,1215485241	0,02968500278	0,0314577375
101,476	1784803088,544	23/07/2026_12:38:08,544	1	2	2,673385097e-06	1,629098165e-06	1,790479765e-12	5,184642646e-12	3,678658127e-13	6,383594825e-13	4,009828927e-12	1,390304191e-11	1,310557836e-13	2,371359944e-13	2,082820028e-11	6,237994604e-13	4,999999912e-15	4,999999912e-15	1,761794988e-14	6,946282742e-14	7,359690114e-12	1,564814901e-13	1,463764412e-14	4,999999912e-15	4,999999912e-15	1,992168652e-10	6,936708846e-11	1	1	1	1	1	1	1	0	0	0	0	0	0	0	0	0	0	2,808128014e-08	68,95871519	1,582672585	0	29,93287328	0,1240925995	0,1015535157	0
102,284	1784803089,352	23/07/2026_12:38:09,352	1	2	2,656080824e-06	1,601240797e-06	1,484307902e-12	5,119782636e-12	3,625183107e-13	6,501797798e-13	3,614278798e-12	1,3333128e-11	1,773436609e-14	4,536427251e-14	2,074992782e-11	6,53470496e-13	5,908608428e-14	8,562942022e-14	4,232187924e-14	4,999999912e-15	7,173507014e-12	3,381559491e-14	1,689615583e-14	6,653685036e-14	1,059016901e-13	2,000948712e-10	6,96142935e-11	1	1	1	1	1	1	1	0	0	0	0	0	0	0	0	0	0	3,172992518e-08	69,21207854	1,392408104	0	30,01465817	0,1028058532	0,01495135721	0,04093000298
103,092	1784803090,160	23/07/2026_12:38:10,160	1	2	2,65213589e-06	1,617898647e-06	1,559261943e-12	5,226278178e-12	3,467126217e-13	4,978388578e-13	3,098915005e-12	1,2854693e-11	9,636705361e-14	2,120711782e-13	2,099575201e-11	6,860947899e-13	4,999999912e-15	4,999999912e-15	4,999999912e-15	2,319437604e-14	7,330853806e-12	1,727063046e-13	6,954431876e-14	4,999999912e-15	4,999999912e-15	1,992623705e-10	6,903281419e-11	1	1	1	1	1	1	1	0	0	0	0	0	0	0	0	0	0	2,433226524e-08	69,321981	1,230394399	0	29,94158507	0,1086037937	0,08983558525	0
103,9	1784803090,968	23/07/2026_12:38:10,968	1	2	2,654390073e-06	1,616039754e-06	1,362379393e-12	5,043769222e-12	2,857599411e-13	5,178511699e-13	2,948755172e-12	1,263233702e-11	7,369267956e-14	7,353746925e-14	2,085020177e-11	6,167600068e-13	3,705977853e-14	5,907056663e-14	8,840794579e-14	3,668723311e-14	7,239694521e-12	1,228599775e-14	4,999999912e-15	2,240661507e-14	1,012294564e-13	2,0056036e-10	6,906759886e-11	1	1	1	1	1	1	1	0	0	0	0	0	0	0	0	0	0	3,173601465e-08	69,54488079	1,152571892	0	29,85512844	0,09459224094	0,03259442488	0,04503372355
104,708	1784803091,776	23/07/2026_12:38:11,776	1	2	2,65435483e-06	1,604313297e-06	1,385131484e-12	5,211920305e-12	3,54799767e-13	4,429050442e-13	2,610331439e-12	1,223862418e-11	3,932216965e-14	1,657988254e-13	2,103497584e-11	7,147025484e-13	4,999999912e-15	4,999999912e-15	4,999999912e-15	4,999999912e-15	7,288866559e-12	1,642465732e-13	7,567566501e-14	2,10988521e-14	4,999999912e-15	1,997774168e-10	6,903323746e-11	1	1	1	1	1	1	1	0	0	0	0	0	0	0	0	0	0	2,451082852e-08	69,55877521	1,023387027	0	29,96611299	0,09655612657	0,06646617525	0
105,516	1784803092,584	23/07/2026_12:38:12,584	1	2	2,650690476e-06	1,6166573e-06	1,261219753e-12	5,062442653e-12	2,02916812e-13	4,247632519e-13	2,561455171e-12	1,214630046e-11	1,135387357e-13	1,150599256e-13	2,086396854e-11	5,938644216e-13	4,999999912e-15	6,377385599e-14	8,03517951e-14	7,765089841e-14	7,226266894e-12	1,900720588e-14	4,999999912e-15	4,999999912e-15	6,790282312e-14	2,003840288e-10	6,939650937e-11	1	1	1	1	1	1	1	0	0	0	0	0	0	0	0	0	0	3,17566817e-08	69,56982742	0,979674904	0	30,03315706	0,08767574507	0,05371158821	0,02423166107
106,324	1784803093,392	23/07/2026_12:38:13,392	1	2	2,656251354e-06	1,621001275e-06	1,25380381e-12	5,157505933e-12	3,138283904e-13	4,497426737e-13	2,343679287e-12	1,183531224e-11	2,920931455e-14	1,328369787e-13	2,098037716e-11	7,186219935e-13	5,770847667e-14	4,999999912e-15	4,999999912e-15	4,999999912e-15	7,252954314e-12	1,485767076e-13	1,022578018e-13	5,624936755e-14	5,863597436e-15	2,013777339e-10	6,936080876e-11	1	1	1	1	1	1	1	0	0	0	0	0	0	0	0	0	0	2,767088093e-08	69,76602792	0,8837587281	0	29,95590085	0,08697419208	0,05253026384	0
107,132	1784803094,200	23/07/2026_12:38:14,200	1	2	2,657392315e-06	1,596337825e-06	1,213759995e-12	5,055325082e-12	1,874176676e-13	3,548424846e-13	2,26071592e-12	1,189784035e-11	1,350760866e-13	1,870451358e-13	2,092027593e-11	5,870578546e-13	4,999999912e-15	2,635707001e-14	8,04682113e-14	9,993333336e-14	7,298299118e-12	5,010636952e-14	4,999999912e-15	4,999999912e-15	4,607054213e-14	1,999997806e-10	6,878910636e-11	1	1	1	1	1	1	1	0	0	0	0	0	0	0	0	0	0	2,913209665e-08	69,710913	0,8967484879	0	29,89240073	0,08470623952	0,08508095347	0,01911299062
107,94	1784803095,008	23/07/2026_12:38:15,008	1	2	2,645464065e-06	1,610472623e-06	1,095855503e-12	5,130023576e-12	2,843280082e-13	4,338709838e-13	2,150929825e-12	1,162429267e-11	4,999999912e-15	1,004494543e-13	2,092794861e-11	7,107909638e-13	7,067745233e-14	2,196810781e-14	4,999999912e-15	4,999999912e-15	7,245961643e-12	8,564106184e-14	7,670015475e-14	9,902139736e-14	5,804220765e-14	2,012023881e-10	6,956528409e-11	1	1	1	1	1	1	1	0	0	0	0	0	0	0	0	0	0	2,945630979e-08	69,75225389	0,8015185875	0	30,06345158	0,07607002677	0,03758581293	0,01578647666
108,748	1784803095,816	23/07/2026_12:38:15,816	1	2	2,655040134e-06	1,614799999e-06	1,170665995e-12	5,123713519e-12	1,751821615e-13	2,905137068e-13	2,039440014e-12	1,156058062e-11	1,102363372e-13	2,091141388e-13	2,092846903e-11	5,958396211e-13	4,999999912e-15	4,999999912e-15	5,25860788e-14	7,537298964e-14	7,340500603e-12	1,082184337e-13	4,999999912e-15	4,999999912e-15	1,610839486e-14	2,013700318e-10	6,905866157e-11	1	1	1	1	1	1	1	0	0	0	0	0	0	0	0	0	0	2,74377184e-08	69,86069228	0,7794058106	0	29,87075629	0,08132229415	0,09134624491	0
109,556	1784803096,624	23/07/2026_12:38:16,624	1	2	2,668544312e-06	1,589621661e-06	1,015430036e-12	5,096661808e-12	2,395264434e-13	4,205799391e-13	2,025318498e-12	1,144407312e-11	4,999999912e-15	9,550945646e-14	2,098438263e-11	6,792455053e-13	1,008491657e-13	5,822460434e-14	4,999999912e-15	4,999999912e-15	7,212507067e-12	6,815894556e-14	4,71415848e-14	6,701028756e-14	9,150465758e-14	2,016231349e-10	6,865463059e-11	1	1	1	1	1	1	1	0	0	0	0	0	0	0	0	0	0	2,76598777e-08	70,05893894	0,768510295	0	29,74096595	0,07064896587	0,03582810192	0,03831573159
110,364	1784803097,432	23/07/2026_12:38:17,432	1	2	2,638746992e-06	1,596949687e-06	1,128456486e-12	5,159101011e-12	2,006970978e-13	2,612034937e-13	1,845840538e-12	1,142655588e-11	9,952199384e-14	2,242911938e-13	2,104957354e-11	6,213857011e-13	4,999999912e-15	4,999999912e-15	4,999999912e-15	6,099535075e-14	7,290655059e-12	1,548128352e-13	1,840183144e-14	4,999999912e-15	4,999999912e-15	2,021217221e-10	6,733336805e-11	1	1	1	1	1	1	1	0	0	0	0	0	0	0	0	0	0	1,947687482e-08	70,40657496	0,7691576589	0	29,25512089	0,0787072947	0,09673116802	0,003702957344
111,172	1784803098,240	23/07/2026_12:38:18,240	1	2	2,647739393e-06	1,598174094e-06	9,410854257e-13	4,901614704e-12	2,111592287e-13	3,626890184e-13	1,961948399e-12	1,13385603e-11	4,999999912e-15	4,485202764e-14	2,168298006e-11	6,642275705e-13	4,4262181e-14	7,102282494e-14	4,696307769e-14	4,999999912e-15	7,555513507e-12	3,296186024e-14	3,125439089e-14	4,671472085e-14	1,00018694e-13	2,129392773e-10	7,560273935e-11	1	1	1	1	1	1	1	0	0	0	0	0	0	0	0	0	0	5,846179695e-08	69,54916563	0,5131323584	0	30,75008842	0,0615586602	0,01547342589	0,008494301105
111,98	1784803099,048	23/07/2026_12:38:19,048	1	2	2,84513817e-06	1,685629513e-06	1,615161889e-12	6,892986182e-12	4,323978675e-12	1,06723675e-11	7,67023875e-11	1,156188548e-10	1,360392376e-12	1,474552089e-13	1,014299148e-11	7,732259386e-13	4,999999912e-15	4,999999912e-15	4,999999912e-15	7,07046692e-15	8,222931017e-12	1,970959068e-13	5,121621985e-14	4,999999912e-15	4,999999912e-15	5,514387905e-11	7,356391885e-11	1	1	1	1	1	1	1	0	0	0	0	0	0	0	0	0	0	1,451530502e-08	22,42128383	40,06874987	0	37,36981038	0,1305215225	0,08935563932	0,5847716573
112,788	1784803099,856	23/07/2026_12:38:19,856	1	2	3,285269486e-06	2,574531663e-06	6,809990939e-12	8,765628848e-12	1,107499249e-11	2,252602271e-11	1,351898593e-10	1,718007958e-10	1,863307252e-12	4,999999912e-15	4,875323669e-12	6,279400285e-13	2,268990016e-14	5,92296733e-14	5,668400048e-14	1,927496486e-14	7,81239743e-12	3,8491725e-14	4,999999912e-15	4,999999912e-15	8,611449905e-14	4,442141446e-11	7,243319139e-11	1	1	1	1	1	1	1	0	0	0	0	0	0	0	0	0	0	3,827276643e-08	15,02912069	54,65597028	0	30,51095834	0,4610946192	0	0,001607124517
113,596	1784803100,664	23/07/2026_12:38:20,664	1	2	3,215556717e-06	2,658771564e-06	7,697825884e-12	8,983859663e-12	1,149440786e-11	2,319679171e-11	1,384689863e-10	1,754532353e-10	1,891744357e-12	1,049586985e-13	4,470592299e-12	7,407879648e-13	5,180609359e-15	4,999999912e-15	4,999999912e-15	4,999999912e-15	7,714389891e-12	1,789075073e-13	8,043329322e-14	8,81285435e-15	4,999999912e-15	4,13115861e-11	7,253731643e-11	1	1	1	1	1	1	1	0	0	0	0	0	0	0	0	0	0	3,446428141e-08	13,9382603	55,78766231	0	30,47120611	0,5198396566	0,03364953698	0
114,404	1784803101,472	23/07/2026_12:38:21,472	1	2	3,212552429e-06	2,681285878e-06	7,857366667e-12	8,870856306e-12	1,154811663e-11	2,349700989e-11	1,398902383e-10	1,773793334e-10	2,012446416e-12	5,39675726e-14	4,118186694e-12	6,143889108e-13	6,282703409e-15	4,303979048e-14	6,641655135e-14	6,970730145e-14	7,700449653e-12	7,20977504e-14	4,999999912e-15	4,999999912e-15	4,645472239e-14	3,945162946e-11	7,240870403e-11	1	1	1	1	1	1	1	0	0	0	0	0	0	0	0	0	0	3,904156268e-08	13,31091501	56,42804264	0	30,4284633	0,5308111965	0,02361756193	0
115,212	1784803102,280	23/07/2026_12:38:22,280	1	2	3,223135536e-06	2,663870418e-06	8,031295247e-12	9,039818373e-12	1,173042826e-11	2,37448429e-11	1,409641015e-10	1,786362308e-10	1,892784323e-12	5,413831072e-14	4,090013918e-12	7,602841425e-13	5,094070036e-14	4,999999912e-15	4,999999912e-15	4,999999912e-15	7,711130345e-12	1,550650748e-13	9,933959715e-14	5,932279949e-14	7,912555736e-15	3,849055449e-11	7,256215073e-11	1	1	1	1	1	1	1	0	0	0	0	0	0	0	0	0	0	3,442639704e-08	12,96991059	56,77269896	0	30,4511599	0,5417668336	0,01055118073	0
116,02	1784803103,088	23/07/2026_12:38:23,088	1	2	3,219207656e-06	2,665915645e-06	8,18128898e-12	8,950315315e-12	1,167689036e-11	2,383736958e-11	1,413628103e-10	1,795453369e-10	2,053612272e-12	1,119748351e-13	3,934804739e-12	6,112689565e-13	4,999999912e-15	4,999999912e-15	6,739445428e-14	1,074733428e-13	7,775345472e-12	8,906375935e-14	4,999999912e-15	4,999999912e-15	3,998187618e-14	3,786007272e-11	7,22295973e-11	1	1	1	1	1	1	1	0	0	0	0	0	0	0	0	0	0	3,545696579e-08	12,75139793	57,00885947	0	30,31118127	0,5517427931	0,04760338631	0
116,828	1784803103,896	23/07/2026_12:38:23,896	1	2	3,227633442e-06	2,683341336e-06	8,188410019e-12	9,003817657e-12	1,186706809e-11	2,406397824e-11	1,419540319e-10	1,8075616e-10	1,890964165e-12	3,3970812e-14	3,934366288e-12	7,191303217e-13	7,10693982e-14	3,158036305e-14	4,999999912e-15	4,999999912e-15	7,644659211e-12	1,177918711e-13	7,398760288e-14	6,545027649e-14	5,598160011e-14	3,702022369e-11	7,292916271e-11	1	1	1	1	1	1	1	0	0	0	0	0	0	0	0	0	0	3,39707774e-08	12,44230439	57,19765103	0	30,54237887	0,5509405337	0,0006405035065	0,00717469678
117,636	1784803104,704	23/07/2026_12:38:24,704	1	2	3,236957355e-06	2,689520898e-06	8,404023137e-12	9,033892558e-12	1,174483601e-11	2,401768194e-11	1,425555368e-10	1,816662376e-10	2,064652485e-12	1,521507529e-13	3,856296359e-12	6,257087405e-13	4,999999912e-15	4,999999912e-15	4,32765057e-14	9,31345116e-14	7,766144498e-12	1,486426948e-13	4,999999912e-15	4,999999912e-15	7,792259269e-15	3,697565518e-11	7,235654437e-11	1	1	1	1	1	1	1	0	0	0	0	0	0	0	0	0	0	3,05682315e-08	12,40313154	57,38427438	0	30,25714793	0,5644514208	0,06181002292	0
118,444	1784803105,512	23/07/2026_12:38:25,512	1	2	3,22629694e-06	2,730024562e-06	8,323512886e-12	9,011699373e-12	1,188680925e-11	2,419543559e-11	1,431187252e-10	1,819686485e-10	1,92189667e-12	4,999999912e-15	3,762405318e-12	7,043181142e-13	6,935803928e-14	7,66225462e-14	4,999999912e-15	4,999999912e-15	7,622459088e-12	8,106194752e-14	4,023799523e-14	8,658793626e-14	9,198972964e-14	3,642907156e-11	7,195096602e-11	1	1	1	1	1	1	1	0	0	0	0	0	0	0	0	0	0	3,249900323e-08	12,25214648	57,70854943	0	30,16221375	0,5605775443	0	0,02538631847
119,252	1784803106,320	23/07/2026_12:38:26,320	1	2	3,236002158e-06	2,668979278e-06	8,547749314e-12	9,071941982e-12	1,188944602e-11	2,412564593e-11	1,435049024e-10	1,818222378e-10	2,058074848e-12	1,511146351e-13	3,854235941e-12	6,816398574e-13	4,999999912e-15	4,999999912e-15	1,116450411e-14	7,552045469e-14	7,757641751e-12	2,141666971e-13	3,280275357e-14	4,999999912e-15	4,999999912e-15	3,603588955e-11	7,245744282e-11	1	1	1	1	1	1	1	0	0	0	0	0	0	0	0	0	0	3,443288376e-08	12,1078265	57,65452256	0	30,3196697	0,5749082086	0,0602105967	0
120,06	1784803107,128	23/07/2026_12:38:27,128	1	2	3,236421207e-06	2,707101203e-06	8,423566532e-12	8,999308243e-12	1,19127876e-11	2,425042459e-11	1,4327943e-10	1,816239242e-10	1,963803252e-12	4,999999912e-15	3,685658983e-12	6,769946474e-13	4,901979904e-14	6,960252687e-14	5,168965367e-14	4,999999912e-15	7,585635245e-12	7,7518951e-14	4,999999912e-15	3,744007938e-14	1,180014203e-13	3,565671369e-11	7,259881585e-11	1	1	1	1	1	1	1	0	0	0	0	0	0	0	0	0	0	3,763444846e-08	12,00509334	57,71410013	0	30,44973298	0,5679129333	0	0,01727873602
120,868	1784803107,936	23/07/2026_12:38:27,936	1	2	3,247415407e-06	2,717500138e-06	8,607599876e-12	9,116796727e-12	1,193371183e-11	2,423740028e-11	1,439930397e-10	1,827957785e-10	2,036836194e-12	1,383357811e-13	3,808907183e-12	7,290569515e-13	4,999999912e-15	4,999999912e-15	4,999999912e-15	1,76334743e-14	7,733315724e-12	2,167240047e-13	7,217924853e-14	4,999999912e-15	4,999999912e-15	3,557724601e-11	7,264135127e-11	1	1	1	1	1	1	1	0	0	0	0	0	0	0	0	0	0	3,217551675e-08	11,93128953	57,81220881	0	30,34807581	0,5778414207	0,05222952506	0
121,676	1784803108,744	23/07/2026_12:38:28,744	1	2	3,243084393e-06	2,737360319e-06	8,553383696e-12	9,00676235e-12	1,188565912e-11	2,428657969e-11	1,442505004e-10	1,824283363e-10	2,03223007e-12	2,521229312e-14	3,622734708e-12	6,504242674e-13	1,931377421e-14	5,358727175e-14	8,69604749e-14	6,2745497e-14	7,64524468e-12	6,616043569e-14	4,999999912e-15	1,925168331e-14	9,754676044e-14	3,566422505e-11	7,260495677e-11	1	1	1	1	1	1	1	0	0	0	0	0	0	0	0	0	0	3,99445191e-08	11,96570568	57,83846964	0	30,34286931	0,5747480622	0,00851167649	0
122,484	1784803109,552	23/07/2026_12:38:29,552	1	2	3,266904969e-06	2,736311671e-06	8,672553127e-12	9,137465957e-12	1,200742197e-11	2,434054173e-11	1,443725139e-10	1,836077124e-10	1,984005625e-12	9,281630504e-14	3,742089971e-12	7,758958406e-13	2,870871807e-14	4,999999912e-15	4,999999912e-15	4,999999912e-15	7,724427868e-12	2,049812821e-13	1,00732736e-13	2,237557131e-14	4,999999912e-15	3,543579666e-11	7,271559049e-11	1	1	1	1	1	1	1	0	0	0	0	0	0	0	0	0	0	3,058225231e-08	11,85901263	57,91913387	0	30,32751231	0,5810640711	0,02885176136	0
123,292	1784803110,360	23/07/2026_12:38:30,360	1	2	3,246231472e-06	2,714375114e-06	8,641957809e-12	9,005881978e-12	1,193687076e-11	2,428473742e-11	1,446517767e-10	1,831440138e-10	2,083659417e-12	7,234223799e-14	3,613145373e-12	6,263063527e-13	4,999999912e-15	5,700608307e-14	8,174882348e-14	9,997214103e-14	7,730311183e-12	7,476373578e-14	4,999999912e-15	4,999999912e-15	5,427413754e-14	3,543657034e-11	7,247141082e-11	1	1	1	1	1	1	1	0	0	0	0	0	0	0	0	0	0	3,890844997e-08	11,87355144	57,96831043	0	30,25136019	0,5799087007	0,03082532133	0
124,1	1784803111,168	23/07/2026_12:38:31,168	1	2	3,246851065e-06	2,731071163e-06	8,668234533e-12	9,112408744e-12	1,207928549e-11	2,433324028e-11	1,445537023e-10	1,823253354e-10	1,963822768e-12	6,616042891e-14	3,690164493e-12	7,662215046e-13	6,879924148e-14	4,999999912e-15	4,999999912e-15	4,999999912e-15	7,670670522e-12	1,573391211e-13	1,006201958e-13	8,075149978e-14	2,00588515e-14	3,516625879e-11	7,225564591e-11	1	1	1	1	1	1	1	0	0	0	0	0	0	0	0	0	0	3,699602047e-08	11,83555448	58,04710984	0	30,27619357	0,5841049632	0,01749569057	0
124,908	1784803111,976	23/07/2026_12:38:31,976	1	2	3,251602948e-06	2,72271177e-06	8,771959721e-12	9,070377262e-12	1,193848666e-11	2,437189513e-11	1,44843873e-10	1,838989655e-10	2,133036369e-12	1,31048018e-13	3,634690639e-12	6,331361217e-13	4,999999912e-15	2,394333612e-14	5,520548753e-14	1,039148354e-13	7,75744486e-12	1,33345334e-13	4,999999912e-15	4,999999912e-15	2,996603345e-14	3,356712477e-11	6,668134794e-11	1	1	1	1	1	1	1	0	0	0	0	0	0	0	0	0	0	1,503408728e-08	11,51707588	59,66184897	0	28,52673776	0,6024024166	0,05830733227	0,01156307917
125,716	1784803112,784	23/07/2026_12:38:32,784	1	2	3,273300081e-06	2,74786953e-06	9,139328183e-12	8,796298759e-12	1,291492347e-11	2,602818482e-11	1,527292598e-10	1,903771724e-10	1,988802135e-12	2,987290049e-14	3,447149033e-12	7,009690679e-13	8,010344504e-14	3,623708931e-14	4,999999912e-15	4,999999912e-15	7,358534788e-12	1,230384609e-13	6,278042864e-14	7,870643698e-14	6,920671176e-14	3,486790023e-11	6,786231299e-11	1	1	1	1	1	1	1	0	0	0	0	0	0	0	0	0	0	4,905022112e-08	11,59158348	60,41326997	0	28,06446514	0,6086611271	0	0
126,524	1784803113,592	23/07/2026_12:38:33,592	1	2	3,110300895e-06	2,674100415e-06	8,046491425e-12	8,059079445e-12	9,845788247e-12	1,930255782e-11	1,109328393e-10	1,36513828e-10	1,463899856e-12	1,55515222e-13	7,71682631e-12	5,581046693e-13	4,999999912e-15	4,999999912e-15	2,62445366e-14	1,017766261e-13	6,761981166e-12	1,507653865e-13	4,999999912e-15	4,999999912e-15	1,565824767e-14	1,36466255e-10	6,3845422e-11	1	1	1	1	1	1	1	0	0	0	0	0	0	0	0	0	0	3,708192003e-08	39,46737742	37,71953937	0	23,01790848	0,4680430848	0,04528298311	0
127,332	1784803114,400	23/07/2026_12:38:34,400	1	2	2,660908194e-06	1,997577101e-06	4,430350618e-12	5,563083848e-12	2,467913027e-12	4,691251294e-12	2,571007816e-11	3,81867489e-11	2,630002065e-13	8,058075827e-14	1,777199221e-11	6,476146117e-13	8,092224807e-14	9,327809385e-14	2,640751929e-14	4,999999912e-15	7,047787701e-12	5,484459051e-14	5,382011433e-14	7,63276161e-14	1,229259207e-13	1,825913726e-10	6,806708669e-11	1	1	1	1	1	1	1	0	0	0	0	0	0	0	0	0	0	3,977107607e-08	61,72192579	10,04122884	0	28,6574463	0,3000570381	0,02247473559	0
128,14	1784803115,208	23/07/2026_12:38:35,208	1	2	2,660188557e-06	1,732793976e-06	2,823768563e-12	5,428616758e-12	1,093826093e-12	2,03626959e-12	1,201300778e-11	2,307329154e-11	2,243532644e-13	2,225836974e-13	1,982957028e-11	6,648484389e-13	4,999999912e-15	4,999999912e-15	2,128900422e-14	6,354102357e-14	7,335949556e-12	1,754576573e-13	3,90156081e-14	4,999999912e-15	4,999999912e-15	1,914989833e-10	6,903343175e-11	1	1	1	1	1	1	1	0	0	0	0	0	0	0	0	0	0	2,798249834e-08	65,97252541	4,802435265	0	29,64141261	0,1947958864	0,09357621048	0
128,948	1784803116,016	23/07/2026_12:38:36,016	1	2	2,674010375e-06	1,697299808e-06	2,048012367e-12	5,230294496e-12	7,297398905e-13	1,424166449e-12	8,106785208e-12	1,858171603e-11	9,959184356e-14	6,187236867e-14	2,023862501e-11	6,300239193e-13	6,463535626e-14	8,885033415e-14	8,7950033e-14	4,999999912e-15	7,201547952e-12	4,04514272e-14	2,21349733e-14	4,653621374e-14	1,03534538e-13	1,960807211e-10	6,931971663e-11	1	1	1	1	1	1	1	0	0	0	0	0	0	0	0	0	0	3,186976966e-08	67,55915209	3,220618694	0	29,76939991	0,1413023719	0,02326344262	0,03424762591
129,756	1784803116,824	23/07/2026_12:38:36,824	1	2	2,663587566e-06	1,641636686e-06	1,943553825e-12	5,301317545e-12	6,268340881e-13	1,028430054e-12	5,995386479e-12	1,621109323e-11	1,091614117e-13	1,973908369e-13	2,057011506e-11	7,048496986e-13	4,999999912e-15	4,999999912e-15	4,999999912e-15	2,928304707e-14	7,359854046e-12	1,725239282e-13	1,093787333e-13	4,999999912e-15	4,999999912e-15	1,974757857e-10	6,911935607e-11	1	1	1	1	1	1	1	0	0	0	0	0	0	0	0	0	0	2,543569446e-08	68,27962814	2,397729258	0	29,79475788	0,1345559505	0,08074518852	0
130,564	1784803117,632	23/07/2026_12:38:37,632	1	2	2,669068863e-06	1,622865852e-06	1,65044443e-12	5,112843742e-12	4,36373973e-13	8,538960554e-13	4,992436586e-12	1,497686003e-11	1,266086032e-13	1,033870662e-13	2,052598543e-11	6,032089433e-13	1,515764612e-14	7,845807337e-14	9,072077941e-14	5,744071261e-14	7,23103348e-12	2,226691393e-14	4,999999912e-15	1,857257973e-14	8,743002931e-14	1,988680748e-10	6,849301681e-11	1	1	1	1	1	1	1	0	0	0	0	0	0	0	0	0	0	2,975514237e-08	68,91479049	1,993981093	0	29,59091801	0,1145291212	0,04681817877	0,03550330706
131,372	1784803118,440	23/07/2026_12:38:38,440	1	2	2,656335482e-06	1,653632239e-06	1,596927018e-12	5,237989296e-12	4,826036489e-13	7,282924806e-13	4,11525241e-12	1,397591591e-11	3,484395728e-14	1,752597362e-13	2,076661586e-11	7,151605154e-13	4,440576325e-14	4,999999912e-15	4,999999912e-15	4,999999912e-15	7,289447691e-12	1,374471283e-13	1,174853129e-13	5,492996466e-14	4,999999912e-15	1,982543157e-10	6,863734581e-11	1	1	1	1	1	1	1	0	0	0	0	0	0	0	0	0	0	2,423747154e-08	69,05594992	1,649281223	0	29,80728366	0,1113701828	0,06767371393	0
132,18	1784803119,248	23/07/2026_12:38:39,248	1	2	2,659186293e-06	1,639120455e-06	1,484765869e-12	5,073983334e-12	2,921629681e-13	6,048155683e-13	3,672883178e-12	1,347103765e-11	1,428062584e-13	1,520265576e-13	2,069319716e-11	5,855056023e-13	4,999999912e-15	3,750216351e-14	8,670822849e-14	9,024734898e-14	7,302196174e-12	5,029264223e-14	4,999999912e-15	4,999999912e-15	5,616011399e-14	1,991563026e-10	6,909376543e-11	1	1	1	1	1	1	1	0	0	0	0	0	0	0	0	0	0	3,140460019e-08	69,15442787	1,448035172	0	29,90785257	0,1032341878	0,06973302079	0,01841397053
132,988	1784803120,056	23/07/2026_12:38:40,056	1	2	2,668251454e-06	1,625979962e-06	1,383699362e-12	5,181227843e-12	4,171494422e-13	6,062125086e-13	3,244138465e-12	1,287406032e-11	1,291465714e-14	1,119476826e-13	2,086240902e-11	7,281255134e-13	8,068553285e-14	4,999999912e-15	4,999999912e-15	4,999999912e-15	7,209883298e-12	1,251417454e-13	1,077566178e-13	7,193089169e-14	2,828185074e-14	2,002304017e-10	6,883404263e-11	1	1	1	1	1	1	1	0	0	0	0	0	0	0	0	0	0	2,62329458e-08	69,52285777	1,265861352	0	29,79608749	0,0961982763	0,04141735641	0
133,796	1784803120,864	23/07/2026_12:38:40,864	1	2	2,655079243e-06	1,618516876e-06	1,38456488e-12	5,110736487e-12	2,343070399e-13	4,696578955e-13	2,983125465e-12	1,271889451e-11	1,433146136e-13	1,988538186e-13	2,076832629e-11	5,73502888e-13	4,999999912e-15	2,211556947e-14	6,976939236e-14	9,795809996e-14	7,333252061e-12	8,671987688e-14	4,999999912e-15	4,999999912e-15	1,593764657e-14	1,986767001e-10	6,923981527e-11	1	1	1	1	1	1	1	0	0	0	0	0	0	0	0	0	0	2,94054414e-08	69,2504684	1,177429308	0	30,08641344	0,09662804413	0,08965779364	0
134,604	1784803121,672	23/07/2026_12:38:41,672	1	2	2,647329666e-06	1,635354465e-06	1,213294222e-12	5,123825843e-12	3,289200238e-13	5,408010736e-13	2,785761856e-12	1,235710232e-11	4,999999912e-15	7,534581683e-14	2,078603782e-11	6,904681904e-13	8,677032617e-14	3,90544056e-14	4,999999912e-15	4,999999912e-15	7,228728033e-12	8,521808747e-14	4,846099786e-14	8,177209994e-14	8,360375109e-14	1,987995185e-10	6,873700914e-11	1	1	1	1	1	1	1	0	0	0	0	0	0	0	0	0	0	2,76393879e-08	69,51629165	1,089898895	0	29,96398584	0,08494748062	0,02690632544	0,03338276714
135,412	1784803122,480	23/07/2026_12:38:42,480	1	2	2,654738864e-06	1,618516876e-06	1,297161705e-12	5,161157526e-12	2,298714875e-13	3,855924098e-13	2,55481942e-12	1,215017236e-11	1,299071256e-13	2,22638043e-13	2,093760061e-11	6,188012342e-13	4,999999912e-15	4,999999912e-15	2,978752634e-14	8,141507894e-14	7,335615622e-12	1,429149225e-13	4,999999912e-15	4,999999912e-15	4,999999912e-15	2,004957173e-10	6,849440459e-11	1	1	1	1	1	1	1	0	0	0	0	0	0	0	0	0	0	2,466535262e-08	69,75402898	1,006525232	0	29,71206768	0,09036008743	0,09818646187	0
136,22	1784803123,288	23/07/2026_12:38:43,288	1	2	2,660272457e-06	1,600627229e-06	1,082281183e-12	5,069711144e-12	2,572957309e-13	4,890143737e-13	2,504057075e-12	1,200961292e-11	4,999999912e-15	4,721531732e-14	2,080897607e-11	6,655662891e-13	5,056815833e-14	6,615267009e-14	1,884034039e-14	4,999999912e-15	7,166540798e-12	4,255859445e-14	2,287616778e-14	6,872939175e-14	1,016058778e-13	2,002473048e-10	6,869918523e-11	1	1	1	1	1	1	1	0	0	0	0	0	0	0	0	0	0	2,928512722e-08	69,78766989	0,9667308985	0	29,8474923	0,0755250928	0,01601396814	0,04375782585
137,028	1784803124,096	23/07/2026_12:38:44,096	1	2	2,655001708e-06	1,604313297e-06	1,191136165e-12	5,177261831e-12	2,608154307e-13	3,443881465e-13	2,237145148e-12	1,181023855e-11	9,683661479e-14	2,066111496e-13	2,100887346e-11	6,406490464e-13	4,999999912e-15	4,999999912e-15	4,999999912e-15	3,881381436e-14	7,333977176e-12	1,651973507e-13	4,666815776e-14	4,999999912e-15	4,999999912e-15	2,007512767e-10	6,897410421e-11	1	1	1	1	1	1	1	0	0	0	0	0	0	0	0	0	0	2,510365902e-08	69,76205665	0,8696340338	0	29,88404915	0,08287655341	0,0888490336	0
137,836	1784803124,904	23/07/2026_12:38:44,904	1	2	2,653998308e-06	1,606774163e-06	9,886810337e-13	5,022072602e-12	1,909994651e-13	3,994345002e-13	2,264779076e-12	1,177850005e-11	2,975260148e-14	5,474369195e-14	2,075522046e-11	6,173382118e-13	3,388156184e-14	7,188043563e-14	6,958311965e-14	4,999999912e-15	7,145384544e-12	1,345405449e-14	4,999999912e-15	3,062185718e-14	9,178018046e-14	2,004731103e-10	6,883796311e-11	1	1	1	1	1	1	1	0	0	0	0	0	0	0	0	0	0	3,097897943e-08	69,84940443	0,8724285671	0	29,90116563	0,06897910575	0,02182227181	0,04019852467
138,644	1784803125,712	23/07/2026_12:38:45,712	1	2	2,671345783e-06	1,607390004e-06	1,100733545e-12	5,196074907e-12	2,805909801e-13	3,297659997e-13	2,02945538e-12	1,153893821e-11	4,269441788e-14	1,750695942e-13	2,099383167e-11	6,999446595e-13	4,999999912e-15	4,999999912e-15	4,999999912e-15	4,999999912e-15	7,296708376e-12	1,706301929e-13	8,957210787e-14	4,999999912e-15	4,999999912e-15	2,00196304e-10	6,869335656e-11	1	1	1	1	1	1	1	0	0	0	0	0	0	0	0	0	0	2,334117286e-08	69,86138175	0,7908836122	0	29,88871003	0,07690665157	0,07146177771	0
139,452	1784803126,520	23/07/2026_12:38:46,520	1	2	2,644056622e-06	1,605541456e-06	9,431808633e-13	5,021883083e-12	1,945347095e-13	3,658090812e-13	2,066942104e-12	1,15942143e-11	7,470165166e-14	9,3701075e-14	2,082502226e-11	6,014083003e-13	5,751062333e-15	4,763054643e-14	9,674347505e-14	4,725800778e-14	7,222993037e-12	9,662711305e-15	4,999999912e-15	7,955245349e-15	6,65678992e-14	1,985940301e-10	6,83569451e-11	1	1	1	1	1	1	1	0	0	0	0	0	0	0	0	0	0	2,915313544e-08	69,79307375	0,8212068982	0	29,94904261	0,06636542237	0,04242567676	0,03028472221
140,26	1784803127,328	23/07/2026_12:38:47,328	1	2	2,652594731e-06	1,616039754e-06	9,919522885e-13	5,163866296e-12	2,944370008e-13	3,662126212e-13	1,895419151e-12	1,132826818e-11	4,999999912e-15	1,38374582e-13	2,097400725e-11	7,148151971e-13	4,148366898e-14	4,999999912e-15	4,999999912e-15	4,999999912e-15	7,244102887e-12	1,470982082e-13	9,283182269e-14	4,135948718e-14	4,999999912e-15	2,006997485e-10	6,776147005e-11	1	1	1	1	1	1	1	0	0	0	0	0	0	0	0	0	0	2,15705953e-08	70,21934799	0,7542375037	0	29,5637151	0,06948899335	0,05329321234	0
141,068	1784803128,136	23/07/2026_12:38:48,136	1	2	2,644916776e-06	1,604313297e-06	9,35380896e-13	4,906822778e-12	1,547274814e-13	3,17060912e-13	1,969748149e-12	1,12491275e-11	1,206402328e-13	1,606880997e-13	2,148222225e-11	5,872441205e-13	4,999999912e-15	4,74986058e-14	9,229630135e-14	9,710825487e-14	7,517538675e-12	4,706397964e-14	4,999999912e-15	4,999999912e-15	5,563235148e-14	2,131381738e-10	7,392306905e-11	1	1	1	1	1	1	1	0	0	0	0	0	0	0	0	0	0	5,288782288e-08	69,94782416	0,5424553983	0	30,21961162	0,06148476696	0,06990664424	0
141,876	1784803128,944	23/07/2026_12:38:48,944	1	2	2,788961183e-06	1,644781264e-06	1,085040261e-12	6,074131649e-12	2,093842244e-12	5,520804734e-12	4,247456206e-11	7,655902995e-11	8,321645781e-13	7,861329046e-14	1,330486242e-11	8,151209742e-13	6,731297648e-14	9,662712999e-15	4,999999912e-15	4,999999912e-15	8,26900267e-12	1,515376095e-13	8,010344504e-14	7,169029368e-14	2,515408671e-14	5,792096316e-11	7,502442417e-11	1	1	1	1	1	1	1	0	0	0	0	0	0	0	0	0	0	2,154856075e-08	27,54206838	27,92402135	0	44,43406257	0,1021102298	0,05954637212	0,7914772653
142,684	1784803129,752	23/07/2026_12:38:49,752	1	2	3,300936896e-06	2,549003739e-06	6,398949946e-12	8,867573342e-12	1,098126191e-11	2,241454765e-11	1,339452993e-10	1,705391522e-10	1,933972947e-12	1,177414286e-13	5,043936189e-12	6,125340578e-13	4,999999912e-15	4,999999912e-15	3,416872633e-14	7,545835701e-14	7,83902717e-12	1,247886207e-13	4,999999912e-15	4,999999912e-15	2,864275115e-14	4,447497579e-11	7,289609888e-11	1	1	1	1	1	1	1	0	0	0	0	0	0	0	0	0	0	3,362429994e-08	15,09069939	54,32767892	0	30,79123519	0,4343664429	0,04890042799	0
143,492	1784803130,560	23/07/2026_12:38:50,560	1	2	3,212752063e-06	2,64657092e-06	7,234673364e-12	8,808552845e-12	1,139182498e-11	2,318071256e-11	1,373366698e-10	1,750341261e-10	1,828572016e-12	1,114510367e-14	4,402468407e-12	7,137829282e-13	7,453865541e-14	2,378035004e-14	4,999999912e-15	4,999999912e-15	7,655408425e-12	1,08625904e-13	4,526338072e-14	6,475953806e-14	6,578401425e-14	4,120300282e-11	7,19837176e-11	1	1	1	1	1	1	1	0	0	0	0	0	0	0	0	0	0	3,396298247e-08	13,97135258	55,81449878	0	30,41276492	0,491075939	0	0,01307245371
144,3	1784803131,368	23/07/2026_12:38:51,368	1	2	3,217668336e-06	2,615313178e-06	7,597424426e-12	8,957266352e-12	1,150269376e-11	2,339660583e-11	1,399503985e-10	1,774996677e-10	2,030402105e-12	1,426898421e-13	4,236929384e-12	6,477582685e-13	4,999999912e-15	4,999999912e-15	2,226691731e-14	6,94550686e-14	7,72874386e-12	1,719651168e-13	4,999999912e-15	4,999999912e-15	4,999999912e-15	3,946164576e-11	7,19994897e-11	1	1	1	1	1	1	1	0	0	0	0	0	0	0	0	0	0	3,37893529e-08	13,32897146	56,51632067	0	30,28782245	0,5136731575	0,05950853811	0
145,108	1784803132,176	23/07/2026_12:38:52,176	1	2	3,21721609e-06	2,68849044e-06	7,589181887e-12	8,87698335e-12	1,166251297e-11	2,375553226e-11	1,405503353e-10	1,787871101e-10	1,914542526e-12	4,999999912e-15	4,008594671e-12	6,778096964e-13	5,02072647e-14	7,796134615e-14	1,972124111e-14	4,999999912e-15	7,595825011e-12	6,889625047e-14	1,031465054e-14	4,905861348e-14	8,407719508e-14	3,838232857e-11	7,236894417e-11	1	1	1	1	1	1	1	0	0	0	0	0	0	0	0	0	0	3,656238008e-08	12,95267495	56,82929264	0	30,43068276	0,5127917801	0	0,01649876969
145,916	1784803132,984	23/07/2026_12:38:52,984	1	2	3,234846645e-06	2,672054961e-06	7,872806573e-12	9,040884361e-12	1,173127654e-11	2,369415601e-11	1,413322098e-10	1,798934612e-10	1,985293874e-12	1,49379993e-13	4,030667727e-12	7,120055955e-13	4,999999912e-15	4,999999912e-15	4,999999912e-15	3,488664097e-14	7,740571205e-12	2,032117421e-13	6,161624623e-14	4,999999912e-15	4,999999912e-15	3,767084214e-11	7,248272121e-11	1	1	1	1	1	1	1	0	0	0	0	0	0	0	0	0	0	3,045878691e-08	12,68282501	57,02400835	0	30,40838042	0,530584255	0,05515245331	0
146,724	1784803133,792	23/07/2026_12:38:53,792	1	2	3,226861281e-06	2,684369974e-06	7,813566634e-12	8,937326573e-12	1,17160422e-11	2,389142183e-11	1,417218148e-10	1,799191213e-10	1,991867608e-12	8,863306173e-15	3,774073935e-12	6,476418794e-13	3,127768091e-14	6,620311938e-14	7,49888026e-14	1,61898896e-14	7,628755266e-12	7,070461838e-14	4,999999912e-15	1,230928354e-14	8,591659827e-14	3,695932449e-11	7,239467359e-11	1	1	1	1	1	1	1	0	0	0	0	0	0	0	0	0	0	3,687542356e-08	12,47398054	57,26623216	0	30,44643519	0,5281322156	0,001443970725	0,007762586103
147,532	1784803134,600	23/07/2026_12:38:54,600	1	2	3,242088042e-06	2,700881396e-06	8,026933285e-12	9,076232821e-12	1,185921673e-11	2,4007853e-11	1,424057955e-10	1,812280326e-10	1,978514574e-12	1,240357779e-13	3,902192805e-12	7,340978411e-13	4,999999912e-15	4,999999912e-15	4,999999912e-15	4,999999912e-15	7,704284259e-12	2,083224814e-13	8,287031543e-14	1,500630336e-14	4,999999912e-15	3,664307052e-11	7,233268151e-11	1	1	1	1	1	1	1	0	0	0	0	0	0	0	0	0	0	2,95934e-08	12,33192394	57,45380879	0	30,3361459	0,5407832532	0,04318244508	0
148,34	1784803135,408	23/07/2026_12:38:55,408	1	2	3,236567181e-06	2,714375114e-06	8,034178357e-12	8,919530912e-12	1,17891287e-11	2,411448471e-11	1,430711105e-10	1,808463101e-10	2,038520394e-12	4,582994411e-14	3,714771112e-12	6,31708119e-13	1,897616043e-14	5,799952397e-14	9,093809419e-14	7,377030166e-14	7,685204036e-12	7,063476865e-14	4,999999912e-15	4,999999912e-15	5,998638543e-14	3,639555324e-11	7,247925177e-11	1	1	1	1	1	1	1	0	0	0	0	0	0	0	0	0	0	4,224225845e-08	12,25351033	57,53416991	0	30,38932946	0,5417113077	0,0188136778	0
149,148	1784803136,216	23/07/2026_12:38:56,216	1	2	3,24234361e-06	2,723752459e-06	8,15472169e-12	9,046019142e-12	1,192342405e-11	2,411780844e-11	1,429320967e-10	1,814228073e-10	1,978677638e-12	9,430257682e-14	3,807886298e-12	7,833737456e-13	4,807681759e-14	4,999999912e-15	4,999999912e-15	4,999999912e-15	7,661202402e-12	1,920938181e-13	1,216220186e-13	6,030848157e-14	4,999999912e-15	3,603376972e-11	7,232414667e-11	1	1	1	1	1	1	1	0	0	0	0	0	0	0	0	0	0	3,311334641e-08	12,14147587	57,65675236	0	30,36025127	0,5500962253	0,03135392932	0
149,956	1784803137,024	23/07/2026_12:38:57,024	1	2	3,22453343e-06	2,709179626e-06	8,191280987e-12	8,98582684e-12	1,183195469e-11	2,407750041e-11	1,430886243e-10	1,820847223e-10	2,084947883e-12	1,055446827e-13	3,692449558e-12	6,288053845e-13	4,999999912e-15	3,547649099e-14	9,089152093e-14	9,449271877e-14	7,727859151e-12	1,125918681e-13	4,999999912e-15	4,999999912e-15	4,736666517e-14	3,579135946e-11	7,277379394e-11	1	1	1	1	1	1	1	0	0	0	0	0	0	0	0	0	0	3,528399438e-08	12,02029332	57,61895088	0	30,46229574	0,5508816424	0,04540773877	0,00328186996
150,764	1784803137,832	23/07/2026_12:38:57,832	1	2	3,237362762e-06	2,737360319e-06	8,21719949e-12	9,073788595e-12	1,196623529e-11	2,427413132e-11	1,442526515e-10	1,816373996e-10	1,944698742e-12	4,866666423e-14	3,72296291e-12	7,367754952e-13	7,791089686e-14	3,081588533e-14	4,999999912e-15	4,999999912e-15	7,621432999e-12	1,531635875e-13	1,010393077e-13	8,955272098e-14	4,577949483e-14	3,538120491e-11	7,229598864e-11	1	1	1	1	1	1	1	0	0	0	0	0	0	0	0	0	0	3,952956229e-08	11,92770943	57,95454369	0	30,3343998	0,5546184511	0,00956144304	0
151,572	1784803138,640	23/07/2026_12:38:58,640	1	2	3,233504458e-06	2,700881396e-06	8,330850766e-12	9,046185676e-12	1,188141772e-11	2,417847866e-11	1,440857017e-10	1,817679757e-10	2,099329608e-12	1,421077476e-13	3,680535911e-12	6,217815434e-13	4,999999912e-15	7,248975725e-15	6,412311817e-14	9,917273166e-14	7,737754881e-12	1,485961148e-13	4,999999912e-15	4,999999912e-15	2,705558081e-14	3,509479513e-11	7,223244225e-11	1	1	1	1	1	1	1	0	0	0	0	0	0	0	0	0	0	3,881165858e-08	11,83213222	57,95677208	0	30,31814321	0,5623541735	0,0606521436	0
152,38	1784803139,448	23/07/2026_12:38:59,448	1	2	3,235894383e-06	2,746820201e-06	8,246955202e-12	9,021151881e-12	1,196859539e-11	2,427318589e-11	1,4394054e-10	1,824241175e-10	1,93519918e-12	2,313229022e-14	3,648532865e-12	7,235969636e-13	7,52876155e-14	7,770911329e-14	4,999999912e-15	4,999999912e-15	7,60718398e-12	9,903691501e-14	5,349414217e-14	7,6964036e-14	9,605661264e-14	3,517064417e-11	7,205852581e-11	1	1	1	1	1	1	1	0	0	0	0	0	0	0	0	0	0	3,548736239e-08	11,85219893	58,04468327	0	30,25280673	0,5564916173	0	0,00840730787
153,188	1784803140,256	23/07/2026_12:39:00,256	1	2	3,247675522e-06	2,735260523e-06	8,404893101e-12	9,110573407e-12	1,194994884e-11	2,420944521e-11	1,441589625e-10	1,824403406e-10	2,064310745e-12	1,542928518e-13	3,707157411e-12	6,686437428e-13	4,999999912e-15	4,999999912e-15	2,266273581e-14	6,9229995e-14	7,787100825e-12	1,955514201e-13	1,80991476e-14	4,999999912e-15	4,999999912e-15	3,529371587e-11	7,232641569e-11	1	1	1	1	1	1	1	0	0	0	0	0	0	0	0	0	0	3,418402683e-08	11,86470399	57,9290749	0	30,28364869	0,5656989303	0,06127939577	0
153,996	1784803141,064	23/07/2026_12:39:01,064	1	2	3,240967317e-06	2,748929091e-06	8,270763414e-12	9,000332597e-12	1,196838895e-11	2,429365563e-11	1,444316472e-10	1,827585167e-10	1,956430027e-12	1,019823518e-14	3,597537632e-12	6,784072544e-13	4,856965524e-14	8,731360632e-14	3,913202092e-14	4,999999912e-15	7,603750095e-12	6,210519431e-14	4,999999912e-15	5,133264283e-14	9,97004874e-14	3,478396043e-11	7,207353464e-11	1	1	1	1	1	1	1	0	0	0	0	0	0	0	0	0	0	3,801416514e-08	11,72110797	58,188744	0	30,25126155	0,5580772479	0	0,00172673009
154,804	1784803141,872	23/07/2026_12:39:01,872	1	2	3,242458433e-06	2,717500138e-06	8,427434965e-12	9,175740029e-12	1,202275345e-11	2,431000713e-11	1,448644538e-10	1,823975276e-10	2,036746856e-12	1,258130834e-13	3,708480138e-12	7,127467019e-13	4,999999912e-15	4,999999912e-15	4,999999912e-15	2,569349085e-14	7,791109771e-12	2,248150667e-13	6,390967941e-14	4,999999912e-15	4,999999912e-15	3,447129387e-11	7,051639828e-11	1	1	1	1	1	1	1	0	0	0	0	0	0	0	0	0	0	3,038515024e-08	11,68689868	58,56953544	0	29,76002131	0,5719097262	0,04749886768	0
155,612	1784803142,680	23/07/2026_12:39:02,680	1	2	3,25870883e-06	2,732117764e-06	8,595311095e-12	8,836761184e-12	1,285123136e-11	2,636964085e-11	1,555439666e-10	1,95634689e-10	2,146102306e-12	3,193350125e-14	3,264291181e-12	6,054869063e-13	3,239917286e-14	5,850787926e-14	8,405778786e-14	3,932217304e-14	7,318404563e-12	4,829413237e-14	4,999999912e-15	1,085405976e-14	7,59861263e-14	3,36422383e-11	6,880817444e-11	1	1	1	1	1	1	1	0	0	0	0	0	0	0	0	0	0	4,51608182e-08	11,02322597	60,98026519	0	28,08812845	0,5642924252	0,006306821974	0
156,42	1784803143,488	23/07/2026_12:39:03,488	1	2	3,140402896e-06	2,717500138e-06	7,924587202e-12	8,431052731e-12	1,072537371e-11	2,117431751e-11	1,21659266e-10	1,515540748e-10	1,574628882e-12	1,172602326e-13	6,111458995e-12	6,566952928e-13	4,999999912e-15	4,999999912e-15	4,999999912e-15	4,999999912e-15	6,656963609e-12	1,670250987e-13	9,596347968e-14	1,847556565e-14	4,999999912e-15	1,210850864e-10	6,230209404e-11	1	1	1	1	1	1	1	0	0	0	0	0	0	0	0	0	0	1,928571729e-08	35,2717775	42,17332564	0	22,68421564	0,4645445831	0,02794219658	0
157,228	1784803144,296	23/07/2026_12:39:04,296	1	2	2,690857627e-06	2,065309218e-06	4,633604698e-12	5,63576269e-12	2,866967297e-12	5,521300864e-12	3,037433846e-11	4,291651409e-11	4,276038616e-13	1,254754764e-13	1,71202566e-11	5,845665206e-13	1,924004677e-14	6,158520417e-14	1,065691724e-13	7,670403754e-14	7,115546e-12	2,048183942e-14	4,999999912e-15	1,15098801e-14	7,959121372e-14	1,805732924e-10	6,819726034e-11	1	1	1	1	1	1	1	0	0	0	0	0	0	0	0	0	0	4,640104266e-08	60,38646998	11,63844834	0	28,38886873	0,3105374935	0,04949899224	0
158,036	1784803145,104	23/07/2026_12:39:05,104	1	2	2,655775006e-06	1,738784022e-06	2,723516941e-12	5,414653968e-12	1,273505823e-12	2,303899259e-12	1,290378655e-11	2,396226793e-11	1,299071256e-13	1,406796636e-13	1,954244405e-11	7,404348402e-13	6,85935751e-14	4,999999912e-15	4,999999912e-15	4,999999912e-15	7,250257252e-12	1,48565066e-13	1,089208137e-13	6,4371475e-14	4,335412441e-14	1,905132024e-10	6,893906279e-11	1	1	1	1	1	1	1	0	0	0	0	0	0	0	0	0	0	2,998672577e-08	65,70512302	5,146776435	0	29,63064805	0,1881038633	0,05081385414	0
158,844	1784803145,912	23/07/2026_12:39:05,912	1	2	2,669081368e-06	1,69339819e-06	2,12029656e-12	5,232199656e-12	7,126923834e-13	1,436735605e-12	8,425610903e-12	1,892944482e-11	2,364646293e-13	1,777588493e-13	2,003473602e-11	5,918349036e-13	4,999999912e-15	3,197230553e-14	9,011928438e-14	1,170351522e-13	7,311971341e-12	6,155803135e-14	4,999999912e-15	4,999999912e-15	5,851563808e-14	1,953118361e-10	6,916855977e-11	1	1	1	1	1	1	1	0	0	0	0	0	0	0	0	0	0	3,178368064e-08	67,36818784	3,352571717	0	29,73861859	0,1464591056	0,08220341909	0,0085722387
159,652	1784803146,720	23/07/2026_12:39:06,720	1	2	2,663810164e-06	1,63849063e-06	1,769761204e-12	5,242359932e-12	6,499895565e-13	1,167289681e-12	6,310207998e-12	1,646056555e-11	1,863078783e-14	1,068602197e-13	2,045181385e-11	6,964016495e-13	9,689482967e-14	3,614007693e-14	4,999999912e-15	4,999999912e-15	7,262075056e-12	1,164530711e-13	9,136884771e-14	8,869897275e-14	6,420460951e-14	1,963984114e-10	6,896819227e-11	1	1	1	1	1	1	1	0	0	0	0	0	0	0	0	0	0	2,811933082e-08	68,17536069	2,517340361	0	29,84233844	0,1230083064	0,03567489476	0,01499659857
160,46	1784803147,528	23/07/2026_12:39:07,528	1	2	2,664651674e-06	1,635979402e-06	1,716542707e-12	5,195333747e-12	4,330560704e-13	8,176395216e-13	5,033605911e-12	1,510891239e-11	1,811582839e-13	2,119547485e-13	2,053548824e-11	6,063172967e-13	4,999999912e-15	4,999999912e-15	5,843802953e-14	1,04322299e-13	7,350311332e-12	1,133252902e-13	4,999999912e-15	4,999999912e-15	1,16845078e-14	1,961083657e-10	6,870271019e-11	1	1	1	1	1	1	1	0	0	0	0	0	0	0	0	0	0	2,684190744e-08	68,49765737	2,038330193	0	29,9164731	0,1200441318	0,0959523884	0
161,268	1784803148,336	23/07/2026_12:39:08,336	1	2	2,684993433e-06	1,645413477e-06	1,459588418e-12	5,135033024e-12	4,434600202e-13	7,917829803e-13	4,344553797e-12	1,415709737e-11	4,999999912e-15	6,673087511e-14	2,063170121e-11	6,607737903e-13	6,812790349e-14	6,592372048e-14	4,999999912e-15	4,999999912e-15	7,16871831e-12	6,899715581e-14	2,873200809e-14	7,607539002e-14	1,045435101e-13	1,97450653e-10	6,86484064e-11	1	1	1	1	1	1	1	0	0	0	0	0	0	0	0	0	0	2,872281793e-08	68,95608578	1,727512651	0	29,88480964	0,1020611072	0,02124356466	0,04290266209
162,076	1784803149,144	23/07/2026_12:39:09,144	1	2	2,654294576e-06	1,630972065e-06	1,520820579e-12	5,194262555e-12	3,318498904e-13	5,777559963e-13	3,676760285e-12	1,346549261e-11	1,147533674e-13	2,326616547e-13	2,065825636e-11	6,380141099e-13	4,999999912e-15	4,999999912e-15	1,388868912e-14	5,750667954e-14	7,337831731e-12	1,542734446e-13	9,356142976e-15	4,999999912e-15	4,999999912e-15	1,993720466e-10	6,864438878e-11	1	1	1	1	1	1	1	0	0	0	0	0	0	0	0	0	0	2,515983224e-08	69,266644	1,461850293	0	29,73640172	0,1058008532	0,09895779153	0
162,884	1784803149,952	23/07/2026_12:39:09,952	1	2	2,670457661e-06	1,624108336e-06	1,252189541e-12	5,09703087e-12	3,261221046e-13	6,226934658e-13	3,404046793e-12	1,305256424e-11	1,055137253e-14	5,506965733e-14	2,066877745e-11	6,419412528e-13	4,463860244e-14	8,94983889e-14	4,656337978e-14	4,999999912e-15	7,15986645e-12	3,960933415e-14	1,756750229e-14	5,180995606e-14	1,028476688e-13	1,982686793e-10	6,884352116e-11	1	1	1	1	1	1	1	0	0	0	0	0	0	0	0	0	0	2,982080903e-08	69,28059411	1,333848766	0	29,98664899	0,08760992542	0,01850648025	0,04240487119
163,692	1784803150,760	23/07/2026_12:39:10,760	1	2	2,655581284e-06	1,628472319e-06	1,34585973e-12	5,206191814e-12	3,343101891e-13	4,561612047e-13	2,971739825e-12	1,268549848e-11	6,704520565e-14	1,933045602e-13	2,082411847e-11	6,748410424e-13	4,999999912e-15	4,999999912e-15	4,999999912e-15	9,612262023e-15	7,325359937e-12	1,666370492e-13	5,462727574e-14	4,999999912e-15	4,999999912e-15	1,981547565e-10	6,902903943e-11	1	1	1	1	1	1	1	0	0	0	0	0	0	0	0	0	0	2,497295893e-08	69,26329762	1,179150161	0	30,08179261	0,09418678157	0,0799994231	0
164,5	1784803151,568	23/07/2026_12:39:11,568	1	2	2,656322295e-06	1,604313297e-06	1,148612347e-12	5,048092153e-12	2,661784367e-13	5,063412797e-13	2,866292056e-12	1,249245759e-11	5,019950249e-14	8,313807948e-14	2,072368492e-11	6,131665813e-13	2,263169205e-14	7,450761335e-14	9,046465698e-14	2,660543532e-14	7,186320983e-12	9,18927918e-15	4,999999912e-15	1,865795218e-14	8,987480356e-14	1,983787995e-10	6,833065364e-11	1	1	1	1	1	1	1	0	0	0	0	0	0	0	0	0	0	2,913596582e-08	69,54961958	1,142871979	0	29,86531186	0,08062873462	0,03450272772	0,04118079353
165,308	1784803152,376	23/07/2026_12:39:12,376	1	2	2,658960739e-06	1,632224098e-06	1,185450934e-12	5,187487159e-12	3,502051622e-13	4,451092001e-13	2,552898431e-12	1,214601683e-11	3,131260577e-14	1,416459316e-13	2,08342562e-11	7,346023746e-13	4,999999912e-15	4,999999912e-15	4,999999912e-15	4,999999912e-15	7,244471516e-12	1,693379323e-13	9,330914269e-14	3,274066944e-14	4,999999912e-15	1,982508185e-10	6,839996625e-11	1	1	1	1	1	1	1	0	0	0	0	0	0	0	0	0	0	2,31949753e-08	69,59860994	1,020660613	0	29,93972358	0,08332218434	0,05654745111	0
166,116	1784803153,184	23/07/2026_12:39:13,184	1	2	2,655744538e-06	1,611709195e-06	1,1062401e-12	5,055158549e-12	2,115899551e-13	4,219187391e-13	2,534022905e-12	1,210520746e-11	1,152578467e-13	1,382931042e-13	2,078328135e-11	5,921996834e-13	4,999999912e-15	4,376158114e-14	7,871806505e-14	8,235031851e-14	7,249827474e-12	1,240629845e-14	4,999999912e-15	4,999999912e-15	6,319565097e-14	1,979313935e-10	6,851411799e-11	1	1	1	1	1	1	1	0	0	0	0	0	0	0	0	0	0	2,919196023e-08	69,52764828	1,002154255	0	30,0021432	0,0778013819	0,06380967553	0,02576540227
166,924	1784803153,992	23/07/2026_12:39:13,992	1	2	2,644733513e-06	1,584147185e-06	1,072164384e-12	5,161018314e-12	3,231456986e-13	4,595567633e-13	2,335332231e-12	1,181425097e-11	4,999999912e-15	1,320647286e-13	2,084177969e-11	7,23810443e-13	6,581505631e-14	4,999999912e-15	4,999999912e-15	4,999999912e-15	7,237311878e-12	1,429614754e-13	1,014855788e-13	7,270701104e-14	9,437633475e-15	1,982807113e-10	6,88994764e-11	1	1	1	1	1	1	1	0	0	0	0	0	0	0	0	0	0	2,607930981e-08	69,56855726	0,9021141725	0	30,13554043	0,07531552278	0,05040947091	0
167,732	1784803154,800	23/07/2026_12:39:14,800	1	2	2,651530849e-06	1,595728008e-06	1,067740514e-12	5,057964898e-12	1,849961834e-13	3,519242731e-13	2,258713615e-12	1,180815255e-11	1,300778739e-13	1,904290256e-13	2,080106573e-11	5,837049594e-13	4,999999912e-15	1,93098948e-14	7,519059973e-14	1,10022912e-13	7,302801593e-12	6,733625972e-14	4,999999912e-15	4,999999912e-15	3,445977024e-14	1,996530719e-10	6,883094789e-11	1	1	1	1	1	1	1	0	0	0	0	0	0	0	0	0	0	2,945664169e-08	69,68929131	0,8789131148	0	29,95225846	0,07462493535	0,08611852984	0,009106602199
168,54	1784803155,608	23/07/2026_12:39:15,608	1	2	2,659527809e-06	1,6166573e-06	9,64310771e-13	5,09476402e-12	3,092027231e-13	4,35617227e-13	2,169688474e-12	1,161959678e-11	4,999999912e-15	8,024703406e-14	2,090592977e-11	7,032237206e-13	8,127151025e-14	1,548749939e-14	4,999999912e-15	4,999999912e-15	7,199308857e-12	9,195092197e-14	7,170969412e-14	8,294792397e-14	5,066129807e-14	1,978706504e-10	6,878919656e-11	1	1	1	1	1	1	1	0	0	0	0	0	0	0	0	0	0	2,811144562e-08	69,61715518	0,8375094721	0	30,16774038	0,06792356913	0,02992762736	0,01455911547
169,348	1784803156,416	23/07/2026_12:39:16,416	1	2	2,646045232e-06	1,607390004e-06	1,035744949e-12	5,121120975e-12	1,808012561e-13	2,985232775e-13	2,051532121e-12	1,155204318e-11	1,243927921e-13	1,903940872e-13	2,083162462e-11	5,889477274e-13	4,999999912e-15	4,999999912e-15	3,588395789e-14	9,896705851e-14	7,343698566e-12	1,33582056e-13	4,999999912e-15	4,999999912e-15	1,586003803e-14	1,997192967e-10	6,918188244e-11	1	1	1	1	1	1	1	0	0	0	0	0	0	0	0	0	0	2,790767454e-08	69,66891518	0,7810634986	0	30,08613848	0,07234278606	0,08581061671	0
170,156	1784803157,224	23/07/2026_12:39:17,224	1	2	2,644990445e-06	1,610472623e-06	8,538222213e-13	5,085839302e-12	2,545017148e-13	4,094774921e-13	2,069320843e-12	1,143337508e-11	4,999999912e-15	6,140281426e-14	2,084872899e-11	6,545454825e-13	7,118193838e-14	8,263748301e-14	1,194838906e-14	4,999999912e-15	7,189468638e-12	4,951264347e-14	4,817771277e-14	6,370013024e-14	9,56142175e-14	1,995571763e-10	6,847042378e-11	1	1	1	1	1	1	1	0	0	0	0	0	0	0	0	0	0	2,78081395e-08	69,90934401	0,7850966766	0	29,90225489	0,05988965307	0,02241978071	0,03963553846
170,964	1784803158,032	23/07/2026_12:39:18,032	1	2	2,640916364e-06	1,613564677e-06	9,802484345e-13	5,052772003e-12	2,060833871e-13	2,605360318e-13	1,921279542e-12	1,112757889e-11	9,31422772e-14	2,147138668e-13	2,146928468e-11	6,153785164e-13	4,999999912e-15	4,999999912e-15	1,295346565e-14	4,651293727e-14	7,414011245e-12	1,579949415e-13	2,065258432e-14	4,999999912e-15	4,999999912e-15	2,103821839e-10	7,239301519e-11	1	1	1	1	1	1	1	0	0	0	0	0	0	0	0	0	0	4,199517135e-08	70,0757811	0,5600691228	0	30,04377516	0,06538981352	0,08885282314	0
171,772	1784803158,840	23/07/2026_12:39:18,840	1	2	2,73060914e-06	1,646676651e-06	8,380592769e-13	5,577705398e-12	7,206477168e-13	2,028954695e-12	1,696388169e-11	3,91678287e-11	3,903616525e-13	4,169710435e-14	1,747121545e-11	7,435897601e-13	3,927560656e-14	5,718847975e-14	4,716099541e-14	4,999999912e-15	8,378384792e-12	5,687801846e-14	9,814055764e-15	3,139021771e-14	9,146196712e-14	6,492276855e-11	7,634868432e-11	1	1	1	1	1	1	1	0	0	0	0	0	0	0	0	0	0	8,17442802e-09	35,43440397	13,42889811	0	51,45666806	0,0901960484	0,04021971981	0,5655618441
172,58	1784803159,648	23/07/2026_12:39:19,648	1	2	3,29915656e-06	2,454092737e-06	5,859219793e-12	8,989441136e-12	1,09998408e-11	2,232063492e-11	1,336025596e-10	1,697696289e-10	1,838711908e-12	1,229104031e-13	5,269042581e-12	7,11675727e-13	4,999999912e-15	4,999999912e-15	4,999999912e-15	1,384988654e-14	7,780599949e-12	1,783564615e-13	6,078967082e-14	4,999999912e-15	4,999999912e-15	4,505773879e-11	7,198703439e-11	1	1	1	1	1	1	1	0	0	0	0	0	0	0	0	0	0	2,715159812e-08	15,35512145	54,36186894	0	30,53090384	0,399332308	0,04238429688	0
173,388	1784803160,456	23/07/2026_12:39:20,456	1	2	3,211470357e-06	2,630388508e-06	6,924670906e-12	8,743930059e-12	1,130852877e-11	2,307982798e-11	1,372843367e-10	1,750395245e-10	1,893560395e-12	6,251662192e-15	4,391583017e-12	6,2904212e-13	4,999999912e-15	6,172879319e-14	7,566790619e-14	2,67723025e-14	7,607890012e-12	4,145650633e-14	4,999999912e-15	4,999999912e-15	4,887622357e-14	4,150120525e-11	7,133356406e-11	1	1	1	1	1	1	1	0	0	0	0	0	0	0	0	0	0	3,387511056e-08	14,09517849	55,91605804	0	30,19291784	0,4708374026	0	0,01024990337
174,196	1784803161,264	23/07/2026_12:39:21,264	1	2	3,208395356e-06	2,660812925e-06	7,266517683e-12	8,947780884e-12	1,160809209e-11	2,342281057e-11	1,392087695e-10	1,760246254e-10	1,91153148e-12	1,020055758e-13	4,28664786e-12	7,260998985e-13	9,926595102e-15	4,999999912e-15	4,999999912e-15	4,999999912e-15	7,682347813e-12	1,865406701e-13	9,14503255e-14	2,5324835e-14	4,999999912e-15	3,943680799e-11	7,214673997e-11	1	1	1	1	1	1	1	0	0	0	0	0	0	0	0	0	0	3,65571833e-08	13,38461929	56,3689328	0	30,47767545	0,4936006684	0,03377301207	0
175,004	1784803162,072	23/07/2026_12:39:22,072	1	2	3,220908184e-06	2,648602731e-06	7,406854644e-12	8,835042073e-12	1,15585588e-11	2,359284296e-11	1,40265452e-10	1,783199977e-10	2,017518531e-12	7,169029368e-14	3,945340582e-12	6,158441812e-13	4,999999912e-15	4,837562032e-14	9,087600328e-14	7,591239378e-14	7,661003776e-12	5,532966934e-14	4,999999912e-15	4,999999912e-15	4,328426791e-14	3,838368165e-11	7,218418224e-11	1	1	1	1	1	1	1	0	0	0	0	0	0	0	0	0	0	3,774411765e-08	12,97525511	56,79725822	0	30,40704507	0,5014043429	0,03014685733	0
175,812	1784803162,880	23/07/2026_12:39:22,880	1	2	3,228937203e-06	2,72271177e-06	7,516913307e-12	9,003169738e-12	1,17575602e-11	2,37576174e-11	1,407242656e-10	1,797134247e-10	1,899691775e-12	5,058368953e-14	4,006471804e-12	7,414554539e-13	5,725832948e-14	4,999999912e-15	4,999999912e-15	4,999999912e-15	7,639508817e-12	1,731797485e-13	9,755453281e-14	5,716518974e-14	1,367137689e-14	3,738242702e-11	7,239951e-11	1	1	1	1	1	1	1	0	0	0	0	0	0	0	0	0	0	2,863247956e-08	12,62803839	57,0828883	0	30,48671383	0,5082938001	0,009284840934	0,002824531491
176,62	1784803163,688	23/07/2026_12:39:23,688	1	2	3,22816436e-06	2,691582949e-06	7,687097486e-12	8,95451855e-12	1,162260566e-11	2,374042629e-11	1,417615331e-10	1,795926879e-10	2,061601974e-12	1,245130708e-13	3,841821392e-12	6,080364077e-13	4,999999912e-15	2,728065441e-14	6,515535317e-14	1,143614283e-13	7,697016635e-12	9,75972165e-14	4,999999912e-15	4,999999912e-15	2,914334423e-14	3,689438685e-11	7,236707761e-11	1	1	1	1	1	1	1	0	0	0	0	0	0	0	0	0	0	3,763161461e-08	12,46305115	57,24635446	0	30,44897165	0,5199444289	0,05312989195	0
177,428	1784803164,496	23/07/2026_12:39:24,496	1	2	3,228047262e-06	2,716456038e-06	7,683193491e-12	9,016164551e-12	1,17924108e-11	2,399883764e-11	1,420623896e-10	1,809211808e-10	1,916568466e-12	3,678813845e-14	3,837297233e-12	7,314163381e-13	8,149270782e-14	3,712962826e-14	4,999999912e-15	4,999999912e-15	7,622499854e-12	1,311644342e-13	7,637029979e-14	8,267240787e-14	7,460074632e-14	3,631997481e-11	7,239801814e-11	1	1	1	1	1	1	1	0	0	0	0	0	0	0	0	0	0	3,148294261e-08	12,25408753	57,48234534	0	30,44303706	0,5189743344	0,004015794942	0,02203745581
178,236	1784803165,304	23/07/2026_12:39:25,304	1	2	3,2305079e-06	2,68539884e-06	7,889050524e-12	9,00798533e-12	1,17610097e-11	2,389773969e-11	1,420684681e-10	1,811358979e-10	2,050759736e-12	1,560158388e-13	3,803458416e-12	6,438233193e-13	4,999999912e-15	4,999999912e-15	5,257443379e-14	9,597511452e-14	7,703092504e-12	1,646773402e-13	4,999999912e-15	4,999999912e-15	4,999999912e-15	3,601250895e-11	7,180026018e-11	1	1	1	1	1	1	1	0	0	0	0	0	0	0	0	0	0	2,866489224e-08	12,17251147	57,64425	0	30,25454311	0,5338530737	0,06300342592	0
179,044	1784803166,112	23/07/2026_12:39:26,112	1	2	3,24850339e-06	2,710217814e-06	7,79760978e-12	8,986394094e-12	1,184801302e-11	2,418923221e-11	1,426370133e-10	1,806917671e-10	1,931578595e-12	1,083465423e-14	3,698526294e-12	7,240276087e-13	7,605985205e-14	7,000611435e-14	4,999999912e-15	4,999999912e-15	7,555909891e-12	1,028515448e-13	3,830933509e-14	6,643595179e-14	1,073530506e-13	3,580206617e-11	7,22159138e-11	1	1	1	1	1	1	1	0	0	0	0	0	0	0	0	0	0	3,67323161e-08	12,10664971	57,68665159	0	30,41997676	0,5280090313	0	0,007401740957
179,852	1784803166,920	23/07/2026_12:39:26,920	1	2	3,236730436e-06	2,734218242e-06	8,013843929e-12	9,058409405e-12	1,18886281e-11	2,407474914e-11	1,43431933e-10	1,81191076e-10	2,055610456e-12	1,56458234e-13	3,776969189e-12	6,892806638e-13	4,999999912e-15	4,999999912e-15	1,489376656e-14	7,856672398e-14	7,75877973e-12	2,08085773e-13	3,147170906e-14	4,999999912e-15	4,999999912e-15	3,53549412e-11	7,21528115e-11	1	1	1	1	1	1	1	0	0	0	0	0	0	0	0	0	0	3,626082976e-08	11,94211727	57,8338649	0	30,34190598	0,5418673392	0,0627912734	0
180,66	1784803167,728	23/07/2026_12:39:27,728	1	2	3,235028544e-06	2,746820201e-06	7,874119759e-12	8,973401883e-12	1,188927255e-11	2,416076714e-11	1,433052427e-10	1,811931299e-10	1,957113074e-12	4,999999912e-15	3,644663564e-12	6,610376851e-13	4,42078523e-14	7,571836902e-14	6,65601336e-14	4,999999912e-15	7,600039521e-12	5,811594017e-14	4,999999912e-15	3,570156459e-14	9,251361613e-14	3,553379119e-11	7,219340403e-11	1	1	1	1	1	1	1	0	0	0	0	0	0	0	0	0	0	3,930813994e-08	12,00247571	57,83496027	0	30,37122769	0,532629416	0	0
181,468	1784803168,536	23/07/2026_12:39:28,536	1	2	3,25617043e-06	2,703990958e-06	8,067442547e-12	9,089873819e-12	1,193884228e-11	2,412075747e-11	1,433676511e-10	1,822293566e-10	2,019381407e-12	1,36698175e-13	3,735012299e-12	7,161189502e-13	4,999999912e-15	4,999999912e-15	4,999999912e-15	2,177019686e-14	7,695556865e-12	2,081633883e-13	7,684374377e-14	4,999999912e-15	4,999999912e-15	3,512470523e-11	7,219316811e-11	1	1	1	1	1	1	1	0	0	0	0	0	0	0	0	0	0	3,019171119e-08	11,84481373	57,9318545	0	30,33614198	0,5446184749	0,05089345553	0
182,276	1784803169,344	23/07/2026_12:39:29,344	1	2	3,239247008e-06	2,74261015e-06	8,001274122e-12	8,938440266e-12	1,190836058e-11	2,425568253e-11	1,436317454e-10	1,821301859e-10	2,030965023e-12	2,666363834e-14	3,569205695e-12	6,35483853e-13	2,567020422e-14	7,136820432e-14	1,00426171e-13	5,541116069e-14	7,590907937e-12	4,17203842e-14	4,999999912e-15	1,396630106e-14	7,987448187e-14	3,488419276e-11	7,191510581e-11	1	1	1	1	1	1	1	0	0	0	0	0	0	0	0	0	0	3,758703318e-08	11,78649993	58,0994094	0	30,2756647	0,5414014914	0,009497357852	0,002935206012
183,084	1784803170,152	23/07/2026_12:39:30,152	1	2	3,239956413e-06	2,716456038e-06	8,122729052e-12	9,100905793e-12	1,20156116e-11	2,427467602e-11	1,437428093e-10	1,824292661e-10	1,984250004e-12	9,060825278e-14	3,72203093e-12	7,609593836e-13	1,790123496e-14	4,999999912e-15	4,999999912e-15	4,999999912e-15	7,67053001e-12	2,047600913e-13	1,000458668e-13	3,860814121e-14	4,999999912e-15	3,47482286e-11	7,229580129e-11	1	1	1	1	1	1	1	0	0	0	0	0	0	0	0	0	0	3,170804924e-08	11,72211842	58,05245438	0	30,38161428	0,5485102512	0,02935556244	0
183,892	1784803170,960	23/07/2026_12:39:30,960	1	2	3,23782956e-06	2,725843387e-06	8,087332019e-12	8,946606476e-12	1,188181758e-11	2,433712953e-11	1,43499379e-10	1,819659284e-10	2,090151836e-12	8,825659794e-14	3,543174001e-12	6,125727638e-13	4,999999912e-15	4,591143885e-14	1,002398915e-13	1,038411029e-13	7,686806053e-12	7,832224994e-14	4,999999912e-15	4,999999912e-15	5,544220614e-14	3,470718157e-11	7,234987609e-11	1	1	1	1	1	1	1	0	0	0	0	0	0	0	0	0	0	3,870694767e-08	11,71567737	57,98334864	0	30,4282649	0,5467222039	0,03925477118	0
184,7	1784803171,768	23/07/2026_12:39:31,768	1	2	3,253796649e-06	2,731071163e-06	8,116296697e-12	9,10738672e-12	1,205178925e-11	2,43575559e-11	1,436702146e-10	1,828725782e-10	1,95572768e-12	5,10804032e-14	3,647671141e-12	7,46733079e-13	6,030072275e-14	4,999999912e-15	4,999999912e-15	4,999999912e-15	7,648139934e-12	1,687092848e-13	9,112824292e-14	7,349477878e-14	3,177051517e-14	3,478072691e-11	7,199277979e-11	1	1	1	1	1	1	1	0	0	0	0	0	0	0	0	0	0	2,834860514e-08	11,73057004	58,13550338	0	30,26723778	0,5480731884	0,01104714572	0
185,508	1784803172,576	23/07/2026_12:39:32,576	1	2	3,247717132e-06	2,745767688e-06	8,325557257e-12	9,03216911e-12	1,24775407e-11	2,57906977e-11	1,541703432e-10	1,935933219e-10	2,26517069e-12	1,290689018e-13	3,226365572e-12	5,45535405e-13	4,999999912e-15	2,553438418e-14	6,16395227e-14	1,191966583e-13	7,354397473e-12	1,082378206e-13	4,999999912e-15	4,999999912e-15	2,013258233e-14	3,319798256e-11	6,96890462e-11	1	1	1	1	1	1	1	0	0	0	0	0	0	0	0	0	0	4,092417008e-08	10,92961285	60,62167883	0	28,5800353	0,549185235	0,05647907554	0
186,316	1784803173,384	23/07/2026_12:39:33,384	1	2	3,18030834e-06	2,645557061e-06	7,799708795e-12	8,553880694e-12	1,119845102e-11	2,235099779e-11	1,306694059e-10	1,626782459e-10	1,660390467e-12	3,120394839e-14	4,788390604e-12	6,731490365e-13	8,357659183e-14	3,666783945e-14	4,999999912e-15	4,999999912e-15	6,629333367e-12	9,608765471e-14	7,742970761e-14	9,006495907e-14	9,270376486e-14	1,046462153e-10	6,222076326e-11	1	1	1	1	1	1	1	0	0	0	0	0	0	0	0	0	0	2,190611278e-08	30,97284254	46,12087353	0	23,03234652	0,4647745853	0	0
187,124	1784803174,192	23/07/2026_12:39:34,192	1	2	2,73125147e-06	2,184178129e-06	4,948123942e-12	5,877109129e-12	3,512843445e-12	6,664933796e-12	3,681896801e-11	4,989175739e-11	5,290311917e-13	2,081827955e-13	1,640441255e-11	5,774611475e-13	4,999999912e-15	4,999999912e-15	4,17824751e-14	9,51175106e-14	7,166602815e-12	1,595355385e-13	4,999999912e-15	4,999999912e-15	1,697765057e-14	1,770696367e-10	6,743368364e-11	1	1	1	1	1	1	1	0	0	0	0	0	0	0	0	0	0	4,433056895e-08	58,61517233	13,96066582	0	27,77923389	0,3283246537	0,0817107331	0
187,932	1784803175,000	23/07/2026_12:39:35,000	1	2	2,662826319e-06	1,749479111e-06	2,699045631e-12	5,367023232e-12	1,307026319e-12	2,49430511e-12	1,392318292e-11	2,508282297e-11	1,290921986e-13	6,84616277e-14	1,932853877e-11	6,769714455e-13	7,911001091e-14	9,264556353e-14	4,402934858e-14	4,999999912e-15	7,137463363e-12	4,8189351e-14	6,035893085e-14	7,945150749e-14	1,054049832e-13	1,879299216e-10	6,897410421e-11	1	1	1	1	1	1	1	0	0	0	0	0	0	0	0	0	0	3,361203469e-08	65,16171393	5,57440757	0	29,79868187	0,1874084794	0,02099047471	0,01705777003
188,74	1784803175,808	23/07/2026_12:39:35,808	1	2	2,668317165e-06	1,707739784e-06	2,15489974e-12	5,35590192e-12	8,16898361e-13	1,454745395e-12	8,73719673e-12	1,933498674e-11	1,764122702e-13	2,177640121e-13	2,014977594e-11	6,564586114e-13	4,999999912e-15	4,999999912e-15	1,171943181e-14	6,098758515e-14	7,344929352e-12	1,72748995e-13	4,822815527e-14	4,999999912e-15	4,999999912e-15	1,924181509e-10	6,879329051e-11	1	1	1	1	1	1	1	0	0	0	0	0	0	0	0	0	0	2,572936055e-08	67,03548114	3,533571424	0	29,87444742	0,1503115444	0,09240587777	0
189,548	1784803176,616	23/07/2026_12:39:36,616	1	2	2,668769184e-06	1,69339819e-06	1,711082773e-12	5,163128605e-12	5,901157926e-13	1,157134176e-12	6,56869871e-12	1,680385518e-11	1,02867076e-13	6,257087947e-14	2,024419694e-11	6,303498305e-13	5,176726899e-14	8,526465395e-14	6,88108831e-14	4,999999912e-15	7,173421579e-12	2,407527506e-14	1,535167935e-14	5,751056912e-14	9,283958828e-14	1,958674056e-10	6,808624498e-11	1	1	1	1	1	1	1	0	0	0	0	0	0	0	0	0	0	2,836578839e-08	68,26924859	2,662897816	0	29,58624818	0,1194251608	0,02617832243	0,03761581729
190,356	1784803177,424	23/07/2026_12:39:37,424	1	2	2,669746436e-06	1,632848011e-06	1,6695098e-12	5,261257142e-12	5,493034955e-13	8,674509678e-13	5,144265222e-12	1,52188262e-11	9,328585945e-14	1,663033182e-13	2,058643186e-11	7,017957179e-13	4,999999912e-15	4,999999912e-15	4,999999912e-15	5,118525233e-15	7,280971832e-12	1,754925822e-13	8,108523754e-14	4,999999912e-15	4,999999912e-15	1,96702557e-10	6,857259899e-11	1	1	1	1	1	1	1	0	0	0	0	0	0	0	0	0	0	2,386020732e-08	68,60460346	2,083354182	0	29,81852538	0,116584624	0,06859366431	0
191,164	1784803178,232	23/07/2026_12:39:38,232	1	2	2,668402885e-06	1,663168064e-06	1,449068187e-12	5,081810407e-12	3,855807275e-13	7,879218111e-13	4,445810907e-12	1,432595188e-11	1,078536606e-13	9,037540003e-14	2,055056819e-11	6,020253198e-13	1,431555815e-14	5,68469764e-14	8,627748174e-14	5,032757048e-14	7,230594162e-12	4,999999912e-15	4,999999912e-15	1,133525494e-14	7,715030871e-14	1,961301538e-10	6,84346399e-11	1	1	1	1	1	1	1	0	0	0	0	0	0	0	0	0	0	3,022011063e-08	68,80884958	1,792373343	0	29,92787425	0,1017871197	0,04104598727	0,03053141001
191,972	1784803179,040	23/07/2026_12:39:39,040	1	2	2,659683105e-06	1,611089829e-06	1,422039786e-12	5,189206703e-12	4,545740412e-13	6,607117739e-13	3,758846099e-12	1,351262244e-11	3,432007079e-14	1,41579985e-13	2,067621595e-11	7,215907017e-13	3,851112883e-14	4,999999912e-15	4,999999912e-15	4,999999912e-15	7,250661009e-12	1,383823611e-13	1,03891559e-13	5,629982361e-14	4,999999912e-15	1,965527185e-10	6,879347786e-11	1	1	1	1	1	1	1	0	0	0	0	0	0	0	0	0	0	2,617274787e-08	68,97418958	1,500325117	0	30,09403175	0,09990945043	0,05515833747	0
192,78	1784803179,848	23/07/2026_12:39:39,848	1	2	2,664311069e-06	1,639120455e-06	1,318823523e-12	5,049201508e-12	2,800477135e-13	5,468470186e-13	3,432837131e-12	1,319926286e-11	1,287041356e-13	1,509011828e-13	2,069278776e-11	5,640458803e-13	4,999999912e-15	2,780841861e-14	7,856672398e-14	9,182287092e-14	7,276513593e-12	5,323414371e-14	4,999999912e-15	4,999999912e-15	6,441027589e-14	1,978700814e-10	6,833437982e-11	1	1	1	1	1	1	1	0	0	0	0	0	0	0	0	0	0	2,936190304e-08	69,27853144	1,382559175	0	29,82676973	0,09245225835	0,06869726763	0,02780921781
193,588	1784803180,656	23/07/2026_12:39:40,656	1	2	2,651729119e-06	1,598174094e-06	1,232154027e-12	5,16322228e-12	3,904353783e-13	5,811748652e-13	3,081634557e-12	1,268745092e-11	4,999999912e-15	1,08517233e-13	2,080120277e-11	7,130843767e-13	7,4088515e-14	4,999999912e-15	4,999999912e-15	4,999999912e-15	7,216310015e-12	1,09665891e-13	9,364675647e-14	6,660670686e-14	3,006693202e-14	1,983317538e-10	6,848963063e-11	1	1	1	1	1	1	1	0	0	0	0	0	0	0	0	0	0	2,563230112e-08	69,45688165	1,219321627	0	29,9020329	0,08639488321	0,03979400016	0,002878229706
194,396	1784803181,464	23/07/2026_12:39:41,464	1	2	2,653695901e-06	1,608005959e-06	1,250462624e-12	5,101419721e-12	2,246016551e-13	4,319811381e-13	2,855309955e-12	1,252200513e-11	1,281763866e-13	1,889000702e-13	2,074972312e-11	5,912100779e-13	4,999999912e-15	7,846589657e-15	4,674576969e-14	1,042097588e-13	7,299829144e-12	9,089152093e-14	4,999999912e-15	4,999999912e-15	2,330691623e-14	1,986212167e-10	6,839057098e-11	1	1	1	1	1	1	1	0	0	0	0	0	0	0	0	0	0	2,687576721e-08	69,50900207	1,142303598	0	29,84029384	0,08761991906	0,08464175581	0,004785655065
195,204	1784803182,272	23/07/2026_12:39:42,272	1	2	2,648042027e-06	1,61417961e-06	1,086406247e-12	5,091547409e-12	3,142901521e-13	5,396136012e-13	2,689732551e-12	1,221900792e-11	4,999999912e-15	7,73870307e-14	2,069846725e-11	6,774216604e-13	6,726640322e-14	5,745623703e-14	4,999999912e-15	4,999999912e-15	7,183502924e-12	8,390644679e-14	4,510039125e-14	8,077091377e-14	7,527598065e-14	1,962100205e-10	6,900171406e-11	1	1	1	1	1	1	1	0	0	0	0	0	0	0	0	0	0	2,956428718e-08	69,23032683	1,047992997	0	30,34547551	0,07674368769	0,02814736207	0,02674441503
196,012	1784803183,080	23/07/2026_12:39:43,080	1	2	2,645498853e-06	1,622865852e-06	1,17403808e-12	5,14510743e-12	2,340780564e-13	3,651803794e-13	2,499870103e-12	1,210234777e-11	1,238999544e-13	2,218153368e-13	2,089235208e-11	6,047223811e-13	4,999999912e-15	4,999999912e-15	6,115840459e-15	6,069266861e-14	7,349461317e-12	1,391119343e-13	4,999999912e-15	4,999999912e-15	4,999999912e-15	1,97648703e-10	6,887337922e-11	1	1	1	1	1	1	1	0	0	0	0	0	0	0	0	0	0	2,639227788e-08	69,37914501	0,9853700756	0	30,13823979	0,08250565585	0,0982177962	0
196,82	1784803183,888	23/07/2026_12:39:43,888	1	2	2,674129064e-06	1,623489652e-06	9,68773564e-13	5,041700998e-12	2,852438338e-13	4,731582422e-13	2,457854449e-12	1,196451271e-11	4,999999912e-15	5,212817618e-14	2,06877987e-11	6,429734674e-13	4,803024433e-14	8,276942364e-14	2,682662611e-14	4,999999912e-15	7,134603672e-12	5,169353986e-14	3,542604849e-14	6,041713896e-14	1,028864832e-13	1,983105485e-10	6,925820334e-11	1	1	1	1	1	1	1	0	0	0	0	0	0	0	0	0	0	3,190126772e-08	69,47395041	0,9395447519	0	30,24292168	0,0679549671	0,01817577327	0,04240728084
197,628	1784803184,696	23/07/2026_12:39:44,696	1	2	2,648253485e-06	1,611089829e-06	1,081058854e-12	5,161327962e-12	2,541951296e-13	3,279887213e-13	2,213652005e-12	1,18095941e-11	9,41279525e-14	2,054236772e-13	2,084007446e-11	6,410448344e-13	4,999999912e-15	4,999999912e-15	4,999999912e-15	4,268665906e-14	7,315047873e-12	1,613400169e-13	5,516667987e-14	4,999999912e-15	4,999999912e-15	1,990256432e-10	6,892878629e-11	1	1	1	1	1	1	1	0	0	0	0	0	0	0	0	0	0	2,532888549e-08	69,60431936	0,8716965182	0	30,05557731	0,07569782467	0,08867986687	0
198,436	1784803185,504	23/07/2026_12:39:45,504	1	2	2,644014103e-06	1,627850111e-06	8,945802541e-13	5,01028689e-12	2,18609988e-13	4,027679882e-13	2,259637139e-12	1,175226236e-11	2,675289528e-14	6,040551089e-14	2,075039099e-11	6,309474969e-13	4,953980951e-14	6,90980476e-14	6,652133271e-14	6,045994123e-15	7,125930922e-12	1,222391532e-14	4,999999912e-15	3,811531372e-14	8,002582971e-14	1,987922604e-10	6,85072693e-11	1	1	1	1	1	1	1	0	0	0	0	0	0	0	0	0	0	3,035217278e-08	69,77153169	0,8824759584	0	29,97421467	0,06286636099	0,02393665583	0,03451538704
199,244	1784803186,312	23/07/2026_12:39:46,312	1	2	2,645779659e-06	1,606774163e-06	9,863292908e-13	5,16172001e-12	2,861130929e-13	3,33146027e-13	2,023413338e-12	1,14831946e-11	4,942726594e-14	1,800018603e-13	2,082952213e-11	7,025175255e-13	4,999999912e-15	4,999999912e-15	4,999999912e-15	4,999999912e-15	7,262570319e-12	1,453868764e-13	9,31383944e-14	7,703009102e-15	4,999999912e-15	1,98485256e-10	6,74088424e-11	1	1	1	1	1	1	1	0	0	0	0	0	0	0	0	0	0	2,058039544e-08	70,01664253	0,8224780911	0	29,65287442	0,06966144088	0,07483394485	0
200,052	1784803187,120	23/07/2026_12:39:47,120	1	2	2,650658871e-06	1,603696887e-06	8,539270094e-13	4,997481595e-12	1,727722783e-13	3,462818411e-13	2,085258398e-12	1,153994782e-11	9,46945159e-14	9,633990112e-14	2,07570662e-11	6,045748212e-13	8,855549893e-15	5,095234537e-14	7,920315066e-14	7,386342785e-14	7,159287919e-12	1,121495678e-14	4,999999912e-15	4,999999912e-15	7,141089478e-14	1,982512626e-10	6,812389541e-11	1	1	1	1	1	1	1	0	0	0	0	0	0	0	0	0	0	2,940801837e-08	69,84079744	0,8210423811	0	29,91834992	0,06023116703	0,04563192701	0,03175715239
200,86	1784803187,928	23/07/2026_12:39:47,928	1	2	2,648376949e-06	1,582327172e-06	9,14875814e-13	5,112169368e-12	2,915265414e-13	3,728330036e-13	1,929359016e-12	1,117309977e-11	1,274391732e-14	1,564194195e-13	2,138531192e-11	7,197279339e-13	5,955953504e-14	4,999999912e-15	4,999999912e-15	4,999999912e-15	7,225126313e-12	1,366438565e-13	1,013458929e-13	4,481323014e-14	4,999999912e-15	2,058792858e-10	7,069494989e-11	1	1	1	1	1	1	1	0	0	0	0	0	0	0	0	0	0	3,402332181e-08	70,08298221	0,6322842599	0	29,98959786	0,06235954925	0,05998892001	0
201,668	1784803188,736	23/07/2026_12:39:48,736	1	2	2,714629773e-06	1,650468789e-06	8,933617192e-13	5,323878491e-12	2,641449884e-13	7,039572376e-13	6,02679625e-12	2,035600508e-11	2,587431951e-13	1,566056855e-13	2,065107113e-11	6,799284443e-13	4,999999912e-15	3,714515606e-14	6,89350649e-14	9,051123024e-14	8,510118825e-12	6,191893515e-14	4,999999912e-15	4,999999912e-15	3,823172654e-14	7,614595066e-11	7,809938113e-11	1	1	1	1	1	1	1	0	0	0	0	0	0	0	0	0	0	3,879861164e-08	42,46061313	4,703973475	0	53,5360546	0,09821270491	0,1232406366	0,1821934557
202,476	1784803189,544	23/07/2026_12:39:49,544	1	2	3,282373655e-06	2,323208719e-06	5,199252921e-12	8,998814714e-12	1,101069149e-11	2,2273728e-11	1,321710935e-10	1,683443107e-10	1,767743504e-12	4,115382419e-14	5,409814957e-12	7,476101444e-13	5,419265636e-14	4,999999912e-15	4,999999912e-15	4,999999912e-15	7,625639703e-12	1,318978699e-13	8,023926846e-14	5,121234722e-14	2,277527938e-14	4,574273599e-11	7,205706171e-11	1	1	1	1	1	1	1	0	0	0	0	0	0	0	0	0	0	2,461160793e-08	15,64931417	54,04409306	0	30,68327277	0,3556895791	0,005387814346	0
203,284	1784803190,352	23/07/2026_12:39:50,352	1	2	3,225173486e-06	2,633416898e-06	6,763738441e-12	8,80523085e-12	1,121451196e-11	2,280600014e-11	1,364877378e-10	1,740510513e-10	1,983035481e-12	1,220682897e-13	4,4827809e-12	6,103725381e-13	4,999999912e-15	4,999999912e-15	5,134817403e-14	8,708077391e-14	7,770785751e-12	1,141829144e-13	4,999999912e-15	4,999999912e-15	4,999999912e-15	4,160936526e-11	7,172504257e-11	1	1	1	1	1	1	1	0	0	0	0	0	0	0	0	0	0	3,214451825e-08	14,14512334	55,61425719	0	30,38198327	0,4602423879	0,05155974269	0
204,092	1784803191,160	23/07/2026_12:39:51,160	1	2	3,211334842e-06	2,674100415e-06	6,967881567e-12	8,874825354e-12	1,147709792e-11	2,337501373e-11	1,38655129e-10	1,762483492e-10	1,84568528e-12	4,999999912e-15	4,186621536e-12	7,127816675e-13	7,490343523e-14	5,338936419e-14	4,999999912e-15	4,999999912e-15	7,567791879e-12	1,103876783e-13	4,227530937e-14	6,028131553e-14	6,447238034e-14	3,948499167e-11	7,187608148e-11	1	1	1	1	1	1	1	0	0	0	0	0	0	0	0	0	0	3,39635141e-08	13,41888214	56,41127882	0	30,43118217	0,474065521	0	0
204,9	1784803191,968	23/07/2026_12:39:51,968	1	2	3,226335821e-06	2,660812925e-06	7,292505141e-12	8,984200536e-12	1,153872484e-11	2,342245668e-11	1,401965072e-10	1,776529618e-10	2,009093629e-12	1,455808943e-13	4,107740623e-12	6,463650687e-13	4,999999912e-15	4,999999912e-15	1,70552642e-14	5,747564425e-14	7,756532396e-12	1,701373553e-13	6,096437476e-15	4,999999912e-15	4,999999912e-15	3,842639401e-11	7,197176188e-11	1	1	1	1	1	1	1	0	0	0	0	0	0	0	0	0	0	3,369420806e-08	13,01857294	56,76251546	0	30,3666177	0,494570922	0,05847943508	0
205,708	1784803192,776	23/07/2026_12:39:52,776	1	2	3,217753829e-06	2,680258831e-06	7,254755824e-12	8,886487032e-12	1,166504653e-11	2,372383887e-11	1,407656491e-10	1,786359949e-10	1,900995854e-12	4,999999912e-15	3,916426211e-12	6,748487403e-13	4,352098651e-14	7,164761677e-14	2,582542809e-14	4,999999912e-15	7,575168791e-12	7,61180737e-14	4,999999912e-15	4,404874902e-14	8,179927276e-14	3,7697033e-11	7,20884949e-11	1	1	1	1	1	1	1	0	0	0	0	0	0	0	0	0	0	3,716968658e-08	12,76867638	57,05673709	0	30,41950805	0,4920413878	0	0,002413504658
206,516	1784803193,584	23/07/2026_12:39:53,584	1	2	3,222358828e-06	2,707101203e-06	7,476998187e-12	9,041160182e-12	1,171016409e-11	2,371433085e-11	1,41169465e-10	1,787990728e-10	1,987696249e-12	1,312925056e-13	3,93439361e-12	7,011514308e-13	4,999999912e-15	4,999999912e-15	4,999999912e-15	3,5488136e-14	7,741034376e-12	2,127231225e-13	5,458070926e-14	4,999999912e-15	4,999999912e-15	3,670893797e-11	7,186573558e-11	1	1	1	1	1	1	1	0	0	0	0	0	0	0	0	0	0	3,226033856e-08	12,46520681	57,29004985	0	30,39079697	0,5082316426	0,04960202031	0
207,324	1784803194,392	23/07/2026_12:39:54,392	1	2	3,232095423e-06	2,672054961e-06	7,431272611e-12	8,928440452e-12	1,169147765e-11	2,388944424e-11	1,41519102e-10	1,802336336e-10	1,981894683e-12	4,999999912e-15	3,740879134e-12	6,318323143e-13	2,319826731e-14	7,224910503e-14	6,967238337e-14	1,553018646e-14	7,576546161e-12	6,188012749e-14	4,999999912e-15	2,999708229e-14	8,888913504e-14	3,627080927e-11	7,183771633e-11	1	1	1	1	1	1	1	0	0	0	0	0	0	0	0	0	0	3,261923937e-08	12,29251998	57,5402241	0	30,35012627	0,504333286	0	0,03198885736
208,132	1784803195,200	23/07/2026_12:39:55,200	1	2	3,238474392e-06	2,677179054e-06	7,623342929e-12	9,073121594e-12	1,186763882e-11	2,391838984e-11	1,42321252e-10	1,799710103e-10	1,971211172e-12	1,19262632e-13	3,823175283e-12	7,45281766e-13	4,999999912e-15	4,999999912e-15	4,999999912e-15	4,999999912e-15	7,662584109e-12	2,143219142e-13	9,905243943e-14	5,793752793e-15	4,999999912e-15	3,611177676e-11	7,160068372e-11	1	1	1	1	1	1	1	0	0	0	0	0	0	0	0	0	0	3,216831949e-08	12,24938679	57,67137608	0	30,24667787	0,5176911824	0,04178526701	0
208,94	1784803196,008	23/07/2026_12:39:56,008	1	2	3,226854687e-06	2,692614544e-06	7,61765824e-12	8,906935085e-12	1,177007537e-11	2,399236712e-11	1,426423146e-10	1,809943168e-10	2,044550727e-12	6,694820344e-14	3,66816473e-12	6,311259566e-13	4,999999912e-15	5,813146459e-14	8,833808928e-14	8,181867998e-14	7,628927871e-12	6,794163756e-14	4,999999912e-15	4,999999912e-15	5,810042253e-14	3,558534717e-11	7,190147089e-11	1	1	1	1	1	1	1	0	0	0	0	0	0	0	0	0	0	3,723923151e-08	12,04356549	57,79908179	0	30,32027272	0,5162718192	0,02778234848	0
209,748	1784803196,816	23/07/2026_12:39:56,816	1	2	3,239559874e-06	2,698815251e-06	7,710792074e-12	9,048218771e-12	1,191978894e-11	2,409203392e-11	1,426798124e-10	1,812648365e-10	1,958044404e-12	7,526821505e-14	3,763534623e-12	7,755155567e-13	5,127055871e-14	4,999999912e-15	4,999999912e-15	4,999999912e-15	7,610066223e-12	1,8352156e-13	1,110318638e-13	6,151534767e-14	4,999999912e-15	3,550473457e-11	7,165442545e-11	1	1	1	1	1	1	1	0	0	0	0	0	0	0	0	0	0	2,98946256e-08	12,02651643	57,90422977	0	30,24418197	0,5228861057	0,02232022667	0
210,556	1784803197,624	23/07/2026_12:39:57,624	1	2	3,23721838e-06	2,743661071e-06	7,79315848e-12	8,967118714e-12	1,176429093e-11	2,408243049e-11	1,435360858e-10	1,818479117e-10	2,092798374e-12	1,116566488e-13	3,621601283e-12	6,177496123e-13	4,999999912e-15	2,926365002e-14	7,00876057e-14	1,052303657e-13	7,707320025e-12	1,026846861e-13	4,999999912e-15	4,999999912e-15	4,109173329e-14	3,511493527e-11	7,213617204e-11	1	1	1	1	1	1	1	0	0	0	0	0	0	0	0	0	0	3,75994092e-08	11,85120706	57,94792638	0	30,32944113	0,5266899819	0,04860167086	0
211,364	1784803198,432	23/07/2026_12:39:58,432	1	2	3,237182682e-06	2,718538553e-06	7,777014276e-12	9,085477162e-12	1,194971899e-11	2,42051032e-11	1,4366075e-10	1,818049877e-10	1,928089849e-12	3,378067344e-14	3,668199858e-12	7,448626134e-13	7,249357907e-14	2,837887497e-14	4,999999912e-15	4,999999912e-15	7,606670502e-12	1,504161243e-13	8,307987815e-14	9,826079566e-14	7,059984379e-14	3,501574725e-11	7,152498732e-11	1	1	1	1	1	1	1	0	0	0	0	0	0	0	0	0	0	3,212302664e-08	11,8544217	58,15294042	0	30,1631004	0,5271507452	0,002384368927	0
212,172	1784803199,240	23/07/2026_12:39:59,240	1	2	3,239414355e-06	2,72479906e-06	7,899816218e-12	9,031757113e-12	1,183414391e-11	2,401564191e-11	1,435376262e-10	1,821299223e-10	2,110218467e-12	1,439937172e-13	3,673946564e-12	6,288520052e-13	4,999999912e-15	1,320182756e-14	5,368429429e-14	9,398048745e-14	7,768232238e-12	1,663149463e-13	4,999999912e-15	4,999999912e-15	2,127348489e-14	3,494523074e-11	7,222538539e-11	1	1	1	1	1	1	1	0	0	0	0	0	0	0	0	0	0	3,408151311e-08	11,78635489	57,9517458	0	30,34978276	0,5334556129	0,06255256002	0
212,98	1784803200,048	23/07/2026_12:40:00,048	1	2	3,241211971e-06	2,74471563e-06	7,825692351e-12	9,013343891e-12	1,197051919e-11	2,424915477e-11	1,437074487e-10	1,821273965e-10	1,937325951e-12	1,852213553e-14	3,606621946e-12	7,054822763e-13	7,511686721e-14	6,977715796e-14	1,156809244e-14	4,999999912e-15	7,572957886e-12	1,02622602e-13	4,785950621e-14	7,676224565e-14	8,089121956e-14	3,44964543e-11	7,205647884e-11	1	1	1	1	1	1	1	0	0	0	0	0	0	0	0	0	0	3,552371028e-08	11,66970863	58,16717233	0	30,36555419	0,5300559638	0	0
213,788	1784803200,856	23/07/2026_12:40:00,856	1	2	3,241552122e-06	2,748929091e-06	7,994165226e-12	9,075363724e-12	1,192647543e-11	2,419132776e-11	1,436510771e-10	1,821937462e-10	2,069072344e-12	1,560274669e-13	3,671389148e-12	6,76804641e-13	4,999999912e-15	4,999999912e-15	9,340624486e-15	7,521776577e-14	7,739676088e-12	2,030914499e-13	6,701814464e-15	4,999999912e-15	4,999999912e-15	3,441937013e-11	7,167755278e-11	1	1	1	1	1	1	1	0	0	0	0	0	0	0	0	0	0	3,107576139e-08	11,64992937	58,20020437	0	30,22310476	0,5416528318	0,06322364219	0
214,596	1784803201,664	23/07/2026_12:40:01,664	1	2	3,237999863e-06	2,707101203e-06	7,829988394e-12	8,976180042e-12	1,193203609e-11	2,427068269e-11	1,441441272e-10	1,822103579e-10	1,960263982e-12	4,999999912e-15	3,55713267e-12	6,762651962e-13	5,648609293e-14	6,946283419e-14	4,192606413e-14	4,999999912e-15	7,564074367e-12	8,001807767e-14	8,211369478e-15	4,440964605e-14	1,171787412e-13	3,486439262e-11	7,208142416e-11	1	1	1	1	1	1	1	0	0	0	0	0	0	0	0	0	0	3,9347674e-08	11,76740344	58,13597099	0	30,30278666	0,5292678039	0	0,004068541616
215,404	1784803202,472	23/07/2026_12:40:02,472	1	2	3,243725359e-06	2,712295782e-06	8,068751396e-12	9,116047327e-12	1,219532374e-11	2,493693273e-11	1,494998708e-10	1,908404407e-10	2,158341865e-12	1,343736998e-13	3,364697626e-12	6,458684499e-13	4,999999912e-15	4,999999912e-15	4,999999912e-15	3,540276525e-14	7,082379388e-12	2,069875711e-13	5,53025033e-14	4,999999912e-15	4,999999912e-15	3,321364711e-11	6,948289166e-11	1	1	1	1	1	1	1	0	0	0	0	0	0	0	0	0	0	1,885804219e-08	11,08502892	60,11517597	0	28,9487453	0,5393513513	0,0534703202	0,03375655348
216,212	1784803203,280	23/07/2026_12:40:03,280	1	2	3,20035906e-06	2,777520194e-06	7,727245926e-12	8,597308629e-12	1,132644412e-11	2,295315674e-11	1,346583539e-10	1,696749408e-10	1,84781964e-12	2,126572098e-14	3,904276208e-12	5,765957373e-13	3,008245305e-14	7,646344631e-14	7,180670988e-14	4,243829883e-14	6,69733366e-12	3,706754074e-14	4,999999912e-15	2,589140179e-14	8,903659331e-14	8,716095901e-11	6,209455172e-11	1	1	1	1	1	1	1	0	0	0	0	0	0	0	0	0	0	1,424532989e-08	26,67194706	49,545338	0	23,81057039	0,4761055551	0,001981465918	0
217,02	1784803204,088	23/07/2026_12:40:04,088	1	2	2,783643367e-06	2,280855824e-06	5,182283422e-12	6,145822132e-12	4,454017884e-12	8,231135391e-12	4,484077692e-11	5,849252332e-11	5,076451954e-13	1,60346576e-13	1,550860308e-11	7,09095109e-13	2,725737625e-14	4,999999912e-15	4,999999912e-15	1,741616291e-14	7,025043307e-12	1,616814999e-13	1,092778347e-13	4,39284534e-14	5,774349809e-15	1,73548162e-10	6,696319887e-11	1	1	1	1	1	1	1	0	0	0	0	0	0	0	0	0	0	4,56949034e-08	56,56988029	16,71679523	0	27,15040158	0,3387012215	0,05045888561	0
217,828	1784803204,896	23/07/2026_12:40:04,896	1	2	2,639264494e-06	1,756197776e-06	2,842286736e-12	5,31348663e-12	1,329238911e-12	2,616574925e-12	1,496919255e-11	2,646684955e-11	2,810411409e-13	1,184903819e-13	1,911523023e-11	6,030692981e-13	1,889855527e-14	7,530701594e-14	1,043339406e-13	7,813210121e-14	7,220835908e-12	4,364129229e-14	4,999999912e-15	1,042331386e-14	8,303718092e-14	1,874714273e-10	6,848321216e-11	1	1	1	1	1	1	1	0	0	0	0	0	0	0	0	0	0	3,438267277e-08	64,87167866	6,033716957	0	29,53196496	0,1969728481	0,05432279227	0,01175872548
218,636	1784803205,704	23/07/2026_12:40:05,704	1	2	2,666075943e-06	1,708394279e-06	2,077764827e-12	5,333793737e-12	9,451715669e-13	1,649361637e-12	9,159449241e-12	1,970191892e-11	1,022112489e-13	1,289408576e-13	2,008038701e-11	7,353397405e-13	7,349477878e-14	1,177764415e-14	4,999999912e-15	4,999999912e-15	7,247692897e-12	1,494614979e-13	1,254948971e-13	7,808941075e-14	4,934189518e-14	1,921237752e-10	6,826721827e-11	1	1	1	1	1	1	1	0	0	0	0	0	0	0	0	0	0	2,59171784e-08	67,07059871	3,707389236	0	29,70537727	0,1452319547	0,04908800356	0,002338296255
219,444	1784803206,512	23/07/2026_12:40:06,512	1	2	2,665077091e-06	1,66699806e-06	1,801213584e-12	5,188593045e-12	5,701151357e-13	1,116954294e-12	6,740944174e-12	1,700028486e-11	2,069526598e-13	2,084738496e-13	2,025205871e-11	5,97341458e-13	4,999999912e-15	3,061798116e-14	8,252494283e-14	1,210205303e-13	7,291353285e-12	8,789570092e-14	4,999999912e-15	4,999999912e-15	4,890338961e-14	1,932957683e-10	6,874197739e-11	1	1	1	1	1	1	1	0	0	0	0	0	0	0	0	0	0	2,96065883e-08	67,71722503	2,727160102	0	30,01698992	0,1263416123	0,09511491137	0,009485606508
220,252	1784803207,320	23/07/2026_12:40:07,320	1	2	2,659862048e-06	1,655536039e-06	1,544115747e-12	5,199924692e-12	5,89005949e-13	9,926818482e-13	5,385387015e-12	1,529859052e-11	3,172007606e-14	1,151375544e-13	2,039688383e-11	7,013882747e-13	9,846646881e-14	5,487951199e-14	4,999999912e-15	4,999999912e-15	7,19140459e-12	1,112879862e-13	9,669691534e-14	9,256794821e-14	7,779061141e-14	1,96275482e-10	6,879325581e-11	1	1	1	1	1	1	1	0	0	0	0	0	0	0	0	0	0	2,824311011e-08	68,49625619	2,138281112	0	29,92553161	0,1078995522	0,0418320235	0,02216056763
221,06	1784803208,128	23/07/2026_12:40:08,128	1	2	2,670020194e-06	1,658077394e-06	1,549459346e-12	5,175543154e-12	3,893138795e-13	7,177372303e-13	4,477235856e-12	1,443285075e-11	1,599546504e-13	2,131344553e-13	2,056508609e-11	6,123089774e-13	4,999999912e-15	4,999999912e-15	5,461952031e-14	1,020249762e-13	7,287491791e-12	1,1950323e-13	4,999999912e-15	4,999999912e-15	2,76415582e-14	1,966997537e-10	6,831751137e-11	1	1	1	1	1	1	1	0	0	0	0	0	0	0	0	0	0	2,558803327e-08	68,83455354	1,817447043	0	29,80753179	0,1085666069	0,09523608174	0,00559590322
221,868	1784803208,936	23/07/2026_12:40:08,936	1	2	2,657872756e-06	1,639748689e-06	1,310864286e-12	5,108502163e-12	4,138548228e-13	7,475248177e-13	3,947719755e-12	1,35920615e-11	4,999999912e-15	6,487983707e-14	2,055844557e-11	6,949969029e-13	8,909481497e-14	7,133715548e-14	6,608681498e-15	4,999999912e-15	7,134487879e-12	6,121654832e-14	5,724281184e-14	7,261000883e-14	1,031581098e-13	1,971759006e-10	6,840095851e-11	1	1	1	1	1	1	1	0	0	0	0	0	0	0	0	0	0	2,88427365e-08	69,13285573	1,557584462	0	29,89448351	0,09202660613	0,02119113012	0,04016803623
222,676	1784803209,744	23/07/2026_12:40:09,744	1	2	2,65743688e-06	1,624108336e-06	1,369574051e-12	5,177968297e-12	3,463517179e-13	5,309753288e-13	3,420271661e-12	1,313750671e-11	1,322975881e-13	2,229485178e-13	2,067884058e-11	6,248549313e-13	4,999999912e-15	4,999999912e-15	2,624842448e-14	6,604790228e-14	7,30388753e-12	1,62348989e-13	2,876305016e-14	4,999999912e-15	4,999999912e-15	1,973115837e-10	6,835445404e-11	1	1	1	1	1	1	1	0	0	0	0	0	0	0	0	0	0	2,450098428e-08	69,21257292	1,372482182	0	29,89410878	0,0961880418	0,09813511783	0
223,484	1784803210,552	23/07/2026_12:40:10,552	1	2	2,65034555e-06	1,6166573e-06	1,136675606e-12	5,055155079e-12	3,090824038e-13	5,680583499e-13	3,233645773e-12	1,278603265e-11	2,43391597e-14	5,789863218e-14	2,05983286e-11	6,301170523e-13	5,479415139e-14	7,66807543e-14	4,892667285e-14	4,999999912e-15	7,171838644e-12	2,409080287e-14	2,511528244e-14	5,836429701e-14	9,996437543e-14	1,976877828e-10	6,886483744e-11	1	1	1	1	1	1	1	0	0	0	0	0	0	0	0	0	0	3,155667586e-08	69,27672808	1,252399725	0	30,07985446	0,07975755964	0,02138025542	0,03875828388
224,292	1784803211,360	23/07/2026_12:40:11,360	1	2	2,653097908e-06	1,636610023e-06	1,223892298e-12	5,188348882e-12	3,295836369e-13	4,503790732e-13	2,833691181e-12	1,250651666e-11	7,824463462e-14	1,756943793e-13	2,084477209e-11	6,902314549e-13	4,999999912e-15	4,999999912e-15	4,999999912e-15	3,04045458e-14	7,3041009e-12	1,70789286e-13	8,262195859e-14	4,999999912e-15	4,999999912e-15	1,968105401e-10	6,851832296e-11	1	1	1	1	1	1	1	0	0	0	0	0	0	0	0	0	0	2,377817469e-08	69,30086676	1,141495622	0	30,07911609	0,08627632126	0,07478863078	0
225,1	1784803212,168	23/07/2026_12:40:12,168	1	2	2,67446967e-06	1,617898647e-06	1,058120497e-12	5,01995407e-12	2,412377752e-13	4,887582309e-13	2,760758852e-12	1,234985638e-11	9,324705857e-14	7,157776027e-14	2,060655813e-11	6,256038439e-13	1,29651132e-14	5,962549519e-14	9,185004374e-14	2,721469087e-14	7,16091509e-12	1,982601908e-14	4,999999912e-15	1,504511441e-14	8,63861459e-14	1,978783803e-10	6,863635355e-11	1	1	1	1	1	1	1	0	0	0	0	0	0	0	0	0	0	3,096893491e-08	69,46947555	1,088664393	0	30,03837538	0,07438082076	0,03446209599	0,03726646451
225,908	1784803212,976	23/07/2026_12:40:12,976	1	2	2,650059969e-06	1,606774163e-06	1,107536155e-12	5,149295053e-12	3,389902562e-13	4,571469071e-13	2,481658325e-12	1,204862165e-11	3,236037537e-14	1,544286617e-13	2,085571299e-11	7,131425984e-13	2,245706943e-14	4,999999912e-15	4,999999912e-15	4,999999912e-15	7,238781623e-12	1,532800037e-13	9,739930217e-14	4,425054276e-14	4,999999912e-15	1,978161385e-10	6,829468241e-11	1	1	1	1	1	1	1	0	0	0	0	0	0	0	0	0	0	2,426859511e-08	69,60405461	0,9939869211	0	29,95967534	0,07802044857	0,06202351238	0
226,716	1784803213,784	23/07/2026_12:40:13,784	1	2	2,660058954e-06	1,61913897e-06	1,018142493e-12	5,018999105e-12	2,104335722e-13	4,008935924e-13	2,461122235e-12	1,199696332e-11	1,147223321e-13	1,23290687e-13	2,068082337e-11	6,046097867e-13	5,071960443e-15	4,061829947e-14	9,429482477e-14	7,787210275e-14	7,228180728e-12	3,316753339e-14	4,999999912e-15	4,999999912e-15	6,526790013e-14	1,982510267e-10	6,808322656e-11	1	1	1	1	1	1	1	0	0	0	0	0	0	0	0	0	0	2,886049184e-08	69,70434375	0,9797745269	0	29,84371288	0,07167634757	0,05786559207	0,02844701943
227,524	1784803214,592	23/07/2026_12:40:14,592	1	2	2,642841537e-06	1,617276894e-06	9,759294067e-13	5,13690002e-12	3,319973419e-13	4,563940371e-13	2,262318588e-12	1,169671911e-11	4,999999912e-15	1,191850167e-13	2,078914818e-11	7,215789923e-13	6,302490268e-14	4,999999912e-15	4,999999912e-15	4,999999912e-15	7,203616176e-12	1,230035361e-13	9,990618088e-14	6,873715735e-14	2,906186305e-14	1,987774251e-10	6,854686957e-11	1	1	1	1	1	1	1	0	0	0	0	0	0	0	0	0	0	2,589557115e-08	69,74296322	0,8750221061	0	29,98322301	0,06855888374	0,04533666141	0,001866476231
228,332	1784803215,400	23/07/2026_12:40:15,400	1	2	2,649810085e-06	1,618516876e-06	1,002845159e-12	5,059117188e-12	1,873594731e-13	3,530147366e-13	2,206639819e-12	1,173527855e-11	1,205820383e-13	1,836961843e-13	2,070411551e-11	5,792073635e-13	4,999999912e-15	6,678529528e-15	6,681238679e-14	1,019861821e-13	7,305536384e-12	8,2396885e-14	4,999999912e-15	4,999999912e-15	1,832034348e-14	1,994536619e-10	6,783651418e-11	1	1	1	1	1	1	1	0	0	0	0	0	0	0	0	0	0	2,602934316e-08	69,93449032	0,8868106069	0	29,65910552	0,07040880611	0,08283659361	0,00426937122
229,14	1784803216,208	23/07/2026_12:40:16,208	1	2	2,664941803e-06	1,612944743e-06	8,715100581e-13	5,106568814e-12	2,996952187e-13	4,373791097e-13	2,149206811e-12	1,153517906e-11	4,999999912e-15	8,710018113e-14	2,067974611e-11	6,791252131e-13	8,443031972e-14	2,755618237e-14	4,999999912e-15	4,999999912e-15	7,133268802e-12	9,104286877e-14	8,579629926e-14	8,045659001e-14	6,546192489e-14	1,983104653e-10	6,84675372e-11	1	1	1	1	1	1	1	0	0	0	0	0	0	0	0	0	0	2,675551991e-08	69,7709551	0,825583332	0	30,03085374	0,0613939864	0,0327298738	0,02244102048
229,948	1784803217,016	23/07/2026_12:40:17,016	1	2	2,641703304e-06	1,602468387e-06	9,795809996e-13	5,097631518e-12	1,670755548e-13	2,778124681e-13	2,032637513e-12	1,150387337e-11	1,285178696e-13	2,150088105e-13	2,073097423e-11	6,007408655e-13	4,999999912e-15	4,999999912e-15	4,038158425e-14	9,13261437e-14	7,309359715e-12	1,116605248e-13	4,999999912e-15	4,999999912e-15	4,999999912e-15	1,975990621e-10	6,812522768e-11	1	1	1	1	1	1	1	0	0	0	0	0	0	0	0	0	0	2,534854369e-08	69,71966626	0,8054314181	0	29,9691272	0,0692005277	0,09708923348	0
230,756	1784803217,824	23/07/2026_12:40:17,824	1	2	2,636537374e-06	1,606774163e-06	7,969287123e-13	5,032640103e-12	2,40729447e-13	4,004240787e-13	2,022035317e-12	1,132938448e-11	4,999999912e-15	5,259771703e-14	2,104905833e-11	6,415803761e-13	6,846163447e-14	6,510878669e-14	7,706890207e-15	4,999999912e-15	6,956643161e-12	4,120426331e-14	3,806873707e-14	6,616431849e-14	1,075781242e-13	2,036658064e-10	6,986791701e-11	1	1	1	1	1	1	1	0	0	0	0	0	0	0	0	0	0	3,399996518e-08	70,08992538	0,7056865613	0	29,96795207	0,05491854781	0,01878525527	0,03755890096
231,564	1784803218,632	23/07/2026_12:40:18,632	1	2	2,691296686e-06	1,643523092e-06	9,442054343e-13	5,343957048e-12	2,264177479e-13	3,370615961e-13	2,696872673e-12	1,370052769e-11	1,212999427e-13	2,171974352e-13	2,208190575e-11	7,186336487e-13	4,999999912e-15	4,999999912e-15	5,595843545e-15	3,965203139e-14	8,450520665e-12	1,699782486e-13	3,47469449e-14	4,999999912e-15	4,999999912e-15	9,722704586e-11	7,935350987e-11	1	1	1	1	1	1	1	0	0	0	0	0	0	0	0	0	0	5,046279101e-08	49,57203148	1,508630395	0	49,84334526	0,09529775845	0,1376998912	0
232,372	1784803219,440	23/07/2026_12:40:19,440	1	2	3,2357691e-06	2,20605466e-06	4,41422246e-12	8,944549094e-12	1,078651665e-11	2,212035069e-11	1,321035226e-10	1,678067962e-10	1,795606307e-12	4,999999912e-15	5,579800944e-12	6,662416387e-13	2,873589089e-14	5,040517564e-14	4,894607668e-14	4,999999912e-15	7,617382419e-12	5,447205865e-14	4,999999912e-15	3,180931945e-14	8,163629007e-14	4,669823209e-11	7,208412339e-11	1	1	1	1	1	1	1	0	0	0	0	0	0	0	0	0	0	2,882410186e-08	15,9541196	53,83713227	0	30,63741236	0,3015325361	0	0
233,18	1784803220,248	23/07/2026_12:40:20,248	1	2	3,22405549e-06	2,624347871e-06	6,552924869e-12	8,898983113e-12	1,12579876e-11	2,277940857e-11	1,360828533e-10	1,731193244e-10	1,906335116e-12	1,149396198e-13	4,604364199e-12	7,091067642e-13	4,999999912e-15	4,999999912e-15	4,999999912e-15	1,780034487e-14	7,695265432e-12	1,892609604e-13	5,018010543e-14	4,999999912e-15	4,999999912e-15	4,174230753e-11	7,131702173e-11	1	1	1	1	1	1	1	0	0	0	0	0	0	0	0	0	0	2,858288149e-08	14,25234257	55,60492141	0	30,32930207	0,4477389642	0,04225480495	0
233,988	1784803221,056	23/07/2026_12:40:21,056	1	2	3,206794645e-06	2,648602731e-06	6,772229045e-12	8,768319404e-12	1,138072796e-11	2,327297903e-11	1,379087677e-10	1,755880857e-10	1,935769687e-12	1,465317532e-14	4,166325271e-12	6,194376067e-13	4,999999912e-15	5,246577979e-14	8,965750234e-14	4,433204089e-14	7,572316905e-12	1,974452774e-14	4,999999912e-15	5,432859159e-15	5,547713778e-14	3,944622406e-11	7,088830911e-11	1	1	1	1	1	1	1	0	0	0	0	0	0	0	0	0	0	3,321246236e-08	13,48550551	56,51640676	0	30,20007712	0,4635145878	0,003228641605	0,007975471127
234,796	1784803221,864	23/07/2026_12:40:21,864	1	2	3,222558007e-06	2,690548854e-06	7,046382141e-12	8,982183053e-12	1,164786323e-11	2,346622723e-11	1,400872335e-10	1,765523699e-10	1,910867731e-12	7,66924027e-14	4,116665776e-12	7,606721785e-13	1,783138863e-14	4,999999912e-15	4,999999912e-15	4,999999912e-15	7,637553784e-12	1,714412439e-13	9,49777976e-14	2,130841314e-14	4,999999912e-15	3,835672752e-11	7,174351391e-11	1	1	1	1	1	1	1	0	0	0	0	0	0	0	0	0	0	3,7092993e-08	13,05868543	56,81509981	0	30,39670011	0,4802029998	0,02306368964	0
235,604	1784803222,672	23/07/2026_12:40:22,672	1	2	3,22214396e-06	2,68849044e-06	7,130967691e-12	8,875114185e-12	1,159712517e-11	2,359821887e-11	1,406052358e-10	1,782075598e-10	2,015756702e-12	8,546644431e-14	3,886658356e-12	6,107140076e-13	4,999999912e-15	4,076188511e-14	7,53458236e-14	7,997150441e-14	7,619909044e-12	8,332435219e-14	4,999999912e-15	4,999999912e-15	5,109981381e-14	3,755341177e-11	7,178042188e-11	1	1	1	1	1	1	1	0	0	0	0	0	0	0	0	0	0	3,735585126e-08	12,75056303	57,09033886	0	30,35961302	0,4848245531	0,03529622527	0
236,412	1784803223,480	23/07/2026_12:40:23,480	1	2	3,220636472e-06	2,690548854e-06	7,226647666e-12	8,966229668e-12	1,174443182e-11	2,374395992e-11	1,409733719e-10	1,780381675e-10	1,905764825e-12	5,248131438e-14	3,894016186e-12	7,495619793e-13	7,654106163e-14	4,999999912e-15	4,999999912e-15	4,999999912e-15	7,636642187e-12	1,515453887e-13	9,740318496e-14	8,594764711e-14	2,957021834e-14	3,658708059e-11	7,203795893e-11	1	1	1	1	1	1	1	0	0	0	0	0	0	0	0	0	0	3,786055032e-08	12,45809791	57,26720975	0	30,53477501	0,4926039859	0,01163896825	0
237,22	1784803224,288	23/07/2026_12:40:24,288	1	2	3,2211708e-06	2,700881396e-06	7,390557784e-12	8,927665031e-12	1,16474096e-11	2,381311988e-11	1,417037321e-10	1,795078114e-10	2,073042259e-12	1,310480316e-13	3,781004589e-12	6,158131188e-13	4,999999912e-15	1,77033308e-14	6,942402653e-14	1,07795439e-13	7,70451411e-12	1,3564265e-13	4,999999912e-15	4,999999912e-15	2,372602982e-14	3,622931122e-11	7,187060669e-11	1	1	1	1	1	1	1	0	0	0	0	0	0	0	0	0	0	3,680635516e-08	12,29183362	57,48447577	0	30,37222051	0,5020590718	0,05705316353	0
238,028	1784803225,096	23/07/2026_12:40:25,096	1	2	3,227578645e-06	2,686430889e-06	7,354335023e-12	8,979703266e-12	1,181900064e-11	2,402575708e-11	1,422615636e-10	1,800559979e-10	1,885166719e-12	3,137081727e-14	3,760724804e-12	7,283273919e-13	8,492315737e-14	5,493384746e-14	4,999999912e-15	4,999999912e-15	7,567132684e-12	1,114044024e-13	5,751056912e-14	6,772432279e-14	6,452670565e-14	3,566992535e-11	7,174048855e-11	1	1	1	1	1	1	1	0	0	0	0	0	0	0	0	0	0	3,569472684e-08	12,11822877	57,76640642	0	30,35345228	0,5002164946	0	0
238,836	1784803225,904	23/07/2026_12:40:25,904	1	2	3,234145197e-06	2,738409421e-06	7,554066747e-12	8,994516069e-12	1,175871813e-11	2,383129284e-11	1,422036655e-10	1,799411037e-10	2,065851396e-12	1,588137445e-13	3,799736567e-12	6,464349997e-13	4,999999912e-15	4,999999912e-15	2,33651328e-14	8,44924174e-14	7,685075666e-12	1,855123043e-13	4,999999912e-15	4,999999912e-15	4,999999912e-15	3,573336418e-11	7,205666619e-11	1	1	1	1	1	1	1	0	0	0	0	0	0	0	0	0	0	3,591855932e-08	12,11821077	57,61404805	0	30,42907502	0,5128452683	0,06651433712	0
239,644	1784803226,712	23/07/2026_12:40:26,712	1	2	3,234782298e-06	2,746820201e-06	7,454877861e-12	8,934195397e-12	1,182276152e-11	2,414689455e-11	1,428655388e-10	1,807633349e-10	1,909696143e-12	4,999999912e-15	3,652273362e-12	6,846822371e-13	5,776280875e-14	8,086017749e-14	3,438604788e-14	4,999999912e-15	7,554175167e-12	9,18189949e-14	1,985706792e-14	5,810430533e-14	9,750020073e-14	3,545608598e-11	7,184824957e-11	1	1	1	1	1	1	1	0	0	0	0	0	0	0	0	0	0	3,840337022e-08	12,01777971	57,88395376	0	30,332593	0,5059993774	0	0
240,452	1784803227,520	23/07/2026_12:40:27,520	1	2	3,22572555e-06	2,763715656e-06	7,643378118e-12	9,074949125e-12	1,18577136e-11	2,405209712e-11	1,4284747e-10	1,80882434e-10	2,025256482e-12	1,579871894e-13	3,738139572e-12	7,028550376e-13	4,999999912e-15	4,999999912e-15	4,999999912e-15	4,082397262e-14	7,713555489e-12	2,056099702e-13	4,464248863e-14	4,999999912e-15	4,999999912e-15	3,505125704e-11	7,174660865e-11	1	1	1	1	1	1	1	0	0	0	0	0	0	0	0	0	0	3,202567965e-08	11,88884236	57,92774395	0	30,30890075	0,5189787708	0,06118256307	0
241,26	1784803228,328	23/07/2026_12:40:28,328	1	2	3,228735068e-06	2,717500138e-06	7,538458573e-12	8,92315128e-12	1,188678409e-11	2,418867363e-11	1,429412144e-10	1,813627581e-10	1,979182009e-12	4,999999912e-15	3,587180466e-12	6,669633921e-13	4,013710683e-14	8,415867287e-14	6,88846224e-14	1,225884357e-14	7,561603253e-12	5,090966507e-14	4,999999912e-15	4,848817067e-14	9,890498793e-14	3,493051681e-11	7,205989971e-11	1	1	1	1	1	1	1	0	0	0	0	0	0	0	0	0	0	3,762291522e-08	11,83135782	57,97044649	0	30,41132318	0,5113295191	0	0,01476031372
242,068	1784803229,136	23/07/2026_12:40:29,136	1	2	3,239015086e-06	2,709179626e-06	7,714258052e-12	9,067004959e-12	1,191689109e-11	2,409616777e-11	1,433704128e-10	1,818168671e-10	1,96691166e-12	1,298644487e-13	3,686252258e-12	7,366046792e-13	4,999999912e-15	4,999999912e-15	4,999999912e-15	2,099020149e-14	7,671493649e-12	2,138096828e-13	8,301778048e-14	4,999999912e-15	4,999999912e-15	3,486825412e-11	7,238489669e-11	1	1	1	1	1	1	1	0	0	0	0	0	0	0	0	0	0	3,33571182e-08	11,77756932	57,94474773	0	30,45746044	0,5216576544	0,04351751144	0
242,876	1784803229,944	23/07/2026_12:40:29,944	1	2	3,246886536e-06	2,741562184e-06	7,634623836e-12	8,935728026e-12	1,183545536e-11	2,42195812e-11	1,436898517e-10	1,817282158e-10	2,035547945e-12	3,169679281e-14	3,536100449e-12	6,218281098e-13	1,021376384e-14	6,640492328e-14	9,866050034e-14	6,72741756e-14	7,631488323e-12	5,442160936e-14	4,999999912e-15	4,999999912e-15	7,009925409e-14	3,476909732e-11	7,21569679e-11	1	1	1	1	1	1	1	0	0	0	0	0	0	0	0	0	0	4,056627749e-08	11,75487418	58,06247514	0	30,38633064	0,5169413085	0,01215850745	0
243,684	1784803230,752	23/07/2026_12:40:30,752	1	2	3,235333907e-06	2,713335334e-06	7,722425997e-12	9,098457231e-12	1,197041511e-11	2,422157787e-11	1,437713421e-10	1,812046069e-10	1,958378121e-12	7,771299609e-14	3,660488579e-12	7,638660212e-13	3,999352458e-14	4,999999912e-15	4,999999912e-15	4,999999912e-15	7,651317947e-12	1,888535172e-13	1,016175195e-13	4,303591785e-14	4,999999912e-15	3,437313281e-11	7,205084446e-11	1	1	1	1	1	1	1	0	0	0	0	0	0	0	0	0	0	3,661725194e-08	11,65973157	58,14873282	0	30,42095945	0,5243940583	0,02276699071	0
244,492	1784803231,560	23/07/2026_12:40:31,560	1	2	3,241945024e-06	2,746820201e-06	7,755465541e-12	8,991081317e-12	1,183149672e-11	2,424421774e-11	1,434108804e-10	1,816490985e-10	2,091630471e-12	8,27500232e-14	3,528478508e-12	6,141444775e-13	4,999999912e-15	3,245738774e-14	7,203955585e-14	9,88622907e-14	7,688626645e-12	8,383659029e-14	4,999999912e-15	4,999999912e-15	2,866991719e-14	3,469400114e-11	7,250147704e-11	1	1	1	1	1	1	1	0	0	0	0	0	0	0	0	0	0	3,837199483e-08	11,72014484	57,94728222	0	30,51291083	0,5247053221	0,0375839422	0
245,3	1784803232,368	23/07/2026_12:40:32,368	1	2	3,242098956e-06	2,770077117e-06	7,766195673e-12	9,097523082e-12	1,209847153e-11	2,4583292e-11	1,456406801e-10	1,859623011e-10	1,993020549e-12	4,366845156e-14	3,442581289e-12	7,031539522e-13	8,250554916e-14	1,653526898e-14	4,999999912e-15	4,999999912e-15	6,832025397e-12	1,570131557e-13	8,716226525e-14	7,207448749e-14	3,745948999e-14	3,261681897e-11	6,847577366e-11	1	1	1	1	1	1	1	0	0	0	0	0	0	0	0	0	0	1,378714238e-08	11,14212896	59,91777629	0	29,19142166	0,5311386342	0,008413123487	0,04681932578
246,108	1784803233,176	23/07/2026_12:40:33,176	1	2	3,224654392e-06	2,771141681e-06	7,860979229e-12	8,745477433e-12	1,150329831e-11	2,331244399e-11	1,385370152e-10	1,736195354e-10	1,966481014e-12	1,296199747e-13	3,594658425e-12	5,682213597e-13	4,999999912e-15	2,385020824e-14	6,088670014e-14	9,696078982e-14	6,965087361e-12	1,102790277e-13	4,999999912e-15	4,999999912e-15	1,869676492e-14	7,055603324e-11	6,215879894e-11	1	1	1	1	1	1	1	0	0	0	0	0	0	0	0	0	0	1,589161462e-08	22,42732609	52,77919095	0	24,73090674	0,5028224592	0,04798670118	0
246,916	1784803233,984	23/07/2026_12:40:33,984	1	2	2,846734787e-06	2,352780257e-06	5,426609682e-12	6,3959389e-12	5,454115458e-12	1,023469504e-11	5,598833203e-11	7,055456219e-11	5,817220078e-13	4,66953238e-14	1,410637405e-11	6,397758842e-13	8,739511122e-14	7,590852453e-14	4,999999912e-15	4,999999912e-15	6,830334041e-12	7,876464509e-14	7,463567795e-14	9,099630907e-14	1,058978277e-13	1,684073436e-10	6,697934568e-11	1	1	1	1	1	1	1	0	0	0	0	0	0	0	0	0	0	5,390458669e-08	53,6440961	20,36588801	0	26,52040826	0,3467747653	0,0009083326475	0
247,724	1784803234,792	23/07/2026_12:40:34,792	1	2	2,644728738e-06	1,792238663e-06	3,068964353e-12	5,443816838e-12	1,481610841e-12	2,79528874e-12	1,626691663e-11	2,789509422e-11	2,672300857e-13	2,149505752e-13	1,90141982e-11	6,293370772e-13	4,999999912e-15	4,999999912e-15	2,939559403e-14	7,447269526e-14	7,310247026e-12	1,423988016e-13	2,079617335e-14	4,999999912e-15	4,999999912e-15	1,865083921e-10	6,783515416e-11	1	1	1	1	1	1	1	0	0	0	0	0	0	0	0	0	0	2,901687408e-08	64,53886784	6,564938133	0	29,25603473	0,2126835263	0,08930965452	0
248,532	1784803235,600	23/07/2026_12:40:35,600	1	2	2,666116416e-06	1,697299808e-06	2,00415769e-12	5,237073795e-12	9,018331329e-13	1,71205682e-12	9,749425225e-12	2,030082005e-11	9,28667611e-14	6,042490455e-14	1,978701057e-11	6,535365239e-13	7,017299339e-14	9,510198618e-14	5,564400665e-14	4,999999912e-15	7,1514847e-12	4,577174279e-14	4,263621655e-14	6,061117726e-14	1,129527719e-13	1,92230315e-10	6,817449383e-11	1	1	1	1	1	1	1	0	0	0	0	0	0	0	0	0	0	3,042368536e-08	66,98591425	3,923983202	0	29,60989141	0,1398532387	0,01999320652	0,03567099934
249,34	1784803236,408	23/07/2026_12:40:36,408	1	2	2,671851462e-06	1,680470064e-06	1,806949338e-12	5,322311602e-12	6,623104842e-13	1,15089405e-12	6,913684902e-12	1,719283223e-11	1,404468447e-13	2,031263748e-13	2,024798558e-11	7,057733846e-13	4,999999912e-15	4,999999912e-15	4,999999912e-15	4,281084086e-14	7,317857258e-12	1,719263431e-13	7,280015756e-14	4,999999912e-15	4,999999912e-15	1,941986294e-10	6,834736943e-11	1	1	1	1	1	1	1	0	0	0	0	0	0	0	0	0	0	2,342098949e-08	67,87301838	2,803460444	0	29,78178385	0,1264509211	0,08576629872	0
250,148	1784803237,216	23/07/2026_12:40:37,216	1	2	2,659287475e-06	1,675966814e-06	1,506897038e-12	5,115563789e-12	4,991349673e-13	9,755180604e-13	5,56512475e-12	1,566047118e-11	9,642139246e-14	5,659087091e-14	2,031632675e-11	6,291507571e-13	3,588396466e-14	8,738734562e-14	8,089896483e-14	9,495850897e-15	7,219783365e-12	1,5270188e-14	4,999999912e-15	3,513888399e-14	1,23337267e-13	1,959175877e-10	6,847758471e-11	1	1	1	1	1	1	1	0	0	0	0	0	0	0	0	0	0	3,024844987e-08	68,44709841	2,249206323	0	29,82395355	0,1054176158	0,02463669326	0,05588876824
250,956	1784803238,024	23/07/2026_12:40:38,024	1	2	2,671040193e-06	1,646045803e-06	1,49539864e-12	5,230061176e-12	4,977884424e-13	7,752361036e-13	4,501314686e-12	1,439185923e-11	8,625808807e-14	1,991060582e-13	2,054463544e-11	7,168407578e-13	1,941855558e-14	4,999999912e-15	4,999999912e-15	9,763613258e-15	7,248488268e-12	1,673161528e-13	1,122115774e-13	2,668305233e-14	4,999999912e-15	1,96815772e-10	6,848893674e-11	1	1	1	1	1	1	1	0	0	0	0	0	0	0	0	0	0	2,42992882e-08	68,83904264	1,811854489	0	29,86633801	0,1047253981	0,08215268977	0
251,764	1784803238,832	23/07/2026_12:40:38,832	1	2	2,657460755e-06	1,630972065e-06	1,324850169e-12	5,052372583e-12	3,428708055e-13	6,707974562e-13	4,014497068e-12	1,383497136e-11	1,361743156e-13	9,907572267e-14	2,051494911e-11	5,969417669e-13	4,999999912e-15	5,396757937e-14	9,438795774e-14	9,04142077e-14	7,207008861e-12	2,050124664e-14	4,999999912e-15	4,999999912e-15	7,312224692e-14	1,975622166e-10	6,825483234e-11	1	1	1	1	1	1	1	0	0	0	0	0	0	0	0	0	0	2,991749606e-08	69,13567772	1,61633375	0	29,77754441	0,09283405559	0,04787595934	0,03050985825
252,572	1784803239,640	23/07/2026_12:40:39,640	1	2	2,660699465e-06	1,626603193e-06	1,286125503e-12	5,177626557e-12	4,325477693e-13	6,471607104e-13	3,471340186e-12	1,311201842e-11	1,508780487e-14	1,279047262e-13	2,068666592e-11	7,296468659e-13	4,988906152e-14	4,999999912e-15	4,999999912e-15	4,999999912e-15	7,242387679e-12	1,404468582e-13	9,505930927e-14	6,283476072e-14	4,999999912e-15	1,964259172e-10	6,815006198e-11	1	1	1	1	1	1	1	0	0	0	0	0	0	0	0	0	0	2,442169388e-08	69,22168665	1,39275279	0	29,94040946	0,09074215587	0,04831412191	0
253,38	1784803240,448	23/07/2026_12:40:40,448	1	2	2,652734793e-06	1,611089829e-06	1,240020022e-12	5,059249027e-12	2,479357052e-13	5,114443482e-13	3,169254789e-12	1,288018824e-11	1,603892935e-13	1,670639267e-13	2,067939223e-11	5,776629175e-13	4,999999912e-15	2,177408305e-14	5,741355335e-14	1,083581263e-13	7,269284567e-12	5,570609078e-14	4,999999912e-15	4,999999912e-15	2,736215253e-14	1,961811408e-10	6,84292692e-11	1	1	1	1	1	1	1	0	0	0	0	0	0	0	0	0	0	2,903793848e-08	69,16393614	1,279087434	0	30,07336324	0,08752450644	0,07929542352	0,006080651326
254,188	1784803241,256	23/07/2026_12:40:41,256	1	2	2,644676215e-06	1,619759473e-06	1,114129405e-12	5,115063755e-12	3,619905482e-13	5,631921795e-13	2,960598563e-12	1,245469873e-11	4,999999912e-15	7,95756893e-14	2,064119188e-11	7,005034573e-13	7,498105733e-14	2,918991749e-14	4,999999912e-15	4,999999912e-15	7,155779875e-12	8,389092237e-14	8,277329966e-14	7,746464603e-14	6,855477422e-14	1,972837588e-10	6,857341084e-11	1	1	1	1	1	1	1	0	0	0	0	0	0	0	0	0	0	2,79103253e-08	69,39281298	1,152635484	0	30,06664548	0,07846375622	0,02857350986	0,02154929873
254,996	1784803242,064	23/07/2026_12:40:42,064	1	2	2,646419262e-06	1,622865852e-06	1,177220214e-12	5,138028891e-12	2,448972015e-13	4,122599343e-13	2,713924354e-12	1,23681369e-11	1,427596919e-13	2,152183325e-13	2,065446945e-11	6,050794089e-13	4,999999912e-15	4,999999912e-15	4,018755272e-14	8,47679335e-14	7,314177909e-12	1,159059014e-13	4,999999912e-15	4,999999912e-15	9,204805294e-15	1,974051617e-10	6,829783267e-11	1	1	1	1	1	1	1	0	0	0	0	0	0	0	0	0	0	2,497579684e-08	69,43424244	1,095311441	0	29,95287436	0,08290545148	0,09731842191	0
255,804	1784803242,872	23/07/2026_12:40:42,872	1	2	2,64659684e-06	1,606158662e-06	9,866320001e-13	5,063843875e-12	2,996409002e-13	5,197487948e-13	2,616920786e-12	1,20989295e-11	4,999999912e-15	6,320340979e-14	2,069642548e-11	6,812129528e-13	7,624224196e-14	5,975743582e-14	4,999999912e-15	4,999999912e-15	7,155334051e-12	6,165117787e-14	4,457651154e-14	6,92882031e-14	8,381718307e-14	1,970301561e-10	6,823694387e-11	1	1	1	1	1	1	1	0	0	0	0	0	0	0	0	0	0	2,814159373e-08	69,5443066	1,031376862	0	30,02354031	0,06972323535	0,0224914226	0,03437603268
256,612	1784803243,680	23/07/2026_12:40:43,680	1	2	2,645973609e-06	1,630348947e-06	1,078695401e-12	5,154836193e-12	2,513817062e-13	3,330296108e-13	2,396083332e-12	1,198103769e-11	1,104381411e-13	2,156180237e-13	2,075458555e-11	6,506804102e-13	4,999999912e-15	4,999999912e-15	6,127482927e-15	4,831741561e-14	7,269035634e-12	1,54459697e-13	2,742424174e-14	4,999999912e-15	4,999999912e-15	1,979083286e-10	6,845992523e-11	1	1	1	1	1	1	1	0	0	0	0	0	0	0	0	0	0	2,429505162e-08	69,56341224	0,955257501	0	30,00285389	0,0759129866	0,09460823419	0
257,42	1784803244,488	23/07/2026_12:40:44,488	1	2	2,642771506e-06	1,621622573e-06	9,017633645e-13	5,040909096e-12	2,546025999e-13	4,518304676e-13	2,402579221e-12	1,184047391e-11	1,136629616e-14	4,46153192e-14	2,063628261e-11	6,34094719e-13	5,926848097e-14	7,348701319e-14	5,197293876e-14	4,999999912e-15	7,124342782e-12	1,378779733e-14	1,645765196e-14	4,709890111e-14	1,154906791e-13	1,970378166e-10	6,838817013e-11	1	1	1	1	1	1	1	0	0	0	0	0	0	0	0	0	0	2,945093989e-08	69,57791935	0,934684257	0	30,10301506	0,06375590988	0,0159766691	0,05232829521
258,228	1784803245,296	23/07/2026_12:40:45,296	1	2	2,668764182e-06	1,639120455e-06	1,00219724e-12	5,167529599e-12	2,683593365e-13	3,472131979e-13	2,175521265e-12	1,163746009e-11	4,076963715e-14	1,737657056e-13	2,079762751e-11	6,918419288e-13	4,999999912e-15	4,999999912e-15	4,999999912e-15	2,428482762e-14	7,2429545e-12	1,743245305e-13	6,979656517e-14	4,999999912e-15	4,999999912e-15	1,981435988e-10	6,810078196e-11	1	1	1	1	1	1	1	0	0	0	0	0	0	0	0	0	0	2,269049566e-08	69,78033237	0,8600130264	0	29,90330939	0,07066475728	0,0711851149	0
259,036	1784803246,104	23/07/2026_12:40:46,104	1	2	2,641784931e-06	1,618516876e-06	8,47943135e-13	4,992412733e-12	2,061532368e-13	3,694801355e-13	2,217951734e-12	1,168294714e-11	6,40299852e-14	6,999058993e-14	2,061890762e-11	6,075009202e-13	1,373734636e-14	8,070106405e-14	8,414703802e-14	3,239529006e-14	7,152031571e-12	2,093974882e-14	4,999999912e-15	2,525498189e-14	8,091837205e-14	1,979456044e-10	6,779136974e-11	1	1	1	1	1	1	1	0	0	0	0	0	0	0	0	0	0	2,862040884e-08	69,86044724	0,8844442317	0	29,82917924	0,05992130968	0,0317463148	0,03823690037
259,844	1784803246,912	23/07/2026_12:40:46,912	1	2	2,640857929e-06	1,598174094e-06	9,10739149e-13	5,134234184e-12	2,906495574e-13	3,649398221e-13	1,997122086e-12	1,139268714e-11	4,098695192e-14	1,670600371e-13	2,080898995e-11	7,235076253e-13	3,50263438e-14	4,999999912e-15	4,999999912e-15	4,999999912e-15	7,203433596e-12	1,527173299e-13	9,59673557e-14	2,940722549e-14	4,999999912e-15	1,980485637e-10	6,79957271e-11	1	1	1	1	1	1	1	0	0	0	0	0	0	0	0	0	0	2,358455601e-08	69,87157034	0,7849063123	0	29,90907892	0,06433023255	0,06889057663	0
260,652	1784803247,720	23/07/2026_12:40:47,720	1	2	2,636991894e-06	1,605541456e-06	8,409387011e-13	5,000434095e-12	1,613361408e-13	3,250976419e-13	2,039362169e-12	1,142637287e-11	9,899810735e-14	1,387044505e-13	2,070388999e-11	5,572199061e-13	4,999999912e-15	5,578369933e-14	9,027451502e-14	8,198554547e-14	6,996120263e-12	2,924036e-14	4,999999912e-15	4,999999912e-15	4,926428325e-14	2,031269181e-10	6,77691861e-11	1	1	1	1	1	1	1	0	0	0	0	0	0	0	0	0	0	2,784156969e-08	70,49615795	0,788795719	0	29,32939947	0,0584496964	0,06228634574	0,01852524584
261,46	1784803248,528	23/07/2026_12:40:48,528	1	2	2,695726153e-06	1,622244213e-06	8,34621055e-13	5,224096763e-12	3,050892601e-13	3,908040341e-13	2,072627226e-12	1,204709943e-11	4,999999912e-15	1,122076878e-13	2,222198293e-11	7,407103902e-13	7,563687767e-14	4,999999912e-15	4,999999912e-15	4,999999912e-15	8,178044179e-12	1,22142029e-13	9,808228177e-14	8,122495054e-14	3,198782656e-14	1,322826987e-10	7,947301844e-11	1	1	1	1	1	1	1	0	0	0	0	0	0	0	0	0	0	5,842172747e-08	57,5156095	0,7509875406	0	42,77153769	0,07223006292	0,05352139874	0
262,268	1784803249,336	23/07/2026_12:40:49,336	1	2	3,151401415e-06	2,026883521e-06	3,689003963e-12	8,93306696e-12	1,029632195e-11	2,136441198e-11	1,288459339e-10	1,666932148e-10	1,890048448e-12	1,227745661e-13	6,041270349e-12	6,374048424e-13	4,999999912e-15	4,999999912e-15	5,652489043e-14	8,387539795e-14	7,832169809e-12	9,601392218e-14	4,999999912e-15	4,999999912e-15	1,414869181e-14	4,761152583e-11	7,222798054e-11	1	1	1	1	1	1	1	0	0	0	0	0	0	0	0	0	0	1,392600337e-08	16,30865063	53,14250479	0	30,82469088	0,252477536	0,05252868632	0,05581907799
263,076	1784803250,144	23/07/2026_12:40:50,144	1	2	3,236790462e-06	2,640490038e-06	6,251502354e-12	8,805173604e-12	1,118899678e-11	2,268443593e-11	1,351059126e-10	1,725829479e-10	1,786944833e-12	1,641108378e-14	4,599374267e-12	7,158822688e-13	7,083268298e-14	2,814603409e-14	4,999999912e-15	4,999999912e-15	7,604219338e-12	1,0308826e-13	3,702485367e-14	7,850076383e-14	6,437536458e-14	4,179560517e-11	7,228114635e-11	1	1	1	1	1	1	1	0	0	0	0	0	0	0	0	0	0	3,171625952e-08	14,26618697	55,2892225	0	30,73814378	0,4270238632	0	0,02061829415
263,884	1784803250,952	23/07/2026_12:40:50,952	1	2	3,210865771e-06	2,648602731e-06	6,747082927e-12	8,862229527e-12	1,135064438e-11	2,307101732e-11	1,377682968e-10	1,749246858e-10	1,976981729e-12	1,372181855e-13	4,275711729e-12	6,319486492e-13	4,999999912e-15	4,999999912e-15	3,237977242e-14	7,264492014e-14	7,68251001e-12	1,515608927e-13	4,999999912e-15	4,999999912e-15	4,999999912e-15	3,959523334e-11	7,142361008e-11	1	1	1	1	1	1	1	0	0	0	0	0	0	0	0	0	0	3,298893036e-08	13,5231576	56,27634056	0	30,38147646	0,4612381726	0,05573456309	0
264,692	1784803251,760	23/07/2026_12:40:51,760	1	2	3,222442274e-06	2,665915645e-06	6,790871684e-12	8,855261142e-12	1,155339713e-11	2,3473265e-11	1,38707254e-10	1,768573898e-10	1,861587924e-12	4,999999912e-15	4,03662043e-12	6,905302068e-13	5,820907992e-14	7,230343711e-14	4,999999912e-15	4,999999912e-15	7,520720158e-12	8,869511028e-14	3,924068508e-14	7,326581561e-14	8,236196013e-14	3,829055129e-11	7,17317733e-11	1	1	1	1	1	1	1	0	0	0	0	0	0	0	0	0	0	3,19427331e-08	13,05325443	56,72390965	0	30,47775869	0,463479772	0	0,02910194276
265,5	1784803252,568	23/07/2026_12:40:52,568	1	2	3,227778734e-06	2,701919357e-06	7,094202396e-12	8,998616956e-12	1,158836221e-11	2,344458655e-11	1,402033906e-10	1,772703928e-10	1,975049464e-12	1,335160823e-13	4,024924057e-12	6,841582964e-13	4,999999912e-15	4,999999912e-15	1,095107722e-14	6,096430869e-14	7,723155449e-12	2,073407093e-13	1,36830219e-14	4,999999912e-15	4,999999912e-15	3,751894281e-11	7,176211708e-11	1	1	1	1	1	1	1	0	0	0	0	0	0	0	0	0	0	3,399093446e-08	12,77612464	56,98434642	0	30,4244301	0,4835650012	0,0509611989	0
266,308	1784803253,376	23/07/2026_12:40:53,376	1	2	3,216141977e-06	2,725843387e-06	7,007455814e-12	8,874042126e-12	1,164723092e-11	2,375780822e-11	1,406985917e-10	1,788517251e-10	1,931966523e-12	4,999999912e-15	3,769557149e-12	6,644991632e-13	4,201919371e-14	7,632372653e-14	5,251235305e-14	4,999999912e-15	7,535652657e-12	6,846938652e-14	4,999999912e-15	4,630338471e-14	1,011285646e-13	3,690199188e-11	7,153484055e-11	1	1	1	1	1	1	1	0	0	0	0	0	0	0	0	0	0	3,439483469e-08	12,55099268	57,34724204	0	30,32431061	0,4773088269	0	0,02623158273
267,116	1784803254,184	23/07/2026_12:40:54,184	1	2	3,21872335e-06	2,709179626e-06	7,234999492e-12	9,052005673e-12	1,174662017e-11	2,367997638e-11	1,417041762e-10	1,783135861e-10	1,990408706e-12	1,266163823e-13	3,87913009e-12	7,287619943e-13	4,999999912e-15	4,999999912e-15	4,999999912e-15	1,96048232e-14	7,685630778e-12	2,225138747e-13	7,685150937e-14	4,999999912e-15	4,999999912e-15	3,626139319e-11	7,182535122e-11	1	1	1	1	1	1	1	0	0	0	0	0	0	0	0	0	0	3,699075866e-08	12,34697979	57,44440362	0	30,43268936	0,4931393738	0,04819756855	0
267,924	1784803254,992	23/07/2026_12:40:54,992	1	2	3,22417759e-06	2,74997933e-06	7,201959515e-12	8,888749979e-12	1,174029624e-11	2,387784762e-11	1,420728257e-10	1,796555821e-10	2,012628996e-12	2,152184342e-14	3,691580461e-12	6,464854151e-13	2,009377975e-14	6,271833774e-14	9,798526601e-14	4,142158147e-14	7,563848853e-12	5,75649012e-14	4,999999912e-15	2,534035773e-14	8,11900189e-14	3,58276013e-11	7,143122899e-11	1	1	1	1	1	1	1	0	0	0	0	0	0	0	0	0	0	3,863071492e-08	12,19031239	57,76013662	0	30,27050873	0,4907073973	0,008306938737	0
268,732	1784803255,800	23/07/2026_12:40:55,800	1	2	3,236076736e-06	2,725843387e-06	7,350399803e-12	9,064603235e-12	1,183563404e-11	2,393458348e-11	1,418258289e-10	1,804227601e-10	1,945929095e-12	9,995663016e-14	3,803202111e-12	7,580450482e-13	2,662872025e-14	4,999999912e-15	4,999999912e-15	4,999999912e-15	7,628266942e-12	2,033669728e-13	1,030300587e-13	4,140606044e-14	4,999999912e-15	3,546581431e-11	7,176999967e-11	1	1	1	1	1	1	1	0	0	0	0	0	0	0	0	0	0	2,796929901e-08	12,04837351	57,75104478	0	30,38277429	0,4998432905	0,03186470513	0
269,54	1784803256,608	23/07/2026_12:40:56,608	1	2	3,233289817e-06	2,696744787e-06	7,377301027e-12	8,914439499e-12	1,171505688e-11	2,395139469e-11	1,419123152e-10	1,807313882e-10	2,054570706e-12	8,131420071e-14	3,658486708e-12	6,175826994e-13	4,999999912e-15	5,098338743e-14	8,022763362e-14	1,024867718e-13	7,643308729e-12	7,743359719e-14	4,999999912e-15	4,999999912e-15	6,63505912e-14	3,527956399e-11	7,162709315e-11	1	1	1	1	1	1	1	0	0	0	0	0	0	0	0	0	0	3,269372883e-08	11,98051206	57,82303812	0	30,32081565	0,5016462921	0,03501345132	0,02137593659
270,348	1784803257,416	23/07/2026_12:40:57,416	1	2	3,236525345e-06	2,696744787e-06	7,410479348e-12	9,008373041e-12	1,192396442e-11	2,408312438e-11	1,425477375e-10	1,807143046e-10	1,925819964e-12	6,854700862e-14	3,696803714e-12	7,503846719e-13	8,608733978e-14	7,171367178e-15	4,999999912e-15	4,999999912e-15	7,625713429e-12	1,593841975e-13	1,066079733e-13	8,139956808e-14	3,324903151e-14	3,50664775e-11	7,206786556e-11	1	1	1	1	1	1	1	0	0	0	0	0	0	0	0	0	0	3,450335848e-08	11,89767671	57,86197417	0	30,45821222	0,5033781042	0,01707792623	0
271,156	1784803258,224	23/07/2026_12:40:58,224	1	2	3,232830068e-06	2,719583563e-06	7,522015996e-12	8,976001366e-12	1,178894222e-11	2,396612249e-11	1,423850066e-10	1,816417849e-10	2,078630454e-12	1,345560897e-13	3,625672245e-12	6,189797481e-13	4,999999912e-15	3,018335161e-14	7,103835613e-14	1,089130549e-13	7,680671203e-12	1,282850372e-13	4,999999912e-15	4,999999912e-15	3,182872667e-14	3,477752461e-11	7,147737263e-11	1	1	1	1	1	1	1	0	0	0	0	0	0	0	0	0	0	2,866080036e-08	11,8001142	58,0336763	0	30,24071885	0,5110310175	0,05710238887	0,01534552128
271,964	1784803259,032	23/07/2026_12:40:59,032	1	2	3,237958026e-06	2,731071163e-06	7,449938236e-12	8,990259058e-12	1,189419136e-11	2,417267428e-11	1,428115126e-10	1,812521661e-10	1,900720033e-12	2,426154777e-14	3,603513972e-12	7,101971463e-13	9,470228827e-14	4,335412102e-14	4,999999912e-15	4,999999912e-15	7,590757883e-12	1,261196686e-13	7,120133882e-14	8,281212088e-14	7,092193992e-14	3,442959459e-11	7,189031315e-11	1	1	1	1	1	1	1	0	0	0	0	0	0	0	0	0	0	3,39829729e-08	11,69547779	58,08926843	0	30,42624328	0,5066960928	0	0,001528530659
272,772	1784803259,840	23/07/2026_12:40:59,840	1	2	3,229443564e-06	2,762656777e-06	7,60933417e-12	9,060726128e-12	1,181802052e-11	2,405750946e-11	1,432510222e-10	1,811078371e-10	2,088475226e-12	1,566638936e-13	3,668579763e-12	6,541263841e-13	4,999999912e-15	4,999999912e-15	4,052515973e-14	1,034530399e-13	7,727396847e-12	1,716585587e-13	4,999999912e-15	4,999999912e-15	4,999999912e-15	3,453071162e-11	7,155934179e-11	1	1	1	1	1	1	1	0	0	0	0	0	0	0	0	0	0	3,359028565e-08	11,72778629	58,12264377	0	30,26539079	0,5173708501	0,0665504106	0
273,58	1784803260,648	23/07/2026_12:41:00,648	1	2	3,239156058e-06	2,730024562e-06	7,478464896e-12	9,015804596e-12	1,187242665e-11	2,422161083e-11	1,43062881e-10	1,816825163e-10	1,926498891e-12	4,999999912e-15	3,547318906e-12	7,13608209e-13	6,318789215e-14	7,057656055e-14	3,232932653e-14	4,999999912e-15	7,57600753e-12	1,030494592e-13	3,350902658e-14	5,893474321e-14	9,677839991e-14	3,434812157e-11	7,152008152e-11	1	1	1	1	1	1	1	0	0	0	0	0	0	0	0	0	0	3,16509421e-08	11,66784615	58,23296277	0	30,27888579	0,5087041968	0	0,02226575851
274,388	1784803261,456	23/07/2026_12:41:01,456	1	2	3,24263533e-06	2,774332188e-06	7,649650011e-12	9,108445768e-12	1,193450287e-11	2,408178865e-11	1,435547098e-10	1,813266481e-10	2,052917515e-12	1,477889534e-13	3,652161473e-12	6,93774465e-13	4,999999912e-15	4,999999912e-15	4,999999912e-15	6,045982942e-14	7,719344261e-12	1,949770911e-13	4,037381865e-14	4,999999912e-15	4,999999912e-15	3,46005273e-11	7,184693812e-11	1	1	1	1	1	1	1	0	0	0	0	0	0	0	0	0	0	3,367788817e-08	11,72723287	58,094346	0	30,32285569	0,5190714478	0,05919840429	0
275,196	1784803262,264	23/07/2026_12:41:02,264	1	2	3,25272822e-06	2,721668579e-06	7,565657302e-12	9,03500972e-12	1,194304117e-11	2,422395964e-11	1,442503894e-10	1,832492491e-10	2,006862341e-12	4,999999912e-15	3,477440775e-12	6,370555667e-13	5,24192167e-14	7,427477416e-14	6,756909214e-14	4,999999912e-15	6,853070195e-12	6,912133084e-14	4,999999912e-15	3,894575499e-14	9,737212935e-14	3,153989916e-11	6,721326273e-11	1	1	1	1	1	1	1	0	0	0	0	0	0	0	0	0	0	1,562072754e-08	10,95546954	60,14147834	0	29,10496291	0,5258952632	0	0,05071921151
276,004	1784803263,072	23/07/2026_12:41:03,072	1	2	3,237013516e-06	2,802116796e-06	7,850668032e-12	8,853261006e-12	1,182322729e-11	2,370966097e-11	1,401942035e-10	1,768536567e-10	1,930480515e-12	1,330930944e-13	3,508489506e-12	7,164566249e-13	4,999999912e-15	4,999999912e-15	4,999999912e-15	1,006241599e-14	7,050689893e-12	2,141511659e-13	8,252106003e-14	4,999999912e-15	4,999999912e-15	5,473008505e-11	6,250761714e-11	1	1	1	1	1	1	1	0	0	0	0	0	0	0	0	0	0	9,041205815e-09	18,13353063	55,83975506	0	25,91797328	0,5227825605	0,04476452669	0
276,812	1784803263,880	23/07/2026_12:41:03,880	1	2	2,931092013e-06	2,473925861e-06	5,792407786e-12	6,700484785e-12	6,530965005e-12	1,246535514e-11	6,880461478e-11	8,540766011e-11	8,398714666e-13	6,797267962e-14	1,251564824e-11	5,762697719e-13	2,125019995e-14	6,766222511e-14	9,628556226e-14	7,74723913e-14	6,810771565e-12	2,460304096e-14	4,999999912e-15	2,441676994e-14	8,694107446e-14	1,626333235e-10	6,612879688e-11	1	1	1	1	1	1	1	0	0	0	0	0	0	0	0	0	0	5,545471836e-08	50,4361797	24,54087187	0	25,49608301	0,360600818	0,01552477805	0
277,62	1784803264,688	23/07/2026_12:41:04,688	1	2	2,661181043e-06	1,835335752e-06	3,125299282e-12	5,48678724e-12	1,735189141e-12	3,187125043e-12	1,780377755e-11	2,935859542e-11	2,117723585e-13	1,500241717e-13	1,874586424e-11	7,315250294e-13	7,610642531e-14	4,999999912e-15	4,999999912e-15	4,999999912e-15	7,195230523e-12	1,57133448e-13	1,170855947e-13	6,685506369e-14	4,999999912e-15	1,835158969e-10	6,736540492e-11	1	1	1	1	1	1	1	0	0	0	0	0	0	0	0	0	0	2,8988409e-08	63,96990467	7,197303577	0	29,25930832	0,2181747762	0,05649390369	0
278,428	1784803265,496	23/07/2026_12:41:05,496	1	2	2,670026333e-06	1,71692966e-06	2,113497528e-12	5,264408701e-12	8,813435008e-13	1,767720193e-12	1,01979614e-11	2,104182974e-11	2,417267504e-13	1,618794346e-13	1,972366541e-11	6,043614502e-13	1,019435662e-14	6,008340798e-14	9,898258293e-14	1,025527455e-13	7,229608839e-12	6,073535229e-14	4,999999912e-15	4,999999912e-15	7,405359014e-14	1,902439734e-10	6,810767228e-11	1	1	1	1	1	1	1	0	0	0	0	0	0	0	0	0	0	2,878146054e-08	66,56353008	4,169757593	0	29,70467961	0,1480730754	0,07491956685	0,02146798707
279,236	1784803266,304	23/07/2026_12:41:06,304	1	2	2,661905455e-06	1,659982672e-06	1,73552275e-12	5,241432288e-12	7,624999807e-13	1,306017469e-12	7,224001345e-12	1,740779569e-11	5,281503858e-14	1,328175851e-13	2,008982043e-11	7,430038572e-13	9,860616148e-14	3,766515637e-14	4,999999912e-15	4,999999912e-15	7,232336691e-12	1,343698373e-13	1,064915571e-13	1,125142595e-13	7,038641181e-14	1,93149538e-10	6,840488592e-11	1	1	1	1	1	1	1	0	0	0	0	0	0	0	0	0	0	2,765525425e-08	67,71023282	2,911109922	0	29,89006006	0,1218221373	0,0486314362	0,01565271507
280,044	1784803267,112	23/07/2026_12:41:07,112	1	2	2,654467607e-06	1,655536039e-06	1,628402599e-12	5,185287096e-12	4,753352659e-13	9,264788372e-13	5,674708533e-12	1,574555937e-11	1,815269262e-13	2,165765532e-13	2,035061356e-11	5,938644758e-13	4,999999912e-15	2,273258892e-14	6,160072859e-14	1,092855935e-13	7,329275208e-12	1,090061743e-13	4,999999912e-15	4,999999912e-15	2,953140729e-14	1,933520566e-10	6,805226521e-11	1	1	1	1	1	1	1	0	0	0	0	0	0	0	0	0	0	2,622824464e-08	68,18972746	2,31897447	0	29,91834312	0,1149785664	0,09788603531	0,00303654115
280,852	1784803267,920	23/07/2026_12:41:07,920	1	2	2,655202934e-06	1,654267862e-06	1,387168809e-12	5,144959545e-12	4,927980224e-13	8,996094885e-13	4,738676031e-12	1,454639274e-11	9,088381462e-15	7,807000353e-14	2,044949106e-11	6,848724062e-13	8,983600268e-14	5,134040166e-14	4,999999912e-15	4,999999912e-15	7,137774313e-12	8,443420252e-14	6,382042925e-14	9,014645042e-14	1,000808052e-13	1,964639562e-10	6,819894649e-11	1	1	1	1	1	1	1	0	0	0	0	0	0	0	0	0	0	2,752108928e-08	68,86601688	1,896511769	0	29,80061635	0,09736067572	0,02572640703	0,03913633078
281,66	1784803268,728	23/07/2026_12:41:08,728	1	2	2,669513151e-06	1,636610023e-06	1,430134657e-12	5,162344944e-12	3,70201916e-13	6,325929364e-13	4,017100888e-12	1,381638814e-11	1,482623838e-13	2,255019224e-13	2,050430138e-11	6,098369964e-13	4,999999912e-15	4,999999912e-15	2,662871517e-14	8,899779243e-14	7,304532847e-12	1,490074475e-13	2,43313958e-14	4,999999912e-15	4,999999912e-15	1,96496569e-10	6,852596962e-11	1	1	1	1	1	1	1	0	0	0	0	0	0	0	0	0	0	2,642285081e-08	68,91312462	1,610355506	0	29,96157768	0,1004258381	0,09994503607	0
282,468	1784803269,536	23/07/2026_12:41:09,536	1	2	2,648431746e-06	1,622865852e-06	1,165849969e-12	5,067720549e-12	3,827595792e-13	6,736807293e-13	3,641007634e-12	1,33146107e-11	5,254345272e-15	5,352906703e-14	2,056171552e-11	6,376065583e-13	5,778221597e-14	8,801988272e-14	2,077676105e-14	4,999999912e-15	7,163184108e-12	3,182871989e-14	2,298095084e-14	5,405683632e-14	1,169536744e-13	1,962264379e-10	6,780025846e-11	1	1	1	1	1	1	1	0	0	0	0	0	0	0	0	0	0	2,780186916e-08	69,24633696	1,471367239	0	29,82684144	0,08237317504	0,01710192388	0,05502065998
283,276	1784803270,344	23/07/2026_12:41:10,344	1	2	2,653173397e-06	1,63849063e-06	1,270059687e-12	5,18284287e-12	3,276937641e-13	4,958636583e-13	3,150848939e-12	1,284871255e-11	7,511298441e-14	2,01993248e-13	2,068186768e-11	6,540060919e-13	4,999999912e-15	4,999999912e-15	4,999999912e-15	3,65863481e-14	7,279145169e-12	1,604552401e-13	4,984248488e-14	4,999999912e-15	4,999999912e-15	1,970725805e-10	6,821647414e-11	1	1	1	1	1	1	1	0	0	0	0	0	0	0	0	0	0	2,342956197e-08	69,31294875	1,273735445	0	29,91496745	0,08943544529	0,08451259504	0
284,084	1784803271,152	23/07/2026_12:41:11,152	1	2	2,651256182e-06	1,623489652e-06	1,05797684e-12	5,018584073e-12	2,691121523e-13	5,397299903e-13	3,040344886e-12	1,265070947e-11	5,276069973e-14	5,62066737e-14	2,052847649e-11	6,178388964e-13	3,500306056e-14	7,762761516e-14	5,595833042e-14	4,999999912e-15	7,169805548e-12	1,181256902e-14	4,999999912e-15	3,196067068e-14	7,942821748e-14	1,968922803e-10	6,820514986e-11	1	1	1	1	1	1	1	0	0	0	0	0	0	0	0	0	0	3,007682667e-08	69,39995458	1,216017948	0	29,9698636	0,07466752409	0,02386334176	0,03412699582
284,892	1784803271,960	23/07/2026_12:41:11,960	1	2	2,653323008e-06	1,598788458e-06	1,120435233e-12	5,188658964e-12	3,566702597e-13	4,471349235e-13	2,685483129e-12	1,230716223e-11	4,858129686e-14	1,646268977e-13	2,068240718e-11	7,004918564e-13	4,999999912e-15	4,999999912e-15	4,999999912e-15	6,391363336e-15	7,255515633e-12	1,525194088e-13	8,335151823e-14	4,999999912e-15	4,999999912e-15	1,981350223e-10	6,80154405e-11	1	1	1	1	1	1	1	0	0	0	0	0	0	0	0	0	0	2,210402266e-08	69,63136621	1,087770921	0	29,80678294	0,07884071016	0,06737344286	0
285,7	1784803272,768	23/07/2026_12:41:12,768	1	2	2,642419986e-06	1,619759473e-06	9,864573351e-13	5,01722535e-12	2,239031443e-13	4,51213421e-13	2,654589656e-12	1,225089041e-11	9,28007874e-14	8,361152347e-14	2,058554369e-11	5,835264997e-13	4,999999912e-15	5,393265451e-14	9,727123756e-14	6,104191723e-14	7,183363713e-12	1,438153016e-14	4,999999912e-15	4,999999912e-15	6,548132533e-14	1,955315632e-10	6,769762528e-11	1	1	1	1	1	1	1	0	0	0	0	0	0	0	0	0	0	2,776658793e-08	69,47356971	1,087957107	0	29,98738464	0,07017215978	0,03976497545	0,03146280167
286,508	1784803273,576	23/07/2026_12:41:13,576	1	2	2,667411081e-06	1,621622573e-06	1,009861357e-12	5,145328608e-12	3,275889759e-13	4,520477417e-13	2,410666285e-12	1,186762234e-11	8,448088081e-15	1,221963611e-13	2,074017347e-11	7,307061315e-13	4,781294311e-14	4,999999912e-15	4,999999912e-15	4,999999912e-15	7,237253331e-12	1,188745689e-13	8,522197027e-14	5,119682618e-14	4,999999912e-15	1,971534186e-10	6,818290377e-11	1	1	1	1	1	1	1	0	0	0	0	0	0	0	0	0	0	2,461418818e-08	69,61389708	0,9512876501	0	30,01442338	0,07139051288	0,04694809318	0
287,316	1784803274,384	23/07/2026_12:41:14,384	1	2	2,649860562e-06	1,626603193e-06	9,655098986e-13	5,020353491e-12	1,875573807e-13	3,59576816e-13	2,370024966e-12	1,192635487e-11	1,271751801e-13	1,467644636e-13	2,066457769e-11	5,762077556e-13	4,999999912e-15	3,08120093e-14	7,474045254e-14	9,37709315e-14	7,257522274e-12	5,291593376e-14	4,999999912e-15	4,999999912e-15	3,646217307e-14	1,966123653e-10	6,801331026e-11	1	1	1	1	1	1	1	0	0	0	0	0	0	0	0	0	0	2,820671114e-08	69,56493229	0,9568858766	0	30,0007345	0,06839545432	0,0690960649	0,01399476744
288,124	1784803275,192	23/07/2026_12:41:15,192	1	2	2,645788982e-06	1,606158662e-06	8,875136411e-13	5,07949802e-12	3,075340546e-13	4,660489117e-13	2,24272944e-12	1,165164406e-11	4,999999912e-15	1,036005049e-13	2,074916107e-11	7,065843678e-13	6,448401519e-14	1,630242978e-14	4,999999912e-15	4,999999912e-15	7,154565568e-12	1,055563243e-13	8,401122137e-14	7,271090061e-14	6,454609931e-14	1,977787378e-10	6,824767834e-11	1	1	1	1	1	1	1	0	0	0	0	0	0	0	0	0	0	2,700552065e-08	69,73043163	0,8738297913	0	29,99592712	0,06264934841	0,03929067738	0,02310592016
288,932	1784803276,000	23/07/2026_12:41:16,000	1	2	2,652700914e-06	1,600627229e-06	9,709194169e-13	5,081193712e-12	1,806421495e-13	3,252489695e-13	2,155916504e-12	1,169902022e-11	1,357513142e-13	2,020320218e-13	2,072168999e-11	5,882918935e-13	4,999999912e-15	4,999999912e-15	6,242341442e-14	1,013536314e-13	7,319728157e-12	1,023160235e-13	4,999999912e-15	4,999999912e-15	2,308960653e-14	1,966102836e-10	6,812061332e-11	1	1	1	1	1	1	1	0	0	0	0	0	0	0	0	0	0	2,593450141e-08	69,56516087	0,8697332994	0	30,0499128	0,06877773733	0,09263212185	0,00670448793
289,74	1784803276,808	23/07/2026_12:41:16,808	1	2	2,648475629e-06	1,633475449e-06	8,283926388e-13	5,076444039e-12	2,767880055e-13	4,272312755e-13	2,126734119e-12	1,151085824e-11	4,999999912e-15	5,925683934e-14	2,05999922e-11	6,7242338e-13	6,456550653e-14	5,363772442e-14	6,853157229e-15	4,999999912e-15	7,127685595e-12	6,493804518e-14	4,894995271e-14	8,049150132e-14	7,996374559e-14	1,977937814e-10	6,809778436e-11	1	1	1	1	1	1	1	0	0	0	0	0	0	0	0	0	0	2,668926241e-08	69,8187907	0,8284814054	0	29,9686714	0,05854982826	0,02159668118	0,03297271494
290,548	1784803277,616	23/07/2026_12:41:17,616	1	2	2,640053253e-06	1,606774163e-06	9,452220907e-13	5,103227736e-12	1,949615735e-13	2,77975505e-13	1,9695621e-12	1,14569413e-11	9,217211955e-14	2,148302695e-13	2,072373176e-11	6,288441989e-13	4,999999912e-15	4,999999912e-15	8,257937655e-15	6,777088927e-14	7,117525319e-12	1,584838895e-13	1,291466391e-14	4,999999912e-15	4,999999912e-15	2,005924454e-10	6,699722721e-11	1	1	1	1	1	1	1	0	0	0	0	0	0	0	0	0	0	2,053532941e-08	70,37645543	0,812412974	0	29,31831768	0,06640646014	0,09276458828	0,001242938485
291,356	1784803278,424	23/07/2026_12:41:18,424	1	2	2,662165798e-06	1,617898647e-06	7,534542651e-13	5,036399249e-12	2,341052699e-13	3,83989715e-13	2,074008717e-12	1,178118453e-11	1,154480835e-14	5,354846747e-14	2,177748433e-11	6,712165546e-13	5,718072093e-14	9,38446708e-14	6,220998245e-14	4,999999912e-15	7,849031321e-12	3,535619199e-14	3,110305321e-14	4,789831048e-14	8,766674452e-14	1,696087576e-10	7,931060669e-11	1	1	1	1	1	1	1	0	0	0	0	0	0	0	0	0	0	6,542690349e-08	63,54199484	0,5955946275	0	36,90268909	0,05639179685	0,02209950461	0
292,164	1784803279,232	23/07/2026_12:41:19,232	1	2	3,031580491e-06	1,875157523e-06	2,82648514e-12	8,608492391e-12	9,216288323e-12	1,968030773e-11	1,216067663e-10	1,614746392e-10	1,779621806e-12	1,346958027e-13	6,752787565e-12	7,473345944e-13	4,999999912e-15	4,999999912e-15	4,999999912e-15	2,644244754e-14	7,839217123e-12	1,924391907e-13	5,233384255e-14	4,999999912e-15	4,999999912e-15	4,901968415e-11	7,189554507e-11	1	1	1	1	1	1	1	0	0	0	0	0	0	0	0	0	0	3,568245758e-10	17,11017874	51,76062019	0	31,31749921	0,1969238668	0,05512887105	0,1883807837
292,972	1784803280,040	23/07/2026_12:41:20,040	1	2	3,253412842e-06	2,612302751e-06	6,00862719e-12	8,709605953e-12	1,108261052e-11	2,263422436e-11	1,347221501e-10	1,714102887e-10	1,882411328e-12	4,999999912e-15	4,553105289e-12	6,286191728e-13	2,467289068e-14	4,711830494e-14	6,73905918e-14	1,433496198e-14	7,565323368e-12	3,839470923e-14	4,999999912e-15	5,300913449e-15	7,592791142e-14	4,224734104e-11	7,145112974e-11	1	1	1	1	1	1	1	0	0	0	0	0	0	0	0	0	0	3,542249788e-08	14,48831501	55,28569776	0	30,51993181	0,4124548269	0	0,005652438469
293,78	1784803280,848	23/07/2026_12:41:20,848	1	2	3,214754543e-06	2,675128371e-06	6,561609329e-12	8,926666697e-12	1,145612251e-11	2,314866181e-11	1,375070335e-10	1,745704831e-10	1,899652961e-12	8,751927948e-14	4,33361463e-12	7,383743139e-13	4,999999912e-15	4,999999912e-15	4,999999912e-15	4,999999912e-15	7,632546505e-12	1,911159084e-13	9,006495907e-14	1,47501877e-14	4,999999912e-15	3,980560673e-11	7,184678547e-11	1	1	1	1	1	1	1	0	0	0	0	0	0	0	0	0	0	3,191238226e-08	13,58980472	56,12969959	0	30,54620102	0,4483502979	0,02910728739	0
294,588	1784803281,656	23/07/2026_12:41:21,656	1	2	3,221141469e-06	2,674100415e-06	6,683064258e-12	8,83354067e-12	1,14631464e-11	2,338261008e-11	1,388529847e-10	1,763828666e-10	1,991646431e-12	4,502666211e-14	4,000340423e-12	6,068140239e-13	4,999999912e-15	4,015262786e-14	7,597836748e-14	6,474013762e-14	7,64885464e-12	5,772400787e-14	4,999999912e-15	4,999999912e-15	6,995566507e-14	3,822533262e-11	7,131822216e-11	1	1	1	1	1	1	1	0	0	0	0	0	0	0	0	0	0	3,467869663e-08	13,05713687	56,78081991	0	30,35162061	0,457068845	0,0195500708	0,001716529953
295,396	1784803282,464	23/07/2026_12:41:22,464	1	2	3,217676522e-06	2,691582949e-06	6,848171769e-12	8,939926924e-12	1,167826773e-11	2,358254911e-11	1,394949711e-10	1,767650332e-10	1,889939594e-12	6,464311508e-14	3,982547798e-12	7,527209108e-13	4,244605766e-14	4,999999912e-15	4,999999912e-15	4,999999912e-15	7,62541072e-12	1,581501586e-13	8,358046785e-14	7,86443393e-14	4,999999912e-15	3,736324791e-11	7,185008144e-11	1	1	1	1	1	1	1	0	0	0	0	0	0	0	0	0	0	3,453373e-08	12,7619975	56,94704095	0	30,56205641	0,4682516354	0,01656887074	0
296,204	1784803283,272	23/07/2026_12:41:23,272	1	2	3,231595201e-06	2,694681825e-06	6,986605305e-12	8,895521472e-12	1,15622581e-11	2,361226319e-11	1,402060551e-10	1,790190496e-10	2,035342164e-12	1,129527719e-13	3,827607068e-12	6,01722719e-13	4,999999912e-15	6,313753096e-15	6,433655014e-14	1,047879706e-13	7,673643838e-12	1,16243522e-13	4,999999912e-15	4,999999912e-15	4,058725063e-14	3,633151766e-11	7,16425877e-11	1	1	1	1	1	1	1	0	0	0	0	0	0	0	0	0	0	3,001878627e-08	12,37170107	57,34159762	0	30,41505495	0,4763135603	0,04769793561	0,01992938632
297,012	1784803284,080	23/07/2026_12:41:24,080	1	2	3,225011824e-06	2,715415349e-06	6,99415352e-12	8,952941687e-12	1,174671471e-11	2,379277851e-11	1,413763134e-10	1,791009979e-10	1,893688331e-12	2,676065919e-14	3,799298116e-12	7,198055086e-13	7,385567581e-14	2,173139429e-14	4,999999912e-15	4,999999912e-15	7,548116646e-12	1,378701298e-13	5,156548203e-14	7,171357692e-14	5,572549122e-14	3,59247701e-11	7,165710386e-11	1	1	1	1	1	1	1	0	0	0	0	0	0	0	0	0	0	3,472463608e-08	12,2432667	57,6066456	0	30,41607951	0,4772027099	0	0
297,82	1784803284,888	23/07/2026_12:41:24,888	1	2	3,24133498e-06	2,763715656e-06	7,171993902e-12	8,998128631e-12	1,165438752e-11	2,378531226e-11	1,419397377e-10	1,797821336e-10	2,039707812e-12	1,483322471e-13	3,778373881e-12	6,261122263e-13	4,999999912e-15	4,999999912e-15	4,442517047e-14	8,645987165e-14	7,73541127e-12	1,53547761e-13	4,999999912e-15	4,999999912e-15	4,999999912e-15	3,556115472e-11	7,180585293e-11	1	1	1	1	1	1	1	0	0	0	0	0	0	0	0	0	0	3,427112327e-08	12,08662309	57,67106873	0	30,39600126	0,4879928477	0,06026991535	0
298,628	1784803285,696	23/07/2026_12:41:25,696	1	2	3,224672128e-06	2,671028142e-06	7,068322923e-12	8,948274413e-12	1,178612936e-11	2,392476842e-11	1,422486851e-10	1,805628563e-10	1,901484612e-12	4,999999912e-15	3,661881996e-12	6,934990234e-13	6,316460891e-14	5,385115639e-14	4,999999912e-15	4,999999912e-15	7,535454899e-12	9,864885872e-14	3,379619786e-14	5,301294614e-14	9,47061643e-14	3,547352342e-11	7,160982918e-11	1	1	1	1	1	1	1	0	0	0	0	0	0	0	0	0	0	3,391903551e-08	12,05077095	57,87038281	0	30,31442995	0,4808326494	0	0,01708479116
299,436	1784803286,504	23/07/2026_12:41:26,504	1	2	3,228469723e-06	2,733168003e-06	7,282571247e-12	9,025242359e-12	1,180470131e-11	2,384081474e-11	1,422043178e-10	1,807333588e-10	2,02464716e-12	1,510913383e-13	3,730591357e-12	6,581156518e-13	4,999999912e-15	4,999999912e-15	4,999999912e-15	6,186849264e-14	7,671748653e-12	1,974412929e-13	2,185169499e-14	4,999999912e-15	4,999999912e-15	3,526221676e-11	7,208460218e-11	1	1	1	1	1	1	1	0	0	0	0	0	0	0	0	0	0	3,132608763e-08	11,95542795	57,75629108	0	30,45346111	0,494314235	0,05894910434	0
300,244	1784803287,312	23/07/2026_12:41:27,312	1	2	3,232565632e-06	2,708138481e-06	7,187294596e-12	8,924129664e-12	1,181427872e-11	2,402059628e-11	1,427632734e-10	1,806859384e-10	1,95052763e-12	4,999999912e-15	3,580195385e-12	6,624618931e-13	4,041650912e-14	7,288940095e-14	5,547325159e-14	4,999999912e-15	7,576209625e-12	7,397597481e-14	4,999999912e-15	3,970247389e-14	1,026613961e-13	3,498267648e-11	7,177006905e-11	1	1	1	1	1	1	1	0	0	0	0	0	0	0	0	0	0	3,824876282e-08	11,88300865	57,97899355	0	30,3686642	0,4889245939	0	0,002804143014
301,052	1784803288,120	23/07/2026_12:41:28,120	1	2	3,226553872e-06	2,730024562e-06	7,361646882e-12	9,066148006e-12	1,185288673e-11	2,400903608e-11	1,424733526e-10	1,810128852e-10	2,001429621e-12	1,328253371e-13	3,708414218e-12	7,160025611e-13	4,999999912e-15	4,999999912e-15	4,999999912e-15	5,820916293e-15	7,72463777e-12	2,048493753e-13	8,635122782e-14	4,999999912e-15	4,999999912e-15	3,503653964e-11	7,173507621e-11	1	1	1	1	1	1	1	0	0	0	0	0	0	0	0	0	0	2,940456955e-08	11,88787085	57,91323304	0	30,3297114	0,5000561176	0,04924367366	0
301,86	1784803288,928	23/07/2026_12:41:28,928	1	2	3,237616966e-06	2,720623115e-06	7,2991925e-12	8,932088576e-12	1,182518753e-11	2,402833835e-11	1,428898805e-10	1,817817979e-10	2,004712368e-12	4,999999912e-15	3,536682015e-12	6,317391272e-13	1,497138188e-14	4,818936117e-14	7,994822794e-14	4,728905662e-14	7,587769822e-12	5,132488401e-14	4,999999912e-15	4,999999912e-15	7,938941659e-14	3,459679418e-11	7,17472956e-11	1	1	1	1	1	1	1	0	0	0	0	0	0	0	0	0	0	3,393346037e-08	11,73351624	58,12421627	0	30,33342823	0,4957639181	0	0,02392826044
302,668	1784803289,736	23/07/2026_12:41:29,736	1	2	3,240937076e-06	2,72479906e-06	7,398208782e-12	9,075546738e-12	1,190972147e-11	2,409190382e-11	1,427970936e-10	1,811600731e-10	1,968746997e-12	7,647119835e-14	3,681536846e-12	7,433142643e-13	1,450571197e-14	4,999999912e-15	4,999999912e-15	4,999999912e-15	7,673577052e-12	1,954350039e-13	8,227657921e-14	2,977976752e-14	4,999999912e-15	3,430213752e-11	7,16239984e-11	1	1	1	1	1	1	1	0	0	0	0	0	0	0	0	0	0	3,008895948e-08	11,67019468	58,15116808	0	30,35557016	0,5038302337	0,02393465866	0
303,476	1784803290,544	23/07/2026_12:41:30,544	1	2	3,240924116e-06	2,709179626e-06	7,40618851e-12	8,92882903e-12	1,177531336e-11	2,404763368e-11	1,431694902e-10	1,817741235e-10	2,061431538e-12	8,039836836e-14	3,522929344e-12	6,19460917e-13	4,999999912e-15	3,976068539e-14	9,747303469e-14	9,498945277e-14	7,599286651e-12	6,943954418e-14	4,999999912e-15	4,999999912e-15	5,146459024e-14	3,43948689e-11	7,166719995e-11	1	1	1	1	1	1	1	0	0	0	0	0	0	0	0	0	0	3,54133678e-08	11,66968527	58,19452377	0	30,30361368	0,5032223156	0,0338786254	0
304,284	1784803291,352	23/07/2026_12:41:31,352	1	2	3,237437795e-06	2,755253263e-06	7,44037644e-12	9,046759869e-12	1,194816381e-11	2,415311527e-11	1,426912616e-10	1,812167638e-10	1,934776341e-12	5,0401303e-14	3,596994447e-12	7,499345654e-13	7,12013456e-14	4,999999912e-15	4,999999912e-15	4,999999912e-15	7,63136429e-12	1,669746427e-13	1,004455715e-13	6,257087269e-14	2,125019826e-14	3,435884563e-11	7,195145868e-11	1	1	1	1	1	1	1	0	0	0	0	0	0	0	0	0	0	3,145249223e-08	11,67360436	58,07292587	0	30,46180209	0,5061381726	0,01049352339	0
305,092	1784803292,160	23/07/2026_12:41:32,160	1	2	3,243694209e-06	2,743661071e-06	7,523068106e-12	9,010938697e-12	1,189006706e-11	2,420024597e-11	1,438176939e-10	1,825603835e-10	2,099100624e-12	1,27349818e-13	3,549840977e-12	6,100038552e-13	4,999999912e-15	1,825825427e-14	7,016521424e-14	1,132864961e-13	7,261717703e-12	1,208614372e-13	4,999999912e-15	4,999999912e-15	2,7168121e-14	3,080624644e-11	6,453410722e-11	1	1	1	1	1	1	1	0	0	0	0	0	0	0	0	0	0	8,489607331e-09	10,83669529	60,73638924	0	28,29635233	0,5293380881	0,0561555407	0,01729115157
305,9	1784803292,968	23/07/2026_12:41:32,968	1	2	3,251267799e-06	2,735260523e-06	7,765225962e-12	8,725272241e-12	1,205126103e-11	2,431614285e-11	1,420669415e-10	1,793872551e-10	1,864812775e-12	2,793648491e-14	3,416976988e-12	7,003986692e-13	7,987448864e-14	3,504575102e-14	4,999999912e-15	4,999999912e-15	7,13301293e-12	1,090255951e-13	6,723925073e-14	7,850851588e-14	7,866374652e-14	4,384862959e-11	6,456930129e-11	1	1	1	1	1	1	1	0	0	0	0	0	0	0	0	0	0	2,205184215e-08	14,85689982	57,79819653	0	27,33111853	0,5281067397	0	0,003676221659
306,708	1784803293,776	23/07/2026_12:41:33,776	1	2	2,985840183e-06	2,519863529e-06	6,212331864e-12	7,222080139e-12	7,685082605e-12	1,474081274e-11	8,235721133e-11	1,011930123e-10	1,055970741e-12	1,942281378e-13	1,102156474e-11	5,456867055e-13	4,999999912e-15	4,999999912e-15	4,962130424e-14	8,973122131e-14	6,811559129e-12	1,548943536e-13	4,999999912e-15	4,999999912e-15	8,828385546e-15	1,544572248e-10	6,553226711e-11	1	1	1	1	1	1	1	0	0	0	0	0	0	0	0	0	0	4,955055606e-08	46,83126657	28,87404609	0	24,70941244	0,3783077115	0,06140575554	0
307,516	1784803294,584	23/07/2026_12:41:34,584	1	2	2,635095825e-06	1,826216135e-06	3,141093288e-12	5,406388445e-12	1,856675404e-12	3,589116634e-12	1,985099064e-11	3,122564013e-11	1,916320293e-13	7,440671478e-14	1,837622242e-11	6,540447979e-13	9,682109037e-14	9,110884248e-14	3,007469762e-14	4,999999912e-15	7,044810481e-12	6,965685895e-14	5,096786979e-14	7,431358182e-14	1,043960247e-13	1,834647156e-10	6,803191344e-11	1	1	1	1	1	1	1	0	0	0	0	0	0	0	0	0	0	3,890581418e-08	63,39970404	7,847641403	0	29,27709678	0,2174237985	0,0216742707	0
308,324	1784803295,392	23/07/2026_12:41:35,392	1	2	2,678443479e-06	1,7189044e-06	2,209581259e-12	5,35006154e-12	9,782655372e-13	1,78811653e-12	1,069259785e-11	2,15235052e-11	2,131033929e-13	1,974257617e-13	1,975346796e-11	6,532260627e-13	4,999999912e-15	4,999999912e-15	9,169877043e-15	5,07389134e-14	7,290379238e-12	1,77246618e-13	5,629593742e-14	4,999999912e-15	4,999999912e-15	1,889366164e-10	6,8445416e-11	1	1	1	1	1	1	1	0	0	0	0	0	0	0	0	0	0	2,720811203e-08	66,2105256	4,352875941	0	29,89499373	0,1550366123	0,08577813584	0
309,132	1784803296,200	23/07/2026_12:41:36,200	1	2	2,665814236e-06	1,684338145e-06	1,635019052e-12	5,161510542e-12	6,656129641e-13	1,330857083e-12	7,534669937e-12	1,787747554e-11	1,003175272e-13	7,827567668e-14	1,996084721e-11	6,443161434e-13	5,455742601e-14	8,420524613e-14	8,960704628e-14	4,999999912e-15	7,155364842e-12	3,732754259e-14	8,021217357e-15	5,427802711e-14	9,199749523e-14	1,922113302e-10	6,812341663e-11	1	1	1	1	1	1	1	0	0	0	0	0	0	0	0	0	0	2,973347178e-08	67,59792578	3,075528652	0	29,86423393	0,1151381117	0,03114021185	0,03382001665
309,94	1784803297,008	23/07/2026_12:41:37,008	1	2	2,660840892e-06	1,641005838e-06	1,59757884e-12	5,286963142e-12	5,871936509e-13	9,832948258e-13	5,772396016e-12	1,581719998e-11	1,029563262e-13	1,891988763e-13	2,030887611e-11	7,041706628e-13	4,999999912e-15	4,999999912e-15	4,999999912e-15	2,53752809e-14	7,272792178e-12	1,747009519e-13	8,842734623e-14	1,165346319e-14	4,999999912e-15	1,929051363e-10	6,821625903e-11	1	1	1	1	1	1	1	0	0	0	0	0	0	0	0	0	0	2,307048047e-08	68,11490153	2,353106597	0	30,02830036	0,1129391382	0,07883615635	0
310,748	1784803297,816	23/07/2026_12:41:37,816	1	2	2,652911689e-06	1,655536039e-06	1,366989421e-12	5,08563287e-12	4,207273906e-13	8,521574288e-13	4,842303208e-12	1,480904809e-11	1,190336756e-13	9,494287951e-14	2,032884971e-11	6,177068405e-13	2,301199121e-14	6,774760603e-14	9,767482504e-14	4,604725889e-14	7,168849715e-12	8,172560969e-15	4,999999912e-15	1,084241729e-14	8,339419514e-14	1,949318207e-10	6,77908979e-11	1	1	1	1	1	1	1	0	0	0	0	0	0	0	0	0	0	2,814701757e-08	68,73081595	1,987846231	0	29,79958202	0,09650682153	0,04359479457	0,03765570953
311,556	1784803298,624	23/07/2026_12:41:38,624	1	2	2,655157914e-06	1,630972065e-06	1,35425731e-12	5,190374172e-12	4,793516929e-13	7,253199777e-13	4,067622541e-12	1,380059695e-11	4,522069026e-14	1,550883581e-13	2,058720208e-11	7,315598865e-13	3,087797962e-14	4,999999912e-15	4,999999912e-15	4,999999912e-15	7,232891803e-12	1,624770468e-13	9,408526882e-14	4,984637106e-14	4,999999912e-15	1,957263102e-10	6,838761502e-11	1	1	1	1	1	1	1	0	0	0	0	0	0	0	0	0	0	2,527297069e-08	68,91022314	1,630269373	0	30,01488204	0,09546041948	0,06145853638	0
312,364	1784803299,432	23/07/2026_12:41:39,432	1	2	2,673067002e-06	1,635354465e-06	1,240334441e-12	5,038235454e-12	3,135994069e-13	5,924131086e-13	3,632432462e-12	1,341467475e-11	1,363955064e-13	1,420766987e-13	2,040091186e-11	5,894017371e-13	4,999999912e-15	5,232607696e-14	7,741030717e-14	1,034569227e-13	7,235417994e-12	2,845260242e-14	4,999999912e-15	4,999999912e-15	5,909385665e-14	1,939485794e-10	6,800149333e-11	1	1	1	1	1	1	1	0	0	0	0	0	0	0	0	0	0	2,902199109e-08	68,89804558	1,49273792	0	30,11431841	0,08821585736	0,06659257225	0,02570288126
313,172	1784803300,240	23/07/2026_12:41:40,240	1	2	2,652499916e-06	1,628472319e-06	1,1543674e-12	5,146469188e-12	4,080494623e-13	6,175089736e-13	3,254131339e-12	1,285608339e-11	8,160921889e-15	1,073491814e-13	2,05757824e-11	7,20670973e-13	6,348282224e-14	4,999999912e-15	4,999999912e-15	4,999999912e-15	7,157677662e-12	1,135891714e-13	9,676287549e-14	9,042973212e-14	4,10994955e-14	1,954541667e-10	6,821235243e-11	1	1	1	1	1	1	1	0	0	0	0	0	0	0	0	0	0	2,549534616e-08	69,18698895	1,30546345	0	30,10081119	0,08181024259	0,03982149426	0,009177098875
313,98	1784803301,048	23/07/2026_12:41:41,048	1	2	2,644882898e-06	1,632848011e-06	1,170072286e-12	5,073991574e-12	2,487390177e-13	4,706164386e-13	3,012179482e-12	1,270454922e-11	1,351459363e-13	1,862768024e-13	2,05658459e-11	5,799253764e-13	4,999999912e-15	2,298095254e-14	5,135593285e-14	1,052187241e-13	7,285765741e-12	8,46359861e-14	4,999999912e-15	4,999999912e-15	3,282216756e-14	1,978526232e-10	6,779308365e-11	1	1	1	1	1	1	1	0	0	0	0	0	0	0	0	0	0	2,605680103e-08	69,53023189	1,228463295	0	29,70687869	0,08233462777	0,08437479824	0,01286146658
314,788	1784803301,856	23/07/2026_12:41:41,856	1	2	2,645437917e-06	1,621622573e-06	1,015608496e-12	5,109878666e-12	3,448227489e-13	5,608948093e-13	2,840159965e-12	1,230594793e-11	4,999999912e-15	7,926524156e-14	2,052373375e-11	6,796723015e-13	9,897871368e-14	3,915531094e-14	4,999999912e-15	4,999999912e-15	7,154538247e-12	6,95792504e-14	8,454285991e-14	9,18073465e-14	8,044494839e-14	1,972730174e-10	6,848496076e-11	1	1	1	1	1	1	1	0	0	0	0	0	0	0	0	0	0	2,7811811e-08	69,44836403	1,104537218	0	30,05535061	0,07159041736	0,02864276128	0,0286220399
315,596	1784803302,664	23/07/2026_12:41:42,664	1	2	2,674886218e-06	1,633475449e-06	1,104808085e-12	5,113379338e-12	2,207908742e-13	3,886192583e-13	2,594541552e-12	1,218335936e-11	1,267560682e-13	2,244231412e-13	2,063862102e-11	6,088202859e-13	4,999999912e-15	4,999999912e-15	2,505319323e-14	1,02261705e-13	7,30862159e-12	1,231238283e-13	4,999999912e-15	4,999999912e-15	4,999999912e-15	1,958602586e-10	6,776348926e-11	1	1	1	1	1	1	1	0	0	0	0	0	0	0	0	0	0	2,406030683e-08	69,44665088	1,059399488	0	29,95750845	0,07842811799	0,1003446223	0
316,404	1784803303,472	23/07/2026_12:41:43,472	1	2	2,648266673e-06	1,627224719e-06	9,098543316e-13	5,065468878e-12	2,738076964e-13	4,887931965e-13	2,554966655e-12	1,20028874e-11	4,999999912e-15	5,962937799e-14	2,058231537e-11	6,542621805e-13	6,869446689e-14	9,564139709e-14	3,426574888e-14	4,999999912e-15	7,105736138e-12	5,034697431e-14	2,687707539e-14	6,065385417e-14	1,056999201e-13	1,973018832e-10	6,834294242e-11	1	1	1	1	1	1	1	0	0	0	0	0	0	0	0	0	0	2,842067584e-08	69,57920025	0,9957638715	0	30,04502173	0,06424552335	0,02115075938	0,04590865304
317,212	1784803304,280	23/07/2026_12:41:44,280	1	2	2,658726771e-06	1,608005959e-06	1,013901094e-12	5,156819416e-12	2,701288629e-13	3,583583083e-13	2,309526051e-12	1,185880907e-11	8,665390996e-14	1,92423673e-13	2,071365128e-11	6,588413083e-13	4,999999912e-15	4,999999912e-15	4,999999912e-15	6,364968773e-14	7,273549818e-12	1,556045061e-13	4,350158607e-14	4,999999912e-15	4,999999912e-15	1,964806373e-10	6,794861201e-11	1	1	1	1	1	1	1	0	0	0	0	0	0	0	0	0	0	2,258616373e-08	69,57282719	0,9373641369	0	29,99990424	0,07187758171	0,08356622054	0
318,02	1784803305,088	23/07/2026_12:41:45,088	1	2	2,643037078e-06	1,609240712e-06	8,293976942e-13	5,0232765e-12	2,439231542e-13	4,107580975e-13	2,331688445e-12	1,174637644e-11	3,980336907e-14	4,812338746e-14	2,058403274e-11	6,286307737e-13	3,322186208e-14	7,864046328e-14	6,805417774e-14	4,999999912e-15	7,120618331e-12	2,449826298e-14	4,999999912e-15	2,518125275e-14	9,046855333e-14	1,961129592e-10	6,781354644e-11	1	1	1	1	1	1	1	0	0	0	0	0	0	0	0	0	0	2,800809953e-08	69,65285099	0,9238097524	0	30,02504276	0,05897829373	0,0204643104	0,0408568828
318,828	1784803305,896	23/07/2026_12:41:45,896	1	2	2,644427695e-06	1,612944743e-06	9,584744023e-13	5,1520576e-12	2,941459467e-13	3,468290379e-13	2,098968568e-12	1,158515298e-11	4,584934795e-14	1,938090395e-13	2,076127638e-11	6,982565567e-13	4,999999912e-15	4,999999912e-15	4,999999912e-15	4,999999912e-15	7,211494856e-12	1,671725773e-13	9,182674694e-14	1,530123345e-14	4,999999912e-15	1,962647822e-10	6,768190175e-11	1	1	1	1	1	1	1	0	0	0	0	0	0	0	0	0	0	2,159455757e-08	69,70304868	0,8551372884	0	29,97108718	0,06814803421	0,08048366702	0
319,636	1784803306,704	23/07/2026_12:41:46,704	1	2	2,646120265e-06	1,634727937e-06	8,16708192e-13	4,984151546e-12	2,038830937e-13	3,689484699e-13	2,156618634e-12	1,164278743e-11	7,610253573e-14	7,417776517e-14	2,062568866e-11	6,029645099e-13	1,724153182e-14	6,551625019e-14	9,445004186e-14	7,057656055e-14	7,147572464e-12	1,385764706e-14	4,999999912e-15	2,202243989e-14	7,091805713e-14	1,973717856e-10	6,821491289e-11	1	1	1	1	1	1	1	0	0	0	0	0	0	0	0	0	0	3,014347567e-08	69,71366617	0,8550473319	0	30,03692348	0,05775839889	0,03479578083	0,0316057942
320,444	1784803307,512	23/07/2026_12:41:47,512	1	2	2,651334853e-06	1,596949687e-06	8,554093306e-13	5,121776701e-12	2,861092168e-13	3,641248544e-13	1,98258532e-12	1,133001418e-11	2,104840621e-14	1,507537449e-13	2,072784826e-11	7,232204744e-13	5,072726839e-14	4,999999912e-15	4,999999912e-15	4,999999912e-15	7,135049929e-12	1,387393889e-13	9,462466618e-14	5,439055714e-14	4,999999912e-15	2,015739659e-10	6,55632007e-11	1	1	1	1	1	1	1	0	0	0	0	0	0	0	0	0	0	1,607920323e-08	70,87011966	0,8335341208	0	28,75737844	0,06022626812	0,05991094993	0,001994766064
321,252	1784803308,320	23/07/2026_12:41:48,320	1	2	2,652206149e-06	1,603696887e-06	8,303911486e-13	4,939268178e-12	1,563456938e-13	3,293585294e-13	2,048435423e-12	1,163324992e-11	1,228172566e-13	1,513474675e-13	2,151554976e-11	5,933017749e-13	4,999999912e-15	2,878245399e-14	9,31383944e-14	9,310735234e-14	7,777604949e-12	4,452218962e-14	4,999999912e-15	4,999999912e-15	5,694012292e-14	1,962655177e-10	7,743680697e-11	1	1	1	1	1	1	1	0	0	0	0	0	0	0	0	0	0	6,277072062e-08	67,26002365	0,5607451259	0	33,01988075	0,05695124262	0,06951291929	0
322,06	1784803309,128	23/07/2026_12:41:49,128	1	2	2,918943892e-06	1,775828082e-06	1,877405566e-12	7,756815155e-12	7,07244853e-12	1,602374483e-11	1,043999054e-10	1,45281398e-10	1,551139642e-12	4,302814886e-14	7,826449558e-12	7,675524712e-13	6,212071873e-14	6,053749556e-15	4,999999912e-15	4,999999912e-15	7,890681164e-12	1,252969625e-13	8,226882039e-14	6,62807347e-14	2,67606541e-14	5,115195767e-11	7,225364057e-11	1	1	1	1	1	1	1	0	0	0	0	0	0	0	0	0	0	5,799275627e-09	18,86548695	47,93991271	0	33,31013738	0,1380113868	0,01831392572	0,3974992285
