PV MassSpec-23.06.00
EXPORTED SCAN DATA
Run Path and Name: c:\Pfeiffer Vacuum\data\27-007-2026\MCD 256_New_Calibrattion by Amir for_WGS and DRM_PUSLSING_32ms, Position 1, RGA PrismaPro A 100 47507368, 27-007-2026 12'47'41.isi
27/07/2026 12:47:41
SensorID:  RGA PrismaPro A 100 47507368
50 Bins
359 TimePoints

Time Relative (sec)	Time Absolute (UTC)	Time Absolute (Date_Time)	Step	Ionizer_State	Pressure_(mBar)	External_Pressure_(mBar)	2_amu_(_)	12_amu_(_)	13_amu_(_)	14_amu_(_)	15_amu_(_)	16_amu_(_)	17_amu_(_)	18_amu_(_)	20_amu_(_)	22_amu_(_)	24_amu_(_)	25_amu_(_)	26_amu_(_)	27_amu_(_)	28_amu_(_)	29_amu_(_)	30_amu_(_)	31_amu_(_)	32_amu_(_)	40_amu_(_)	44_amu_(_)	Periph:_Digital_In_0	Periph:_Digital_In_1	Periph:_Digital_In_13	Periph:_Digital_In_14	Periph:_Digital_In_15	Periph:_Digital_In_16	Periph:_Digital_In_17	Periph:_Digital_Out_2	Periph:_Digital_Out_3	Periph:_Digital_Out_4	Periph:_Digital_Out_5	Periph:_Digital_Out_6	Periph:_Digital_Out_7	Periph:_Digital_Out_8	Periph:_Digital_Out_9	Periph:_Digital_Out_10	Periph:_Digital_Out_11	Sig:_MCD	Sig:_MCD_Ar	Sig:_MCD_CH4	Sig:_MCD_CO	Sig:_MCD_CO2	Sig:_MCD_H2	Sig:_MCD_H2O	Sig:_MCD_O2
1,805	1785149263,427	27/07/2026_12:47:43,427	1	2	3,156876119e-06	2,551938451e-06	6,209564547e-12	8,800380563e-12	1,158173384e-11	2,345206841e-11	1,391281534e-10	1,762835572e-10	1,882535794e-12	7,623835238e-14	3,518846672e-12	7,358479603e-13	4,528665379e-14	4,999999912e-15	4,999999912e-15	4,999999912e-15	7,431970837e-12	1,588486558e-13	8,53965878e-14	5,674219504e-14	4,999999912e-15	3,366379051e-11	7,003678887e-11	1	1	1	1	1	1	1	0	0	0	0	0	0	0	0	0	0	3,267358432e-08	11,749847	58,08865312	0	30,45263952	0,433954914	0,02121092283	0
2,613	1785149264,235	27/07/2026_12:47:44,235	1	2	3,156071443e-06	2,584421736e-06	6,247378049e-12	8,689255045e-12	1,150378057e-11	2,337510741e-11	1,389129367e-10	1,760660229e-10	2,008857056e-12	9,457032732e-14	3,416849052e-12	5,81477466e-13	4,999999912e-15	4,999999912e-15	4,986576473e-14	9,854407058e-14	7,445754083e-12	7,969986433e-14	4,999999912e-15	4,999999912e-15	2,071466845e-14	3,357059422e-11	7,00831268e-11	1	1	1	1	1	1	1	0	0	0	0	0	0	0	0	0	0	3,677609856e-08	11,72242354	58,04328917	0	30,49097929	0,4368999548	0,04157499768	0
3,421	1785149265,043	27/07/2026_12:47:45,043	1	2	3,163814881e-06	2,578483645e-06	6,219177083e-12	8,822333489e-12	1,166656789e-11	2,364124348e-11	1,40760445e-10	1,778377584e-10	1,891899398e-12	2,366780816e-14	3,383371057e-12	6,693693993e-13	7,414670278e-14	4,999999912e-15	4,999999912e-15	4,999999912e-15	6,56298323e-12	1,151258993e-13	6,197714325e-14	6,005234558e-14	4,664098494e-14	3,098887466e-11	6,547504899e-11	1	1	1	1	1	1	1	0	0	0	0	0	0	0	0	0	0	1,844182146e-08	11,07207821	60,17744818	0	29,1445664	0,4447150015	0	0
4,229	1785149265,851	27/07/2026_12:47:45,851	1	2	3,182059118e-06	2,648602731e-06	6,401535118e-12	8,506390037e-12	1,122405467e-11	2,272542224e-11	1,350129453e-10	1,695127233e-10	1,905962801e-12	1,19798133e-13	3,348973442e-12	5,472855784e-13	4,999999912e-15	4,999999912e-15	4,999999912e-15	7,307566011e-14	6,795074486e-12	9,576944137e-14	4,999999912e-15	4,999999912e-15	4,999999912e-15	5,89691837e-11	6,020417498e-11	1	1	1	1	1	1	1	0	0	0	0	0	0	0	0	0	0	1,353275106e-08	19,90475996	54,66164848	0	25,43045023	0,434582546	0,04583581153	0
5,037	1785149266,659	27/07/2026_12:47:46,659	1	2	2,809819307e-06	2,302815801e-06	4,54468841e-12	6,341454705e-12	5,84407002e-12	1,105538144e-11	6,024560018e-11	7,532344193e-11	5,986258581e-13	1,684569978e-14	1,282172372e-11	5,711512535e-13	5,624159179e-14	5,860100545e-14	4,999999912e-15	4,999999912e-15	6,606515248e-12	4,487919368e-14	2,383079424e-14	6,061892253e-14	8,43371732e-14	1,607199374e-10	6,367434358e-11	1	1	1	1	1	1	1	0	0	0	0	0	0	0	0	0	0	5,025163413e-08	52,29114796	22,49612067	0	25,75731596	0,2967445118	0	0
5,845	1785149267,467	27/07/2026_12:47:47,467	1	2	2,56152066e-06	1,680470064e-06	2,618092809e-12	5,301390403e-12	1,489845573e-12	2,828545341e-12	1,631074442e-11	2,764537731e-11	2,498371789e-13	1,958502398e-13	1,820023993e-11	5,910199088e-13	4,999999912e-15	4,999999912e-15	1,501405879e-14	4,574843922e-14	7,06237846e-12	1,382310065e-13	2,171974081e-14	4,999999912e-15	4,999999912e-15	1,797548083e-10	6,608988357e-11	1	1	1	1	1	1	1	0	0	0	0	0	0	0	0	0	0	2,908492634e-08	64,21480446	6,784633034	0	29,42493919	0,1873212574	0,08258264881	0
6,653	1785149268,275	27/07/2026_12:47:48,275	1	2	2,596405466e-06	1,597563369e-06	1,755698018e-12	5,078333587e-12	8,757166541e-13	1,705141453e-12	9,590467309e-12	1,998531722e-11	9,366614336e-14	5,960996399e-14	1,898478943e-11	6,07023546e-13	6,408041415e-14	8,900942049e-14	5,762309575e-14	4,999999912e-15	6,941768774e-12	3,315976779e-14	8,913746985e-15	5,979622993e-14	1,088781233e-13	1,857679149e-10	6,648535195e-11	1	1	1	1	1	1	1	0	0	0	0	0	0	0	0	0	0	3,037666018e-08	66,76280552	4,001284189	0	29,78428966	0,1263637957	0,02052645728	0,03841909198
7,461	1785149269,083	27/07/2026_12:47:49,083	1	2	2,603663233e-06	1,584756092e-06	1,648108191e-12	5,145386287e-12	6,643905261e-13	1,146423668e-12	6,775939185e-12	1,673142701e-11	1,391429561e-13	1,93626636e-13	1,951469021e-11	6,740455091e-13	4,999999912e-15	4,999999912e-15	4,999999912e-15	3,601200894e-14	7,092115523e-12	1,665244955e-13	9,263778438e-14	4,999999912e-15	4,999999912e-15	1,879630618e-10	6,662870256e-11	1	1	1	1	1	1	1	0	0	0	0	0	0	0	0	0	0	2,462980091e-08	67,73771996	2,819648882	0	29,93417407	0,1189287232	0,08463085874	0
8,269	1785149269,891	27/07/2026_12:47:49,891	1	2	2,590476242e-06	1,546355747e-06	1,393657108e-12	4,955260161e-12	4,85704196e-13	9,466890162e-13	5,420979204e-12	1,516579744e-11	1,252736792e-13	8,382881113e-14	1,953365247e-11	5,834333667e-13	4,322216684e-14	6,985863575e-14	9,519122957e-14	5,107651701e-14	7,001131012e-12	1,39468896e-14	4,999999912e-15	2,571288451e-14	9,190046592e-14	1,903507768e-10	6,613094794e-11	1	1	1	1	1	1	1	0	0	0	0	0	0	0	0	0	0	2,884422787e-08	68,5584461	2,257486166	0	29,6955463	0,1005203626	0,03983304182	0,03904395497
9,077	1785149270,699	27/07/2026_12:47:50,699	1	2	2,589253427e-06	1,539848199e-06	1,385344747e-12	5,083188211e-12	5,15763376e-13	7,799549851e-13	4,404547907e-12	1,396603146e-11	5,617562825e-14	1,610761221e-13	1,979946415e-11	7,080239715e-13	4,692426325e-14	4,999999912e-15	4,999999912e-15	4,999999912e-15	7,039152247e-12	1,54463573e-13	1,063130297e-13	4,186395628e-14	4,999999912e-15	1,89893351e-10	6,640205746e-11	1	1	1	1	1	1	1	0	0	0	0	0	0	0	0	0	0	2,343347178e-08	68,73917898	1,829166072	0	29,96804091	0,1004100965	0,06629481307	0
9,885	1785149271,507	27/07/2026_12:47:51,507	1	2	2,589342785e-06	1,548726004e-06	1,24355528e-12	4,923408035e-12	3,124585009e-13	6,54914057e-13	3,881481508e-12	1,336566361e-11	1,419602825e-13	1,452510258e-13	1,971611763e-11	5,56377752e-13	4,999999912e-15	4,817382658e-14	9,685211888e-14	9,120196867e-14	7,030094822e-12	3,808425133e-14	4,999999912e-15	4,999999912e-15	7,285446253e-14	1,903168872e-10	6,626426491e-11	1	1	1	1	1	1	1	0	0	0	0	0	0	0	0	0	0	2,855614044e-08	68,95920543	1,607974974	0	29,93312098	0,09022609375	0,06953961353	0,02995716092
10,693	1785149272,315	27/07/2026_12:47:52,315	1	2	2,595289288e-06	1,53395888e-06	1,187798774e-12	5,017023689e-12	3,980336297e-13	6,508937811e-13	3,379145054e-12	1,27261552e-11	4,999999912e-15	1,300856124e-13	1,993985879e-11	6,927422503e-13	7,879954962e-14	4,999999912e-15	4,999999912e-15	4,999999912e-15	6,996177943e-12	1,098443913e-13	9,478764887e-14	8,187298495e-14	2,444004133e-14	1,912157099e-10	6,650403145e-11	1	1	1	1	1	1	1	0	0	0	0	0	0	0	0	0	0	2,536126406e-08	69,1979222	1,379811723	0	30,00335395	0,08606701925	0,04964041002	0
11,501	1785149273,123	27/07/2026_12:47:53,123	1	2	2,583345804e-06	1,518165277e-06	1,196502966e-12	4,927828111e-12	2,572879247e-13	4,859952501e-13	3,084199779e-12	1,248334942e-11	1,359647394e-13	1,830908065e-13	1,984066557e-11	5,531452033e-13	4,999999912e-15	1,17233053e-14	7,266432058e-14	9,936288039e-14	7,057535112e-12	8,148105265e-14	4,999999912e-15	4,999999912e-15	3,125050132e-14	1,911047293e-10	6,594268881e-11	1	1	1	1	1	1	1	0	0	0	0	0	0	0	0	0	0	2,596957438e-08	69,35104622	1,288857801	0	29,83775564	0,08694375229	0,0858238874	0,01019627233
12,309	1785149273,931	27/07/2026_12:47:53,931	1	2	2,588315738e-06	1,530434588e-06	1,041348648e-12	4,948900231e-12	3,635156141e-13	5,558384157e-13	2,857269976e-12	1,210507649e-11	4,999999912e-15	6,203922738e-14	1,98401625e-11	6,783723973e-13	8,488822573e-14	4,263619622e-14	4,999999912e-15	4,999999912e-15	6,976298879e-12	6,45849002e-14	6,477117291e-14	7,982790861e-14	6,716161508e-14	1,913098846e-10	6,668757213e-11	1	1	1	1	1	1	1	0	0	0	0	0	0	0	0	0	0	2,808630002e-08	69,33529342	1,149958949	0	30,12991168	0,07557197098	0,02230375351	0,02251831109
13,117	1785149274,739	27/07/2026_12:47:54,739	1	2	2,578093927e-06	1,528672897e-06	1,118595884e-12	4,980542454e-12	2,341284989e-13	4,00839301e-13	2,610936857e-12	1,194321551e-11	1,201939617e-13	2,141356618e-13	1,995379383e-11	5,779500684e-13	4,999999912e-15	4,999999912e-15	2,057108281e-14	6,496519089e-14	7,125694132e-12	1,229259072e-13	4,999999912e-15	4,999999912e-15	4,999999912e-15	1,901489105e-10	6,640621386e-11	1	1	1	1	1	1	1	0	0	0	0	0	0	0	0	0	0	2,496999325e-08	69,25256995	1,080471134	0	30,1529248	0,08156671159	0,09812581057	0
13,925	1785149275,547	27/07/2026_12:47:55,547	1	2	2,593937324e-06	1,525746825e-06	9,454898886e-13	4,908177163e-12	2,749214159e-13	4,885720734e-13	2,512617501e-12	1,173001626e-11	4,999999912e-15	4,770426201e-14	1,987568443e-11	6,321543224e-13	6,055683841e-14	7,890433099e-14	1,355494628e-14	4,999999912e-15	6,959044885e-12	3,03191581e-14	2,606601594e-14	4,826307336e-14	1,047336317e-13	1,911789893e-10	6,604747999e-11	1	1	1	1	1	1	1	0	0	0	0	0	0	0	0	0	0	2,704326931e-08	69,57793764	1,028249436	0	29,96827344	0,06890099566	0,01686256195	0,05014823451
14,733	1785149276,355	27/07/2026_12:47:56,355	1	2	2,58623686e-06	1,530434588e-06	1,051407117e-12	4,992487326e-12	2,637685805e-13	3,599144095e-13	2,291819078e-12	1,152303166e-11	9,485360902e-14	1,93296781e-13	2,002254786e-11	6,560201059e-13	4,999999912e-15	4,999999912e-15	4,999999912e-15	3,54648426e-14	7,074292107e-12	1,680263188e-13	4,468515537e-14	4,999999912e-15	4,999999912e-15	1,910790415e-10	6,592767998e-11	1	1	1	1	1	1	1	0	0	0	0	0	0	0	0	0	0	2,24754038e-08	69,60275392	0,9486542225	0	29,94361803	0,07668105758	0,08725001126	0
15,541	1785149277,163	27/07/2026_12:47:57,163	1	2	2,57730585e-06	1,529262022e-06	8,58370341e-13	4,87460983e-12	2,278807297e-13	4,205449736e-13	2,297096758e-12	1,148014322e-11	2,81382651e-14	6,337414453e-14	1,993236479e-11	5,810157043e-13	3,186364475e-14	8,032462906e-14	7,408461865e-14	7,214044086e-15	6,931640158e-12	1,665166824e-14	4,999999912e-15	3,031139589e-14	8,529180644e-14	1,922600829e-10	6,666901753e-11	1	1	1	1	1	1	1	0	0	0	0	0	0	0	0	0	0	2,999122817e-08	69,62058656	0,9134589925	0	30,09557791	0,06224038038	0,02606238792	0,03605515957
16,349	1785149277,971	27/07/2026_12:47:57,971	1	2	2,588979441e-06	1,515838449e-06	9,665382644e-13	5,031084056e-12	2,847005401e-13	3,587424953e-13	2,065898017e-12	1,135185869e-11	3,835977421e-14	1,677236095e-13	2,006543022e-11	6,83254126e-13	4,999999912e-15	4,999999912e-15	4,999999912e-15	9,394940473e-15	7,047600784e-12	1,572925546e-13	8,871450395e-14	9,674346149e-15	4,999999912e-15	1,914586545e-10	6,691340537e-11	1	1	1	1	1	1	1	0	0	0	0	0	0	0	0	0	0	2,380271714e-08	69,46981952	0,8416797784	0	30,2715248	0,0702171785	0,07073626192	0
17,157	1785149278,779	27/07/2026_12:47:58,779	1	2	2,583008381e-06	1,50253436e-06	8,479586391e-13	4,857089123e-12	1,710880786e-13	3,47888439e-13	2,117521653e-12	1,129654877e-11	8,500075914e-14	1,14244985e-13	1,978434777e-11	5,692070621e-13	4,999999912e-15	5,311771395e-14	7,037863944e-14	5,66257856e-14	7,011491214e-12	4,999999912e-15	4,999999912e-15	4,999999912e-15	6,562879038e-14	1,915805292e-10	6,608806558e-11	1	1	1	1	1	1	1	0	0	0	0	0	0	0	0	0	0	2,85339554e-08	69,70537173	0,8610813733	0	29,98038929	0,06178100463	0,05352472749	0,02915791678
17,965	1785149279,587	27/07/2026_12:47:59,587	1	2	2,585451739e-06	1,508884225e-06	8,739975974e-13	5,000896832e-12	2,930865186e-13	3,848240357e-13	1,961700117e-12	1,105207766e-11	4,999999912e-15	1,296975629e-13	1,998657836e-11	6,854622122e-13	5,143352785e-14	4,999999912e-15	4,999999912e-15	4,999999912e-15	6,983822808e-12	1,288904015e-13	1,025333247e-13	6,93774465e-14	1,275166428e-14	1,907842356e-10	6,618652154e-11	1	1	1	1	1	1	1	0	0	0	0	0	0	0	0	0	0	2,322112866e-08	69,67468689	0,7871328031	0	30,13601708	0,06390688815	0,05200312443	0
18,773	1785149280,395	27/07/2026_12:48:00,395	1	2	2,576614179e-06	1,509460958e-06	8,62282034e-13	4,88046192e-12	1,6063763e-13	2,809053175e-13	1,926561124e-12	1,110340032e-11	1,265814303e-13	1,7609796e-13	2,005751815e-11	5,506228611e-13	4,999999912e-15	2,779676852e-14	6,244280809e-14	1,024596057e-13	6,788461286e-12	5,84069807e-14	4,999999912e-15	4,999999912e-15	5,508517836e-14	1,983970765e-10	6,603701613e-11	1	1	1	1	1	1	1	0	0	0	0	0	0	0	0	0	0	2,634497351e-08	70,5425712	0,7695461337	0	29,28409182	0,06140714768	0,08199299811	0,02436185018
19,581	1785149281,203	27/07/2026_12:48:01,203	1	2	2,601710548e-06	1,530434588e-06	8,155361694e-13	5,014630204e-12	2,691470907e-13	4,108977969e-13	1,989605312e-12	1,149525527e-11	4,999999912e-15	1,000769021e-13	2,126790237e-11	7,111013167e-13	8,002194691e-14	4,258187092e-14	4,999999912e-15	4,999999912e-15	7,813818169e-12	1,017222737e-13	7,887328892e-14	6,893893415e-14	5,652099746e-14	1,424627083e-10	7,714652528e-11	1	1	1	1	1	1	1	0	0	0	0	0	0	0	0	0	0	5,93004982e-08	60,05861282	0,6558283807	0	40,32027799	0,06855175626	0,04641195504	0
20,389	1785149282,011	27/07/2026_12:48:02,011	1	2	3,027272214e-06	1,84026544e-06	3,011391483e-12	8,589093846e-12	9,639681414e-12	2,024326193e-11	1,228794566e-10	1,601795363e-10	1,817950413e-12	1,380835415e-13	6,079180128e-12	6,268224329e-13	4,999999912e-15	4,999999912e-15	3,22827431e-14	7,456581468e-14	7,624406315e-12	1,338303925e-13	4,999999912e-15	4,999999912e-15	4,999999912e-15	4,69093861e-11	7,009258451e-11	1	1	1	1	1	1	1	0	0	0	0	0	0	0	0	0	0	9,315991139e-09	16,63232724	52,65189782	0	30,98018796	0,2132841233	0,0612120409	0,09078034832
21,197	1785149282,819	27/07/2026_12:48:02,819	1	2	3,154914793e-06	2,47487651e-06	4,979064036e-12	8,535078894e-12	1,081841214e-11	2,201789792e-11	1,312582265e-10	1,663138099e-10	1,728079702e-12	4,999999912e-15	4,426372463e-12	6,502341525e-13	6,143773234e-14	5,882996184e-14	4,999999912e-15	4,999999912e-15	7,347940832e-12	7,385565548e-14	2,707108999e-14	3,924067153e-14	8,680136145e-14	4,093556744e-11	6,871548469e-11	1	1	1	1	1	1	1	0	0	0	0	0	0	0	0	0	0	3,259806507e-08	14,50263083	55,52727281	0	30,31102544	0,3530708056	0	0
22,005	1785149283,627	27/07/2026_12:48:03,627	1	2	3,128282287e-06	2,506378905e-06	5,447744686e-12	8,646852331e-12	1,102196893e-11	2,238956416e-11	1,333231719e-10	1,695975443e-10	1,876097585e-12	1,433611666e-13	4,148548692e-12	6,531483796e-13	4,999999912e-15	4,999999912e-15	4,999999912e-15	5,22756209e-14	7,474334519e-12	1,686937536e-13	3,290363858e-14	4,999999912e-15	4,999999912e-15	3,839989438e-11	6,961842908e-11	1	1	1	1	1	1	1	0	0	0	0	0	0	0	0	0	0	2,973888169e-08	13,52100081	56,19904243	0	30,53735835	0,3839436789	0,05591362113	0
22,813	1785149284,435	27/07/2026_12:48:04,435	1	2	3,134967528e-06	2,515040251e-06	5,41704008e-12	8,575542186e-12	1,113180555e-11	2,268566932e-11	1,346721901e-10	1,709221653e-10	1,835258074e-12	4,999999912e-15	3,860173032e-12	6,17726302e-13	1,939913819e-14	6,39484803e-14	4,134783878e-14	4,999999912e-15	7,290675008e-12	4,873651396e-14	4,999999912e-15	1,989585525e-14	8,325836494e-14	3,735540696e-11	6,917744849e-11	1	1	1	1	1	1	1	0	0	0	0	0	0	0	0	0	0	3,383425467e-08	13,16533427	56,79751826	0	30,37654254	0,3822989921	0	0,004994491107
23,621	1785149285,243	27/07/2026_12:48:05,243	1	2	3,14107092e-06	2,551938451e-06	5,670863085e-12	8,727274112e-12	1,127201891e-11	2,281130666e-11	1,356414842e-10	1,722908899e-10	1,88444876e-12	1,123939402e-13	3,915572727e-12	7,025252775e-13	4,999999912e-15	4,999999912e-15	4,999999912e-15	1,584450344e-14	7,453287119e-12	2,011200858e-13	8,491926102e-14	4,999999912e-15	4,999999912e-15	3,634720303e-11	6,948803338e-11	1	1	1	1	1	1	1	0	0	0	0	0	0	0	0	0	0	2,893018648e-08	12,77500217	57,06145646	0	30,42441965	0,3989547431	0,04092040289	0
24,429	1785149286,051	27/07/2026_12:48:06,051	1	2	3,148669975e-06	2,592359124e-06	5,626375667e-12	8,607316249e-12	1,121203998e-11	2,292064802e-11	1,360369317e-10	1,722098991e-10	1,907096009e-12	2,945766122e-14	3,64826138e-12	5,865262161e-13	1,582898241e-14	4,733948896e-14	8,440701615e-14	5,075441749e-14	7,368378477e-12	3,979559331e-14	4,999999912e-15	6,919113143e-15	6,292399734e-14	3,596778778e-11	6,954385678e-11	1	1	1	1	1	1	1	0	0	0	0	0	0	0	0	0	0	3,701762238e-08	12,65262492	57,19626256	0	30,47524868	0,3964018406	0,009726147875	0
25,237	1785149286,859	27/07/2026_12:48:06,859	1	2	3,142718697e-06	2,587394192e-06	5,789799629e-12	8,771454049e-12	1,143042778e-11	2,303230349e-11	1,370024649e-10	1,734667132e-10	1,868138673e-12	8,810525009e-14	3,750061026e-12	7,390844122e-13	2,921318379e-14	4,999999912e-15	4,999999912e-15	4,999999912e-15	7,405217065e-12	1,944337974e-13	9,763599705e-14	4,156903297e-14	4,999999912e-15	3,522274139e-11	6,934831182e-11	1	1	1	1	1	1	1	0	0	0	0	0	0	0	0	0	0	3,022676984e-08	12,38031788	57,55571529	0	30,35829222	0,4073875845	0,02785009937	0
26,045	1785149287,667	27/07/2026_12:48:07,667	1	2	3,17251147e-06	2,569603794e-06	5,816812743e-12	8,673356304e-12	1,134509067e-11	2,309551508e-11	1,369904468e-10	1,744349803e-10	2,007921824e-12	9,119808587e-14	3,568623045e-12	6,08436153e-13	4,999999912e-15	3,792514127e-14	6,828699661e-14	9,408525527e-14	7,437010209e-12	8,908702904e-14	4,999999912e-15	4,999999912e-15	5,077770751e-14	3,494540768e-11	6,953890241e-11	1	1	1	1	1	1	1	0	0	0	0	0	0	0	0	0	0	3,065626165e-08	12,24546891	57,58984533	0	30,37955504	0,4082088942	0,04251947831	0,01061065872
26,853	1785149288,475	27/07/2026_12:48:08,475	1	2	3,147872803e-06	2,551938451e-06	5,871940087e-12	8,734538266e-12	1,151483596e-11	2,328898012e-11	1,377640779e-10	1,744389216e-10	1,837493265e-12	4,257410193e-14	3,597766616e-12	7,282925348e-13	8,538493941e-14	2,220869735e-14	4,999999912e-15	4,999999912e-15	7,408225075e-12	1,454877343e-13	8,377060303e-14	8,20941893e-14	5,738249773e-14	3,4553721e-11	6,96000757e-11	1	1	1	1	1	1	1	0	0	0	0	0	0	0	0	0	0	3,330148654e-08	12,11870057	57,76973123	0	30,40603644	0,4123572981	0,00531064746	0
27,661	1785149289,283	27/07/2026_12:48:09,283	1	2	3,151747478e-06	2,619321776e-06	5,978459481e-12	8,703139771e-12	1,141091648e-11	2,312383965e-11	1,378236969e-10	1,745161099e-10	2,01012232e-12	1,386307247e-13	3,579764523e-12	5,824477185e-13	4,999999912e-15	1,70901772e-14	6,061503296e-14	1,006318238e-13	7,480982847e-12	1,379787804e-13	4,999999912e-15	4,999999912e-15	7,745682622e-15	3,456667244e-11	6,997394331e-11	1	1	1	1	1	1	1	0	0	0	0	0	0	0	0	0	0	3,560999288e-08	12,09606161	57,6541397	0	30,50023877	0,4189182378	0,06114420719	0
28,469	1785149290,091	27/07/2026_12:48:10,091	1	2	3,150096063e-06	2,622340617e-06	5,903148196e-12	8,72254699e-12	1,151122687e-11	2,334686784e-11	1,374044489e-10	1,743912653e-10	1,844517377e-12	1,218897352e-14	3,527411436e-12	6,797771439e-13	7,278849561e-14	5,996697821e-14	4,999999912e-15	4,999999912e-15	7,34263518e-12	1,029951135e-13	5,205055069e-14	7,396820244e-14	9,706555763e-14	3,390470543e-11	6,948612519e-11	1	1	1	1	1	1	1	0	0	0	0	0	0	0	0	0	0	3,156617775e-08	11,9303127	57,89250286	0	30,46547797	0,4159199015	0	0,01557717441
29,277	1785149290,899	27/07/2026_12:48:10,899	1	2	3,177308827e-06	2,611304808e-06	6,094892386e-12	8,77342643e-12	1,149948886e-11	2,328146877e-11	1,380506265e-10	1,75301898e-10	1,998014601e-12	1,622247801e-13	3,569628534e-12	6,134614301e-13	4,999999912e-15	4,999999912e-15	4,999999912e-15	7,061147863e-14	7,512369199e-12	1,870296181e-13	1,302330436e-14	4,999999912e-15	4,999999912e-15	3,393654108e-11	6,975255096e-11	1	1	1	1	1	1	1	0	0	0	0	0	0	0	0	0	0	3,026562009e-08	11,88131311	57,8816641	0	30,42829039	0,4272189794	0,06867483039	0
30,085	1785149291,707	27/07/2026_12:48:11,707	1	2	3,155013474e-06	2,596335662e-06	5,95753915e-12	8,683368261e-12	1,150914693e-11	2,345552745e-11	1,38474468e-10	1,756158691e-10	1,876415906e-12	4,999999912e-15	3,449395717e-12	6,599394967e-13	4,618306876e-14	8,340582999e-14	5,034307796e-14	4,999999912e-15	7,359197453e-12	7,617238546e-14	2,696631201e-14	5,813533384e-14	1,078381159e-13	3,389783246e-11	6,965501786e-11	1	1	1	1	1	1	1	0	0	0	0	0	0	0	0	0	0	3,486938499e-08	11,86628838	58,03400333	0	30,38403899	0,4176732077	0	0,01925583943
30,893	1785149292,515	27/07/2026_12:48:12,515	1	2	3,168386229e-06	2,586399887e-06	6,12607404e-12	8,807773955e-12	1,15646789e-11	2,330445212e-11	1,388291426e-10	1,756838286e-10	1,965025798e-12	1,36407121e-13	3,569221091e-12	6,937240496e-13	4,999999912e-15	4,999999912e-15	4,999999912e-15	3,634961933e-14	7,497463587e-12	2,098902242e-13	5,904339382e-14	4,999999912e-15	4,999999912e-15	3,371892696e-11	6,967407901e-11	1	1	1	1	1	1	1	0	0	0	0	0	0	0	0	0	0	3,173806593e-08	11,79873597	58,06136859	0	30,36429828	0,4291454845	0,05423683714	0
31,701	1785149293,323	27/07/2026_12:48:13,323	1	2	3,159464768e-06	2,561738711e-06	5,993783161e-12	8,684206999e-12	1,146600957e-11	2,345177004e-11	1,387704257e-10	1,756175066e-10	1,938272676e-12	6,61642592e-15	3,391791839e-12	6,260229965e-13	2,763377736e-14	6,768161877e-14	7,541179053e-14	4,458426019e-14	7,376490044e-12	5,486010477e-14	4,999999912e-15	2,552273239e-14	7,718133045e-14	3,345764638e-11	6,992224161e-11	1	1	1	1	1	1	1	0	0	0	0	0	0	0	0	0	0	3,765691478e-08	11,715627	58,09768248	0	30,50112365	0,4203523374	0	0
32,509	1785149294,131	27/07/2026_12:48:14,131	1	2	3,155193554e-06	2,601314691e-06	6,141968878e-12	8,830621998e-12	1,161810665e-11	2,334305839e-11	1,389016818e-10	1,753415607e-10	1,91030915e-12	1,102518413e-13	3,534668001e-12	7,133287559e-13	2,782781059e-14	4,999999912e-15	4,999999912e-15	4,999999912e-15	7,473838388e-12	1,92241256e-13	1,026458513e-13	2,627557019e-14	4,999999912e-15	3,365542567e-11	6,994720775e-11	1	1	1	1	1	1	1	0	0	0	0	0	0	0	0	0	0	3,394726918e-08	11,77946568	58,01898572	0	30,48253744	0,4303999851	0,03846881339	0
33,317	1785149294,939	27/07/2026_12:48:14,939	1	2	3,162446546e-06	2,610307092e-06	6,122444999e-12	8,714860431e-12	1,157185372e-11	2,346362514e-11	1,397130883e-10	1,766487789e-10	2,012916092e-12	6,829863145e-14	3,378516434e-12	5,923975503e-13	4,999999912e-15	4,945442181e-14	8,394523412e-14	8,000253969e-14	6,8314473e-12	7,394879522e-14	4,999999912e-15	4,999999912e-15	5,488726742e-14	2,995822687e-11	6,344349351e-11	1	1	1	1	1	1	1	0	0	0	0	0	0	0	0	0	0	1,499604777e-08	10,85662552	60,6313554	0	28,64277533	0,4438981778	0,03108936352	0,004002232739
34,125	1785149295,747	27/07/2026_12:48:15,747	1	2	3,17450781e-06	2,667959507e-06	6,31821765e-12	8,56176588e-12	1,162761293e-11	2,329885763e-11	1,372257169e-10	1,722857135e-10	1,830360733e-12	7,454252466e-14	3,36023505e-12	7,068327586e-13	5,259383085e-14	4,999999912e-15	4,999999912e-15	4,999999912e-15	6,873299239e-12	1,569665621e-13	8,956822507e-14	6,137951746e-14	3,005527684e-14	4,684668972e-11	6,151677778e-11	1	1	1	1	1	1	1	0	0	0	0	0	0	0	0	0	0	1,765816419e-08	16,27272893	57,09112739	0	26,69763494	0,4407819526	0,01832153621	0
34,933	1785149296,555	27/07/2026_12:48:16,555	1	2	2,879354952e-06	2,408433602e-06	4,932628524e-12	6,767425162e-12	6,956689998e-12	1,325283026e-11	7,376396716e-11	9,085626002e-11	9,61342117e-13	1,383745955e-13	1,125655472e-11	5,21778367e-13	4,999999912e-15	4,502276915e-14	7,820969621e-14	9,941331612e-14	6,661453941e-12	7,951357807e-14	4,999999912e-15	4,999999912e-15	5,756488087e-14	1,526394428e-10	6,390052376e-11	1	1	1	1	1	1	1	0	0	0	0	0	0	0	0	0	0	5,198753594e-08	48,3685021	26,9338952	0	25,17439051	0,313862819	0,04626168925	0
35,741	1785149297,363	27/07/2026_12:48:17,363	1	2	2,568433501e-06	1,738784022e-06	2,583659849e-12	5,285196759e-12	1,758426195e-12	3,294866116e-12	1,820098065e-11	2,948937275e-11	1,540289435e-13	9,529212136e-14	1,790917588e-11	6,853302648e-13	1,096037866e-13	4,96251701e-14	4,999999912e-15	4,999999912e-15	6,929409303e-12	1,030222931e-13	8,045268688e-14	1,065924421e-13	8,181866643e-14	1,794455973e-10	6,633513183e-11	1	1	1	1	1	1	1	0	0	0	0	0	0	0	0	0	0	3,434911204e-08	63,71715099	7,459277582	0	29,34525905	0,1837659465	0,02897127021	0
36,549	1785149298,171	27/07/2026_12:48:18,171	1	2	2,595126489e-06	1,631597115e-06	1,909602684e-12	5,126142566e-12	8,832605329e-13	1,706771335e-12	1,009412432e-11	2,056050122e-11	2,296735935e-13	2,109224931e-13	1,901858358e-11	5,984862128e-13	4,999999912e-15	4,999999912e-15	4,862009097e-14	1,054010869e-13	7,097117598e-12	1,215754656e-13	4,999999912e-15	4,999999912e-15	3,30976735e-14	1,831827745e-10	6,613255082e-11	1	1	1	1	1	1	1	0	0	0	0	0	0	0	0	0	0	2,77915375e-08	66,32547557	4,2518096	0	29,84549922	0,1384464069	0,09679481361	0
37,357	1785149298,979	27/07/2026_12:48:18,979	1	2	2,595134674e-06	1,586578946e-06	1,473283301e-12	5,049787411e-12	6,937938722e-13	1,288504243e-12	7,172696031e-12	1,703947573e-11	5,83992151e-14	5,815085148e-14	1,935118212e-11	6,342188059e-13	9,444226949e-14	9,003390346e-14	1,43155446e-14	4,999999912e-15	6,943538626e-12	5,945473335e-14	5,048277741e-14	8,270732596e-14	1,112375098e-13	1,856833437e-10	6,637721622e-11	1	1	1	1	1	1	1	0	0	0	0	0	0	0	0	0	0	2,874314178e-08	67,50390014	2,988201691	0	30,07515923	0,1072430511	0,02007668796	0,03976378864
38,165	1785149299,787	27/07/2026_12:48:19,787	1	2	2,594987336e-06	1,572051474e-06	1,492849247e-12	5,087887143e-12	5,268269545e-13	8,953291667e-13	5,457631742e-12	1,53012672e-11	1,370901141e-13	2,194210254e-13	1,961847004e-11	6,3116862e-13	4,999999912e-15	4,999999912e-15	2,284511217e-14	6,686668499e-14	7,102138322e-12	1,77200038e-13	3,697051481e-14	4,999999912e-15	4,999999912e-15	1,883563999e-10	6,62187527e-11	1	1	1	1	1	1	1	0	0	0	0	0	0	0	0	0	0	2,324231167e-08	68,24049583	2,304301951	0	29,91270031	0,1082946884	0,09736725698	0
38,973	1785149300,595	27/07/2026_12:48:20,595	1	2	2,596108288e-06	1,561242243e-06	1,205517565e-12	4,94873283e-12	4,192294298e-13	8,220672407e-13	4,632851828e-12	1,42072968e-11	4,957859684e-14	5,870578004e-14	1,964497141e-11	6,018972755e-13	6,094101189e-14	9,186167181e-14	6,261741885e-14	4,999999912e-15	6,912256791e-12	2,396660751e-14	4,999999912e-15	4,132067274e-14	1,093399053e-13	1,897176582e-10	6,585032519e-11	1	1	1	1	1	1	1	0	0	0	0	0	0	0	0	0	0	2,720384345e-08	68,83268985	1,936685193	0	29,78633652	0,08758194902	0,02292423392	0,05085342451
39,781	1785149301,403	27/07/2026_12:48:21,403	1	2	2,591273187e-06	1,53808071e-06	1,263567484e-12	5,074646866e-12	4,347014285e-13	6,420498898e-13	3,852613541e-12	1,329389203e-11	8,26529871e-14	1,884848478e-13	1,98724006e-11	6,869718011e-13	4,999999912e-15	4,999999912e-15	4,999999912e-15	7,400304938e-15	7,053258585e-12	1,803510954e-13	1,039497535e-13	4,999999912e-15	4,999999912e-15	1,906167446e-10	6,584572471e-11	1	1	1	1	1	1	1	0	0	0	0	0	0	0	0	0	0	2,120927988e-08	69,11631205	1,604341869	0	29,76993072	0,09173676476	0,08132308707	0
40,589	1785149302,211	27/07/2026_12:48:22,211	1	2	2,58512091e-06	1,542802806e-06	1,110520313e-12	4,870608691e-12	3,003122382e-13	6,133994137e-13	3,507942201e-12	1,294734198e-11	8,855539051e-14	8,628910981e-14	1,974900278e-11	5,836583929e-13	3,273677309e-14	6,620310582e-14	7,247415829e-14	6,182578185e-14	6,958839754e-12	2,115704835e-14	4,999999912e-15	1,538270955e-14	7,800014026e-14	1,905033908e-10	6,657625146e-11	1	1	1	1	1	1	1	0	0	0	0	0	0	0	0	0	0	3,091804832e-08	69,05619242	1,44486267	0	30,08442863	0,08060754075	0,04009557092	0,03261936153
41,397	1785149303,019	27/07/2026_12:48:23,019	1	2	2,581347189e-06	1,556463758e-06	1,122224167e-12	5,032941945e-12	4,036605035e-13	5,558112022e-13	3,054237419e-12	1,244779887e-11	3,559289365e-14	1,357124862e-13	1,985348344e-11	6,984622841e-13	3,28609549e-14	4,999999912e-15	4,999999912e-15	4,999999912e-15	7,018755369e-12	1,340671145e-13	1,10814549e-13	4,38818632e-14	4,999999912e-15	1,889744888e-10	6,650469064e-11	1	1	1	1	1	1	1	0	0	0	0	0	0	0	0	0	0	2,38617949e-08	69,02386563	1,273680317	0	30,28467014	0,08206698412	0,05608127828	0
42,205	1785149303,827	27/07/2026_12:48:23,827	1	2	2,583296464e-06	1,53395888e-06	1,052156084e-12	4,914972509e-12	2,369341702e-13	4,826851267e-13	2,890988013e-12	1,2267274e-11	1,312885889e-13	1,462522052e-13	1,987602097e-11	5,545849695e-13	4,999999912e-15	3,883707727e-14	8,254821251e-14	7,950581925e-14	7,012407582e-12	3,688125787e-14	4,999999912e-15	4,999999912e-15	4,917501275e-14	1,905930136e-10	6,579975453e-11	1	1	1	1	1	1	1	0	0	0	0	0	0	0	0	0	0	2,591097998e-08	69,40998258	1,216863179	0	29,87797368	0,07672189145	0,07055012762	0,02213162347
43,013	1785149304,635	27/07/2026_12:48:24,635	1	2	2,592672899e-06	1,53395888e-06	9,890069449e-13	4,976110669e-12	3,489556192e-13	5,314991611e-13	2,677178574e-12	1,189827143e-11	4,999999912e-15	1,010315217e-13	1,991328803e-11	6,803902602e-13	6,576459348e-14	4,999999912e-15	4,999999912e-15	4,999999912e-15	6,99224012e-12	9,42637556e-14	6,986251855e-14	6,495743207e-14	3,925230637e-14	1,905145069e-10	6,668760683e-11	1	1	1	1	1	1	1	0	0	0	0	0	0	0	0	0	0	2,676152342e-08	69,29684168	1,078622739	0	30,23800838	0,07202764559	0,03886174927	0,006304000175
43,821	1785149305,443	27/07/2026_12:48:25,443	1	2	2,578638259e-06	1,529262022e-06	1,035698437e-12	4,933377491e-12	2,055595006e-13	3,861473045e-13	2,503420865e-12	1,186055074e-11	1,347772669e-13	1,864669172e-13	1,991131565e-11	5,469285506e-13	4,999999912e-15	7,524485897e-15	7,076281293e-14	9,025897027e-14	7,10501059e-12	9,575391017e-14	4,999999912e-15	4,999999912e-15	2,317108433e-14	1,916768133e-10	6,634080091e-11	1	1	1	1	1	1	1	0	0	0	0	0	0	0	0	0	0	2,621558444e-08	69,47225711	1,039423153	0	29,98078152	0,07516502095	0,0878405474	0,006368558045
44,629	1785149306,251	27/07/2026_12:48:26,251	1	2	2,57867714e-06	1,535133265e-06	8,859071246e-13	4,925445902e-12	2,974366901e-13	4,722191063e-13	2,406358966e-12	1,158448597e-11	4,999999912e-15	6,602848151e-14	1,993216182e-11	6,534588951e-13	6,407266211e-14	5,156158906e-14	4,999999912e-15	4,999999912e-15	6,942599273e-12	6,807744743e-14	5,985056201e-14	7,270312824e-14	7,630431931e-14	1,914016584e-10	6,613976034e-11	1	1	1	1	1	1	1	0	0	0	0	0	0	0	0	0	0	2,645168436e-08	69,62775178	0,9766876966	0	29,99608029	0,06452901274	0,02465368762	0,03193744178
45,437	1785149307,059	27/07/2026_12:48:27,059	1	2	2,575592362e-06	1,541028723e-06	1,000478129e-12	4,971220918e-12	2,003905126e-13	3,262152104e-13	2,231964613e-12	1,146986846e-11	9,757003013e-14	2,170926741e-13	1,99999791e-11	5,811864119e-13	4,999999912e-15	4,999999912e-15	6,484484445e-15	6,193055644e-14	7,089441881e-12	1,332716083e-13	4,999999912e-15	4,999999912e-15	4,999999912e-15	1,899921193e-10	6,629979898e-11	1	1	1	1	1	1	1	0	0	0	0	0	0	0	0	0	0	2,450447679e-08	69,39717086	0,9167585015	0	30,19182107	0,07316410757	0,09783038431	0
46,245	1785149307,867	27/07/2026_12:48:27,867	1	2	2,583410378e-06	1,539258278e-06	7,99198869e-13	4,898948434e-12	2,518473711e-13	4,34266799e-13	2,219360546e-12	1,138665291e-11	4,999999912e-15	4,440574969e-14	1,991040145e-11	6,25875545e-13	6,269115815e-14	7,52643187e-14	3,347796758e-14	4,999999912e-15	6,908450374e-12	4,331918261e-14	1,376449715e-14	5,561293749e-14	9,789600229e-14	1,912767306e-10	6,624573806e-11	1	1	1	1	1	1	1	0	0	0	0	0	0	0	0	0	0	2,750131852e-08	69,65218772	0,8974774673	0	30,07384456	0,05827194175	0,01594752695	0,04558658936
47,053	1785149308,675	27/07/2026_12:48:28,675	1	2	2,578776957e-06	1,544577458e-06	9,500573071e-13	5,008129328e-12	2,369885158e-13	3,120549067e-13	2,026676786e-12	1,123878247e-11	6,757684419e-14	2,009144126e-13	1,999266204e-11	6,432723278e-13	4,999999912e-15	4,999999912e-15	4,999999912e-15	2,740482266e-14	7,065005699e-12	1,67385989e-13	4,264783446e-14	4,999999912e-15	4,999999912e-15	1,91632557e-10	6,624465559e-11	1	1	1	1	1	1	1	0	0	0	0	0	0	0	0	0	0	2,255358679e-08	69,66443903	0,8293983994	0	30,02846715	0,06915348648	0,0877861374	0
47,861	1785149309,483	27/07/2026_12:48:29,483	1	2	2,577272426e-06	1,534546868e-06	7,493292011e-13	4,857399205e-12	2,192696708e-13	3,801129333e-13	2,063441648e-12	1,121111277e-11	3,054810772e-14	4,057559546e-14	1,986102602e-11	5,88051309e-13	3,796782496e-14	7,28932702e-14	7,938163744e-14	4,999999912e-15	6,957908642e-12	1,785077552e-14	4,999999912e-15	3,34973748e-14	8,133745684e-14	1,908284364e-10	6,591216462e-11	1	1	1	1	1	1	1	0	0	0	0	0	0	0	0	0	0	2,785914395e-08	69,7271123	0,8433656983	0	30,02587103	0,0548231303	0,01729151751	0,03832985685
48,669	1785149310,291	27/07/2026_12:48:30,291	1	2	2,574188329e-06	1,53808071e-06	8,515559677e-13	4,996492369e-12	2,573578286e-13	3,126176347e-13	1,851448031e-12	1,101445497e-11	5,041292091e-14	1,562137328e-13	2,003045126e-11	6,657215469e-13	4,999999912e-15	4,999999912e-15	4,999999912e-15	7,757320854e-15	6,876831136e-12	1,574555238e-13	8,642493324e-14	4,999999912e-15	4,999999912e-15	1,968499114e-10	6,391637219e-11	1	1	1	1	1	1	1	0	0	0	0	0	0	0	0	0	0	1,483404163e-08	70,93306846	0,8109081248	0	28,7382543	0,06145448894	0,06686347655	0,004933895155
49,477	1785149311,099	27/07/2026_12:48:31,099	1	2	2,59435501e-06	1,521659783e-06	7,640755433e-13	4,825236564e-12	1,667728455e-13	3,37829916e-13	1,997890351e-12	1,145357247e-11	9,515241514e-14	1,034103426e-13	2,09673251e-11	5,857229307e-13	5,432837136e-15	5,923354255e-14	9,347599463e-14	6,056846647e-14	7,628539293e-12	2,244541087e-14	4,999999912e-15	4,999999912e-15	7,894700789e-14	1,784057485e-10	7,620216264e-11	1	1	1	1	1	1	1	0	0	0	0	0	0	0	0	0	0	6,297578861e-08	65,52289699	0,5887561853	0	34,7967019	0,05611869616	0,05144195141	0
50,285	1785149311,907	27/07/2026_12:48:31,907	1	2	2,915993036e-06	1,709051048e-06	2,169676981e-12	8,074730121e-12	8,250925984e-12	1,792437206e-11	1,120797066e-10	1,506971908e-10	1,638950043e-12	8,90520974e-14	6,891550264e-12	7,514868177e-13	2,255406487e-14	4,999999912e-15	4,999999912e-15	4,999999912e-15	7,630106616e-12	1,51545348e-13	8,600971769e-14	4,490634278e-14	4,999999912e-15	4,842789364e-11	7,043964023e-11	1	1	1	1	1	1	1	0	0	0	0	0	0	0	0	0	0	1,61483572e-09	17,737272	50,29836003	0	32,20348124	0,1585513373	0,03761931964	0,23556425
51,093	1785149312,715	27/07/2026_12:48:32,715	1	2	3,174782478e-06	2,48819174e-06	4,910865551e-12	8,474425155e-12	1,067649615e-11	2,188528352e-11	1,304033131e-10	1,648879089e-10	1,87385849e-12	9,775241326e-14	4,473335331e-12	5,728936748e-13	4,999999912e-15	4,999999912e-15	5,35445779e-14	9,172971763e-14	7,453981009e-12	7,654880012e-14	4,999999912e-15	4,999999912e-15	2,367944301e-14	4,114605184e-11	6,957130705e-11	1	1	1	1	1	1	1	0	0	0	0	0	0	0	0	0	0	3,867465272e-08	14,5836244	55,08273232	0	30,68539977	0,3483690766	0,04264883988	0
51,901	1785149313,523	27/07/2026_12:48:33,523	1	2	3,129827064e-06	2,513110758e-06	5,220864106e-12	8,592643957e-12	1,110965053e-11	2,245307759e-11	1,327258997e-10	1,690835805e-10	1,768600999e-12	2,496780384e-14	4,16003126e-12	6,999446595e-13	8,289746792e-14	9,228071595e-15	4,999999912e-15	4,999999912e-15	7,355911019e-12	1,361083284e-13	7,600551997e-14	6,507773107e-14	4,700963739e-14	3,864883066e-11	6,938126462e-11	1	1	1	1	1	1	1	0	0	0	0	0	0	0	0	0	0	2,956636889e-08	13,64774577	56,16320799	0	30,52593791	0,3690244166	0	0,0009081323066
52,709	1785149314,331	27/07/2026_12:48:34,331	1	2	3,137691465e-06	2,58144928e-06	5,471881195e-12	8,62321152e-12	1,108876185e-11	2,26326128e-11	1,347978812e-10	1,711406017e-10	1,945358588e-12	1,478316303e-13	3,953680265e-12	6,089716947e-13	4,999999912e-15	4,999999912e-15	3,991977173e-14	8,654910827e-14	7,509229349e-12	1,444787893e-13	4,999999912e-15	4,999999912e-15	7,074335743e-15	3,718781186e-11	6,966215105e-11	1	1	1	1	1	1	1	0	0	0	0	0	0	0	0	0	0	3,332666157e-08	13,07024826	56,67775052	0	30,49755434	0,3850007643	0,06268109945	0
53,517	1785149315,139	27/07/2026_12:48:35,139	1	2	3,138899274e-06	2,555852916e-06	5,452663928e-12	8,623770101e-12	1,127624209e-11	2,287794433e-11	1,353955004e-10	1,714385994e-10	1,805734598e-12	4,999999912e-15	3,802444904e-12	6,985980804e-13	7,940880348e-14	5,159262774e-14	4,999999912e-15	4,999999912e-15	7,353850168e-12	8,151985353e-14	4,38935116e-14	8,620761846e-14	8,692165369e-14	3,641236271e-11	6,998331081e-11	1	1	1	1	1	1	1	0	0	0	0	0	0	0	0	0	0	3,714079639e-08	12,80980982	56,90407588	0	30,65991437	0,3840793471	0	0
54,325	1785149315,947	27/07/2026_12:48:35,947	1	2	3,149973736e-06	2,557815151e-06	5,67950114e-12	8,737620003e-12	1,128177499e-11	2,275110482e-11	1,360197788e-10	1,724752424e-10	1,955145464e-12	1,572614922e-13	3,793760445e-12	6,358487413e-13	4,999999912e-15	4,999999912e-15	1,218897267e-14	6,040160098e-14	7,49225508e-12	1,923421546e-13	2,541407331e-14	4,999999912e-15	4,999999912e-15	3,576672292e-11	6,978742584e-11	1	1	1	1	1	1	1	0	0	0	0	0	0	0	0	0	0	3,113646609e-08	12,56593025	57,14025326	0	30,54038846	0,3994638014	0,06578532605	0
55,133	1785149316,755	27/07/2026_12:48:36,755	1	2	3,141282605e-06	2,58046316e-06	5,563079511e-12	8,616106092e-12	1,135315886e-11	2,304169529e-11	1,364580393e-10	1,729868609e-10	1,84927876e-12	4,999999912e-15	3,61777882e-12	6,397409187e-13	5,864369591e-14	8,205149884e-14	5,709145044e-14	4,999999912e-15	7,310266975e-12	6,277265627e-14	4,999999912e-15	5,25589026e-14	9,543181404e-14	3,513794811e-11	6,972249861e-11	1	1	1	1	1	1	1	0	0	0	0	0	0	0	0	0	0	3,634127474e-08	12,36306477	57,42821837	0	30,56007054	0,391961137	0	0,005228088486
55,941	1785149317,563	27/07/2026_12:48:37,563	1	2	3,14307681e-06	2,599324944e-06	5,775531095e-12	8,810163536e-12	1,141083582e-11	2,305452704e-11	1,368163222e-10	1,734990068e-10	1,930705595e-12	1,296238236e-13	3,706175557e-12	6,923735673e-13	4,999999912e-15	4,999999912e-15	4,999999912e-15	3,620991988e-14	7,453054666e-12	2,210508794e-13	6,46469911e-14	4,999999912e-15	4,999999912e-15	3,475244051e-11	6,947765974e-11	1	1	1	1	1	1	1	0	0	0	0	0	0	0	0	0	0	2,798198398e-08	12,22587024	57,5769417	0	30,44774974	0,4067380378	0,05102636846	0
56,749	1785149318,371	27/07/2026_12:48:38,371	1	2	3,147992174e-06	2,568621994e-06	5,722786394e-12	8,634884474e-12	1,138300391e-11	2,319227449e-11	1,368596209e-10	1,739917654e-10	1,936386815e-12	2,135496099e-14	3,527031098e-12	6,228796775e-13	2,63842225e-14	7,881895684e-14	8,636284911e-14	4,240336042e-14	7,361782191e-12	5,292756522e-14	4,999999912e-15	2,526660996e-14	9,111270495e-14	3,468469262e-11	6,940722996e-11	1	1	1	1	1	1	1	0	0	0	0	0	0	0	0	0	0	3,294688629e-08	12,19217382	57,66652845	0	30,41049049	0,4028843746	0,007672178611	0,02295485057
57,557	1785149319,179	27/07/2026_12:48:39,179	1	2	3,163265092e-06	2,601314691e-06	5,833620479e-12	8,775770041e-12	1,151318103e-11	2,320168363e-11	1,371105868e-10	1,738834909e-10	1,888876425e-12	1,013769079e-13	3,651850957e-12	7,228635008e-13	3,112244349e-14	4,999999912e-15	4,999999912e-15	4,999999912e-15	7,434632771e-12	1,969018617e-13	9,516793956e-14	3,345080831e-14	4,999999912e-15	3,431827045e-11	6,96871727e-11	1	1	1	1	1	1	1	0	0	0	0	0	0	0	0	0	0	3,026015176e-08	12,06897859	57,68672135	0	30,52749248	0,4106966615	0,03496675549	0
58,365	1785149319,987	27/07/2026_12:48:39,987	1	2	3,147291864e-06	2,578483645e-06	5,850236528e-12	8,647919186e-12	1,137699396e-11	2,327706951e-11	1,383085313e-10	1,747635925e-10	1,977874461e-12	7,082102781e-14	3,484232e-12	5,9830385e-13	4,999999912e-15	4,548843737e-14	8,19661247e-14	7,448431656e-14	7,388042435e-12	5,756488764e-14	4,999999912e-15	4,999999912e-15	5,275293413e-14	3,419114991e-11	6,952736303e-11	1	1	1	1	1	1	1	0	0	0	0	0	0	0	0	0	0	3,837771425e-08	11,99006451	57,93404883	0	30,36664606	0,4108677524	0,0303077651	0
59,173	1785149320,795	27/07/2026_12:48:40,795	1	2	3,151805458e-06	2,600318112e-06	5,897734991e-12	8,749187139e-12	1,156832095e-11	2,332883539e-11	1,380602022e-10	1,751360862e-10	1,885779727e-12	5,582637624e-14	3,551397024e-12	7,362360504e-13	7,302521082e-14	4,999999912e-15	4,999999912e-15	4,999999912e-15	7,390152726e-12	1,534002959e-13	1,104031959e-13	6,156965942e-14	2,745139084e-14	3,389561895e-11	6,936101693e-11	1	1	1	1	1	1	1	0	0	0	0	0	0	0	0	0	0	3,064925518e-08	11,90178215	58,0345181	0	30,3446494	0,414627392	0,0148439404	0
59,981	1785149321,603	27/07/2026_12:48:41,603	1	2	3,148131555e-06	2,58540922e-06	5,959277342e-12	8,712256611e-12	1,1442681e-11	2,328415932e-11	1,381452314e-10	1,751052081e-10	2,034635915e-12	1,157390291e-13	3,476451332e-12	5,719428837e-13	4,999999912e-15	2,611258242e-14	6,796101767e-14	1,078846756e-13	7,455965532e-12	1,246488942e-13	4,999999912e-15	4,999999912e-15	4,591918751e-14	3,359536954e-11	6,945560099e-11	1	1	1	1	1	1	1	0	0	0	0	0	0	0	0	0	0	3,314130597e-08	11,79469208	58,03565966	0	30,3803528	0,4189456022	0,05397863914	0
60,789	1785149322,411	27/07/2026_12:48:42,411	1	2	3,153928901e-06	2,567635192e-06	5,888161486e-12	8,721903408e-12	1,156866877e-11	2,332258518e-11	1,379620446e-10	1,75308143e-10	1,847567455e-12	2,756392933e-14	3,495861803e-12	6,957419666e-13	7,465894764e-14	4,023022285e-14	4,999999912e-15	4,999999912e-15	7,370025597e-12	1,229336592e-13	5,013352878e-14	9,319270616e-14	7,472104532e-14	3,359068926e-11	6,995608259e-11	1	1	1	1	1	1	1	0	0	0	0	0	0	0	0	0	0	3,237136556e-08	11,77830769	57,95725236	0	30,56714716	0,4134057405	0	0,01029195439
61,597	1785149323,219	27/07/2026_12:48:43,219	1	2	3,154051683e-06	2,553894774e-06	6,018611391e-12	8,808612693e-12	1,150181339e-11	2,321423782e-11	1,386546156e-10	1,758295731e-10	2,024072967e-12	1,626089671e-13	3,503545544e-12	6,282504356e-13	4,999999912e-15	4,999999912e-15	3,324513177e-14	9,601779143e-14	7,506668898e-12	1,659618081e-13	4,999999912e-15	4,999999912e-15	9,744192486e-15	3,342334395e-11	6,990990425e-11	1	1	1	1	1	1	1	0	0	0	0	0	0	0	0	0	0	3,095122624e-08	11,69301259	58,04461628	0	30,47155308	0,4215752918	0,070713919	0
62,405	1785149324,027	27/07/2026_12:48:44,027	1	2	3,180307885e-06	2,595340675e-06	5,920533595e-12	8,716602093e-12	1,153240003e-11	2,350562973e-11	1,382518822e-10	1,756158968e-10	1,864510282e-12	4,999999912e-15	3,41347675e-12	6,674988795e-13	6,535325395e-14	8,227268964e-14	1,776152196e-14	4,999999912e-15	7,341719246e-12	9,071688306e-14	4,387022836e-14	5,886487993e-14	9,885063552e-14	3,323015474e-11	6,993613327e-11	1	1	1	1	1	1	1	0	0	0	0	0	0	0	0	0	0	3,321224583e-08	11,65350993	58,08929761	0	30,56462943	0,4157888649	0	0,02192348609
63,213	1785149324,835	27/07/2026_12:48:44,835	1	2	3,162529083e-06	2,625356728e-06	6,090740759e-12	8,834794007e-12	1,156869479e-11	2,332362081e-11	1,392970878e-10	1,757257118e-10	1,987016888e-12	1,517549107e-13	3,525691891e-12	6,70420967e-13	4,999999912e-15	4,999999912e-15	4,999999912e-15	5,492607508e-14	7,255775408e-12	2,033203792e-13	5,6726674e-14	4,999999912e-15	4,999999912e-15	2,987256623e-11	6,132887254e-11	1	1	1	1	1	1	1	0	0	0	0	0	0	0	0	0	0	5,341110563e-09	10,92815189	60,96336049	0	27,94219631	0,4455650606	0,06423842844	0
64,021	1785149325,643	27/07/2026_12:48:45,643	1	2	3,17807644e-06	2,649614999e-06	6,269256381e-12	8,389323958e-12	1,191839162e-11	2,382985996e-11	1,39573228e-10	1,75206849e-10	1,895256087e-12	2,132779833e-14	3,23642415e-12	5,99444756e-13	3,55152851e-14	7,826402151e-14	7,044073034e-14	7,761204501e-15	6,969441517e-12	2,471168649e-14	4,999999912e-15	2,474272855e-14	9,232733664e-14	3,862387146e-11	6,260488655e-11	1	1	1	1	1	1	1	0	0	0	0	0	0	0	0	0	0	3,030646137e-08	13,62545342	58,90227419	0	27,54926425	0,4436780746	0,0003142789069	0
64,829	1785149326,451	27/07/2026_12:48:46,451	1	2	2,958962568e-06	2,455974254e-06	5,163680247e-12	7,314481486e-12	8,245531861e-12	1,566338378e-11	8,78563125e-11	1,076450318e-10	1,054197203e-12	1,342456148e-13	9,706221937e-12	6,26647768e-13	1,441256036e-14	4,999999912e-15	4,999999912e-15	1,8417344e-14	6,552175903e-12	1,633346507e-13	8,699538621e-14	3,036960738e-14	4,999999912e-15	1,45073481e-10	6,187175078e-11	1	1	1	1	1	1	1	0	0	0	0	0	0	0	0	0	0	3,952804442e-08	44,94673665	31,62783701	0	23,85292494	0,3214501437	0,03405850119	0
65,637	1785149327,259	27/07/2026_12:48:47,259	1	2	2,570059451e-06	1,766323066e-06	2,694439507e-12	5,219936462e-12	1,877184389e-12	3,669371664e-12	2,044065785e-11	3,212493119e-11	3,00975797e-13	9,691809258e-14	1,74771829e-11	5,589273076e-13	3,014065099e-14	6,876042704e-14	9,719749826e-14	7,822909665e-14	6,919579493e-12	2,418004287e-14	4,999999912e-15	2,594959634e-14	8,841180826e-14	1,76480594e-10	6,575979344e-11	1	1	1	1	1	1	1	0	0	0	0	0	0	0	0	0	0	3,752930588e-08	62,85385103	8,441909571	0	29,17758392	0,1922387102	0,04155061254	0
66,445	1785149328,067	27/07/2026_12:48:48,067	1	2	2,60847105e-06	1,636610023e-06	1,839841213e-12	5,198023002e-12	1,069867068e-12	1,881643062e-12	1,063876938e-11	2,106403073e-11	1,076014007e-13	1,596325475e-13	1,886009578e-11	7,083499911e-13	5,969920738e-14	4,999999912e-15	4,999999912e-15	4,999999912e-15	7,023707137e-12	1,430546084e-13	1,090294643e-13	9,384853327e-14	4,999999912e-15	1,835075703e-10	6,557529519e-11	1	1	1	1	1	1	1	0	0	0	0	0	0	0	0	0	0	2,447029668e-08	66,41791353	4,476831012	0	29,58680521	0,1333512343	0,06200554566	0
67,253	1785149328,875	27/07/2026_12:48:48,875	1	2	2,599025038e-06	1,576879754e-06	1,558415831e-12	5,003491978e-12	6,231125099e-13	1,244707787e-12	7,406378462e-12	1,742991862e-11	2,040383108e-13	1,601719381e-13	1,922227655e-11	5,656174856e-13	4,999999912e-15	4,347440986e-14	8,041776202e-14	1,02707949e-13	7,082084051e-12	7,52022278e-14	4,999999912e-15	4,999999912e-15	5,080099075e-14	1,869826793e-10	6,603033398e-11	1	1	1	1	1	1	1	0	0	0	0	0	0	0	0	0	0	2,897186656e-08	67,59379487	3,103091432	0	29,75648828	0,1128166409	0,07690021481	0,01056827044
68,061	1785149329,683	27/07/2026_12:48:49,683	1	2	2,598691253e-06	1,563041565e-06	1,336115463e-12	5,059896946e-12	6,103802901e-13	1,054662759e-12	5,66545812e-12	1,538873022e-11	2,456422313e-14	8,736792485e-14	1,954735679e-11	7,082336562e-13	7,867537459e-14	3,63923064e-14	4,999999912e-15	4,999999912e-15	6,986492981e-12	1,063673685e-13	7,966880871e-14	7,159714716e-14	7,333566534e-14	1,883243561e-10	6,705132283e-11	1	1	1	1	1	1	1	0	0	0	0	0	0	0	0	0	0	2,82948685e-08	68,06151292	2,334631643	0	30,20544503	0,09669034656	0,03068509492	0,01984106868
68,869	1785149330,491	27/07/2026_12:48:50,491	1	2	2,596900913e-06	1,565437287e-06	1,345257998e-12	5,011994292e-12	3,908001581e-13	7,643006237e-13	4,632797618e-12	1,426850998e-11	1,71126893e-13	2,24368782e-13	1,96944492e-11	5,849234942e-13	4,999999912e-15	4,999999912e-15	5,172845455e-14	9,643302053e-14	7,08793137e-12	1,06988264e-13	4,999999912e-15	4,999999912e-15	3,294632904e-14	1,89095295e-10	6,624791687e-11	1	1	1	1	1	1	1	0	0	0	0	0	0	0	0	0	0	2,57899636e-08	68,56902593	1,936931498	0	29,94950953	0,09767478424	0,1043325012	0,00613652876
69,677	1785149331,299	27/07/2026_12:48:51,299	1	2	2,593347972e-06	1,560046258e-06	1,125674098e-12	4,938927305e-12	4,123724203e-13	7,549521988e-13	4,056011603e-12	1,346428958e-11	4,999999912e-15	7,1748495e-14	1,970844668e-11	6,432838745e-13	6,898550063e-14	6,929595515e-14	4,999999912e-15	4,999999912e-15	6,938803698e-12	6,864401083e-14	5,985831405e-14	8,009955546e-14	1,129139439e-13	1,907003999e-10	6,608665698e-11	1	1	1	1	1	1	1	0	0	0	0	0	0	0	0	0	0	2,783307465e-08	69,05958947	1,667011082	0	29,83535729	0,08162952864	0,0245355771	0,04953189218
70,485	1785149332,107	27/07/2026_12:48:52,107	1	2	2,608578825e-06	1,544577458e-06	1,208792723e-12	5,013804042e-12	3,327075215e-13	5,283209851e-13	3,452992883e-12	1,28982762e-11	1,173494624e-13	2,016672419e-13	1,983747888e-11	6,106208746e-13	4,999999912e-15	4,999999912e-15	2,623288143e-14	5,184487076e-14	7,05520321e-12	1,65096425e-13	3,759529309e-14	4,999999912e-15	4,999999912e-15	1,894976676e-10	6,675997949e-11	1	1	1	1	1	1	1	0	0	0	0	0	0	0	0	0	0	2,561703089e-08	68,86825553	1,423402284	0	30,24683225	0,08795793199	0,09125646623	0
71,293	1785149332,915	27/07/2026_12:48:52,915	1	2	2,582452453e-06	1,541619213e-06	1,001153262e-12	4,909465629e-12	3,20697028e-13	5,716634848e-13	3,225872694e-12	1,255928521e-11	1,714062648e-14	3,05519939e-14	1,973618491e-11	6,174235927e-13	6,395623235e-14	9,105838642e-14	4,135560099e-14	4,999999912e-15	6,906160973e-12	2,210780048e-14	4,999999912e-15	3,952394984e-14	1,035384208e-13	1,900048868e-10	6,590205465e-11	1	1	1	1	1	1	1	0	0	0	0	0	0	0	0	0	0	2,720642199e-08	69,29140577	1,339264087	0	29,96313554	0,07310652008	0,009963001224	0,04942186081
72,101	1785149333,723	27/07/2026_12:48:53,723	1	2	2,584817821e-06	1,560645842e-06	1,079083546e-12	5,024757953e-12	3,296767698e-13	4,683539797e-13	2,832713231e-12	1,217947444e-11	6,877595146e-14	1,976740982e-13	1,989624437e-11	6,719770682e-13	4,999999912e-15	4,999999912e-15	4,999999912e-15	4,999999912e-15	7,045031659e-12	1,72465693e-13	7,979686654e-14	4,999999912e-15	4,999999912e-15	1,900661434e-10	6,622546955e-11	1	1	1	1	1	1	1	0	0	0	0	0	0	0	0	0	0	2,27578494e-08	69,25773188	1,179013305	0	30,08860487	0,07872754181	0,08557548468	0
72,909	1785149334,531	27/07/2026_12:48:54,531	1	2	2,596139211e-06	1,552292701e-06	9,170567951e-13	4,885937141e-12	2,386028387e-13	4,874893349e-13	2,748639857e-12	1,204725122e-11	7,322700795e-14	8,08329979e-14	1,973803586e-11	5,890058948e-13	1,141673443e-14	6,754580212e-14	1,001118201e-13	5,227173471e-14	6,986663418e-12	9,678224713e-15	4,999999912e-15	2,585258396e-14	8,313031388e-14	1,893724622e-10	6,592660445e-11	1	1	1	1	1	1	1	0	0	0	0	0	0	0	0	0	0	2,759764002e-08	69,3187748	1,146745141	0	30,0862352	0,06721353716	0,03765143399	0,03987588246
73,717	1785149335,339	27/07/2026_12:48:55,339	1	2	2,577987516e-06	1,539848199e-06	9,786069524e-13	5,011750997e-12	3,453544146e-13	4,512793676e-13	2,483924524e-12	1,170320091e-11	4,934187824e-14	1,620656734e-13	1,988485071e-11	6,9721659e-13	2,698959864e-14	4,999999912e-15	4,999999912e-15	4,999999912e-15	7,024154262e-12	1,496167014e-13	1,176405165e-13	2,158779848e-14	4,999999912e-15	1,901561131e-10	6,657300405e-11	1	1	1	1	1	1	1	0	0	0	0	0	0	0	0	0	0	2,445100668e-08	69,3191196	1,007444734	0	30,25573945	0,07142719656	0,06931036191	0
74,525	1785149336,147	27/07/2026_12:48:56,147	1	2	2,576686938e-06	1,524577897e-06	9,033504196e-13	4,87721365e-12	2,016750075e-13	4,030628641e-13	2,412222548e-12	1,170996286e-11	1,347423556e-13	1,371638534e-13	1,982586144e-11	5,728470541e-13	4,999999912e-15	3,496423935e-14	9,3918383e-14	9,159002495e-14	7,01741356e-12	5,085919546e-14	4,999999912e-15	4,999999912e-15	8,258702018e-14	1,909755409e-10	6,644501616e-11	1	1	1	1	1	1	1	0	0	0	0	0	0	0	0	0	0	2,877929931e-08	69,42831429	0,9907914833	0	30,1158019	0,06575948991	0,06778069625	0,03951298924
75,333	1785149336,955	27/07/2026_12:48:56,955	1	2	2,597422736e-06	1,519911507e-06	8,672647019e-13	4,98160584e-12	3,187024212e-13	4,629057012e-13	2,264965125e-12	1,139419635e-11	4,999999912e-15	1,247963592e-13	1,989739103e-11	6,983186815e-13	6,683564292e-14	9,247477119e-15	4,999999912e-15	4,999999912e-15	7,002112432e-12	1,223127773e-13	9,527272092e-14	7,788760685e-14	2,781228786e-14	1,907358854e-10	6,651464796e-11	1	1	1	1	1	1	1	0	0	0	0	0	0	0	0	0	0	2,548616846e-08	69,49012871	0,9039529345	0	30,21057662	0,06326524178	0,04943214667	7,991652221e-05
76,141	1785149337,763	27/07/2026_12:48:57,763	1	2	2,581407898e-06	1,530434588e-06	9,10385916e-13	4,910683839e-12	1,837194676e-13	3,436003923e-13	2,188269097e-12	1,142536586e-11	1,371211494e-13	2,126532593e-13	1,99295077e-11	5,458574673e-13	4,999999912e-15	4,999999912e-15	6,910191684e-14	1,035616837e-13	7,101456142e-12	9,620405736e-14	4,999999912e-15	4,999999912e-15	1,89955541e-14	1,90823482e-10	6,653055884e-11	1	1	1	1	1	1	1	0	0	0	0	0	0	0	0	0	0	2,758710619e-08	69,43862198	0,8895181713	0	30,1818862	0,06633041504	0,09985760038	0,0007781834339
76,949	1785149338,571	27/07/2026_12:48:58,571	1	2	2,580181445e-06	1,525746825e-06	7,694307431e-13	4,934995988e-12	2,70509201e-13	4,415351819e-13	2,151034559e-12	1,123040636e-11	4,999999912e-15	7,576491518e-14	1,990340358e-11	6,500012117e-13	8,945569166e-14	4,66759098e-14	4,999999912e-15	4,999999912e-15	6,963729506e-12	7,83726789e-14	5,611353735e-14	7,911776974e-14	8,290522674e-14	1,900360008e-10	6,514778994e-11	1	1	1	1	1	1	1	0	0	0	0	0	0	0	0	0	0	2,279735214e-08	69,80695981	0,8920855704	0	29,83821479	0,05658981738	0,02930588264	0,03938168878
77,757	1785149339,379	27/07/2026_12:48:59,379	1	2	2,57995589e-06	1,508884225e-06	9,00630048e-13	4,971616868e-12	1,994824661e-13	2,881154787e-13	1,993749783e-12	1,113518045e-11	1,150405183e-13	2,155947404e-13	1,988641023e-11	5,960802598e-13	4,999999912e-15	4,999999912e-15	3,752156057e-14	6,341295219e-14	7,068773084e-12	1,505558102e-13	5,390155146e-15	4,999999912e-15	4,999999912e-15	1,899767427e-10	6,586816509e-11	1	1	1	1	1	1	1	0	0	0	0	0	0	0	0	0	0	2,291044746e-08	69,59346975	0,817501959	0	30,08569933	0,06605758703	0,09968895221	0
78,565	1785149340,187	27/07/2026_12:49:00,187	1	2	2,597871344e-06	1,519329203e-06	7,019236537e-13	4,865998663e-12	2,301353552e-13	3,855457891e-13	2,010836159e-12	1,110892888e-11	4,999999912e-15	4,088604319e-14	1,982802637e-11	6,19748068e-13	5,432845607e-14	8,698762739e-14	3,824723741e-14	4,999999912e-15	6,863717927e-12	3,231766796e-14	2,700899908e-14	5,144129344e-14	1,252038295e-13	1,949988226e-10	6,357819132e-11	1	1	1	1	1	1	1	0	0	0	0	0	0	0	0	0	0	1,970202032e-08	70,79970508	0,8723793834	0	28,79785435	0,05104099796	0,01452009471	0,07433615992
79,373	1785149340,995	27/07/2026_12:49:00,995	1	2	2,579249212e-06	1,546355747e-06	8,373025038e-13	4,884012465e-12	2,31741926e-13	3,078328608e-13	1,892112985e-12	1,108153933e-11	7,956014455e-14	1,920045476e-13	2,081074202e-11	6,772042779e-13	4,999999912e-15	4,999999912e-15	4,999999912e-15	3,212363643e-14	7,476225368e-12	1,744021323e-13	6,087115539e-14	4,999999912e-15	4,999999912e-15	1,975679481e-10	7,394308776e-11	1	1	1	1	1	1	1	0	0	0	0	0	0	0	0	0	0	5,312012654e-08	68,39731115	0,5273973259	0	31,87143739	0,05803453432	0,08216005015	0
80,181	1785149341,803	27/07/2026_12:49:01,803	1	2	2,809542593e-06	1,625979962e-06	1,403354646e-12	7,008531342e-12	5,581368701e-12	1,334818107e-11	8,938095403e-11	1,297373459e-10	1,471404921e-12	2,269765051e-14	8,164485581e-12	6,660708226e-13	4,999999912e-15	5,849234129e-14	5,948578219e-14	4,999999912e-15	7,671602069e-12	4,085888054e-14	4,999999912e-15	2,220093684e-14	7,609477013e-14	5,050113452e-11	7,053471696e-11	1	1	1	1	1	1	1	0	0	0	0	0	0	0	0	0	0	1,109498601e-08	20,01818708	44,99467543	0	34,99415507	0,1107878388	0,0236383729	0,5793919644
80,989	1785149342,611	27/07/2026_12:49:02,611	1	2	3,182087539e-06	2,507336603e-06	4,751571532e-12	8,610103082e-12	1,075508432e-11	2,171165851e-11	1,295171609e-10	1,646679043e-10	1,775504656e-12	7,272640471e-14	4,64283733e-12	7,255992682e-13	4,999999912e-15	4,999999912e-15	4,999999912e-15	4,999999912e-15	7,446309194e-12	1,857606544e-13	8,644822325e-14	4,999999912e-15	4,999999912e-15	4,15825395e-11	6,969323035e-11	1	1	1	1	1	1	1	0	0	0	0	0	0	0	0	0	0	2,907260467e-08	14,74025362	54,86861221	0	30,75987967	0,3370205594	0,02315411039	0
81,797	1785149343,419	27/07/2026_12:49:03,419	1	2	3,136246505e-06	2,526631761e-06	5,108855179e-12	8,475496346e-12	1,08909097e-11	2,227798154e-11	1,326589394e-10	1,679425071e-10	1,894519047e-12	4,755292771e-14	4,044389389e-12	5,856220456e-13	4,999999912e-15	3,327229781e-14	8,275777524e-14	7,850463985e-14	7,361918367e-12	2,27480964e-14	4,999999912e-15	4,999999912e-15	5,410337908e-14	3,870750942e-11	6,921968554e-11	1	1	1	1	1	1	1	0	0	0	0	0	0	0	0	0	0	3,825191867e-08	13,710614	56,10622106	0	30,53058117	0,3623274945	0,02086559569	0
82,605	1785149344,227	27/07/2026_12:49:04,227	1	2	3,128226808e-06	2,536337661e-06	5,287866933e-12	8,647461219e-12	1,120380091e-11	2,263138982e-11	1,344231948e-10	1,701644103e-10	1,795400308e-12	4,270216993e-14	3,969175249e-12	7,010389448e-13	3,599648113e-14	4,999999912e-15	4,999999912e-15	4,999999912e-15	7,384867891e-12	1,617591152e-13	7,647894362e-14	5,726219195e-14	8,02508491e-15	3,704964113e-11	6,910060718e-11	1	1	1	1	1	1	1	0	0	0	0	0	0	0	0	0	0	3,237004346e-08	13,10810692	56,80397428	0	30,44172126	0,3744942416	0,006096133603	0
83,413	1785149345,035	27/07/2026_12:49:05,035	1	2	3,137614158e-06	2,512145102e-06	5,460313191e-12	8,589105122e-12	1,111806393e-11	2,27001612e-11	1,344827166e-10	1,71970535e-10	1,957664066e-12	1,134611204e-13	3,775758352e-12	5,73483535e-13	4,999999912e-15	9,864490647e-15	5,984668598e-14	9,263001878e-14	7,449417819e-12	8,309925827e-14	4,999999912e-15	4,999999912e-15	2,532482145e-14	3,641273741e-11	6,979875705e-11	1	1	1	1	1	1	1	0	0	0	0	0	0	0	0	0	0	2,967710025e-08	12,80385219	56,82871236	0	30,60542375	0,3844616911	0,04977336691	0,01566635903
84,221	1785149345,843	27/07/2026_12:49:05,843	1	2	3,136755367e-06	2,546075166e-06	5,440805358e-12	8,65677148e-12	1,132875391e-11	2,291754286e-11	1,357051138e-10	1,716276288e-10	1,790181068e-12	1,129643542e-14	3,708410315e-12	6,963938974e-13	7,217535895e-14	2,917825554e-14	4,999999912e-15	4,999999912e-15	7,344195564e-12	1,157002147e-13	6,981594529e-14	8,139568528e-14	6,351385075e-14	3,554426545e-11	6,966054122e-11	1	1	1	1	1	1	1	0	0	0	0	0	0	0	0	0	0	3,578191417e-08	12,5482474	57,20770255	0	30,62386532	0,3845908806	0	0
85,029	1785149346,651	27/07/2026_12:49:06,651	1	2	3,143388085e-06	2,574531663e-06	5,626259007e-12	8,706326458e-12	1,126226282e-11	2,286708843e-11	1,365424301e-10	1,725124488e-10	1,96417947e-12	1,426393861e-13	3,703435128e-12	6,127202695e-13	4,999999912e-15	4,999999912e-15	3,413767411e-14	7,440282521e-14	7,488421341e-12	1,619182219e-13	4,999999912e-15	4,999999912e-15	4,999999912e-15	3,516660574e-11	6,959774423e-11	1	1	1	1	1	1	1	0	0	0	0	0	0	0	0	0	0	3,491554047e-08	12,38211505	57,37590671	0	30,51161002	0,396612713	0,06059906729	0
85,837	1785149347,459	27/07/2026_12:49:07,459	1	2	3,140689842e-06	2,577495707e-06	5,562781139e-12	8,645611137e-12	1,139705257e-11	2,308594635e-11	1,364904717e-10	1,73316389e-10	1,83237106e-12	4,999999912e-15	3,60070025e-12	6,732654798e-13	5,649771422e-14	7,164759644e-14	1,039613596e-14	4,999999912e-15	7,309207926e-12	7,757715233e-14	2,473884745e-14	6,900879065e-14	8,130253876e-14	3,462498344e-11	6,942417474e-11	1	1	1	1	1	1	1	0	0	0	0	0	0	0	0	0	0	3,30111824e-08	12,20821025	57,62605885	0	30,49950948	0,3927267611	0	0,008931350729
86,645	1785149348,267	27/07/2026_12:49:08,267	1	2	3,147768439e-06	2,607302349e-06	5,754575635e-12	8,765504815e-12	1,139657032e-11	2,306160471e-11	1,375156655e-10	1,743722527e-10	1,938358328e-12	1,420417739e-13	3,667539796e-12	6,626636089e-13	4,999999912e-15	4,999999912e-15	5,817021635e-15	3,853827793e-14	7,469725359e-12	1,916824447e-13	2,913169245e-14	4,999999912e-15	4,999999912e-15	3,453726888e-11	6,953461418e-11	1	1	1	1	1	1	1	0	0	0	0	0	0	0	0	0	0	3,030809243e-08	12,11929703	57,72763969	0	30,39544565	0,404249569	0,05564822417	0
87,453	1785149349,075	27/07/2026_12:49:09,075	1	2	3,144381708e-06	2,572562153e-06	5,641273473e-12	8,625939373e-12	1,139908046e-11	2,315899209e-11	1,377136044e-10	1,741840561e-10	1,872849749e-12	4,999999912e-15	3,495873729e-12	6,362871384e-13	3,994693438e-14	7,179893751e-14	5,102994375e-14	4,999999912e-15	7,337810914e-12	6,441026911e-14	7,908667007e-15	4,836009251e-14	1,001739178e-13	3,437551285e-11	6,941151126e-11	1	1	1	1	1	1	1	0	0	0	0	0	0	0	0	0	0	3,747978041e-08	12,08294395	57,84956037	0	30,39124204	0,3971275231	0	0
88,261	1785149349,883	27/07/2026_12:49:09,883	1	2	3,151380042e-06	2,622340617e-06	5,814918859e-12	8,803652252e-12	1,146743811e-11	2,316078752e-11	1,380002224e-10	1,739973859e-10	1,908935249e-12	1,319133875e-13	3,620576929e-12	6,998786858e-13	4,999999912e-15	4,999999912e-15	4,999999912e-15	2,322541302e-14	7,458323889e-12	1,820507856e-13	9,152405803e-14	4,999999912e-15	4,999999912e-15	3,406450816e-11	6,982285583e-11	1	1	1	1	1	1	1	0	0	0	0	0	0	0	0	0	0	3,474862695e-08	11,96766355	57,80090654	0	30,53445469	0,4089722798	0,04864555371	0
89,069	1785149350,691	27/07/2026_12:49:10,691	1	2	3,145375558e-06	2,592359124e-06	5,745091035e-12	8,651137098e-12	1,140222205e-11	2,324151115e-11	1,371386477e-10	1,742686134e-10	1,959996401e-12	8,983594169e-15	3,451048692e-12	6,076522206e-13	1,631017505e-14	5,673055003e-14	8,600584166e-14	5,399860111e-14	7,392159801e-12	5,778607844e-14	4,999999912e-15	4,999999912e-15	7,309117775e-14	3,375025953e-11	6,923583928e-11	1	1	1	1	1	1	1	0	0	0	0	0	0	0	0	0	0	3,236489116e-08	11,89806547	57,94179117	0	30,42133088	0,4056045718	0,004726473039	0,01117069466
89,877	1785149351,499	27/07/2026_12:49:11,499	1	2	3,155393415e-06	2,627369668e-06	5,823863527e-12	8,783367263e-12	1,153386241e-11	2,330372353e-11	1,381620651e-10	1,752244599e-10	1,879725759e-12	1,019279604e-13	3,570396583e-12	7,267983416e-13	2,875527439e-14	4,999999912e-15	4,999999912e-15	4,999999912e-15	7,417736564e-12	1,814337661e-13	9,751958084e-14	5,998637866e-14	4,999999912e-15	3,359977921e-11	6,968839394e-11	1	1	1	1	1	1	1	0	0	0	0	0	0	0	0	0	0	3,059704514e-08	11,79281553	58,02732256	0	30,46934524	0,409200528	0,03263643594	0
90,685	1785149352,307	27/07/2026_12:49:12,307	1	2	3,165797352e-06	2,648602731e-06	5,870171536e-12	8,67615875e-12	1,142924557e-11	2,329118322e-11	1,383161502e-10	1,748844958e-10	2,020052528e-12	9,479152489e-14	3,428028911e-12	5,753966097e-13	4,999999912e-15	2,705168954e-14	6,560937638e-14	1,081097492e-13	7,411904424e-12	9,845480686e-14	4,999999912e-15	4,999999912e-15	5,129770442e-14	3,337874768e-11	6,931952234e-11	1	1	1	1	1	1	1	0	0	0	0	0	0	0	0	0	0	3,60491164e-08	11,74094192	58,13928856	0	30,3703254	0,4134968227	0,04421398643	0
91,493	1785149353,115	27/07/2026_12:49:13,115	1	2	3,150722705e-06	2,636448926e-06	5,853639188e-12	8,785343113e-12	1,157386773e-11	2,336353333e-11	1,382789161e-10	1,746734146e-10	1,865030049e-12	4,780516396e-14	3,492524629e-12	7,181252663e-13	7,708044543e-14	1,499077216e-14	4,999999912e-15	4,999999912e-15	7,350839555e-12	1,702770276e-13	8,19544763e-14	9,067808895e-14	5,165471864e-14	3,338511759e-11	6,924509577e-11	1	1	1	1	1	1	1	0	0	0	0	0	0	0	0	0	0	3,227726848e-08	11,7607806	58,17334842	0	30,37771791	0,4128763842	0,009727387036	0
92,301	1785149353,923	27/07/2026_12:49:13,923	1	2	3,155108743e-06	2,615313178e-06	5,967562815e-12	8,725849904e-12	1,143490077e-11	2,331397402e-11	1,383764631e-10	1,749565631e-10	2,016160242e-12	1,279978592e-13	3,459388158e-12	6,175127683e-13	4,999999912e-15	9,096130967e-15	6,367295742e-14	1,037828677e-13	7,465786669e-12	1,51778194e-13	4,999999912e-15	4,999999912e-15	2,536362572e-14	3,334735266e-11	6,974054667e-11	1	1	1	1	1	1	1	0	0	0	0	0	0	0	0	0	0	3,555400466e-08	11,70859792	58,0429777	0	30,49589242	0,4195530776	0,05701940628	0
93,109	1785149354,731	27/07/2026_12:49:14,731	1	2	3,160188044e-06	2,642514573e-06	5,866112283e-12	8,752692147e-12	1,156748048e-11	2,344757895e-11	1,387266968e-10	1,759613427e-10	1,852744303e-12	2,007435898e-14	3,456287557e-12	6,917915134e-13	6,763505229e-14	8,017716401e-14	4,999999912e-15	4,999999912e-15	7,276105933e-12	1,026846658e-13	5,276457236e-14	5,372696442e-14	9,032883355e-14	3,102800308e-11	6,232891286e-11	1	1	1	1	1	1	1	0	0	0	0	0	0	0	0	0	0	7,827016231e-09	11,25962665	60,42999704	0	28,2002288	0,4259477219	0	0,04825029229
93,917	1785149355,539	27/07/2026_12:49:15,539	1	2	3,189966264e-06	2,655719527e-06	6,340236929e-12	8,498100661e-12	1,225454113e-11	2,459537782e-11	1,442239661e-10	1,792191812e-10	2,030421621e-12	1,552202919e-13	3,348119742e-12	6,12076145e-13	4,999999912e-15	4,999999912e-15	7,881501814e-15	7,096461006e-14	7,227498114e-12	1,713946639e-13	2,070302005e-14	4,999999912e-15	4,999999912e-15	3,38881076e-11	6,43395684e-11	1	1	1	1	1	1	1	0	0	0	0	0	0	0	0	0	0	4,327470292e-08	11,89715641	60,13023004	0	28,09013289	0,445911071	0,06234608628	0
94,725	1785149356,347	27/07/2026_12:49:16,347	1	2	3,005150575e-06	2,527600145e-06	5,262771122e-12	7,576666725e-12	9,195826392e-12	1,795625974e-11	1,017992218e-10	1,245246267e-10	1,207973934e-12	1,282539257e-14	7,788470389e-12	5,852301066e-13	6,439086189e-14	8,484941807e-14	7,606372129e-14	4,999999912e-15	6,388984827e-12	3,943081687e-14	2,862721318e-14	7,187267003e-14	1,152423155e-13	1,344998835e-10	6,142048675e-11	1	1	1	1	1	1	1	0	0	0	0	0	0	0	0	0	0	4,1897705e-08	40,93358755	36,22697434	0	23,27915026	0,3220944523	0	0
95,533	1785149357,155	27/07/2026_12:49:17,155	1	2	2,582856268e-06	1,85656404e-06	2,925859208e-12	5,445691207e-12	2,266699849e-12	4,148405144e-12	2,313730457e-11	3,510132462e-11	3,089348981e-13	1,830791378e-13	1,724128479e-11	6,660747258e-13	4,999999912e-15	4,999999912e-15	4,999999912e-15	5,837204906e-14	6,951489731e-12	1,817131786e-13	1,008103309e-13	1,161852478e-14	4,999999912e-15	1,738989092e-10	6,520185086e-11	1	1	1	1	1	1	1	0	0	0	0	0	0	0	0	0	0	3,06937105e-08	61,93969156	9,561387453	0	28,93335085	0,2087653697	0,07365870024	0
96,341	1785149357,963	27/07/2026_12:49:17,963	1	2	2,591896418e-06	1,664443062e-06	1,789843339e-12	5,10200172e-12	1,003012235e-12	1,988002861e-12	1,140254991e-11	2,19208679e-11	1,808827475e-13	7,731716065e-14	1,869518429e-11	6,125611086e-13	2,603108938e-14	7,68825311e-14	9,122525191e-14	4,630336777e-14	6,960640831e-12	2,767646443e-14	7,093739997e-15	2,5813778e-14	9,557152704e-14	1,826097468e-10	6,6041346e-11	1	1	1	1	1	1	1	0	0	0	0	0	0	0	0	0	0	3,091746486e-08	65,99934837	4,77058688	0	29,74794432	0,1295484782	0,03450605952	0,02354933974
97,149	1785149358,771	27/07/2026_12:49:18,771	1	2	2,616784286e-06	1,599401003e-06	1,543017558e-12	5,171522498e-12	7,73804252e-13	1,334535889e-12	7,584747067e-12	1,763355607e-11	1,0488109e-13	1,659152416e-13	1,930007369e-11	7,217420563e-13	3,046662315e-14	4,999999912e-15	4,999999912e-15	4,999999912e-15	7,031077543e-12	1,589922313e-13	1,082960287e-13	4,921770321e-14	4,999999912e-15	1,862376781e-10	6,694981375e-11	1	1	1	1	1	1	1	0	0	0	0	0	0	0	0	0	0	2,584991541e-08	67,26674003	3,155056581	0	30,14315488	0,1115974857	0,06867629409	0
97,957	1785149359,579	27/07/2026_12:49:19,579	1	2	2,596191052e-06	1,572051474e-06	1,328695617e-12	4,967476083e-12	4,892277989e-13	1,010346429e-12	5,875817194e-12	1,565843288e-11	1,648092741e-13	1,251029174e-13	1,94341522e-11	5,730798865e-13	4,999999912e-15	3,966753209e-14	8,679360263e-14	8,136075364e-14	6,999345114e-12	2,271705434e-14	4,999999912e-15	4,999999912e-15	6,956371243e-14	1,868204758e-10	6,594381985e-11	1	1	1	1	1	1	1	0	0	0	0	0	0	0	0	0	0	2,836772122e-08	68,07533944	2,476174734	0	29,95436365	0,09694502868	0,06099498433	0,02515316668
98,765	1785149360,387	27/07/2026_12:49:20,387	1	2	2,600846074e-06	1,546946805e-06	1,222134373e-12	5,051732036e-12	5,374249223e-13	8,628678284e-13	4,753127145e-12	1,426917699e-11	2,152182648e-14	1,203996213e-13	1,96264463e-11	7,194097206e-13	7,516730294e-14	4,999999912e-15	4,999999912e-15	4,999999912e-15	6,991009334e-12	1,259566588e-13	9,093808063e-14	7,954462691e-14	5,070397159e-14	1,881708123e-10	6,622622589e-11	1	1	1	1	1	1	1	0	0	0	0	0	0	0	0	0	0	2,491701852e-08	68,52378171	1,972260223	0	30,06429153	0,08911104606	0,04565594545	0,01025585817
99,573	1785149361,195	27/07/2026_12:49:21,195	1	2	2,590072199e-06	1,562439252e-06	1,193704857e-12	4,951604664e-12	3,404687014e-13	6,661911691e-13	4,080703657e-12	1,355409795e-11	1,625818214e-13	1,850582675e-13	1,96406693e-11	5,460476364e-13	4,999999912e-15	1,241792822e-14	5,702935953e-14	1,065458689e-13	7,05826066e-12	7,534581005e-14	4,999999912e-15	4,999999912e-15	2,225914325e-14	1,881587941e-10	6,688080645e-11	1	1	1	1	1	1	1	0	0	0	0	0	0	0	0	0	0	2,981131339e-08	68,51448127	1,675856991	0	30,35514753	0,08703120463	0,08841812617	0
100,381	1785149362,003	27/07/2026_12:49:22,003	1	2	2,599568688e-06	1,563638875e-06	1,037153653e-12	4,967212839e-12	4,106533364e-13	6,805881813e-13	3,579198136e-12	1,288041635e-11	4,999999912e-15	7,971536164e-14	1,968628212e-11	6,699709147e-13	7,40031273e-14	6,065384062e-14	4,999999912e-15	4,999999912e-15	6,944039094e-12	7,580372961e-14	7,201625228e-14	9,058105963e-14	8,024313093e-14	1,900133523e-10	6,522182794e-11	1	1	1	1	1	1	1	0	0	0	0	0	0	0	0	0	0	2,355019982e-08	69,35407652	1,495610561	0	29,68265638	0,07580236704	0,02868637341	0,03423891777
101,189	1785149362,811	27/07/2026_12:49:22,811	1	2	2,582825346e-06	1,57990371e-06	1,121572345e-12	4,963975845e-12	2,897259255e-13	4,919830277e-13	3,164881334e-12	1,25476721e-11	1,198175402e-13	2,036696414e-13	1,977740888e-11	5,713336163e-13	4,999999912e-15	4,999999912e-15	2,547228311e-14	6,19810125e-14	7,080535377e-12	1,472922126e-13	4,999999912e-15	4,999999912e-15	4,999999912e-15	1,898740748e-10	6,618602888e-11	1	1	1	1	1	1	1	0	0	0	0	0	0	0	0	0	0	2,536317068e-08	69,13672096	1,31564017	0	30,04692207	0,08177105945	0,09290678102	0
101,997	1785149363,619	27/07/2026_12:49:23,619	1	2	2,593016234e-06	1,555867243e-06	9,133079492e-13	4,911867354e-12	3,226799795e-13	5,622530436e-13	2,996463321e-12	1,22459768e-11	4,999999912e-15	5,172069912e-14	1,971941707e-11	6,321349694e-13	5,299352537e-14	7,484909638e-14	1,465315499e-14	4,999999912e-15	6,908826376e-12	3,768842606e-14	3,225557706e-14	6,184131305e-14	9,434525372e-14	1,901167418e-10	6,631729194e-11	1	1	1	1	1	1	1	0	0	0	0	0	0	0	0	0	0	2,839162348e-08	69,27767529	1,219981623	0	30,12565291	0,06664033715	0,01790610613	0,04009945259
102,805	1785149364,427	27/07/2026_12:49:24,427	1	2	2,583016794e-06	1,526333222e-06	1,034472204e-12	5,008366551e-12	2,843357602e-13	4,119611011e-13	2,673499876e-12	1,202064923e-11	8,540046383e-14	2,079033831e-13	1,984256683e-11	6,037870941e-13	4,999999912e-15	4,999999912e-15	4,999999912e-15	3,995081718e-14	7,064590666e-12	1,674519762e-13	5,187204019e-14	4,999999912e-15	4,999999912e-15	1,901550167e-10	6,594278595e-11	1	1	1	1	1	1	1	0	0	0	0	0	0	0	0	0	0	2,212207037e-08	69,37287985	1,124185036	0	29,99881016	0,07556528502	0,09189157127	0
103,613	1785149365,235	27/07/2026_12:49:25,235	1	2	2,592322289e-06	1,516419388e-06	8,2495832e-13	4,85395708e-12	2,447923862e-13	4,742757836e-13	2,617068021e-12	1,185483222e-11	4,005171913e-14	4,334246923e-14	1,974352626e-11	6,0261518e-13	4,067260783e-14	6,206249707e-14	6,737117103e-14	1,22976309e-14	6,914681935e-12	8,292845577e-15	4,999999912e-15	2,955855639e-14	8,211747254e-14	1,907057429e-10	6,623891019e-11	1	1	1	1	1	1	1	0	0	0	0	0	0	0	0	0	0	2,963960079e-08	69,47466705	1,068734808	0	30,08354502	0,0601796402	0,0186131398	0,03619139144
104,421	1785149366,043	27/07/2026_12:49:26,043	1	2	2,57981219e-06	1,54576162e-06	9,262770672e-13	5,013624498e-12	3,127689622e-13	4,082938957e-13	2,351731657e-12	1,158882712e-11	3,479349784e-14	1,716701596e-13	1,98983989e-11	6,820162382e-13	4,999999912e-15	4,999999912e-15	4,999999912e-15	4,999999912e-15	7,009403908e-12	1,572032977e-13	8,474463671e-14	4,999999912e-15	4,999999912e-15	1,91458141e-10	6,548595e-11	1	1	1	1	1	1	1	0	0	0	0	0	0	0	0	0	0	2,034435898e-08	69,77076569	0,9884527463	0	29,76107174	0,06758948218	0,07182881303	0
105,229	1785149366,851	27/07/2026_12:49:26,851	1	2	2,59311787e-06	1,546946805e-06	8,083415122e-13	4,839885871e-12	2,122496379e-13	3,911920701e-13	2,346256002e-12	1,155687004e-11	8,214074901e-14	9,080226398e-14	1,976920884e-11	5,472855242e-13	1,073762661e-14	5,438667095e-14	7,378968855e-14	5,506965055e-14	6,98617119e-12	8,471356076e-15	4,999999912e-15	4,999999912e-15	6,155802457e-14	1,913519065e-10	6,54212795e-11	1	1	1	1	1	1	1	0	0	0	0	0	0	0	0	0	0	2,713798163e-08	69,79924986	0,9796936665	0	29,7556536	0,05904409427	0,04317991821	0,02950517048
106,037	1785149367,659	27/07/2026_12:49:27,659	1	2	2,573255188e-06	1,542211862e-06	8,46224024e-13	4,959540591e-12	3,111352051e-13	3,990852245e-13	2,172800785e-12	1,129456511e-11	4,999999912e-15	1,123861746e-13	1,994674564e-11	6,924900106e-13	3,809588956e-14	4,999999912e-15	4,999999912e-15	4,999999912e-15	6,965565711e-12	1,313545762e-13	1,022966027e-13	5,979622993e-14	4,999999912e-15	1,893278867e-10	6,611557829e-11	1	1	1	1	1	1	1	0	0	0	0	0	0	0	0	0	0	2,459035061e-08	69,48626792	0,8830789824	0	30,25023007	0,06217996508	0,04467735711	0
106,845	1785149368,467	27/07/2026_12:49:28,467	1	2	2,57349825e-06	1,532194915e-06	8,422425084e-13	4,858497719e-12	1,602495534e-13	3,332003456e-13	2,1460945e-12	1,132206308e-11	1,308811458e-13	1,579212022e-13	1,983939922e-11	5,474717359e-13	4,999999912e-15	3,622544091e-14	6,314131211e-14	9,878077902e-14	7,013381629e-12	4,861233215e-14	4,999999912e-15	4,999999912e-15	4,212395813e-14	1,908776054e-10	6,604741754e-11	1	1	1	1	1	1	1	0	0	0	0	0	0	0	0	0	0	2,810510644e-08	69,6252278	0,8750668644	0	30,03596328	0,06151585713	0,07666799556	0,01524012522
107,653	1785149369,275	27/07/2026_12:49:29,275	1	2	2,584114782e-06	1,547541387e-06	7,545370036e-13	4,918984924e-12	2,835247228e-13	4,289697395e-13	2,042401187e-12	1,107918184e-11	4,999999912e-15	9,551719496e-14	1,988310905e-11	6,718335198e-13	6,652131916e-14	3,525917283e-14	4,999999912e-15	4,999999912e-15	6,944117156e-12	8,564493109e-14	6,766997715e-14	7,869088546e-14	5,509681659e-14	1,903424085e-10	6,585788859e-11	1	1	1	1	1	1	1	0	0	0	0	0	0	0	0	0	0	2,560602581e-08	69,71041038	0,8187852567	0	30,0692573	0,05532987758	0,03773441034	0,01813332035
108,461	1785149370,083	27/07/2026_12:49:30,083	1	2	2,571911182e-06	1,533369641e-06	8,421067121e-13	4,908762199e-12	1,616659687e-13	2,883910016e-13	1,934077898e-12	1,112305473e-11	1,276718802e-13	1,945424751e-13	1,989564243e-11	5,653730522e-13	4,999999912e-15	4,999999912e-15	4,537202794e-14	8,122881301e-14	7,043296502e-12	1,168993288e-13	4,999999912e-15	4,999999912e-15	1,066389917e-14	1,91997071e-10	6,465322722e-11	1	1	1	1	1	1	1	0	0	0	0	0	0	0	0	0	0	2,089919766e-08	70,14282224	0,8356837995	0	29,45967884	0,06160369228	0,0918937411	0,005643881477
109,269	1785149370,891	27/07/2026_12:49:30,891	1	2	2,576439101e-06	1,543985718e-06	6,832464282e-13	4,718547601e-12	2,549518485e-13	4,15112145e-13	2,003040095e-12	1,091011483e-11	4,999999912e-15	5,098725668e-14	2,051918704e-11	6,683138201e-13	7,309118453e-14	6,635445367e-14	9,697627697e-15	4,999999912e-15	7,239449925e-12	7,361894704e-14	4,983859869e-14	7,973477564e-14	9,268048162e-14	2,035770719e-10	7,139690228e-11	1	1	1	1	1	1	1	0	0	0	0	0	0	0	0	0	0	5,217044607e-08	69,73542151	0,5759551114	0	30,46198455	0,04687787079	0,01850521584	0,007493703054
110,077	1785149371,699	27/07/2026_12:49:31,699	1	2	2,761405767e-06	1,611089829e-06	1,095739059e-12	6,228226702e-12	2,903107659e-12	7,614565228e-12	5,590269914e-11	9,294292419e-11	1,135305717e-12	1,60016721e-13	1,091796792e-11	7,105968374e-13	4,999999912e-15	4,999999912e-15	4,999999912e-15	5,561294426e-14	7,986124782e-12	1,741421135e-13	1,050479419e-14	4,999999912e-15	4,999999912e-15	5,364177158e-11	7,106067818e-11	1	1	1	1	1	1	1	0	0	0	0	0	0	0	0	0	0	2,953946309e-08	24,5653726	34,45219335	0	40,68063619	0,09955002343	0,1137741043	0,7856104951
110,885	1785149372,507	27/07/2026_12:49:32,507	1	2	3,217876838e-06	2,491053692e-06	4,450285192e-12	8,473882186e-12	1,064123008e-11	2,166405597e-11	1,284038015e-10	1,633988223e-10	1,719348405e-12	4,999999912e-15	4,659992444e-12	6,180948765e-13	3,740126156e-14	6,037443494e-14	3,507290351e-14	4,999999912e-15	7,340528359e-12	2,855348743e-14	4,999999912e-15	1,768779113e-14	7,540014213e-14	4,210426105e-11	6,906250571e-11	1	1	1	1	1	1	1	0	0	0	0	0	0	0	0	0	0	3,129099691e-08	15,00669945	54,73124064	0	30,65133423	0,3174035282	0	0,002364966801
111,693	1785149373,315	27/07/2026_12:49:33,315	1	2	3,130401637e-06	2,504458735e-06	5,078589459e-12	8,621083881e-12	1,096167861e-11	2,217195524e-11	1,325178994e-10	1,677792627e-10	1,827046977e-12	1,272799547e-13	4,226998959e-12	6,814303353e-13	4,999999912e-15	4,999999912e-15	4,999999912e-15	2,147914279e-14	7,468452072e-12	1,971929158e-13	5,659084719e-14	4,999999912e-15	4,999999912e-15	3,887267938e-11	6,941193453e-11	1	1	1	1	1	1	1	0	0	0	0	0	0	0	0	0	0	3,271976922e-08	13,7579983	55,97480575	0	30,58304294	0,3597470792	0,04642919034	0
112,501	1785149374,123	27/07/2026_12:49:34,123	1	2	3,150347538e-06	2,559776021e-06	5,139764048e-12	8,496345988e-12	1,107854693e-11	2,254738063e-11	1,343074263e-10	1,697864627e-10	1,85233274e-12	1,378002242e-14	3,846156466e-12	5,934181098e-13	1,008568822e-14	4,758785258e-14	7,468999648e-14	4,023022624e-14	7,344925015e-12	5,280338002e-14	4,999999912e-15	1,222778033e-14	7,611805338e-14	3,738883855e-11	6,909980921e-11	1	1	1	1	1	1	1	0	0	0	0	0	0	0	0	0	0	3,910423611e-08	13,22326499	56,70276668	0	30,43192824	0,3640169153	0,0005603727792	0
113,309	1785149374,931	27/07/2026_12:49:34,931	1	2	3,132365237e-06	2,568621994e-06	5,349669058e-12	8,668362035e-12	1,123774251e-11	2,264810041e-11	1,347585238e-10	1,710869224e-10	1,836014847e-12	8,378224465e-14	3,91454447e-12	7,14644381e-13	1,473852914e-14	4,999999912e-15	4,999999912e-15	4,999999912e-15	7,453826618e-12	1,690934448e-13	9,502047451e-14	2,995050226e-14	4,999999912e-15	3,63894713e-11	6,939643304e-11	1	1	1	1	1	1	1	0	0	0	0	0	0	0	0	0	0	3,068327391e-08	12,84944985	56,92831818	0	30,52241052	0,3781171831	0,02599450264	0
114,117	1785149375,739	27/07/2026_12:49:35,739	1	2	3,134931148e-06	2,575521194e-06	5,374342464e-12	8,600972365e-12	1,115354163e-11	2,276961605e-11	1,348621909e-10	1,717527925e-10	1,941404286e-12	5,962159884e-14	3,68593784e-12	5,942136973e-13	4,999999912e-15	2,469616376e-14	8,510941653e-14	9,138046222e-14	7,410930376e-12	5,94353329e-14	4,999999912e-15	4,999999912e-15	6,080130567e-14	3,573571647e-11	6,931797497e-11	1	1	1	1	1	1	1	0	0	0	0	0	0	0	0	0	0	3,114352209e-08	12,62162198	57,12109801	0	30,51792467	0,3801092984	0,02646193823	0,01326647502
114,925	1785149376,547	27/07/2026_12:49:36,547	1	2	3,163381734e-06	2,552913656e-06	5,438585346e-12	8,698278209e-12	1,135473833e-11	2,297252145e-11	1,359146962e-10	1,722180315e-10	1,829142523e-12	5,798787557e-14	3,694331299e-12	7,135927049e-13	6,714609744e-14	4,999999912e-15	4,999999912e-15	4,999999912e-15	7,385888776e-12	1,307880128e-13	9,223032087e-14	7,304461127e-14	2,359019115e-14	3,505313401e-11	6,918896706e-11	1	1	1	1	1	1	1	0	0	0	0	0	0	0	0	0	0	3,145428278e-08	12,39329697	57,45924503	0	30,47023435	0,3849684896	0,01337202102	0
115,733	1785149377,355	27/07/2026_12:49:37,355	1	2	3,144680704e-06	2,614308187e-06	5,604341644e-12	8,667240536e-12	1,127184023e-11	2,288307564e-11	1,366230601e-10	1,728715643e-10	1,983815456e-12	1,207838219e-13	3,607429459e-12	5,849972199e-13	4,999999912e-15	4,999999912e-15	4,900815403e-14	1,085210955e-13	7,438439621e-12	1,146990218e-13	4,999999912e-15	4,999999912e-15	2,544512046e-14	3,4852711e-11	6,957498466e-11	1	1	1	1	1	1	1	0	0	0	0	0	0	0	0	0	0	3,530835791e-08	12,27414894	57,48462697	0	30,51800136	0,395216682	0,05351598788	0
116,541	1785149378,163	27/07/2026_12:49:38,163	1	2	3,162766689e-06	2,621332897e-06	5,552590505e-12	8,703314978e-12	1,143139663e-11	2,314890987e-11	1,371044805e-10	1,735615124e-10	1,831493941e-12	1,114897376e-14	3,593567935e-12	7,010272896e-13	8,866793069e-14	4,433589997e-14	4,999999912e-15	4,999999912e-15	7,30308522e-12	1,216375362e-13	7,74607429e-14	7,466670647e-14	6,783684942e-14	3,434793422e-11	6,923962098e-11	1	1	1	1	1	1	1	0	0	0	0	0	0	0	0	0	0	3,283038091e-08	12,11588191	57,81243567	0	30,42104711	0,3921575064	0	0
117,349	1785149378,971	27/07/2026_12:49:38,971	1	2	3,171721346e-06	2,568621994e-06	5,718470402e-12	8,732287463e-12	1,135290733e-11	2,313495055e-11	1,371262132e-10	1,736918387e-10	1,965956911e-12	1,65573745e-13	3,586900959e-12	6,388212442e-13	4,999999912e-15	4,999999912e-15	2,838661855e-14	8,836524177e-14	7,502509031e-12	1,783642136e-13	4,999999912e-15	4,999999912e-15	1,395077071e-14	3,414492994e-11	6,955142712e-11	1	1	1	1	1	1	1	0	0	0	0	0	0	0	0	0	0	3,240142965e-08	12,01915976	57,71072553	0	30,49469433	0,4030147251	0,06880338143	0
118,157	1785149379,779	27/07/2026_12:49:39,779	1	2	3,153565103e-06	2,61731816e-06	5,591594028e-12	8,694990908e-12	1,141812079e-11	2,326492124e-11	1,373140629e-10	1,742094802e-10	1,84355092e-12	4,999999912e-15	3,487964691e-12	6,614723417e-13	7,084431783e-14	8,826046719e-14	3,818514312e-14	4,999999912e-15	7,360590436e-12	8,987479001e-14	2,328362112e-14	4,38973944e-14	1,09650353e-13	3,384250519e-11	6,965492766e-11	1	1	1	1	1	1	1	0	0	0	0	0	0	0	0	0	0	3,334490257e-08	11,9116	57,85208804	0	30,54739845	0,3941095407	0	0,02011104529
118,965	1785149380,587	27/07/2026_12:49:40,587	1	2	3,163172778e-06	2,627369668e-06	5,774149388e-12	8,772071611e-12	1,145678257e-11	2,319744397e-11	1,375593806e-10	1,745253803e-10	1,956441736e-12	1,424763763e-13	3,582725479e-12	6,683448825e-13	4,999999912e-15	4,999999912e-15	2,106003767e-14	5,101830552e-14	7,469275198e-12	2,114890565e-13	4,608217697e-14	4,999999912e-15	4,999999912e-15	3,385548092e-11	6,9431981e-11	1	1	1	1	1	1	1	0	0	0	0	0	0	0	0	0	0	2,936653479e-08	11,90636154	57,9034854	0	30,42114108	0,4065367414	0,05762572955	0
119,773	1785149381,395	27/07/2026_12:49:41,395	1	2	3,150604471e-06	2,58540922e-06	5,652729153e-12	8,665941229e-12	1,145019756e-11	2,325616089e-11	1,37552289e-10	1,740373262e-10	1,914371873e-12	4,999999912e-15	3,430601723e-12	6,237605918e-13	4,458814299e-14	6,780968338e-14	7,128669264e-14	2,996602668e-14	7,350928893e-12	6,77475857e-14	4,999999912e-15	3,046274374e-14	1,028593036e-13	3,352630326e-11	6,951294401e-11	1	1	1	1	1	1	1	0	0	0	0	0	0	0	0	0	0	3,623528273e-08	11,82075573	57,96756577	0	30,52890314	0,3991365229	0	8,712703377e-05
120,581	1785149382,203	27/07/2026_12:49:42,203	1	2	3,175975735e-06	2,616312486e-06	5,809529073e-12	8,805511008e-12	1,153501947e-11	2,329248946e-11	1,383124032e-10	1,749681788e-10	1,921318139e-12	1,222856045e-13	3,53388022e-12	7,300193436e-13	1,310091714e-14	4,999999912e-15	4,999999912e-15	1,508778623e-14	7,419684658e-12	2,114463796e-13	8,652195578e-14	1,781973176e-14	4,999999912e-15	3,356973033e-11	6,974368999e-11	1	1	1	1	1	1	1	0	0	0	0	0	0	0	0	0	0	3,18839533e-08	11,78481919	58,01821896	0	30,49317985	0,4083195779	0,04512574528	0
121,389	1785149383,011	27/07/2026_12:49:43,011	1	2	3,160394044e-06	2,58144928e-06	5,751354688e-12	8,649437069e-12	1,139033919e-11	2,327815371e-11	1,380639075e-10	1,752275547e-10	1,971211172e-12	4,473948406e-14	3,407190112e-12	6,001315981e-13	2,043137998e-14	5,523263663e-14	8,789181134e-14	8,683628632e-14	7,397864439e-12	6,311802209e-14	4,999999912e-15	8,075534192e-15	6,609833801e-14	3,330867873e-11	6,993311485e-11	1	1	1	1	1	1	1	0	0	0	0	0	0	0	0	0	0	3,610195731e-08	11,69029197	58,01944361	0	30,5838936	0,4042436586	0,01905044404	0
122,197	1785149383,819	27/07/2026_12:49:43,819	1	2	3,147885309e-06	2,582441539e-06	5,815997857e-12	8,784737694e-12	1,154305557e-11	2,332610841e-11	1,38584394e-10	1,754618673e-10	1,911209255e-12	8,926554293e-14	3,501154878e-12	7,332595902e-13	5,530248975e-14	4,999999912e-15	4,999999912e-15	4,999999912e-15	7,411361455e-12	1,762221147e-13	1,159020118e-13	7,383626181e-14	4,999999912e-15	3,319887767e-11	6,913675882e-11	1	1	1	1	1	1	1	0	0	0	0	0	0	0	0	0	0	3,028799607e-08	11,67836938	58,29944551	0	30,29491321	0,4095996028	0,0303456204	0
123,005	1785149384,627	27/07/2026_12:49:44,627	1	2	3,157569381e-06	2,612302751e-06	5,843220005e-12	8,673080483e-12	1,146831241e-11	2,331380922e-11	1,390627474e-10	1,757901602e-10	2,022361445e-12	1,086336357e-13	3,394388286e-12	5,947647431e-13	4,999999912e-15	4,269440433e-14	8,469807023e-14	1,160533665e-13	7,502846434e-12	1,021142196e-13	4,999999912e-15	4,999999912e-15	4,384306909e-14	3,283066874e-11	6,69634001e-11	1	1	1	1	1	1	1	0	0	0	0	0	0	0	0	0	0	2,906718991e-08	11,62559685	58,90484792	0	29,54404828	0,4143317804	0,04905114425	0
123,813	1785149385,435	27/07/2026_12:49:45,435	1	2	3,203140977e-06	2,642514573e-06	6,075195035e-12	8,563609023e-12	1,245402479e-11	2,528264924e-11	1,485755685e-10	1,853129039e-10	1,980784677e-12	3,452185437e-14	3,217005655e-12	6,90033588e-13	7,590462818e-14	2,511526889e-14	4,999999912e-15	4,999999912e-15	7,113707193e-12	1,420922164e-13	8,841569783e-14	9,040256608e-14	5,634637654e-14	3,218360994e-11	6,579431444e-11	1	1	1	1	1	1	1	0	0	0	0	0	0	0	0	0	0	4,590840316e-08	11,09357641	60,95655239	0	28,21354785	0,4194661391	0,002075799126	0
124,621	1785149386,243	27/07/2026_12:49:46,243	1	2	3,047690825e-06	2,53536291e-06	5,528386342e-12	7,950117127e-12	9,966571839e-12	1,97348908e-11	1,133668368e-10	1,398860194e-10	1,548749193e-12	1,494343115e-13	6,247136922e-12	5,265359546e-13	4,999999912e-15	2,578273424e-14	7,061147186e-14	1,147882787e-13	6,488525862e-12	1,098831854e-13	4,999999912e-15	4,999999912e-15	2,58758672e-14	1,196891058e-10	6,064929114e-11	1	1	1	1	1	1	1	0	0	0	0	0	0	0	0	0	0	3,022532356e-08	36,45133611	40,78303545	0	23,04835525	0,3387669372	0,04948772061	0
125,429	1785149387,051	27/07/2026_12:49:47,051	1	2	2,600010248e-06	1,922461479e-06	2,999136963e-12	5,43128216e-12	2,669161333e-12	5,029360175e-12	2,720829465e-11	3,92263895e-11	2,615411143e-13	8,073597536e-14	1,655649576e-11	6,543514103e-13	9,107391084e-14	8,477180275e-14	9,022402678e-15	4,999999912e-15	6,823347876e-12	8,287806747e-14	7,132938988e-14	9,715869737e-14	1,084590181e-13	1,730657423e-10	6,474843578e-11	1	1	1	1	1	1	1	0	0	0	0	0	0	0	0	0	0	3,761818094e-08	61,00558701	11,04762948	0	28,42269436	0,2118502527	0,02138574481	0
126,237	1785149387,859	27/07/2026_12:49:47,859	1	2	2,599467734e-06	1,651099637e-06	1,981743328e-12	5,237755975e-12	1,095987559e-12	2,055474714e-12	1,205389868e-11	2,277728006e-11	2,348192441e-13	2,319010598e-13	1,872450285e-11	6,077918659e-13	4,999999912e-15	4,999999912e-15	3,088572827e-14	8,595926163e-14	7,075812158e-12	1,739092811e-13	4,14720172e-14	4,999999912e-15	4,999999912e-15	1,815588374e-10	6,618978976e-11	1	1	1	1	1	1	1	0	0	0	0	0	0	0	0	0	0	2,622202043e-08	65,58118892	5,062481493	0	29,80028726	0,1433442531	0,1029662704	0
127,045	1785149388,667	27/07/2026_12:49:48,667	1	2	2,603277608e-06	1,610472623e-06	1,43790741e-12	5,028956852e-12	7,554954383e-13	1,431015571e-12	8,064350403e-12	1,809793287e-11	8,207089928e-14	6,453057489e-14	1,916082744e-11	6,334582381e-13	7,235386606e-14	8,902495169e-14	7,024281601e-14	4,999999912e-15	6,922877636e-12	4,730068469e-14	3,553469232e-14	5,965653048e-14	1,287623301e-13	1,853529552e-10	6,62424976e-11	1	1	1	1	1	1	1	0	0	0	0	0	0	0	0	0	0	2,995282986e-08	67,23685948	3,369622148	0	29,94983378	0,1044479579	0,02383280101	0,05022798214
127,853	1785149389,475	27/07/2026_12:49:49,475	1	2	2,593902309e-06	1,588403848e-06	1,40612153e-12	5,113512044e-12	5,974655991e-13	1,013683712e-12	5,963937677e-12	1,581958696e-11	1,223244054e-13	1,933239539e-13	1,962271838e-11	6,71662758e-13	4,999999912e-15	4,999999912e-15	4,999999912e-15	3,785141214e-14	7,068994261e-12	1,760319863e-13	6,476728333e-14	4,999999912e-15	4,999999912e-15	1,867011129e-10	6,589177814e-11	1	1	1	1	1	1	1	0	0	0	0	0	0	0	0	0	0	2,21330736e-08	68,0185337	2,529966416	0	29,92851118	0,1025638275	0,08474754392	0
128,661	1785149390,283	27/07/2026_12:49:50,283	1	2	2,590738404e-06	1,57990371e-06	1,157595938e-12	4,925725192e-12	4,368900532e-13	8,60124309e-13	4,920602554e-12	1,457343621e-11	9,337898564e-14	6,94434202e-14	1,950127559e-11	5,91307114e-13	4,699799577e-14	6,872938498e-14	1,006745211e-13	4,196873087e-14	6,912920757e-12	1,387315793e-14	4,999999912e-15	3,169288969e-14	8,571091157e-14	1,872765554e-10	6,574715078e-11	1	1	1	1	1	1	1	0	0	0	0	0	0	0	0	0	0	2,787988473e-08	68,49736244	2,085934894	0	29,9789953	0,08477696481	0,03176651665	0,03850231657
129,469	1785149391,091	27/07/2026_12:49:51,091	1	2	2,584823733e-06	1,564236413e-06	1,176606989e-12	5,034067781e-12	4,636623659e-13	7,120210454e-13	4,07661448e-12	1,355567308e-11	4,775471468e-14	1,652283724e-13	1,975043566e-11	6,923696642e-13	3,750991894e-14	4,999999912e-15	4,999999912e-15	4,999999912e-15	7,017025416e-12	1,434038435e-13	1,066778163e-13	3,449857452e-14	4,999999912e-15	1,892792589e-10	6,584675166e-11	1	1	1	1	1	1	1	0	0	0	0	0	0	0	0	0	0	2,305702907e-08	68,92537497	1,708471821	0	29,89582739	0,08578853615	0,06798435043	0
130,277	1785149391,899	27/07/2026_12:49:51,899	1	2	2,591566272e-06	1,556463758e-06	1,075785077e-12	4,890605716e-12	3,039793623e-13	6,119441434e-13	3,664210428e-12	1,306544109e-11	1,351575779e-13	1,236709845e-13	1,967797453e-11	5,648181033e-13	4,999999912e-15	4,941173474e-14	8,365418682e-14	7,828343551e-14	7,007040347e-12	3,333050931e-14	4,999999912e-15	8,277325392e-15	6,633117043e-14	1,902062119e-10	6,648884221e-11	1	1	1	1	1	1	1	0	0	0	0	0	0	0	0	0	0	3,038327469e-08	68,98841877	1,500970102	0	30,06223563	0,0781330613	0,06031746862	0,02360637738
131,085	1785149392,707	27/07/2026_12:49:52,707	1	2	2,585125912e-06	1,576275622e-06	1,010629623e-12	4,992766183e-12	4,045723988e-13	5,925178425e-13	3,208216245e-12	1,250448269e-11	1,474241532e-14	1,143032067e-13	1,985251546e-11	6,866767896e-13	5,950906543e-14	4,999999912e-15	4,999999912e-15	4,999999912e-15	7,019264944e-12	1,207605251e-13	9,788047109e-14	7,627328402e-14	1,598420628e-14	1,882793227e-10	6,549887716e-11	1	1	1	1	1	1	1	0	0	0	0	0	0	0	0	0	0	2,273997751e-08	69,18503534	1,35038383	0	30,00640247	0,07434962564	0,04497364227	0
131,893	1785149393,515	27/07/2026_12:49:53,515	1	2	2,585407856e-06	1,568439529e-06	1,01529798e-12	4,930564637e-12	2,49266726e-13	4,67201527e-13	2,988678532e-12	1,232485381e-11	1,461047537e-13	1,755663079e-13	1,970287822e-11	5,712017231e-13	4,999999912e-15	1,8883019e-14	5,182158413e-14	9,689869214e-14	7,006066734e-12	6,563654243e-14	4,999999912e-15	4,999999912e-15	4,22908304e-14	1,891111573e-10	6,633816413e-11	1	1	1	1	1	1	1	0	0	0	0	0	0	0	0	0	0	2,728430434e-08	69,08796805	1,235169321	0	30,21413663	0,07426889388	0,08453501888	0,01322463103
132,701	1785149394,323	27/07/2026_12:49:54,323	1	2	2,579723059e-06	1,555269478e-06	8,986122393e-13	4,938709598e-12	3,434373825e-13	5,496682211e-13	2,752346094e-12	1,199259268e-11	4,999999912e-15	9,790377466e-14	1,980415658e-11	6,685077839e-13	7,123625691e-14	3,041229107e-14	4,999999912e-15	4,999999912e-15	6,969725144e-12	8,548583797e-14	7,399925128e-14	9,691034731e-14	5,981175434e-14	1,897938612e-10	6,618823545e-11	1	1	1	1	1	1	1	0	0	0	0	0	0	0	0	0	0	2,647887126e-08	69,32225036	1,130301686	0	30,13848414	0,06571803035	0,03755620027	0,02136290049
133,509	1785149395,131	27/07/2026_12:49:55,131	1	2	2,59144781e-06	1,526333222e-06	9,953906189e-13	4,9711164e-12	2,18710873e-13	3,841798299e-13	2,556604451e-12	1,182738369e-11	1,386772777e-13	2,082487557e-13	1,979154861e-11	5,681825995e-13	4,999999912e-15	4,999999912e-15	5,069621277e-14	9,27309309e-14	7,04107779e-12	1,13717236e-13	4,999999912e-15	4,999999912e-15	2,40287018e-14	1,914415709e-10	6,591450996e-11	1	1	1	1	1	1	1	0	0	0	0	0	0	0	0	0	0	2,371666269e-08	69,56547177	1,057245465	0	29,8676069	0,07242889789	0,09748126497	0,005334699442
134,317	1785149395,939	27/07/2026_12:49:55,939	1	2	2,587393737e-06	1,560645842e-06	8,130682e-13	4,93409957e-12	2,763029334e-13	4,656454259e-13	2,493649384e-12	1,15968346e-11	4,999999912e-15	5,80266629e-14	1,977769164e-11	6,346534626e-13	6,910967566e-14	6,982371089e-14	9,348375684e-15	4,999999912e-15	6,896536293e-12	5,756100484e-14	2,608154205e-14	7,615686104e-14	1,048733312e-13	1,892170309e-10	6,601209163e-11	1	1	1	1	1	1	1	0	0	0	0	0	0	0	0	0	0	2,617381857e-08	69,41667056	1,005740008	0	30,1897045	0,05972346754	0,02143321205	0,0466691703
135,125	1785149396,747	27/07/2026_12:49:56,747	1	2	2,576688757e-06	1,555269478e-06	9,22629269e-13	4,975253282e-12	2,388356711e-13	3,352920426e-13	2,275531976e-12	1,148630236e-11	8,798882033e-14	2,023890495e-13	1,990319368e-11	6,139193971e-13	4,999999912e-15	4,999999912e-15	1,180479834e-14	5,716130016e-14	7,085991516e-12	1,56473738e-13	2,832064993e-14	4,999999912e-15	4,999999912e-15	1,899634339e-10	6,557427518e-11	1	1	1	1	1	1	1	0	0	0	0	0	0	0	0	0	0	2,20266908e-08	69,57766384	0,9520375937	0	29,94824311	0,06765990684	0,09082022437	0
135,933	1785149397,555	27/07/2026_12:49:57,555	1	2	2,576449106e-06	1,519911507e-06	7,438381508e-13	4,838962564e-12	2,342992608e-13	4,165324498e-13	2,277328716e-12	1,1391426e-11	2,378422437e-14	5,278010356e-14	1,97662494e-11	6,038259628e-13	4,489471471e-14	7,98512054e-14	5,889593555e-14	4,999999912e-15	6,946378368e-12	2,844094724e-14	4,999999912e-15	4,712993979e-14	1,093748302e-13	1,902889929e-10	6,52127935e-11	1	1	1	1	1	1	1	0	0	0	0	0	0	0	0	0	0	2,665315451e-08	69,78275093	0,9432007576	0	29,81691222	0,05462025118	0,0214266568	0,05587882162
136,741	1785149398,363	27/07/2026_12:49:58,363	1	2	2,575247208e-06	1,549321382e-06	8,33480149e-13	4,999511222e-12	2,910026278e-13	3,329442028e-13	2,040565416e-12	1,122289848e-11	5,130546663e-14	1,864125851e-13	1,990527014e-11	6,707120753e-13	4,999999912e-15	4,999999912e-15	4,999999912e-15	1,678361226e-14	7,002243837e-12	1,599624025e-13	8,601360048e-14	7,532251495e-15	4,999999912e-15	1,908529307e-10	6,593516011e-11	1	1	1	1	1	1	1	0	0	0	0	0	0	0	0	0	0	2,19400903e-08	69,68680783	0,842632067	0	30,02064317	0,0609355471	0,0803697436	0
137,549	1785149399,171	27/07/2026_12:49:59,171	1	2	2,583165951e-06	1,544577458e-06	7,239811506e-13	4,849699635e-12	1,959705185e-13	3,568448705e-13	2,096954771e-12	1,124355557e-11	8,650643136e-14	8,296731764e-14	1,977068509e-11	5,701228877e-13	2,078451479e-14	5,924906019e-14	1,023082579e-13	5,791413627e-14	6,958839754e-12	1,476181577e-14	4,999999912e-15	1,218509326e-14	8,833807573e-14	1,899277402e-10	6,589941787e-11	1	1	1	1	1	1	1	0	0	0	0	0	0	0	0	0	0	2,813822052e-08	69,60430036	0,8579036365	0	30,10893492	0,05312595963	0,04098910514	0,0426951376
138,357	1785149399,979	27/07/2026_12:49:59,979	1	2	2,570939841e-06	1,54576162e-06	7,783639727e-13	4,969416805e-12	3,028811739e-13	3,598174005e-13	1,918578577e-12	1,100118e-11	5,595827451e-15	1,475327971e-13	1,988001951e-11	6,809762715e-13	4,443291912e-14	4,999999912e-15	4,999999912e-15	4,999999912e-15	6,967974375e-12	1,24776952e-13	1,058706345e-13	5,818577635e-14	4,999999912e-15	1,903877056e-10	6,582261125e-11	1	1	1	1	1	1	1	0	0	0	0	0	0	0	0	0	0	2,30373784e-08	69,74301049	0,7810508191	0	30,0642687	0,05709042428	0,05972866506	0
139,165	1785149400,787	27/07/2026_12:50:00,787	1	2	2,570368451e-06	1,522242997e-06	7,280829043e-13	4,716863185e-12	1,517976012e-13	3,043829566e-13	2,011103957e-12	1,088202618e-11	1,318357858e-13	1,383551883e-13	2,037685645e-11	5,54449119e-13	4,999999912e-15	2,792870746e-14	8,222612315e-14	9,874197814e-14	7,201303789e-12	2,764930178e-14	4,999999912e-15	4,999999912e-15	5,875622932e-14	2,014914902e-10	7,013338521e-11	1	1	1	1	1	1	1	0	0	0	0	0	0	0	0	0	0	4,823886009e-08	69,81272003	0,6090799476	0	30,270748	0,05052553785	0,06594488907	0
139,973	1785149401,595	27/07/2026_12:50:01,595	1	2	2,6910418e-06	1,598788458e-06	7,799821444e-13	5,627199227e-12	1,237955593e-12	3,315367078e-12	2,649283744e-11	5,233136147e-11	5,659279469e-13	9,435689534e-14	1,466881998e-11	7,838937832e-13	6,017652739e-14	1,274002097e-14	4,999999912e-15	4,999999912e-15	8,091988885e-12	1,300584532e-13	6,042488423e-14	6,188398996e-14	3,301229597e-14	5,867070024e-11	7,307560113e-11	1	1	1	1	1	1	1	0	0	0	0	0	0	0	0	0	0	4,636291782e-09	31,52583902	19,93408893	0	48,66449924	0,08279011043	0,07555280241	0,6297919526
140,781	1785149402,403	27/07/2026_12:50:02,403	1	2	3,205170515e-06	2,413979928e-06	4,379557481e-12	8,544097721e-12	1,054762267e-11	2,148425188e-11	1,277004474e-10	1,632113611e-10	1,835261977e-12	1,33632485e-13	4,819198426e-12	5,850243792e-13	4,999999912e-15	4,999999912e-15	4,133619716e-14	7,340550151e-14	7,473965891e-12	9,97625783e-14	4,999999912e-15	4,999999912e-15	4,999999912e-15	4,267288606e-11	6,961981686e-11	1	1	1	1	1	1	1	0	0	0	0	0	0	0	0	0	0	2,680906802e-08	15,1587352	54,35633292	0	30,80529829	0,3112536403	0,05617517607	0
141,589	1785149403,211	27/07/2026_12:50:03,211	1	2	3,132197662e-06	2,544124754e-06	4,891296569e-12	8,53415949e-12	1,097165934e-11	2,22312637e-11	1,320163007e-10	1,667961325e-10	1,72796727e-12	4,999999912e-15	4,198794524e-12	7,01423186e-13	8,403449106e-14	5,134426751e-14	4,999999912e-15	4,999999912e-15	7,329417455e-12	9,713540736e-14	4,364515138e-14	5,910548472e-14	7,332402372e-14	3,922807565e-11	6,937695557e-11	1	1	1	1	1	1	1	0	0	0	0	0	0	0	0	0	0	3,739525855e-08	13,92243018	55,85321486	0	30,64579716	0,3474998218	0	0
142,397	1785149404,019	27/07/2026_12:50:04,019	1	2	3,129153811e-06	2,550960744e-06	5,192330073e-12	8,623731937e-12	1,101272632e-11	2,236414352e-11	1,3390275e-10	1,693260115e-10	1,894732201e-12	1,478083471e-13	4,011648218e-12	6,095691985e-13	4,999999912e-15	4,999999912e-15	2,884452795e-14	7,143804049e-14	7,475197544e-12	1,837893038e-13	4,999999912e-15	4,999999912e-15	4,999999912e-15	3,771218754e-11	6,941092839e-11	1	1	1	1	1	1	1	0	0	0	0	0	0	0	0	0	0	3,448773452e-08	13,32268651	56,44435898	0	30,52902083	0,3672076411	0,05962819363	0
143,205	1785149404,827	27/07/2026_12:50:04,827	1	2	3,155113291e-06	2,523728881e-06	5,158110918e-12	8,601309769e-12	1,116129758e-11	2,267869746e-11	1,346569661e-10	1,712560926e-10	1,796855741e-12	4,999999912e-15	3,769600083e-12	6,498577176e-13	4,494903324e-14	6,97228191e-14	3,489051021e-14	4,999999912e-15	7,298791779e-12	5,870190401e-14	1,06755374e-14	4,330366157e-14	8,878434012e-14	3,622931816e-11	6,914730594e-11	1	1	1	1	1	1	1	0	0	0	0	0	0	0	0	0	0	3,121500493e-08	12,81222814	57,05403772	0	30,4747138	0,3652489403	0	0,02145048605
144,013	1785149405,635	27/07/2026_12:50:05,635	1	2	3,132923666e-06	2,620328587e-06	5,398646374e-12	8,702654916e-12	1,126790501e-11	2,269507325e-11	1,354053258e-10	1,715651371e-10	1,900188557e-12	1,264106956e-13	3,795087508e-12	6,773323222e-13	4,999999912e-15	4,999999912e-15	4,999999912e-15	2,30934707e-14	7,481723574e-12	2,109147275e-13	5,212039025e-14	4,999999912e-15	4,999999912e-15	3,588581862e-11	6,918680906e-11	1	1	1	1	1	1	1	0	0	0	0	0	0	0	0	0	0	3,047242146e-08	12,67207361	57,15698751	0	30,43111687	0,381657887	0,04901076419	0
144,821	1785149406,443	27/07/2026_12:50:06,443	1	2	3,134057124e-06	2,639478453e-06	5,328803371e-12	8,590544942e-12	1,123879288e-11	2,292256142e-11	1,355009299e-10	1,720946302e-10	1,889811875e-12	4,999999912e-15	3,600832523e-12	6,038570251e-13	1,611614352e-14	4,976874896e-14	5,889593555e-14	5,28421843e-14	7,362550673e-12	4,29699272e-14	4,999999912e-15	1,788570207e-14	7,652939968e-14	3,53261205e-11	6,940507891e-11	1	1	1	1	1	1	1	0	0	0	0	0	0	0	0	0	0	3,437265397e-08	12,47557701	57,30460371	0	30,54469148	0,3768895769	0	0,005505501302
145,629	1785149407,251	27/07/2026_12:50:07,251	1	2	3,153217222e-06	2,611304808e-06	5,495118249e-12	8,74616525e-12	1,142011832e-11	2,297069132e-11	1,366631391e-10	1,727747667e-10	1,876050964e-12	9,344107655e-14	3,68402444e-12	7,106434581e-13	2,203794906e-14	4,999999912e-15	4,999999912e-15	4,999999912e-15	7,415505709e-12	1,823534813e-13	9,390674815e-14	9,557923165e-15	4,999999912e-15	3,453816053e-11	6,950430509e-11	1	1	1	1	1	1	1	0	0	0	0	0	0	0	0	0	0	3,267692883e-08	12,19080882	57,59198986	0	30,54602969	0,388273656	0,0316279437	0
146,437	1785149408,059	27/07/2026_12:50:08,059	1	2	3,1495656e-06	2,61731816e-06	5,466619345e-12	8,626999289e-12	1,132862901e-11	2,301171927e-11	1,366284169e-10	1,727664262e-10	1,942440566e-12	6,171324844e-14	3,490428866e-12	5,803793318e-13	4,999999912e-15	5,25550198e-14	8,183029449e-14	9,17956981e-14	7,345343951e-12	5,212039025e-14	4,999999912e-15	4,999999912e-15	4,38314207e-14	3,44682026e-11	6,927493995e-11	1	1	1	1	1	1	1	0	0	0	0	0	0	0	0	0	0	3,657691763e-08	12,17684787	57,66933442	0	30,48511148	0,3867958925	0,02562819634	0
147,245	1785149408,867	27/07/2026_12:50:08,867	1	2	3,139878345e-06	2,544124754e-06	5,54521316e-12	8,73429367e-12	1,147513334e-11	2,319715253e-11	1,369022673e-10	1,736684269e-10	1,86981485e-12	5,90317522e-14	3,600502275e-12	7,262784124e-13	6,263295682e-14	4,999999912e-15	4,999999912e-15	4,999999912e-15	7,396835748e-12	1,61169255e-13	1,100384229e-13	7,362282306e-14	1,463763396e-14	3,416521233e-11	6,949983644e-11	1	1	1	1	1	1	1	0	0	0	0	0	0	0	0	0	0	3,089523904e-08	12,04397835	57,75526504	0	30,52199822	0,3913664698	0,01630180115	0
148,053	1785149409,675	27/07/2026_12:50:09,675	1	2	3,147401912e-06	2,612302751e-06	5,625390345e-12	8,655039359e-12	1,136795519e-11	2,315797727e-11	1,370260572e-10	1,740674549e-10	2,001464532e-12	1,13860798e-13	3,484134856e-12	5,84407414e-13	4,999999912e-15	2,091256923e-14	6,142608395e-14	1,015049657e-13	7,449382257e-12	1,231742573e-13	4,999999912e-15	4,999999912e-15	3,839081288e-14	3,398905463e-11	6,949607556e-11	1	1	1	1	1	1	1	0	0	0	0	0	0	0	0	0	0	3,289105605e-08	11,96437891	57,78483546	0	30,48701907	0,3965519332	0,05139985866	0
148,861	1785149410,483	27/07/2026_12:50:10,483	1	2	3,144084076e-06	2,635433248e-06	5,591787883e-12	8,67112545e-12	1,148988803e-11	2,325095845e-11	1,380846548e-10	1,745614903e-10	1,826515285e-12	2,802571983e-14	3,490627058e-12	7,018538311e-13	6,866341127e-14	3,811529e-14	4,999999912e-15	4,999999912e-15	7,36064508e-12	1,281453107e-13	7,375477047e-14	6,552788504e-14	7,021564997e-14	3,363791884e-11	6,976445116e-11	1	1	1	1	1	1	1	0	0	0	0	0	0	0	0	0	0	3,742122737e-08	11,82594525	57,98486974	0	30,54347207	0,3936429644	0	0
149,669	1785149411,291	27/07/2026_12:50:11,291	1	2	3,172255902e-06	2,613306606e-06	5,753163137e-12	8,711688489e-12	1,141839574e-11	2,319497545e-11	1,374695774e-10	1,737469196e-10	2,008891968e-12	1,430817677e-13	3,504803002e-12	6,347698517e-13	4,999999912e-15	4,999999912e-15	3,870902283e-14	9,859450631e-14	7,473450678e-12	1,582006146e-13	4,999999912e-15	4,999999912e-15	4,999999912e-15	3,316442607e-11	6,926584306e-11	1	1	1	1	1	1	1	0	0	0	0	0	0	0	0	0	0	3,417714254e-08	11,72309261	58,03193832	0	30,48727441	0,4071401864	0,06409529019	0
150,477	1785149412,099	27/07/2026_12:50:12,099	1	2	3,150566499e-06	2,620328587e-06	5,6063253e-12	8,697319774e-12	1,147533717e-11	2,331360105e-11	1,382841897e-10	1,745695949e-10	1,848021519e-12	4,999999912e-15	3,418797146e-12	6,690782368e-13	6,140667673e-14	6,969565306e-14	1,198329867e-14	4,999999912e-15	7,345534771e-12	7,525268386e-14	1,542927434e-14	5,910936074e-14	8,630464101e-14	3,347805366e-11	6,903760896e-11	1	1	1	1	1	1	1	0	0	0	0	0	0	0	0	0	0	3,565500274e-08	11,80201553	58,21034594	0	30,31132624	0,3958095981	0	0
151,285	1785149412,907	27/07/2026_12:50:12,907	1	2	3,154976184e-06	2,623339697e-06	5,809261058e-12	8,763502944e-12	1,150389332e-11	2,324259535e-11	1,375748127e-10	1,749465295e-10	1,952762821e-12	1,478316167e-13	3,527884799e-12	6,718684853e-13	4,999999912e-15	4,999999912e-15	4,999999912e-15	4,820874467e-14	7,511961539e-12	2,096418877e-13	4,401769341e-14	4,999999912e-15	4,999999912e-15	3,321665512e-11	6,968128852e-11	1	1	1	1	1	1	1	0	0	0	0	0	0	0	0	0	0	2,887431841e-08	11,68262203	57,98830058	0	30,53919682	0,4090264907	0,05912686811	0
152,093	1785149413,715	27/07/2026_12:50:13,715	1	2	3,148789119e-06	2,648602731e-06	5,664564737e-12	8,65722511e-12	1,145883475e-11	2,325147887e-11	1,379256015e-10	1,752948481e-10	1,915544112e-12	4,999999912e-15	3,346540276e-12	6,286579872e-13	2,710213713e-14	7,813984648e-14	7,087535311e-14	2,688482575e-14	7,322187995e-12	6,181025743e-14	4,999999912e-15	2,821975306e-14	7,674283165e-14	3,281645788e-11	6,926842433e-11	1	1	1	1	1	1	1	0	0	0	0	0	0	0	0	0	0	3,233484277e-08	11,56936888	58,28993662	0	30,43971475	0,3999469277	0	0,01697649778
152,901	1785149414,523	27/07/2026_12:50:14,523	1	2	3,16468936e-06	2,61731816e-06	5,790602806e-12	8,818655008e-12	1,155170144e-11	2,336603133e-11	1,379597409e-10	1,751419426e-10	1,907452928e-12	9,682495962e-14	3,528365967e-12	7,288357743e-13	4,999999912e-15	4,999999912e-15	4,999999912e-15	4,999999912e-15	7,43244008e-12	1,877863235e-13	9,077120837e-14	4,999999912e-15	4,999999912e-15	3,299015575e-11	6,917124512e-11	1	1	1	1	1	1	1	0	0	0	0	0	0	0	0	0	0	2,685726623e-08	11,62917982	58,24021532	0	30,37990659	0,4086057044	0,0336612482	0
153,709	1785149415,331	27/07/2026_12:50:15,331	1	2	3,194013061e-06	2,654696573e-06	5,827562391e-12	8,55070615e-12	1,212668334e-11	2,500105331e-11	1,485276624e-10	1,870941874e-10	2,148252062e-12	4,148753484e-14	3,008147334e-12	5,318718014e-13	4,999999912e-15	4,704455887e-14	9,730615565e-14	6,837237075e-14	7,068718874e-12	5,207382377e-14	4,999999912e-15	4,999999912e-15	5,704100115e-14	3,210336511e-11	6,658839452e-11	1	1	1	1	1	1	1	0	0	0	0	0	0	0	0	0	0	4,074985819e-08	10,98652265	60,86229987	0	28,40590212	0,399715151	0,02029477917	0
154,517	1785149416,139	27/07/2026_12:50:16,139	1	2	3,086546258e-06	2,586399887e-06	5,506488494e-12	8,25620735e-12	1,06620884e-11	2,118392788e-11	1,219901125e-10	1,526033883e-10	1,546843708e-12	6,189176233e-14	4,962443217e-12	6,542272691e-13	4,363739255e-14	4,999999912e-15	4,999999912e-15	4,999999912e-15	6,409800208e-12	1,242297823e-13	9,750019395e-14	6,282309877e-14	8,494637624e-15	1,058355625e-10	5,995839936e-11	1	1	1	1	1	1	1	0	0	0	0	0	0	0	0	0	0	1,462341777e-08	32,48372345	44,7423509	0	23,02752727	0,3402273558	0,006438172672	0
155,325	1785149416,947	27/07/2026_12:50:16,947	1	2	2,652900321e-06	2,080405466e-06	3,288990824e-12	5,534060623e-12	3,106587036e-12	5,957154475e-12	3,286734079e-11	4,513448643e-11	4,810785017e-13	1,668737577e-13	1,595394997e-11	5,291669338e-13	4,999999912e-15	3,884484287e-14	6,985862897e-14	1,199339564e-13	6,889509362e-12	6,445683559e-14	4,999999912e-15	4,999999912e-15	4,862397038e-14	1,703131663e-10	6,571575922e-11	1	1	1	1	1	1	1	0	0	0	0	0	0	0	0	0	0	4,678704356e-08	59,09575212	13,02937042	0	28,37372421	0,2287314119	0,06991043851	0
156,133	1785149417,755	27/07/2026_12:50:17,755	1	2	2,580910405e-06	1,658077394e-06	1,881425788e-12	5,210379003e-12	1,243780252e-12	2,338995534e-12	1,292017708e-11	2,360425744e-11	1,173805112e-13	8,441089895e-14	1,852858318e-11	6,82582788e-13	7,807775558e-14	4,191051938e-14	4,999999912e-15	4,999999912e-15	6,956651401e-12	9,956078795e-14	8,338642954e-14	9,568017765e-14	7,978522492e-14	1,819659978e-10	6,523328405e-11	1	1	1	1	1	1	1	0	0	0	0	0	0	0	0	0	0	2,621371169e-08	65,70265998	5,421515371	0	29,35931478	0,1360516682	0,02854210196	0,01134413181
156,941	1785149418,563	27/07/2026_12:50:18,563	1	2	2,587034714e-06	1,617276894e-06	1,557457288e-12	5,102544689e-12	7,183774517e-13	1,38641583e-12	8,306247183e-12	1,845320598e-11	1,992457441e-13	2,13929948e-13	1,914825416e-11	5,782721307e-13	4,999999912e-15	4,999999912e-15	5,901622778e-14	8,928494337e-14	7,071376904e-12	1,137482713e-13	4,999999912e-15	4,999999912e-15	1,533614137e-14	1,838696695e-10	6,618849219e-11	1	1	1	1	1	1	1	0	0	0	0	0	0	0	0	0	0	2,687234975e-08	66,93616656	3,501829808	0	30,03426132	0,1135264182	0,0980195917	0
157,749	1785149419,371	27/07/2026_12:50:19,371	1	2	2,591395059e-06	1,578086881e-06	1,236403232e-12	5,010461664e-12	6,071555476e-13	1,141499222e-12	6,270338849e-12	1,602077845e-11	2,509586336e-14	5,371920221e-14	1,932822999e-11	6,538158144e-13	7,97658177e-14	8,088344041e-14	1,280210848e-14	4,999999912e-15	6,915838995e-12	6,148041603e-14	5,076994191e-14	7,861715971e-14	1,017455637e-13	1,858580095e-10	6,618433579e-11	1	1	1	1	1	1	1	0	0	0	0	0	0	0	0	0	0	2,824034578e-08	67,85150564	2,625569644	0	30,11689417	0,09038040965	0,01608669373	0,03805715012
158,557	1785149420,179	27/07/2026_12:50:20,179	1	2	2,583289643e-06	1,567237859e-06	1,303976241e-12	5,077553829e-12	4,577716244e-13	7,983645212e-13	4,9373396e-12	1,459919165e-11	1,453363796e-13	2,030176835e-13	1,960613269e-11	6,016333807e-13	4,999999912e-15	4,999999912e-15	1,423404987e-14	5,611353396e-14	7,077695201e-12	1,507692354e-13	3,90388744e-14	4,999999912e-15	4,999999912e-15	1,874663064e-10	6,550594789e-11	1	1	1	1	1	1	1	0	0	0	0	0	0	0	0	0	0	2,118171978e-08	68,50284032	2,099852068	0	29,84665743	0,09540410073	0,09298356793	0
159,365	1785149420,987	27/07/2026_12:50:20,987	1	2	2,585985612e-06	1,563638875e-06	1,046971537e-12	4,907319776e-12	4,04684939e-13	7,685304216e-13	4,292879854e-12	1,37232916e-11	4,19260438e-14	4,462694727e-14	1,946611969e-11	6,139582115e-13	4,915949511e-14	9,020076217e-14	5,421979868e-14	4,999999912e-15	6,888274673e-12	2,562750529e-14	1,566211184e-14	4,689322119e-14	1,094175206e-13	1,875435501e-10	6,541180791e-11	1	1	1	1	1	1	1	0	0	0	0	0	0	0	0	0	0	2,715314944e-08	68,83084781	1,806485871	0	29,92902358	0,07694137127	0,01699045234	0,05086075491
160,173	1785149421,795	27/07/2026_12:50:21,795	1	2	2,582243269e-06	1,557060159e-06	1,132926977e-12	5,017225784e-12	3,900240048e-13	6,152853292e-13	3,606812331e-12	1,301845697e-11	8,482223848e-14	1,778325615e-13	1,982621706e-11	6,644293947e-13	4,999999912e-15	4,999999912e-15	4,999999912e-15	3,347408478e-14	7,041473741e-12	1,707232988e-13	9,48807615e-14	4,999999912e-15	4,999999912e-15	1,882790174e-10	6,524696061e-11	1	1	1	1	1	1	1	0	0	0	0	0	0	0	0	0	0	2,093569589e-08	69,08861502	1,536609501	0	29,85265263	0,08323181531	0,078348563	0
160,981	1785149422,603	27/07/2026_12:50:22,603	1	2	2,575220833e-06	1,567838581e-06	9,383146387e-13	4,875980262e-12	2,96369537e-13	5,657766465e-13	3,335271078e-12	1,270098523e-11	6,334697849e-14	8,153925397e-14	1,964914516e-11	5,689432215e-13	5,634630878e-15	7,123236734e-14	9,308793835e-14	4,478216436e-14	6,926258178e-12	9,949863944e-15	4,999999912e-15	2,131227222e-14	8,607180181e-14	1,880119949e-10	6,571237998e-11	1	1	1	1	1	1	1	0	0	0	0	0	0	0	0	0	0	2,786717663e-08	69,0682131	1,403967235	0	30,09462121	0,069017019	0,03616852506	0,0409649814
161,789	1785149423,411	27/07/2026_12:50:23,411	1	2	2,577636224e-06	1,581115043e-06	9,764143704e-13	5,031754961e-12	3,860968619e-13	5,160195188e-13	2,935188334e-12	1,223872045e-11	3,271348985e-14	1,514599942e-13	1,984745181e-11	6,889392485e-13	3,057139774e-14	4,999999912e-15	4,999999912e-15	4,999999912e-15	6,993198121e-12	1,496283566e-13	9,030166751e-14	3,963648664e-14	4,999999912e-15	1,877155237e-10	6,577220713e-11	1	1	1	1	1	1	1	0	0	0	0	0	0	0	0	0	0	2,147885807e-08	69,12416205	1,237839163	0	30,19659166	0,07198289625	0,06301930983	0
162,597	1785149424,219	27/07/2026_12:50:24,219	1	2	2,60208617e-06	1,557060159e-06	9,250236211e-13	4,880384291e-12	1,992884346e-13	4,561533985e-13	2,802941473e-12	1,211297729e-11	1,327283146e-13	1,405205433e-13	1,968256287e-11	5,564902922e-13	4,999999912e-15	3,33227471e-14	8,588163953e-14	9,653002952e-14	6,994801006e-12	2,29227241e-14	4,999999912e-15	4,999999912e-15	4,865889525e-14	1,894266133e-10	6,587643625e-11	1	1	1	1	1	1	1	0	0	0	0	0	0	0	0	0	0	2,75231e-08	69,31022443	1,170956053	0	30,05227397	0,06777174935	0,06881532284	0,01994231192
163,405	1785149425,027	27/07/2026_12:50:25,027	1	2	2,58556156e-06	1,565437287e-06	8,589911551e-13	4,964717439e-12	3,487693261e-13	5,097368382e-13	2,568087236e-12	1,171218678e-11	4,999999912e-15	1,047879502e-13	1,978651444e-11	6,941741561e-13	6,439862749e-14	4,999999912e-15	4,999999912e-15	4,999999912e-15	6,94646337e-12	1,093204981e-13	1,010936262e-13	5,986607965e-14	3,310542893e-14	1,897352414e-10	6,625524435e-11	1	1	1	1	1	1	1	0	0	0	0	0	0	0	0	0	0	2,566870775e-08	69,38146624	1,037745843	0	30,20376823	0,06289387381	0,04080064276	0,002792644228
164,213	1785149425,835	27/07/2026_12:50:25,835	1	2	2,578376552e-06	1,567237859e-06	9,021862033e-13	4,898028597e-12	1,950779761e-13	3,788634445e-13	2,455328258e-12	1,172298803e-11	1,455304247e-13	1,932463521e-13	1,97058897e-11	5,381855443e-13	4,999999912e-15	1,414867911e-14	5,161979378e-14	1,009189883e-13	7,028201372e-12	6,884967721e-14	4,999999912e-15	4,999999912e-15	2,479705555e-14	1,888001977e-10	6,579573691e-11	1	1	1	1	1	1	1	0	0	0	0	0	0	0	0	0	0	2,594914859e-08	69,34459237	1,03100971	0	30,13071936	0,06634785537	0,09307484617	0,007241376754
165,021	1785149426,643	27/07/2026_12:50:26,643	1	2	2,600607786e-06	1,545167834e-06	7,578548791e-13	4,903675556e-12	2,898539698e-13	4,718698305e-13	2,385225047e-12	1,147887861e-11	4,999999912e-15	6,940460576e-14	1,979847536e-11	6,643478627e-13	8,030133904e-14	3,801827763e-14	4,999999912e-15	4,999999912e-15	6,921263476e-12	6,195383291e-14	4,990844503e-14	9,0546128e-14	6,614489772e-14	1,897580287e-10	6,614957193e-11	1	1	1	1	1	1	1	0	0	0	0	0	0	0	0	0	0	2,756501799e-08	69,48104075	0,9571061913	0	30,19345414	0,05556154828	0,02631704625	0,02295309701
165,829	1785149427,451	27/07/2026_12:50:27,451	1	2	2,575799044e-06	1,523411697e-06	8,687586783e-13	4,932932101e-12	1,963896439e-13	3,080889764e-13	2,19192069e-12	1,139663711e-11	1,080670655e-13	2,11912058e-13	1,987041781e-11	5,694865152e-13	4,999999912e-15	4,999999912e-15	2,337675748e-14	6,075474596e-14	7,054069134e-12	1,358211503e-13	4,999999912e-15	4,999999912e-15	4,999999912e-15	1,905498676e-10	6,557334536e-11	1	1	1	1	1	1	1	0	0	0	0	0	0	0	0	0	0	2,339625232e-08	69,67525814	0,9153214074	0	29,89791133	0,06360532826	0,09689370452	0
166,637	1785149428,259	27/07/2026_12:50:28,259	1	2	2,577823579e-06	1,550510774e-06	6,938016242e-13	4,886406817e-12	2,513196086e-13	4,236494781e-13	2,20025235e-12	1,128870608e-11	4,999999912e-15	5,269471925e-14	1,974522802e-11	6,082420808e-13	4,471619743e-14	6,529892187e-14	2,068750411e-14	4,999999912e-15	6,907518394e-12	3,242244255e-14	2,146361668e-14	6,970729468e-14	9,960347163e-14	1,90090263e-10	6,593321028e-11	1	1	1	1	1	1	1	0	0	0	0	0	0	0	0	0	0	2,727889327e-08	69,62161205	0,8871798616	0	30,10563458	0,05088156046	0,01956581339	0,04563472486
167,445	1785149429,067	27/07/2026_12:50:29,067	1	2	2,571016012e-06	1,557656901e-06	8,146901665e-13	4,997019725e-12	2,354867061e-13	2,995943337e-13	1,979399283e-12	1,117134076e-11	7,687866186e-14	1,842316989e-13	1,99045936e-11	6,130539869e-13	4,999999912e-15	4,999999912e-15	4,999999912e-15	5,12356169e-14	7,027397327e-12	1,573158379e-13	3,568215398e-14	4,999999912e-15	4,999999912e-15	1,88602689e-10	6,540753356e-11	1	1	1	1	1	1	1	0	0	0	0	0	0	0	0	0	0	2,014549589e-08	69,57885295	0,8424204343	0	30,08902477	0,06017210596	0,08302593702	0
168,253	1785149429,875	27/07/2026_12:50:29,875	1	2	2,597514822e-06	1,534546868e-06	6,53656762e-13	4,831996348e-12	2,052451904e-13	3,625493731e-13	2,034065407e-12	1,116104518e-11	2,158391738e-14	5,206994097e-14	1,972878284e-11	5,828745689e-13	2,534033909e-14	7,097625845e-14	7,886164053e-14	4,999999912e-15	6,878596217e-12	4,999999912e-15	4,999999912e-15	2,040421394e-14	9,127957044e-14	1,903945612e-10	6,583236734e-11	1	1	1	1	1	1	1	0	0	0	0	0	0	0	0	0	0	2,840994097e-08	69,73249965	0,8310549941	0	30,06095034	0,047938187	0,02124964029	0,04445907423
169,061	1785149430,683	27/07/2026_12:50:30,683	1	2	2,569455091e-06	1,559448606e-06	7,534349121e-13	4,917245864e-12	2,724882765e-13	3,188071823e-13	1,882504569e-12	1,073282956e-11	2,80102005e-14	1,526552187e-13	2,04615179e-11	6,643051994e-13	4,999999912e-15	4,999999912e-15	4,999999912e-15	4,999999912e-15	7,043568419e-12	1,650421065e-13	8,743002253e-14	1,469196265e-14	4,999999912e-15	1,989275966e-10	6,837384131e-11	1	1	1	1	1	1	1	0	0	0	0	0	0	0	0	0	0	3,414415135e-08	70,06386177	0,6192483882	0	30,0100875	0,05314064695	0,06222958449	0
169,869	1785149431,491	27/07/2026_12:50:31,491	1	2	2,674210464e-06	1,573859663e-06	6,827263906e-13	5,233293833e-12	3,794183392e-13	1,133932032e-12	9,664913835e-12	2,642184388e-11	3,079530988e-13	1,021569168e-13	1,831856715e-11	6,592254954e-13	4,999999912e-15	3,848394924e-14	6,285415439e-14	4,171261521e-14	8,170616961e-12	2,833228986e-14	4,999999912e-15	4,999999912e-15	5,422368487e-14	6,693588739e-11	7,397562424e-11	1	1	1	1	1	1	1	0	0	0	0	0	0	0	0	0	0	2,333386877e-08	39,11483369	8,164421018	0	53,2262668	0,07863779841	0,09039019326	0,3448417464
170,677	1785149432,299	27/07/2026_12:50:32,299	1	2	3,211143621e-06	2,301933591e-06	4,053217831e-12	8,690120672e-12	1,061861016e-11	2,145418912e-11	1,266103888e-10	1,61999178e-10	1,689044846e-12	6,87992347e-14	5,041902659e-12	7,146249196e-13	4,781292278e-14	4,999999912e-15	4,999999912e-15	4,999999912e-15	7,442910871e-12	1,519373006e-13	7,510132924e-14	4,622963525e-14	4,999999912e-15	4,325800482e-11	6,92740032e-11	1	1	1	1	1	1	1	0	0	0	0	0	0	0	0	0	0	1,895454428e-08	15,43460488	54,1495017	0	30,78709902	0,2892380368	0,01640663319	0
171,485	1785149433,107	27/07/2026_12:50:33,107	1	2	3,128169965e-06	2,487235861e-06	4,891117893e-12	8,496122209e-12	1,079800312e-11	2,203261532e-11	1,313203157e-10	1,664511029e-10	1,892450389e-12	8,734852441e-14	4,187626374e-12	5,770186846e-13	4,999999912e-15	1,004687971e-14	5,894250203e-14	8,778314718e-14	7,394232795e-12	7,5892973e-14	4,999999912e-15	4,999999912e-15	1,54176378e-14	3,930690495e-11	6,947372538e-11	1	1	1	1	1	1	1	0	0	0	0	0	0	0	0	0	0	3,628346895e-08	13,95850584	55,68706472	0	30,71872815	0,3477050536	0,03875144081	0
172,293	1785149433,915	27/07/2026_12:50:33,915	1	2	3,135165798e-06	2,569603794e-06	5,014008739e-12	8,570287709e-12	1,113460626e-11	2,25149014e-11	1,327678245e-10	1,688111873e-10	1,767355359e-12	1,844450496e-14	3,972035374e-12	7,024865173e-13	6,414251183e-14	1,332211217e-14	4,999999912e-15	4,999999912e-15	7,332918127e-12	1,249283066e-13	6,768161877e-14	6,193832881e-14	4,595023296e-14	3,749852165e-11	6,886193699e-11	1	1	1	1	1	1	1	0	0	0	0	0	0	0	0	0	0	3,01925454e-08	13,33050926	56,51814205	0	30,499891	0,3568414443	0	0
173,101	1785149434,723	27/07/2026_12:50:34,723	1	2	3,142895139e-06	2,574531663e-06	5,243573804e-12	8,605154783e-12	1,111039559e-11	2,261980186e-11	1,335929145e-10	1,703194114e-10	1,931400135e-12	1,456390753e-13	3,850684962e-12	5,885246717e-13	4,999999912e-15	4,999999912e-15	2,589914875e-14	8,885807942e-14	7,503777114e-12	1,344008455e-13	4,999999912e-15	4,999999912e-15	4,999999912e-15	3,644623145e-11	6,92131838e-11	1	1	1	1	1	1	1	0	0	0	0	0	0	0	0	0	0	2,882529719e-08	12,90888051	56,75584017	0	30,55420665	0,3718193214	0,06210447192	0
173,909	1785149435,531	27/07/2026_12:50:35,531	1	2	3,13545911e-06	2,547053555e-06	5,176831186e-12	8,607378699e-12	1,120319375e-11	2,279107979e-11	1,351648515e-10	1,713420517e-10	1,799634226e-12	4,999999912e-15	3,718593142e-12	6,665597978e-13	5,839145628e-14	7,763925679e-14	4,999999912e-15	4,999999912e-15	7,33385748e-12	8,893957077e-14	4,128574788e-14	6,059563929e-14	7,794970453e-14	3,570456431e-11	6,952024373e-11	1	1	1	1	1	1	1	0	0	0	0	0	0	0	0	0	0	3,497445462e-08	12,62285512	57,13628314	0	30,6148175	0,3664608321	0	0
174,717	1785149436,339	27/07/2026_12:50:36,339	1	2	3,133131031e-06	2,566654302e-06	5,420800961e-12	8,70709841e-12	1,12950118e-11	2,277031688e-11	1,358592128e-10	1,714107051e-10	1,925866367e-12	1,38708313e-13	3,762742722e-12	6,429386103e-13	4,999999912e-15	4,999999912e-15	4,999999912e-15	4,147589661e-14	7,480890039e-12	1,821711049e-13	3,259707364e-14	4,999999912e-15	4,999999912e-15	3,531441459e-11	6,920167217e-11	1	1	1	1	1	1	1	0	0	0	0	0	0	0	0	0	0	3,410333806e-08	12,49370289	57,31032252	0	30,47552755	0,3839148222	0,0565230573	0
175,525	1785149437,147	27/07/2026_12:50:37,147	1	2	3,135804263e-06	2,591363e-06	5,310750971e-12	8,574804929e-12	1,129532665e-11	2,301574382e-11	1,363233693e-10	1,726936927e-10	1,852433571e-12	4,999999912e-15	3,551082822e-12	6,292827045e-13	5,070009218e-14	9,127568764e-14	5,262486952e-14	4,999999912e-15	7,28826114e-12	7,013415863e-14	4,999999912e-15	2,204571127e-14	1,015204834e-13	3,464901976e-11	6,891254234e-11	1	1	1	1	1	1	1	0	0	0	0	0	0	0	0	0	0	3,543513309e-08	12,26033249	57,69475839	0	30,37784657	0,3763261446	0	0,00813283502
176,333	1785149437,955	27/07/2026_12:50:37,955	1	2	3,149428494e-06	2,630388508e-06	5,495871119e-12	8,760204367e-12	1,133746916e-11	2,296043737e-11	1,365665497e-10	1,732760879e-10	1,90024255e-12	1,35499061e-13	3,661261398e-12	6,933747738e-13	4,999999912e-15	4,999999912e-15	4,999999912e-15	1,948450895e-14	7,407115719e-12	2,069642743e-13	7,995985601e-14	4,999999912e-15	4,999999912e-15	3,443542326e-11	6,935139962e-11	1	1	1	1	1	1	1	0	0	0	0	0	0	0	0	0	0	2,862344277e-08	12,14833141	57,65143583	0	30,4801619	0,3881407347	0,05074408621	0
177,141	1785149438,763	27/07/2026_12:50:38,763	1	2	3,145299615e-06	2,641505034e-06	5,433758044e-12	8,583380534e-12	1,136816422e-11	2,305058575e-11	1,366761426e-10	1,723522575e-10	1,931031723e-12	4,999999912e-15	3,46838747e-12	6,091889146e-13	1,173106242e-14	4,81777026e-14	9,067806862e-14	5,575263694e-14	7,340873569e-12	5,317591528e-14	4,999999912e-15	1,663614552e-14	8,251328088e-14	3,424903763e-11	6,930465923e-11	1	1	1	1	1	1	1	0	0	0	0	0	0	0	0	0	0	4,040789216e-08	12,12117957	57,69713818	0	30,53995004	0,3851619744	0,00180566936	0
177,949	1785149439,571	27/07/2026_12:50:39,571	1	2	3,141488151e-06	2,633416898e-06	5,554538166e-12	8,753957628e-12	1,146989968e-11	2,309389312e-11	1,376403574e-10	1,737659461e-10	1,898341293e-12	8,54780656e-14	3,587521556e-12	7,302482187e-13	3,589946537e-14	4,999999912e-15	4,999999912e-15	4,999999912e-15	7,387006805e-12	1,904717161e-13	1,166160403e-13	2,329526444e-14	4,999999912e-15	3,38788303e-11	6,914765982e-11	1	1	1	1	1	1	1	0	0	0	0	0	0	0	0	0	0	3,279797379e-08	11,95772087	57,97884307	0	30,38760792	0,3924884503	0,02936937095	0
178,757	1785149440,379	27/07/2026_12:50:40,379	1	2	3,143606591e-06	2,596335662e-06	5,575994094e-12	8,637697328e-12	1,135823467e-11	2,311187006e-11	1,371198849e-10	1,736501776e-10	1,97795968e-12	7,374699809e-14	3,43065615e-12	5,936237829e-13	4,999999912e-15	5,005978948e-14	9,054226553e-14	1,090449888e-13	7,383703891e-12	7,927298005e-14	4,999999912e-15	4,999999912e-15	6,039772496e-14	3,375212609e-11	6,902829697e-11	1	1	1	1	1	1	1	0	0	0	0	0	0	0	0	0	0	3,447949547e-08	11,92588811	57,95083986	0	30,38839352	0,3945875244	0,03318156697	0
179,565	1785149441,187	27/07/2026_12:50:41,187	1	2	3,153529178e-06	2,616312486e-06	5,567634895e-12	8,740044279e-12	1,150332954e-11	2,325814714e-11	1,380474068e-10	1,738965083e-10	1,867494223e-12	5,726995755e-14	3,534927993e-12	7,231817142e-13	7,844254218e-14	1,684957919e-14	4,999999912e-15	4,999999912e-15	7,393986465e-12	1,551543182e-13	1,011363031e-13	8,387538439e-14	3,72460343e-14	3,342883262e-11	6,918010609e-11	1	1	1	1	1	1	1	0	0	0	0	0	0	0	0	0	0	3,573572435e-08	11,80623148	58,11631072	0	30,41112679	0,3936640477	0,01450726248	0
180,373	1785149441,995	27/07/2026_12:50:41,995	1	2	3,163303745e-06	2,599324944e-06	5,670758568e-12	8,678800734e-12	1,139166886e-11	2,317017411e-11	1,374322878e-10	1,740604327e-10	2,007032995e-12	1,395154879e-13	3,462756557e-12	5,954089218e-13	4,999999912e-15	2,784721103e-14	6,494579044e-14	1,146796145e-13	7,459500032e-12	1,174426089e-13	4,999999912e-15	4,999999912e-15	2,641914905e-14	3,319850297e-11	6,953716769e-11	1	1	1	1	1	1	1	0	0	0	0	0	0	0	0	0	0	3,47897006e-08	11,71261383	57,97552549	0	30,55796777	0,4005897792	0,06218946688	0
181,181	1785149442,803	27/07/2026_12:50:42,803	1	2	3,152595127e-06	2,633416898e-06	5,585466551e-12	8,737464745e-12	1,153756951e-11	2,33276367e-11	1,377095799e-10	1,745213141e-10	1,849779444e-12	2,782004499e-14	3,445810044e-12	7,007788989e-13	8,003745778e-14	5,818189355e-14	4,999999912e-15	4,999999912e-15	7,351375585e-12	1,258906716e-13	8,183806009e-14	8,997180578e-14	7,05687814e-14	3,322400688e-11	6,9202713e-11	1	1	1	1	1	1	1	0	0	0	0	0	0	0	0	0	0	3,124063214e-08	11,72548606	58,15386925	0	30,42868315	0,3947168263	0,0005738983814	0
181,989	1785149443,611	27/07/2026_12:50:43,611	1	2	3,160574124e-06	2,605304871e-06	5,741820214e-12	8,76717015e-12	1,14429707e-11	2,324724267e-11	1,380351944e-10	1,747665901e-10	1,981902489e-12	1,563573083e-13	3,486164482e-12	6,076250614e-13	4,999999912e-15	4,999999912e-15	4,313679269e-14	7,936611302e-14	7,530592469e-12	1,753567723e-13	4,999999912e-15	4,999999912e-15	9,173741207e-15	3,310249644e-11	6,948128878e-11	1	1	1	1	1	1	1	0	0	0	0	0	0	0	0	0	0	3,193783421e-08	11,6531725	58,09486292	0	30,46585754	0,4046834263	0,06541304934	0
182,797	1785149444,419	27/07/2026_12:50:44,419	1	2	3,162241001e-06	2,652665671e-06	5,59978626e-12	8,666084343e-12	1,15589361e-11	2,33864577e-11	1,376805198e-10	1,748630546e-10	1,860575279e-12	4,999999912e-15	3,389936986e-12	6,657216011e-13	7,307566011e-14	8,658016388e-14	3,042005666e-14	4,999999912e-15	7,30678712e-12	9,645242097e-14	3,119617601e-14	7,518670338e-14	1,107330441e-13	3,291680817e-11	6,942930952e-11	1	1	1	1	1	1	1	0	0	0	0	0	0	0	0	0	0	3,295224926e-08	11,61045093	58,18319646	0	30,51792459	0,3955303132	0	0,02902848071
183,605	1785149445,227	27/07/2026_12:50:45,227	1	2	3,175056008e-06	2,634426437e-06	5,831302455e-12	8,834486961e-12	1,182137287e-11	2,4121663e-11	1,44570772e-10	1,842722502e-10	2,117393717e-12	1,411259483e-13	3,158668639e-12	6,057118782e-13	4,999999912e-15	4,999999912e-15	6,45343984e-15	4,637709691e-14	6,964439442e-12	2,171236959e-13	5,55042801e-14	4,999999912e-15	4,999999912e-15	3,207287561e-11	6,610322012e-11	1	1	1	1	1	1	1	0	0	0	0	0	0	0	0	0	0	1,53720527e-08	11,1266103	60,41725096	0	28,63470096	0,4052754144	0,06131438018	0,02886427855
184,413	1785149446,035	27/07/2026_12:50:46,035	1	2	3,107553312e-06	2,631399639e-06	5,45860579e-12	8,315305042e-12	1,082167862e-11	2,187151155e-11	1,293575108e-10	1,612603245e-10	1,714303721e-12	1,166509126e-14	3,93855738e-12	5,691993101e-13	5,534517343e-14	7,987059907e-14	7,269923866e-14	4,999999912e-15	6,381832996e-12	1,694271385e-14	8,84001192e-15	4,972606189e-14	1,031231714e-13	8,87319454e-11	6,026470295e-11	1	1	1	1	1	1	1	0	0	0	0	0	0	0	0	0	0	2,132916088e-08	27,92149265	48,60982516	0	23,72732371	0,3458619265	0	0
185,221	1785149446,843	27/07/2026_12:50:46,843	1	2	2,698087428e-06	2,18752848e-06	3,564148976e-12	5,874536534e-12	3,974918918e-12	7,345349155e-12	4,009078139e-11	5,30059642e-11	4,746290166e-13	1,551465662e-13	1,514811193e-11	6,682556526e-13	1,83009261e-14	4,999999912e-15	4,999999912e-15	1,985316649e-14	6,788884992e-12	1,902893262e-13	1,231703948e-13	2,966333437e-14	4,999999912e-15	1,6655681e-10	6,404034247e-11	1	1	1	1	1	1	1	0	0	0	0	0	0	0	0	0	0	3,91186027e-08	57,28634115	15,79507168	0	27,40638636	0,2457595529	0,05420902667	0
186,029	1785149447,651	27/07/2026_12:50:47,651	1	2	2,579371085e-06	1,684985477e-06	1,952681289e-12	5,136965506e-12	1,231634044e-12	2,460295639e-12	1,396740449e-11	2,494845996e-11	2,326732828e-13	1,141130511e-13	1,828266878e-11	5,79537232e-13	3,917081503e-14	6,835295676e-14	1,138647011e-13	8,247836957e-14	6,989659719e-12	2,132003612e-14	4,999999912e-15	2,839825678e-14	9,154345169e-14	1,793307169e-10	6,571661965e-11	1	1	1	1	1	1	1	0	0	0	0	0	0	0	0	0	0	3,144727484e-08	64,92252159	5,890778623	0	29,65079999	0,1415764613	0,05140966529	0,01981012452
186,837	1785149448,459	27/07/2026_12:50:48,459	1	2	2,606155249e-06	1,632224098e-06	1,527840679e-12	5,151393201e-12	8,920578035e-13	1,559459701e-12	8,662363361e-12	1,883445136e-11	1,073685615e-13	1,324838405e-13	1,911238182e-11	7,100730052e-13	6,64825115e-14	4,999999912e-15	4,999999912e-15	4,999999912e-15	7,023226618e-12	1,440635534e-13	1,258091938e-13	6,725863085e-14	1,677972607e-14	1,840438774e-10	6,550579523e-11	1	1	1	1	1	1	1	0	0	0	0	0	0	0	0	0	0	2,334671535e-08	67,06502931	3,675929495	0	29,7577945	0,1114794395	0,0539256937	0
187,645	1785149449,267	27/07/2026_12:50:49,267	1	2	2,593786576e-06	1,602468387e-06	1,327931255e-12	5,003749151e-12	5,490472985e-13	1,079169089e-12	6,436576532e-12	1,630382114e-11	1,86691984e-13	1,680961278e-13	1,922892748e-11	5,856491507e-13	4,999999912e-15	3,274065589e-14	9,082554722e-14	9,846257924e-14	7,040444616e-12	6,223325213e-14	4,999999912e-15	4,999999912e-15	5,639681905e-14	1,861086146e-10	6,615306913e-11	1	1	1	1	1	1	1	0	0	0	0	0	0	0	0	0	0	2,827154739e-08	67,75849669	2,706794217	0	30,02481594	0,09681355984	0,08035502356	0,01508328821
188,453	1785149450,075	27/07/2026_12:50:50,075	1	2	2,600338348e-06	1,589621661e-06	1,16806185e-12	5,020772426e-12	5,624703177e-13	9,568948281e-13	5,134366023e-12	1,473167595e-11	1,322509217e-14	9,527660372e-14	1,954978714e-11	6,886365393e-13	8,555956372e-14	3,315587822e-14	4,999999912e-15	4,999999912e-15	6,944527852e-12	1,100539405e-13	1,00430047e-13	9,232733664e-14	4,215887622e-14	1,85495147e-10	6,552049875e-11	1	1	1	1	1	1	1	0	0	0	0	0	0	0	0	0	0	2,40128867e-08	68,30427221	2,184500581	0	30,07567521	0,08611134698	0,03404859042	0,00881480689
189,261	1785149450,883	27/07/2026_12:50:50,883	1	2	2,59012927e-06	1,596949687e-06	1,176005474e-12	4,977150636e-12	3,68001609e-13	6,835723394e-13	4,284913136e-12	1,384590012e-11	1,546925158e-13	2,19917712e-13	1,95988642e-11	5,820867876e-13	4,999999912e-15	4,999999912e-15	5,031979133e-14	1,127199123e-13	7,060693176e-12	1,011091371e-13	4,999999912e-15	4,999999912e-15	2,678780659e-14	1,88149149e-10	6,574353562e-11	1	1	1	1	1	1	1	0	0	0	0	0	0	0	0	0	0	2,497219876e-08	68,71195284	1,811445546	0	29,93518031	0,0859940413	0,101961015	0,005180198058
190,069	1785149451,691	27/07/2026_12:50:51,691	1	2	2,591693601e-06	1,580509206e-06	9,562856149e-13	4,934510266e-12	3,936601479e-13	7,218972599e-13	3,764849543e-12	1,314714223e-11	4,999999912e-15	5,859323985e-14	1,965556884e-11	6,449991366e-13	6,607504122e-14	7,09801277e-14	4,999999912e-15	4,999999912e-15	6,91777885e-12	6,455385136e-14	5,350189421e-14	5,524039884e-14	8,84894168e-14	1,887496687e-10	6,582993178e-11	1	1	1	1	1	1	1	0	0	0	0	0	0	0	0	0	0	2,669574718e-08	69,01343956	1,571015583	0	30,00674163	0,07001084807	0,01965269315	0,03790656151
190,877	1785149452,499	27/07/2026_12:50:52,499	1	2	2,577924533e-06	1,572051474e-06	1,076211928e-12	4,981838293e-12	3,005877069e-13	5,075947258e-13	3,270709441e-12	1,265377907e-11	1,205587279e-13	2,033553041e-13	1,981959388e-11	6,075279711e-13	4,999999912e-15	4,999999912e-15	2,605825034e-14	5,707203644e-14	7,060911317e-12	1,496477367e-13	2,770362878e-14	4,999999912e-15	4,999999912e-15	1,878791844e-10	6,608537328e-11	1	1	1	1	1	1	1	0	0	0	0	0	0	0	0	0	0	2,45449632e-08	68,91800869	1,370263589	0	30,22081493	0,07903638632	0,09337705599	0
191,685	1785149453,307	27/07/2026_12:50:53,307	1	2	2,576939551e-06	1,572051474e-06	8,563097063e-13	4,890167264e-12	3,137391063e-13	5,809109704e-13	3,094425107e-12	1,237158466e-11	1,040001283e-14	4,172425683e-14	1,968879053e-11	6,156191008e-13	4,163112387e-14	7,410401231e-14	4,936128207e-14	4,999999912e-15	6,914632061e-12	1,794390848e-14	1,847167439e-14	4,454933533e-14	9,453151966e-14	1,899221475e-10	6,50121762e-11	1	1	1	1	1	1	1	0	0	0	0	0	0	0	0	0	0	2,500783213e-08	69,55543518	1,307489393	0	29,68814803	0,06279651805	0,01410129649	0,04741413753
192,493	1785149454,115	27/07/2026_12:50:54,115	1	2	2,586584969e-06	1,573258373e-06	9,762086972e-13	5,010796032e-12	3,245155338e-13	4,422376094e-13	2,729357322e-12	1,204114673e-11	7,867149857e-14	1,669940499e-13	1,980437515e-11	6,475059746e-13	4,999999912e-15	4,999999912e-15	4,999999912e-15	4,036216348e-14	7,081765729e-12	1,702537444e-13	6,910968244e-14	4,999999912e-15	4,999999912e-15	1,903213698e-10	6,599198965e-11	1	1	1	1	1	1	1	0	0	0	0	0	0	0	0	0	0	2,252263533e-08	69,38027117	1,137724671	0	29,99748519	0,07125650576	0,07400949489	0
193,301	1785149454,923	27/07/2026_12:50:54,923	1	2	2,57811007e-06	1,567838581e-06	8,043639539e-13	4,841869093e-12	2,453085478e-13	4,662545849e-13	2,675622527e-12	1,188483947e-11	3,619051266e-14	6,071593152e-14	1,974604334e-11	5,691992559e-13	3,665618427e-14	7,552432394e-14	7,291655344e-14	3,007467729e-14	6,930797949e-12	4,999999912e-15	4,999999912e-15	1,135464098e-14	7,304072169e-14	1,898605856e-10	6,571912459e-11	1	1	1	1	1	1	1	0	0	0	0	0	0	0	0	0	0	2,860025404e-08	69,49724204	1,10531926	0	29,99011691	0,05895504641	0,02545901403	0,03216286123
194,109	1785149455,731	27/07/2026_12:50:55,731	1	2	2,596528248e-06	1,57084537e-06	8,62891193e-13	4,998979529e-12	3,264053795e-13	4,24693348e-13	2,428746223e-12	1,159060434e-11	3,057915656e-14	1,660588171e-13	1,989961494e-11	6,891332665e-13	1,251106118e-14	4,999999912e-15	4,999999912e-15	4,999999912e-15	7,004429588e-12	1,494498291e-13	9,142704226e-14	2,384242909e-14	4,999999912e-15	1,90310212e-10	6,63304342e-11	1	1	1	1	1	1	1	0	0	0	0	0	0	0	0	0	0	2,417681959e-08	69,43463516	0,9806603356	0	30,17127867	0,0630351732	0,06915494973	0
194,917	1785149456,539	27/07/2026_12:50:56,539	1	2	2,578696467e-06	1,533369641e-06	7,85826211e-13	4,864062278e-12	1,837737861e-13	3,8963212e-13	2,395904655e-12	1,16027318e-11	9,417838146e-14	1,108494535e-13	1,971182939e-11	5,608133315e-13	4,999999912e-15	4,342007778e-14	8,002194014e-14	7,958731059e-14	6,984502386e-12	1,740450435e-14	4,999999912e-15	4,999999912e-15	6,325772154e-14	1,902297209e-10	6,555784388e-11	1	1	1	1	1	1	1	0	0	0	0	0	0	0	0	0	0	2,677511057e-08	69,62254531	0,9972083851	0	29,91671781	0,05759027615	0,05293832555	0,02953388053
195,725	1785149457,347	27/07/2026_12:50:57,347	1	2	2,568645641e-06	1,546355747e-06	7,89551638e-13	4,948613134e-12	3,217370218e-13	4,271342394e-13	2,183340748e-12	1,126224808e-11	4,999999912e-15	1,102285648e-13	1,978408583e-11	6,910153331e-13	4,785948927e-14	4,999999912e-15	4,999999912e-15	4,999999912e-15	6,959076978e-12	1,232363549e-13	8,992524607e-14	7,781775034e-14	2,634541992e-14	1,890231999e-10	6,602111913e-11	1	1	1	1	1	1	1	0	0	0	0	0	0	0	0	0	0	2,495205849e-08	69,4769292	0,8825631772	0	30,25239989	0,0581051735	0,04384568393	0,000630404205
196,533	1785149458,155	27/07/2026_12:50:58,155	1	2	2,5735892e-06	1,552887511e-06	8,289669407e-13	4,872727222e-12	1,561633039e-13	3,302627269e-13	2,159486565e-12	1,134942574e-11	1,242491895e-13	1,887293083e-13	1,973289934e-11	5,648995811e-13	4,999999912e-15	1,332598904e-14	6,734401177e-14	9,466346028e-14	7,011374988e-12	7,445327449e-14	4,999999912e-15	4,999999912e-15	2,326033788e-14	1,884030015e-10	6,543088293e-11	1	1	1	1	1	1	1	0	0	0	0	0	0	0	0	0	0	2,533979008e-08	69,49888009	0,9111591615	0	30,09378698	0,06122559327	0,08972967414	0,007673890858
197,341	1785149458,963	27/07/2026_12:50:58,963	1	2	2,592327519e-06	1,57084537e-06	6,97631731e-13	4,92842182e-12	2,714172203e-13	4,203392734e-13	2,088440532e-12	1,116011363e-11	4,999999912e-15	7,645566038e-14	1,974469546e-11	6,69474079e-13	8,536552541e-14	4,044365144e-14	4,999999912e-15	4,999999912e-15	6,933141995e-12	8,17332855e-14	8,244731395e-14	8,76628414e-14	5,950517585e-14	1,887780765e-10	6,52098861e-11	1	1	1	1	1	1	1	0	0	0	0	0	0	0	0	0	0	2,303820981e-08	69,69097472	0,8687922213	0	30,01599556	0,05156593779	0,02983920307	0,0254290499
198,149	1785149459,771	27/07/2026_12:50:59,771	1	2	2,572892072e-06	1,541619213e-06	8,041465172e-13	4,931324012e-12	1,866648383e-13	2,853253387e-13	1,970920389e-12	1,113243699e-11	1,28610989e-13	2,090481651e-13	1,987607648e-11	5,753772025e-13	4,999999912e-15	4,999999912e-15	2,964005113e-14	7,946700481e-14	7,045136176e-12	1,269035197e-13	4,999999912e-15	4,999999912e-15	4,999999912e-15	1,874562866e-10	6,545687603e-11	1	1	1	1	1	1	1	0	0	0	0	0	0	0	0	0	0	2,290868671e-08	69,43352339	0,8332875936	0	30,22795023	0,05962902545	0,09943865777	0
198,957	1785149460,579	27/07/2026_12:51:00,579	1	2	2,571947562e-06	1,549321382e-06	6,432877776e-13	4,861318379e-12	2,262314685e-13	4,14642577e-13	2,003579377e-12	1,085073784e-11	4,999999912e-15	4,871710674e-14	2,0156583e-11	6,068101208e-13	6,541922088e-14	6,066936504e-14	6,837622645e-15	4,999999912e-15	6,808653034e-12	4,800307152e-14	4,201141794e-14	5,629204107e-14	1,066157186e-13	1,962584262e-10	6,735759867e-11	1	1	1	1	1	1	1	0	0	0	0	0	0	0	0	0	0	3,329961193e-08	70,06450144	0,7009954184	0	29,96922698	0,04598999597	0,01801012954	0,03388667906
199,765	1785149461,387	27/07/2026_12:51:01,387	1	2	2,619143515e-06	1,584147185e-06	7,911427047e-13	5,227434371e-12	2,527942319e-13	4,171766285e-13	3,49204346e-12	1,523573281e-11	1,482352246e-13	2,243881892e-13	2,068510987e-11	6,855592483e-13	4,999999912e-15	4,999999912e-15	4,999999912e-15	3,150661698e-14	8,271085206e-12	1,687868866e-13	9,806281695e-15	4,999999912e-15	4,999999912e-15	8,177806349e-11	7,547994868e-11	1	1	1	1	1	1	1	0	0	0	0	0	0	0	0	0	0	3,936765449e-08	45,99291759	2,536064156	0	52,2186665	0,08786994674	0,1574071788	0,05083866668
200,573	1785149462,195	27/07/2026_12:51:02,195	1	2	3,174098538e-06	2,169991376e-06	3,594060596e-12	8,659880105e-12	1,050794694e-11	2,138914566e-11	1,272359995e-10	1,619078621e-10	1,71468395e-12	4,999999912e-15	5,165224151e-12	6,357361469e-13	2,887169399e-14	6,603235753e-14	3,182094752e-14	4,999999912e-15	7,33019808e-12	4,147589661e-14	4,999999912e-15	1,688838515e-14	7,630819533e-14	4,392444741e-11	6,910061412e-11	1	1	1	1	1	1	1	0	0	0	0	0	0	0	0	0	0	2,404149405e-08	15,65027213	54,15871058	0	30,64398842	0,2560856714	0	3,324063634e-05
201,381	1785149463,003	27/07/2026_12:51:03,003	1	2	3,142342393e-06	2,521795523e-06	4,790098439e-12	8,576699247e-12	1,084868393e-11	2,194097334e-11	1,313397446e-10	1,661729365e-10	1,825378173e-12	1,036160226e-13	4,380570125e-12	7,004218711e-13	4,999999912e-15	4,999999912e-15	4,999999912e-15	4,999999912e-15	7,362317353e-12	1,975266603e-13	5,062248025e-14	4,999999912e-15	4,999999912e-15	3,963753284e-11	6,924822521e-11	1	1	1	1	1	1	1	0	0	0	0	0	0	0	0	0	0	3,318381467e-08	14,08816446	55,66640251	0	30,63166669	0,3406932819	0,03866929723	0
202,189	1785149463,811	27/07/2026_12:51:03,811	1	2	3,123148645e-06	2,58540922e-06	4,913842337e-12	8,48792564e-12	1,097343744e-11	2,234199457e-11	1,333782806e-10	1,691270735e-10	1,854125794e-12	4,999999912e-15	3,91899577e-12	6,110438761e-13	4,999999912e-15	3,801827424e-14	9,20052405e-14	4,329589936e-14	7,327439003e-12	4,62141176e-14	4,999999912e-15	4,999999912e-15	7,201236948e-14	3,770644907e-11	6,918820378e-11	1	1	1	1	1	1	1	0	0	0	0	0	0	0	0	0	0	3,670210186e-08	13,35780245	56,48571724	0	30,5300427	0,3485611743	0	0
202,997	1785149464,619	27/07/2026_12:51:04,619	1	2	3,144628636e-06	2,576508223e-06	5,120550685e-12	8,623463922e-12	1,118543886e-11	2,254624959e-11	1,333340521e-10	1,702879227e-10	1,812894344e-12	5,550815273e-14	3,910547233e-12	7,262939165e-13	2,089316879e-14	4,999999912e-15	4,999999912e-15	4,999999912e-15	7,348220123e-12	1,564659589e-13	7,754999307e-14	5,119293322e-14	4,999999912e-15	3,65129281e-11	6,919019524e-11	1	1	1	1	1	1	1	0	0	0	0	0	0	0	0	0	0	2,614887971e-08	12,95193964	56,78173131	0	30,59418401	0,3635923451	0,01368089989	0
203,805	1785149465,427	27/07/2026_12:51:05,427	1	2	3,134269036e-06	2,605304871e-06	5,199734306e-12	8,564420874e-12	1,115394756e-11	2,274944469e-11	1,352839368e-10	1,707753799e-10	1,938303684e-12	7,406132863e-14	3,681952312e-12	5,736658978e-13	4,999999912e-15	2,721467393e-14	6,949773195e-14	9,405420643e-14	7,44371665e-12	7,011863421e-14	4,999999912e-15	4,999999912e-15	3,435498549e-14	3,583418978e-11	6,939306074e-11	1	1	1	1	1	1	1	0	0	0	0	0	0	0	0	0	0	3,957932007e-08	12,67668659	57,08874698	0	30,56443028	0,3683628467	0,0324632627	0
204,613	1785149466,235	27/07/2026_12:51:06,235	1	2	3,132750408e-06	2,58540922e-06	5,237422475e-12	8,677144073e-12	1,132902539e-11	2,282623222e-11	1,350213968e-10	1,712644332e-10	1,793588173e-12	6,024637034e-14	3,698250907e-12	7,289521092e-13	6,747982164e-14	4,999999912e-15	4,999999912e-15	4,999999912e-15	7,322937395e-12	1,488793897e-13	8,654134944e-14	6,878371028e-14	2,99776683e-14	3,515431349e-11	6,964230581e-11	1	1	1	1	1	1	1	0	0	0	0	0	0	0	0	0	0	3,208862224e-08	12,45250789	57,20218946	0	30,72910411	0,3714350046	0,01193236165	0
205,421	1785149467,043	27/07/2026_12:51:07,043	1	2	3,144957191e-06	2,583431296e-06	5,384552179e-12	8,654318581e-12	1,128533725e-11	2,293351446e-11	1,359064666e-10	1,721365411e-10	1,972755943e-12	1,214590359e-13	3,62316145e-12	6,080868231e-13	4,999999912e-15	1,444748523e-14	5,502308407e-14	1,047258593e-13	7,472984904e-12	1,123939402e-13	4,999999912e-15	4,999999912e-15	9,325086513e-15	3,467191811e-11	6,897737242e-11	1	1	1	1	1	1	1	0	0	0	0	0	0	0	0	0	0	3,282518034e-08	12,27857046	57,54408712	0	30,42701765	0,381799225	0,05382802777	0
206,229	1785149467,851	27/07/2026_12:51:07,851	1	2	3,140317858e-06	2,615313178e-06	5,324320845e-12	8,658133238e-12	1,139669002e-11	2,305568583e-11	1,366668168e-10	1,73224185e-10	1,808664438e-12	1,858809229e-14	3,580594805e-12	6,886287872e-13	8,070880932e-14	4,922934144e-14	6,263291108e-15	4,999999912e-15	7,317694194e-12	1,132748544e-13	4,289619807e-14	8,753867314e-14	8,340970601e-14	3,425588979e-11	6,928905366e-11	1	1	1	1	1	1	1	0	0	0	0	0	0	0	0	0	0	3,338027917e-08	12,10188144	57,75156957	0	30,49269706	0,3766138596	0	0
207,037	1785149468,659	27/07/2026_12:51:08,659	1	2	3,146426252e-06	2,61731816e-06	5,490523834e-12	8,728002696e-12	1,134717841e-11	2,304903143e-11	1,370216857e-10	1,729905108e-10	1,961020756e-12	1,376644567e-13	3,609222296e-12	6,347233394e-13	4,999999912e-15	4,999999912e-15	2,543735825e-14	7,836880288e-14	7,458611853e-12	1,788919897e-13	1,38576352e-14	4,999999912e-15	4,999999912e-15	3,417029507e-11	6,886226311e-11	1	1	1	1	1	1	1	0	0	0	0	0	0	0	0	0	0	3,256969455e-08	12,0861698	57,84297519	0	30,32690951	0,3887975768	0,05782969819	0
207,845	1785149469,467	27/07/2026_12:51:09,467	1	2	3,141391062e-06	2,599324944e-06	5,353095571e-12	8,644563364e-12	1,140853037e-11	2,315586611e-11	1,366630836e-10	1,737120031e-10	1,844563998e-12	4,999999912e-15	3,450901457e-12	6,58604627e-13	6,245057368e-14	7,502372746e-14	2,578661195e-14	4,999999912e-15	7,294361296e-12	7,412342631e-14	2,109884363e-14	4,655560741e-14	8,598255842e-14	3,353387706e-11	6,909522954e-11	1	1	1	1	1	1	1	0	0	0	0	0	0	0	0	0	0	3,131159043e-08	11,86917669	57,97590636	0	30,48102598	0,3794214721	0	0,02003334078
208,653	1785149470,275	27/07/2026_12:51:10,275	1	2	3,144529956e-06	2,622340617e-06	5,567472264e-12	8,763041508e-12	1,140574961e-11	2,308051666e-11	1,376898318e-10	1,734739019e-10	1,929653702e-12	1,361315981e-13	3,57548019e-12	6,811857935e-13	4,999999912e-15	4,999999912e-15	4,999999912e-15	3,216245087e-14	7,446849561e-12	2,056409784e-13	4,172425345e-14	4,999999912e-15	4,999999912e-15	3,36306677e-11	6,941800607e-11	1	1	1	1	1	1	1	0	0	0	0	0	0	0	0	0	0	3,497861594e-08	11,87255212	57,92922015	0	30,50205017	0,393467076	0,0532146167	0
209,461	1785149471,083	27/07/2026_12:51:11,083	1	2	3,16824071e-06	2,618321105e-06	5,425232746e-12	8,649641767e-12	1,13735011e-11	2,322935247e-11	1,376798814e-10	1,735427219e-10	1,899485994e-12	4,999999912e-15	3,410205495e-12	6,150059845e-13	2,648900556e-14	8,078642464e-14	7,858224163e-14	2,093197814e-14	7,302638529e-12	5,380845915e-14	4,999999912e-15	1,851048205e-14	9,124854193e-14	3,337538926e-11	6,925425511e-11	1	1	1	1	1	1	1	0	0	0	0	0	0	0	0	0	0	3,884475685e-08	11,80340688	58,07302268	0	30,49425536	0,3842458252	0	0
210,269	1785149471,891	27/07/2026_12:51:11,891	1	2	3,145354185e-06	2,598326091e-06	5,560440563e-12	8,792937732e-12	1,148596843e-11	2,319806673e-11	1,377719605e-10	1,743162281e-10	1,898469446e-12	9,173748322e-14	3,531722874e-12	7,124790124e-13	2,325257906e-14	4,999999912e-15	4,999999912e-15	4,999999912e-15	7,442844951e-12	2,115395397e-13	9,766705944e-14	8,040610177e-15	4,999999912e-15	3,322865941e-11	6,854971452e-11	1	1	1	1	1	1	1	0	0	0	0	0	0	0	0	0	0	2,790624097e-08	11,75805897	58,27788352	0	30,21301609	0,3938900406	0,0314624518	0
211,077	1785149472,699	27/07/2026_12:51:12,699	1	2	3,15764305e-06	2,605304871e-06	5,537420782e-12	8,63271607e-12	1,141498528e-11	2,322662722e-11	1,378942793e-10	1,748122064e-10	1,965526049e-12	4,877143882e-14	3,367930067e-12	5,874303865e-13	4,999999912e-15	4,464247507e-14	9,667361855e-14	7,205505994e-14	7,404798996e-12	6,090996983e-14	4,999999912e-15	4,999999912e-15	5,836428346e-14	3,334942739e-11	6,899399108e-11	1	1	1	1	1	1	1	0	0	0	0	0	0	0	0	0	0	3,437472507e-08	11,75656526	58,19552448	0	30,31017154	0,3909827427	0,02048835497	0
211,885	1785149473,507	27/07/2026_12:51:13,507	1	2	3,144059974e-06	2,616312486e-06	5,580142251e-12	8,725217597e-12	1,156744926e-11	2,322639997e-11	1,380842385e-10	1,742629235e-10	1,884440737e-12	6,676579997e-14	3,468255631e-12	7,260028624e-13	5,431681783e-14	4,999999912e-15	4,999999912e-15	4,999999912e-15	7,377700881e-12	1,602728367e-13	1,046715408e-13	6,93735637e-14	4,999999912e-15	3,286042966e-11	6,979629374e-11	1	1	1	1	1	1	1	0	0	0	0	0	0	0	0	0	0	3,678798847e-08	11,59427048	58,12578974	0	30,65732114	0,3941744709	0,01982950855	0
212,693	1785149474,315	27/07/2026_12:51:14,315	1	2	3,16148612e-06	2,603311714e-06	5,644754629e-12	8,664439825e-12	1,142750738e-11	2,323620289e-11	1,381558479e-10	1,73974099e-10	2,001223623e-12	9,064704011e-14	3,38442642e-12	5,851912379e-13	4,999999912e-15	2,560810823e-14	7,751508176e-14	8,502792518e-14	7,455118987e-12	9,840825393e-14	4,999999912e-15	4,999999912e-15	3,392812154e-14	3,30344016e-11	6,92861532e-11	1	1	1	1	1	1	1	0	0	0	0	0	0	0	0	0	0	3,946590744e-08	11,66622827	58,16067366	0	30,46076035	0,3992157819	0,04152428032	0
213,501	1785149475,123	27/07/2026_12:51:15,123	1	2	3,164283498e-06	2,634426437e-06	5,61910761e-12	8,779673169e-12	1,169666274e-11	2,371250245e-11	1,405166261e-10	1,79296536e-10	1,919106367e-12	3,631469447e-14	3,204393782e-12	6,596640009e-13	8,505509123e-14	2,501437202e-14	4,999999912e-15	4,999999912e-15	6,613877414e-12	1,20228873e-13	6,757685096e-14	6,332370202e-14	5,969145534e-14	3,10343036e-11	6,651879048e-11	1	1	1	1	1	1	1	0	0	0	0	0	0	0	0	0	0	1,554225631e-08	11,00170248	59,96665889	0	29,4281742	0,3988883027	0,00580837129	0,05363436063
214,309	1785149475,931	27/07/2026_12:51:15,931	1	2	3,150575594e-06	2,661826557e-06	5,679373638e-12	8,451460018e-12	1,105328155e-11	2,225318541e-11	1,32398037e-10	1,6547691e-10	1,875108142e-12	1,629233044e-13	3,528990685e-12	5,6613362e-13	4,999999912e-15	4,999999912e-15	5,016844687e-14	7,938163744e-14	6,671411253e-12	1,207333658e-13	4,999999912e-15	4,999999912e-15	8,288967013e-15	7,280201442e-11	5,927478647e-11	1	1	1	1	1	1	1	0	0	0	0	0	0	0	0	0	0	1,34500505e-08	23,84508376	51,90585735	0	24,30004298	0,3744135048	0,06184436282	0
215,117	1785149476,739	27/07/2026_12:51:16,739	1	2	2,741837307e-06	2,248736337e-06	3,726397229e-12	6,022596918e-12	4,847550746e-12	9,18272923e-12	4,974316792e-11	6,353566284e-11	4,95545445e-13	4,325321568e-14	1,392363221e-11	5,99079922e-13	9,174524205e-14	8,184193611e-14	1,546808708e-14	4,999999912e-15	6,629911897e-12	5,986220363e-14	4,974158631e-14	7,92031371e-14	9,913393077e-14	1,631282748e-10	6,360720978e-11	1	1	1	1	1	1	1	0	0	0	0	0	0	0	0	0	0	4,724401192e-08	54,82174961	19,14476633	0	26,58300347	0,251192178	0	0
215,925	1785149477,547	27/07/2026_12:51:17,547	1	2	2,563981752e-06	1,705775958e-06	2,145143872e-12	5,276465029e-12	1,389714407e-12	2,596737495e-12	1,502851663e-11	2,611534253e-11	2,440822609e-13	2,083496543e-13	1,826584196e-11	6,100077583e-13	4,999999912e-15	4,999999912e-15	4,999999912e-15	6,510876636e-14	7,064477475e-12	1,800988693e-13	3,390871432e-14	4,999999912e-15	4,999999912e-15	1,796728044e-10	6,62277802e-11	1	1	1	1	1	1	1	0	0	0	0	0	0	0	0	0	0	2,88750197e-08	64,54299728	6,26814935	0	29,64955136	0,154331254	0,08947582442	0
216,733	1785149478,355	27/07/2026_12:51:18,355	1	2	2,600814469e-06	1,646676651e-06	1,43198192e-12	5,032623623e-12	8,347567429e-13	1,626182804e-12	9,189884964e-12	1,93737075e-11	1,09984084e-13	4,087828437e-14	1,891933658e-11	6,189641356e-13	5,326517222e-14	9,374763471e-14	7,83804445e-14	6,915232886e-15	6,910277472e-12	2,600780783e-14	1,691167009e-14	5,487950182e-14	1,077488522e-13	1,840005093e-10	6,493918597e-11	1	1	1	1	1	1	1	0	0	0	0	0	0	0	0	0	0	2,700541532e-08	67,09106156	3,900463782	0	29,51784845	0,1045602791	0,01527290033	0,04137795105
217,541	1785149479,163	27/07/2026_12:51:19,163	1	2	2,599365871e-06	1,564837589e-06	1,362037761e-12	5,122359134e-12	6,763505229e-13	1,123349677e-12	6,533270019e-12	1,644844677e-11	1,240939724e-13	1,608510552e-13	1,929507075e-11	6,734323927e-13	4,999999912e-15	4,999999912e-15	4,999999912e-15	3,145617447e-14	7,028931256e-12	1,722445022e-13	1,009966037e-13	4,999999912e-15	4,999999912e-15	1,861000937e-10	6,569551153e-11	1	1	1	1	1	1	1	0	0	0	0	0	0	0	0	0	0	2,192743806e-08	67,85769038	2,776285669	0	29,86831406	0,09944668734	0,07063996204	0
218,349	1785149479,971	27/07/2026_12:51:19,971	1	2	2,592562169e-06	1,584756092e-06	1,140816066e-12	4,926889192e-12	4,529868776e-13	9,163309217e-13	5,281173068e-12	1,499539729e-11	1,152500675e-13	1,013109342e-13	1,938023179e-11	5,949238498e-13	1,972510696e-14	6,030070242e-14	8,932762028e-14	5,610965794e-14	6,955421048e-12	1,745883304e-14	4,999999912e-15	1,450957274e-14	8,963807479e-14	1,86515775e-10	6,585726409e-11	1	1	1	1	1	1	1	0	0	0	0	0	0	0	0	0	0	2,865899642e-08	68,25322011	2,238983238	0	30,04356918	0,08359161984	0,04691079357	0,03985107969
219,157	1785149480,779	27/07/2026_12:51:20,779	1	2	2,582607749e-06	1,571447456e-06	1,122996553e-12	5,03962887e-12	5,03326005e-13	7,780107938e-13	4,342097862e-12	1,378441632e-11	5,373471985e-14	1,376489119e-13	1,960154955e-11	7,059556932e-13	4,001290469e-14	4,999999912e-15	4,999999912e-15	4,999999912e-15	7,00062187e-12	1,496322326e-13	1,125336396e-13	6,15580178e-14	4,999999912e-15	1,870986144e-10	6,539665337e-11	1	1	1	1	1	1	1	0	0	0	0	0	0	0	0	0	0	2,198356614e-08	68,7409396	1,835388023	0	29,95609843	0,08260911601	0,05725308319	0
219,965	1785149481,587	27/07/2026_12:51:21,587	1	2	2,582715069e-06	1,563638875e-06	1,04137185e-12	4,888557007e-12	3,233358405e-13	6,362057691e-13	3,833093998e-12	1,328033256e-11	1,461940107e-13	1,590155145e-13	1,958578612e-11	5,393457491e-13	4,999999912e-15	5,541890934e-14	9,208285583e-14	9,394554904e-14	6,980900667e-12	4,061052032e-14	4,999999912e-15	4,999999912e-15	6,386309938e-14	1,877249328e-10	6,577827172e-11	1	1	1	1	1	1	1	0	0	0	0	0	0	0	0	0	0	2,80980461e-08	68,83136479	1,614210108	0	30,06689583	0,07645264456	0,07662837474	0,02646721241
220,773	1785149482,395	27/07/2026_12:51:22,395	1	2	2,583253945e-06	1,586578946e-06	9,646405853e-13	4,983999758e-12	4,067649538e-13	6,371797079e-13	3,360479213e-12	1,264269939e-11	1,147106058e-14	1,037052592e-13	1,96538185e-11	6,866031181e-13	7,141864004e-14	1,929435852e-14	4,999999912e-15	4,999999912e-15	6,949774957e-12	1,080825764e-13	9,613032484e-14	8,451955634e-14	5,089799974e-14	1,880300637e-10	6,575229944e-11	1	1	1	1	1	1	1	0	0	0	0	0	0	0	0	0	0	2,419540894e-08	69,06633571	1,399937628	0	30,11026909	0,07094455899	0,03998985108	0,01510317612
221,581	1785149483,203	27/07/2026_12:51:23,203	1	2	2,583055903e-06	1,576879754e-06	1,002193337e-12	4,933618184e-12	2,564652592e-13	4,725994444e-13	3,067326991e-12	1,242754684e-11	1,542346302e-13	1,916746926e-13	1,969140302e-11	5,654234676e-13	4,999999912e-15	1,617823612e-14	4,865113304e-14	9,254853421e-14	7,046638446e-12	8,009955546e-14	4,999999912e-15	4,999999912e-15	2,111436466e-14	1,894860102e-10	6,58006219e-11	1	1	1	1	1	1	1	0	0	0	0	0	0	0	0	0	0	2,540927364e-08	69,2302	1,286919915	0	29,97549996	0,0733177176	0,09195552529	0,003624207361
222,389	1785149484,011	27/07/2026_12:51:24,011	1	2	2,579906777e-06	1,545167834e-06	8,38288152e-13	4,926489772e-12	3,41291394e-13	5,654351228e-13	2,867533684e-12	1,206248643e-11	4,999999912e-15	6,843833768e-14	1,968792143e-11	6,707391803e-13	6,232250908e-14	6,763116949e-14	4,999999912e-15	4,999999912e-15	6,888011429e-12	7,141864682e-14	4,397500295e-14	7,992492437e-14	8,166344256e-14	1,875802291e-10	6,591793084e-11	1	1	1	1	1	1	1	0	0	0	0	0	0	0	0	0	0	2,633909083e-08	69,14668243	1,184159043	0	30,29040789	0,06186920016	0,02533021044	0,03356271455
223,197	1785149484,819	27/07/2026_12:51:24,819	1	2	2,602046607e-06	1,567237859e-06	9,727084589e-13	4,987349075e-12	2,550449814e-13	4,104554153e-13	2,616672287e-12	1,18773472e-11	1,253086041e-13	2,20678334e-13	1,971976922e-11	5,964760478e-13	4,999999912e-15	4,999999912e-15	1,714838869e-14	7,644401876e-14	7,109915521e-12	1,388441499e-13	1,028747857e-14	4,999999912e-15	4,999999912e-15	1,88772456e-10	6,585660489e-11	1	1	1	1	1	1	1	0	0	0	0	0	0	0	0	0	0	2,312745753e-08	69,2550255	1,091948368	0	30,12530335	0,07145165718	0,1021239456	0
224,005	1785149485,627	27/07/2026_12:51:25,627	1	2	2,576088264e-06	1,560046258e-06	7,491235822e-13	4,883302963e-12	2,760623219e-13	4,926311095e-13	2,558851134e-12	1,17149658e-11	6,313737849e-15	5,343980331e-14	1,966517574e-11	6,18983597e-13	5,635801477e-14	7,864820177e-14	2,562363265e-14	4,999999912e-15	6,893610682e-12	3,676872446e-14	4,716874406e-14	6,520579568e-14	9,721302268e-14	1,89116639e-10	6,607094732e-11	1	1	1	1	1	1	1	0	0	0	0	0	0	0	0	0	0	2,815021639e-08	69,37252698	1,041570681	0	30,21372625	0,05502342545	0,01952382971	0,0432877605
224,813	1785149486,435	27/07/2026_12:51:26,435	1	2	2,571276809e-06	1,57084537e-06	8,970560839e-13	4,988051638e-12	2,595192941e-13	3,507600569e-13	2,308664761e-12	1,156278805e-11	8,160134488e-14	2,024588993e-13	1,978530707e-11	6,438853899e-13	4,999999912e-15	4,999999912e-15	4,999999912e-15	4,931471559e-14	7,029637289e-12	1,830869034e-13	5,819353517e-14	4,999999912e-15	4,999999912e-15	1,896003216e-10	6,549213949e-11	1	1	1	1	1	1	1	0	0	0	0	0	0	0	0	0	0	2,090473224e-08	69,55722661	0,9790233948	0	29,96228548	0,06589374845	0,09023705608	0
225,621	1785149487,243	27/07/2026_12:51:27,243	1	2	2,570277502e-06	1,573258373e-06	6,858502481e-13	4,839183741e-12	2,171663999e-13	4,174055849e-13	2,322208181e-12	1,144723118e-11	4,992785224e-14	5,765802061e-14	1,973424896e-11	5,811981213e-13	2,630273454e-14	8,659179873e-14	8,423238506e-14	4,999999912e-15	6,88746022e-12	6,992843126e-15	4,999999912e-15	2,487466748e-14	8,056910987e-14	1,883895262e-10	6,602820374e-11	1	1	1	1	1	1	1	0	0	0	0	0	0	0	0	0	0	2,935270699e-08	69,38110634	0,9448905925	0	30,31189275	0,05057302995	0,02635732923	0,03481290395
226,429	1785149488,051	27/07/2026_12:51:28,051	1	2	2,577600753e-06	1,563638875e-06	7,90176518e-13	4,985731012e-12	2,946698332e-13	3,744240161e-13	2,099197335e-12	1,118096154e-11	3,901559116e-14	1,53788359e-13	1,982187331e-11	6,904915008e-13	1,011285172e-14	4,999999912e-15	4,999999912e-15	4,999999912e-15	6,968192516e-12	1,607113422e-13	9,706944043e-14	2,262391798e-14	4,999999912e-15	1,89548488e-10	6,60175456e-11	1	1	1	1	1	1	1	0	0	0	0	0	0	0	0	0	0	2,320320752e-08	69,54773772	0,847631283	0	30,20006852	0,05804960159	0,06576450269	0
227,237	1785149488,859	27/07/2026_12:51:28,859	1	2	2,593534873e-06	1,546946805e-06	7,041396004e-13	4,85599885e-12	1,890125968e-13	3,551645469e-13	2,124006049e-12	1,129129776e-11	1,049121388e-13	1,114005196e-13	1,973931262e-11	5,636616933e-13	4,999999912e-15	5,390547492e-14	9,106614524e-14	9,190434871e-14	6,981607133e-12	1,910421149e-14	4,999999912e-15	4,999999912e-15	6,383981614e-14	1,892793561e-10	6,630104799e-11	1	1	1	1	1	1	1	0	0	0	0	0	0	0	0	0	0	2,920320916e-08	69,41454706	0,862590087	0	30,31121392	0,05170471212	0,05487659862	0,02662034564
228,045	1785149489,667	27/07/2026_12:51:29,667	1	2	2,571173127e-06	1,545167834e-06	7,285058516e-13	4,954965258e-12	2,969205285e-13	3,98561338e-13	1,963019157e-12	1,10594511e-11	4,999999912e-15	1,375053364e-13	1,985244955e-11	7,028317815e-13	6,951713917e-14	4,999999912e-15	4,999999912e-15	4,999999912e-15	6,93224254e-12	1,39088624e-13	1,067088583e-13	6,855475389e-14	4,999999912e-15	1,89293789e-10	6,517219403e-11	1	1	1	1	1	1	1	0	0	0	0	0	0	0	0	0	0	2,126302501e-08	69,7882584	0,8261785261	0	29,9605838	0,05377485073	0,05568146283	0
228,853	1785149490,475	27/07/2026_12:51:30,475	1	2	2,56623116e-06	1,546355747e-06	7,354056058e-13	4,861947216e-12	1,501172911e-13	2,967420689e-13	1,947861577e-12	1,102724943e-11	1,234808425e-13	1,759465918e-13	2,000886262e-11	5,420893769e-13	4,999999912e-15	1,140897137e-14	8,082521875e-14	1,064061762e-13	6,77028919e-12	5,487174639e-14	4,999999912e-15	4,999999912e-15	2,612422235e-14	1,961312501e-10	6,680449943e-11	1	1	1	1	1	1	1	0	0	0	0	0	0	0	0	0	0	2,997622743e-08	70,1513206	0,7422924343	0	29,79077909	0,05267835595	0,08219978057	0
229,661	1785149491,283	27/07/2026_12:51:31,283	1	2	2,60980687e-06	1,557656901e-06	6,524499907e-13	5,070036838e-12	2,804085902e-13	4,42214299e-13	2,210419348e-12	1,209714447e-11	4,999999912e-15	7,824462107e-14	2,121887735e-11	7,150673283e-13	8,079030066e-14	2,447496449e-14	4,999999912e-15	4,999999912e-15	7,985922687e-12	8,606791901e-14	6,390190704e-14	6,169772402e-14	6,259802518e-14	1,08562867e-10	7,613920605e-11	1	1	1	1	1	1	1	0	0	0	0	0	0	0	0	0	0	5,320954363e-08	53,59029035	1,024915625	0	46,41564265	0,06394273424	0,04099973467	0,00152096989
230,469	1785149492,091	27/07/2026_12:51:32,091	1	2	3,113340199e-06	2,022226681e-06	3,29363186e-12	8,739594118e-12	1,022266993e-11	2,097152313e-11	1,253817883e-10	1,616381057e-10	1,812700164e-12	1,472068452e-13	5,608474622e-12	6,048387702e-13	4,999999912e-15	4,999999912e-15	2,125794522e-14	7,785268876e-14	7,540147326e-12	1,355650347e-13	4,999999912e-15	4,999999912e-15	1,641494964e-14	4,508297208e-11	6,896029581e-11	1	1	1	1	1	1	1	0	0	0	0	0	0	0	0	0	0	9,94283148e-09	16,03997307	53,65543486	0	30,57049882	0,234193289	0,06189557298	0,04088179531
231,277	1785149492,899	27/07/2026_12:51:32,899	1	2	3,145522214e-06	2,537306955e-06	4,579699033e-12	8,474087751e-12	1,080963704e-11	2,192491501e-11	1,301465324e-10	1,650578424e-10	1,728789854e-12	4,999999912e-15	4,295110708e-12	6,683138201e-13	5,952459662e-14	4,328814054e-14	4,999999912e-15	4,999999912e-15	7,277230901e-12	5,800337966e-14	2,934900722e-14	4,549232356e-14	7,243923343e-14	3,995206249e-11	6,912478923e-11	1	1	1	1	1	1	1	0	0	0	0	0	0	0	0	0	0	3,47391431e-08	14,25588487	55,46402482	0	30,7110516	0,3271036113	0	0
232,085	1785149493,707	27/07/2026_12:51:33,707	1	2	3,126913043e-06	2,552913656e-06	4,975113637e-12	8,602485044e-12	1,100364938e-11	2,221789593e-11	1,328193389e-10	1,685485501e-10	1,890327738e-12	1,276641282e-13	4,084887376e-12	6,516698531e-13	4,999999912e-15	4,999999912e-15	4,999999912e-15	5,49881626e-14	7,41092257e-12	1,858421457e-13	2,9686621e-14	4,999999912e-15	4,999999912e-15	3,800737849e-11	6,878297931e-11	1	1	1	1	1	1	1	0	0	0	0	0	0	0	0	0	0	2,969705089e-08	13,49307638	56,38186559	0	30,4144284	0,3535417675	0,05243295195	0
232,893	1785149494,515	27/07/2026_12:51:34,515	1	2	3,12547013e-06	2,570588549e-06	4,949672183e-12	8,529173028e-12	1,108511026e-11	2,259561808e-11	1,339667821e-10	1,69832079e-10	1,834493711e-12	4,999999912e-15	3,804335319e-12	6,410215241e-13	4,387411116e-14	7,910999059e-14	5,374637164e-14	4,999999912e-15	7,290809449e-12	5,418099441e-14	4,999999912e-15	3,05558767e-14	7,64090939e-14	3,642004059e-11	6,865449181e-11	1	1	1	1	1	1	1	0	0	0	0	0	0	0	0	0	0	3,412732688e-08	12,95458404	56,98331907	0	30,41895855	0,3525142456	0	0
233,701	1785149495,323	27/07/2026_12:51:35,323	1	2	3,1274094e-06	2,604306701e-06	5,180320149e-12	8,682581563e-12	1,123803654e-11	2,263223636e-11	1,348695045e-10	1,705903196e-10	1,861378456e-12	1,247614344e-13	3,821627043e-12	7,101428278e-13	4,999999912e-15	4,999999912e-15	4,999999912e-15	1,638390927e-14	7,458793999e-12	2,086756332e-13	7,71076047e-14	4,999999912e-15	4,999999912e-15	3,575606478e-11	6,885984838e-11	1	1	1	1	1	1	1	0	0	0	0	0	0	0	0	0	0	3,105794299e-08	12,69099568	57,15907119	0	30,43307172	0,3680623666	0,04558839753	0
234,509	1785149496,131	27/07/2026_12:51:36,131	1	2	3,141845127e-06	2,609304374e-06	5,158949223e-12	8,59027259e-12	1,120670137e-11	2,285129204e-11	1,349572953e-10	1,712947284e-10	1,914531251e-12	1,748988188e-14	3,622261128e-12	6,026229862e-13	8,952551259e-15	5,291203741e-14	8,358434387e-14	5,514726588e-14	7,336092671e-12	6,427444568e-14	4,999999912e-15	1,804868985e-14	7,933120171e-14	3,509067342e-11	6,923733115e-11	1	1	1	1	1	1	1	0	0	0	0	0	0	0	0	0	0	3,380731682e-08	12,44617969	57,29091762	0	30,59714908	0,3664146209	0,006973170784	0,002380006405
235,317	1785149496,939	27/07/2026_12:51:36,939	1	2	3,132195616e-06	2,591363e-06	5,276912154e-12	8,733800141e-12	1,138029601e-11	2,292441063e-11	1,352493395e-10	1,715839693e-10	1,8611421e-12	8,651031416e-14	3,694339105e-12	7,286727645e-13	3,65591719e-14	4,999999912e-15	4,999999912e-15	4,999999912e-15	7,393113031e-12	1,982406752e-13	1,004494407e-13	4,798367107e-14	4,999999912e-15	3,44779344e-11	6,913308814e-11	1	1	1	1	1	1	1	0	0	0	0	0	0	0	0	0	0	2,835073562e-08	12,24789341	57,47876051	0	30,590989	0,3752389285	0,02913462996	0
236,125	1785149497,747	27/07/2026_12:51:37,747	1	2	3,139090722e-06	2,609304374e-06	5,3117441e-12	8,612913334e-12	1,12640175e-11	2,293426907e-11	1,359418411e-10	1,721262299e-10	1,961230223e-12	7,812820486e-14	3,534722428e-12	5,960802598e-13	4,999999912e-15	4,258187092e-14	8,548583797e-14	1,01287651e-13	7,379206621e-12	7,905955486e-14	4,999999912e-15	4,999999912e-15	5,549652467e-14	3,432618773e-11	6,930794827e-11	1	1	1	1	1	1	1	0	0	0	0	0	0	0	0	0	0	3,564895983e-08	12,16012984	57,56480545	0	30,58306807	0,3768141129	0,0351384478	0
236,933	1785149498,555	27/07/2026_12:51:38,555	1	2	3,142995183e-06	2,628373522e-06	5,334728752e-12	8,713882046e-12	1,140241113e-11	2,305122586e-11	1,36610917e-10	1,735483701e-10	1,839577319e-12	3,573260326e-14	3,581984319e-12	7,346449837e-13	8,42867307e-14	2,809557464e-14	4,999999912e-15	4,999999912e-15	7,331454888e-12	1,507537178e-13	9,555599584e-14	9,530764578e-14	4,886457179e-14	3,422013367e-11	6,894055465e-11	1	1	1	1	1	1	1	0	0	0	0	0	0	0	0	0	0	2,82661829e-08	12,09588502	57,84888599	0	30,36858716	0,3775518894	0,004069501957	0
237,741	1785149499,363	27/07/2026_12:51:39,363	1	2	3,144622497e-06	2,662852694e-06	5,452521247e-12	8,679475541e-12	1,135752777e-11	2,310095344e-11	1,371032871e-10	1,737198302e-10	1,976741036e-12	1,422707167e-13	3,521159492e-12	5,922656029e-13	4,999999912e-15	7,349862431e-15	6,090220423e-14	1,220294753e-13	7,445087082e-12	1,38948911e-13	4,999999912e-15	4,999999912e-15	2,948483065e-14	3,384758793e-11	6,932909108e-11	1	1	1	1	1	1	1	0	0	0	0	0	0	0	0	0	0	3,333518197e-08	11,9399957	57,84622963	0	30,46594162	0,3851308849	0,06063103893	0
238,549	1785149500,171	27/07/2026_12:51:40,171	1	2	3,144257334e-06	2,613306606e-06	5,352211296e-12	8,682514777e-12	1,144787997e-11	2,323315151e-11	1,371817798e-10	1,739088318e-10	1,81715103e-12	4,999999912e-15	3,474014479e-12	6,818726898e-13	8,214851461e-14	6,454608576e-14	4,999999912e-15	4,999999912e-15	7,298271362e-12	1,078536335e-13	7,361117466e-14	7,724342813e-14	8,152761235e-14	3,356991074e-11	6,957504017e-11	1	1	1	1	1	1	1	0	0	0	0	0	0	0	0	0	0	3,376178356e-08	11,84878894	57,93105837	0	30,59376972	0,3782802274	0	0
239,357	1785149500,979	27/07/2026_12:51:40,979	1	2	3,146925792e-06	2,597327921e-06	5,527176807e-12	8,763118703e-12	1,138738583e-11	2,311053432e-11	1,376627423e-10	1,742355288e-10	1,968071973e-12	1,713054069e-13	3,568324239e-12	6,347426924e-13	4,999999912e-15	4,999999912e-15	8,133743143e-15	8,956434905e-14	7,447500949e-12	1,919812779e-13	3,082752017e-14	4,999999912e-15	4,999999912e-15	3,338116589e-11	6,900383737e-11	1	1	1	1	1	1	1	0	0	0	0	0	0	0	0	0	0	3,01385823e-08	11,7873147	58,10101665	0	30,34615332	0,3906923668	0,07078972931	0
240,165	1785149501,787	27/07/2026_12:51:41,787	1	2	3,148818678e-06	2,610307092e-06	5,383694358e-12	8,643961415e-12	1,144765099e-11	2,329558768e-11	1,373639397e-10	1,736591426e-10	1,885857139e-12	4,999999912e-15	3,397119825e-12	6,522287051e-13	5,262875232e-14	8,193507586e-14	4,412246799e-14	4,999999912e-15	7,316437386e-12	7,876849401e-14	4,999999912e-15	4,657500785e-14	9,956854677e-14	3,299372928e-11	6,898081412e-11	1	1	1	1	1	1	1	0	0	0	0	0	0	0	0	0	0	3,566726812e-08	11,69542114	58,18148638	0	30,4542634	0,3821577889	0	0
240,973	1785149502,595	27/07/2026_12:51:42,595	1	2	3,157829042e-06	2,609304374e-06	5,569994552e-12	8,821584088e-12	1,151627665e-11	2,316464034e-11	1,376005559e-10	1,747170325e-10	1,940946319e-12	1,131196103e-13	3,520864589e-12	6,911434858e-13	4,999999912e-15	4,999999912e-15	4,999999912e-15	2,901915226e-14	7,461648487e-12	2,213729552e-13	6,96568454e-14	4,999999912e-15	4,999999912e-15	3,305018412e-11	6,945140296e-11	1	1	1	1	1	1	1	0	0	0	0	0	0	0	0	0	0	2,702079666e-08	11,65301456	58,09366329	0	30,51080573	0,3931444957	0,04420270722	0
241,781	1785149503,403	27/07/2026_12:51:43,403	1	2	3,165871021e-06	2,601314691e-06	5,460755546e-12	8,639963744e-12	1,143952554e-11	2,328266399e-11	1,380079939e-10	1,747572781e-10	1,924640135e-12	4,999999912e-15	3,36852009e-12	6,167523089e-13	2,392004272e-14	6,505444783e-14	8,405388473e-14	4,167768696e-14	7,311369392e-12	5,012188039e-14	4,999999912e-15	1,069493954e-14	8,281209377e-14	3,312415967e-11	6,917404149e-11	1	1	1	1	1	1	1	0	0	0	0	0	0	0	0	0	0	3,560891136e-08	11,68598027	58,24106374	0	30,40498468	0,3858356833	0	0
242,589	1785149504,211	27/07/2026_12:51:44,211	1	2	3,159441121e-06	2,599324944e-06	5,580744634e-12	8,80692394e-12	1,153039383e-11	2,323951274e-11	1,37807793e-10	1,749237838e-10	1,913293092e-12	9,190822474e-14	3,486071024e-12	7,401554413e-13	2,966333098e-14	4,999999912e-15	4,999999912e-15	4,999999912e-15	7,403666222e-12	1,94107832e-13	1,08361982e-13	3,109139465e-14	4,999999912e-15	3,299964468e-11	6,966285881e-11	1	1	1	1	1	1	1	0	0	0	0	0	0	0	0	0	0	2,86999733e-08	11,62301957	58,11214661	0	30,57157855	0,3935238413	0,03255100249	0
243,397	1785149505,019	27/07/2026_12:51:45,019	1	2	3,168517196e-06	2,658771564e-06	5,575513141e-12	8,700408449e-12	1,147831656e-11	2,347922377e-11	1,393352239e-10	1,7654532e-10	2,011131062e-12	7,668073397e-14	3,313213636e-12	5,583103424e-13	5,557019366e-15	5,265203895e-14	1,093709406e-13	7,807775558e-14	6,602367524e-12	6,370399949e-14	4,999999912e-15	4,999999912e-15	6,954042919e-14	3,053273606e-11	6,433896471e-11	1	1	1	1	1	1	1	0	0	0	0	0	0	0	0	0	0	1,616222796e-08	11,02380495	60,3165737	0	28,95454394	0,4029055121	0,03465090926	0,02143751908
244,205	1785149505,827	27/07/2026_12:51:45,827	1	2	3,158626896e-06	2,678205192e-06	5,640897038e-12	8,544645026e-12	1,137390009e-11	2,269030103e-11	1,340300371e-10	1,684942741e-10	1,798105176e-12	6,25436931e-14	3,376548607e-12	6,914189273e-13	6,940460576e-14	4,999999912e-15	4,999999912e-15	4,999999912e-15	6,718231006e-12	1,549952251e-13	1,004183919e-13	6,642429662e-14	1,253046586e-14	5,728818114e-11	5,983170903e-11	1	1	1	1	1	1	1	0	0	0	0	0	0	0	0	0	0	9,019370261e-09	19,56565051	54,94060379	0	25,57354008	0,3873880202	0,01444757942	0
245,013	1785149506,635	27/07/2026_12:51:46,635	1	2	2,813936817e-06	2,368159358e-06	4,140565928e-12	6,383369094e-12	5,84416673e-12	1,112267483e-11	6,104796529e-11	7,643132655e-11	8,125597634e-13	1,68006898e-13	1,260219186e-11	5,197758998e-13	4,999999912e-15	3,705976498e-14	9,008434596e-14	1,014157156e-13	6,672024044e-12	8,760075727e-14	4,999999912e-15	4,999999912e-15	5,1868154e-14	1,57718158e-10	6,280863329e-11	1	1	1	1	1	1	1	0	0	0	0	0	0	0	0	0	0	4,58024101e-08	51,75464506	23,05241877	0	25,63110963	0,2726731402	0,06141293269	0
245,821	1785149507,443	27/07/2026_12:51:47,443	1	2	2,561585006e-06	1,745459599e-06	2,125212766e-12	5,220787344e-12	1,592468128e-12	2,998379973e-12	1,659837719e-11	2,762739169e-11	1,326623544e-13	8,954105225e-14	1,804404196e-11	6,589655037e-13	9,919600812e-14	6,038995936e-14	4,999999912e-15	4,999999912e-15	6,891914556e-12	1,080748243e-13	7,122460851e-14	1,061190049e-13	8,910642948e-14	1,782710785e-10	6,614933601e-11	1	1	1	1	1	1	1	0	0	0	0	0	0	0	0	0	0	3,401588577e-08	64,06851056	6,875419151	0	29,61650141	0,1529730374	0,02704293225	0
246,629	1785149508,251	27/07/2026_12:51:48,251	1	2	2,608083605e-06	1,634101636e-06	1,625732643e-12	5,135894314e-12	8,464452555e-13	1,621401906e-12	9,571269992e-12	1,98929935e-11	2,036929111e-13	2,165454773e-13	1,896501879e-11	5,93398811e-13	4,999999912e-15	7,054931912e-15	5,970697298e-14	9,205569656e-14	7,064896845e-12	1,408271286e-13	1,168061314e-14	4,999999912e-15	1,764122126e-14	1,822605122e-10	6,644358674e-11	1	1	1	1	1	1	1	0	0	0	0	0	0	0	0	0	0	2,796589479e-08	66,32418981	4,029090479	0	30,13472527	0,1184573545	0,09772778252	0
247,437	1785149509,059	27/07/2026_12:51:49,059	1	2	2,611105856e-06	1,601856184e-06	1,228502434e-12	5,027009191e-12	6,720702554e-13	1,254455849e-12	6,89828316e-12	1,673859489e-11	4,772754864e-14	6,213235357e-14	1,922651448e-11	6,506493478e-13	7,585417212e-14	8,867569629e-14	2,081167914e-14	4,999999912e-15	6,904957509e-12	6,250489899e-14	4,307082577e-14	7,883447448e-14	1,077993014e-13	1,852634157e-10	6,64434549e-11	1	1	1	1	1	1	1	0	0	0	0	0	0	0	0	0	0	2,927175801e-08	67,53668827	2,881442358	0	30,18925643	0,08967488325	0,02106413636	0,03863036073
248,245	1785149509,867	27/07/2026_12:51:49,867	1	2	2,587986273e-06	1,599401003e-06	1,253543818e-12	5,063645683e-12	5,245334874e-13	8,63356912e-13	5,306230282e-12	1,500492959e-11	1,361936822e-13	2,071311465e-13	1,947957767e-11	6,431869468e-13	4,999999912e-15	4,999999912e-15	7,854339161e-15	5,286935034e-14	7,046340074e-12	1,698152388e-13	4,529440923e-14	4,999999912e-15	4,999999912e-15	1,852756698e-10	6,612327352e-11	1	1	1	1	1	1	1	0	0	0	0	0	0	0	0	0	0	2,406025586e-08	68,00572309	2,24663789	0	30,25622584	0,09212046693	0,09368301372	0
249,053	1785149510,675	27/07/2026_12:51:50,675	1	2	2,601339929e-06	1,604928229e-06	1,031670409e-12	4,935356811e-12	4,368202306e-13	7,993307622e-13	4,542918992e-12	1,405828492e-11	7,536521727e-14	6,372340671e-14	1,946415425e-11	6,206677425e-13	4,428933349e-14	7,499267185e-14	9,200524728e-14	1,634898271e-14	6,88247289e-12	1,420688721e-14	4,999999912e-15	5,720399062e-14	9,188107225e-14	1,875070099e-10	6,486546023e-11	1	1	1	1	1	1	1	0	0	0	0	0	0	0	0	0	0	2,449309493e-08	68,88137662	1,941534001	0	29,71126725	0,07588727336	0,02811878369	0,04444191705
249,861	1785149511,483	27/07/2026_12:51:51,483	1	2	2,58641262e-06	1,595115009e-06	1,080080903e-12	5,054983775e-12	4,334790719e-13	6,476573292e-13	3,771155697e-12	1,321324213e-11	7,363834748e-14	1,9132932e-13	1,971278869e-11	6,97887928e-13	1,552241239e-14	4,999999912e-15	4,999999912e-15	2,834392809e-14	6,999368966e-12	1,759000389e-13	1,056766165e-13	9,375535796e-15	4,999999912e-15	1,876011013e-10	6,585614692e-11	1	1	1	1	1	1	1	0	0	0	0	0	0	0	0	0	0	2,17048775e-08	68,82020786	1,591385817	0	30,12117096	0,07932843104	0,08261730877	0
250,669	1785149512,291	27/07/2026_12:51:52,291	1	2	2,576299039e-06	1,552887511e-06	9,373366883e-13	4,838492888e-12	3,078405586e-13	5,944155216e-13	3,447979098e-12	1,282996192e-11	1,122581235e-13	1,105196189e-13	1,958196452e-11	5,692070621e-13	2,762989795e-14	6,311414607e-14	9,505928217e-14	7,217923497e-14	6,938955053e-12	4,999999912e-15	4,999999912e-15	1,294569242e-14	8,177209317e-14	1,883625894e-10	6,544888242e-11	1	1	1	1	1	1	1	0	0	0	0	0	0	0	0	0	0	2,850205603e-08	69,12730941	1,458725574	0	29,94509655	0,06887919038	0,05328695736	0,03936196686
251,477	1785149513,099	27/07/2026_12:51:53,099	1	2	2,578054136e-06	1,555269478e-06	9,424592183e-13	4,995082473e-12	3,958837381e-13	5,625013801e-13	3,067648783e-12	1,233861537e-11	1,505674247e-14	1,43116679e-13	1,971424586e-11	6,991607814e-13	4,752964108e-14	4,999999912e-15	4,999999912e-15	4,999999912e-15	6,99258533e-12	1,327476947e-13	1,150832088e-13	6,38902722e-14	1,080359777e-14	1,88081814e-10	6,6008983e-11	1	1	1	1	1	1	1	0	0	0	0	0	0	0	0	0	0	2,406093048e-08	69,08039111	1,274268225	0	30,22543314	0,06930636432	0,05735064091	0
252,285	1785149513,907	27/07/2026_12:51:53,907	1	2	2,58570708e-06	1,561842282e-06	9,037423587e-13	4,879018196e-12	2,330496907e-13	4,734919596e-13	2,882462498e-12	1,220854928e-11	1,380835415e-13	1,653719615e-13	1,963805854e-11	5,502037628e-13	4,999999912e-15	3,423856928e-14	8,3072099e-14	9,269599248e-14	7,025193795e-12	5,615622442e-14	4,999999912e-15	4,999999912e-15	5,416935279e-14	1,879447847e-10	6,649050754e-11	1	1	1	1	1	1	1	0	0	0	0	0	0	0	0	0	0	2,955952135e-08	68,94900345	1,191699284	0	30,40683332	0,0663832136	0,07992599019	0,02000772489
253,093	1785149514,715	27/07/2026_12:51:54,715	1	2	2,572043513e-06	1,570247036e-06	8,249854792e-13	4,954025905e-12	3,41182757e-13	5,186349939e-13	2,687939715e-12	1,184947366e-11	4,999999912e-15	9,220314806e-14	1,97075585e-11	6,701648242e-13	8,034403627e-14	3,768842606e-14	4,999999912e-15	4,999999912e-15	6,961789218e-12	8,698762061e-14	8,422464657e-14	9,322764457e-14	5,634637315e-14	1,898241841e-10	6,589752355e-11	1	1	1	1	1	1	1	0	0	0	0	0	0	0	0	0	0	2,516797704e-08	69,43768452	1,097935743	0	30,05346125	0,06042727978	0,03534629875	0,01838737034
253,901	1785149515,523	27/07/2026_12:51:55,523	1	2	2,580766022e-06	1,576275622e-06	9,064433232e-13	4,953106068e-12	2,096729366e-13	3,825305957e-13	2,48938847e-12	1,171420599e-11	1,298877049e-13	1,926914032e-13	1,977900482e-11	5,66316037e-13	4,999999912e-15	6,639708314e-15	5,333114253e-14	7,593178067e-14	7,074306852e-12	1,154208023e-13	4,999999912e-15	4,999999912e-15	1,527017445e-14	1,884942064e-10	6,584233159e-11	1	1	1	1	1	1	1	0	0	0	0	0	0	0	0	0	0	2,424843841e-08	69,2877386	1,035313991	0	30,17502472	0,06671092555	0,09123987458	0
254,709	1785149516,331	27/07/2026_12:51:56,331	1	2	2,588358029e-06	1,561242243e-06	7,304811053e-13	4,899120172e-12	2,778784689e-13	4,684937334e-13	2,432281373e-12	1,154977676e-11	4,999999912e-15	4,799143328e-14	1,971119969e-11	6,402648051e-13	6,60595168e-14	6,826371337e-14	2,647735885e-14	4,999999912e-15	6,896870228e-12	6,103025529e-14	4,656336962e-14	7,229953398e-14	8,142672734e-14	1,902826091e-10	6,559401633e-11	1	1	1	1	1	1	1	0	0	0	0	0	0	0	0	0	0	2,580536325e-08	69,66961134	0,9955380465	0	29,94364988	0,05355570062	0,01721852293	0,0356443725
255,517	1785149517,139	27/07/2026_12:51:57,139	1	2	2,576308816e-06	1,560046258e-06	8,554248889e-13	4,950503115e-12	2,327586637e-13	3,254274834e-13	2,212658659e-12	1,141802711e-11	1,050401899e-13	2,077365244e-13	1,97700363e-11	6,22650694e-13	4,999999912e-15	4,999999912e-15	9,856732672e-15	5,698279305e-14	7,039448451e-12	1,595238969e-13	2,50687024e-14	4,999999912e-15	4,999999912e-15	1,894944202e-10	6,559939397e-11	1	1	1	1	1	1	1	0	0	0	0	0	0	0	0	0	0	2,275843835e-08	69,55085978	0,927431992	0	30,02292689	0,06286519869	0,09515587169	0
256,325	1785149517,947	27/07/2026_12:51:57,947	1	2	2,574342489e-06	1,533369641e-06	6,766221698e-13	4,833308233e-12	2,263168494e-13	4,120891454e-13	2,231052582e-12	1,12994657e-11	8,630459357e-15	4,042037836e-14	1,973127564e-11	5,953467428e-13	2,989617356e-14	6,826759617e-14	6,677743482e-14	4,999999912e-15	6,867287988e-12	1,701256527e-14	4,999999912e-15	3,6508726e-14	9,881569711e-14	1,880513106e-10	6,539968567e-11	1	1	1	1	1	1	1	0	0	0	0	0	0	0	0	0	0	2,74796259e-08	69,54435869	0,9182498183	0	30,14998888	0,05009910497	0,01487307467	0,04764726425
257,133	1785149518,755	27/07/2026_12:51:58,755	1	2	2,577896794e-06	1,543394092e-06	7,797881264e-13	4,976894764e-12	2,657787185e-13	3,38516758e-13	2,029575509e-12	1,118403026e-11	4,4242767e-14	1,747552434e-13	1,986983321e-11	6,666606286e-13	4,999999912e-15	4,999999912e-15	4,999999912e-15	1,248389938e-14	7,003315029e-12	1,566871497e-13	7,947865321e-14	4,999999912e-15	4,999999912e-15	1,898579904e-10	6,624397558e-11	1	1	1	1	1	1	1	0	0	0	0	0	0	0	0	0	0	2,387226961e-08	69,51498206	0,8257998105	0	30,24042132	0,05716566503	0,07502669311	0
257,941	1785149519,563	27/07/2026_12:51:59,563	1	2	2,58738055e-06	1,559448606e-06	6,44762401e-13	4,829605899e-12	1,641262945e-13	3,593362045e-13	2,049944849e-12	1,116798407e-11	8,002581616e-14	9,051898228e-14	1,974359044e-11	5,640148179e-13	1,067165629e-14	6,434818498e-14	7,459297394e-14	4,60317243e-14	6,955991772e-12	4,999999912e-15	4,999999912e-15	1,557674278e-14	5,354458129e-14	1,893909612e-10	6,497292981e-11	1	1	1	1	1	1	1	0	0	0	0	0	0	0	0	0	0	2,583295375e-08	69,81431615	0,8655568197	0	29,86331887	0,04758944416	0,04371405167	0,02604156965
258,749	1785149520,371	27/07/2026_12:52:00,371	1	2	2,575465487e-06	1,546946805e-06	7,151450114e-13	4,956940674e-12	2,696205076e-13	3,398128946e-13	1,879978378e-12	1,097651831e-11	7,664187888e-15	1,387354722e-13	1,98986938e-11	6,920165396e-13	1,93370456e-14	4,999999912e-15	4,999999912e-15	4,999999912e-15	6,733652264e-12	1,367175687e-13	9,719750504e-14	4,348993089e-14	4,999999912e-15	1,963673668e-10	6,397235519e-11	1	1	1	1	1	1	1	0	0	0	0	0	0	0	0	0	0	1,658641013e-08	70,9307939	0,8100355962	0	28,83121409	0,05173728081	0,05535760707	0,001877500516
259,557	1785149521,179	27/07/2026_12:52:01,179	1	2	2,616158554e-06	1,557060159e-06	6,908523775e-13	4,902410509e-12	1,341253362e-13	3,175071967e-13	2,029598711e-12	1,153049878e-11	1,091963163e-13	1,386889193e-13	2,099665754e-11	5,726336289e-13	4,999999912e-15	5,35329295e-14	6,663385257e-14	8,678195424e-14	7,814042816e-12	5,229113854e-14	4,999999912e-15	4,999999912e-15	5,446427949e-14	1,448147574e-10	7,666318275e-11	1	1	1	1	1	1	1	0	0	0	0	0	0	0	0	0	0	6,183630298e-08	60,54638148	0,6774508405	0	39,75124357	0,05761501047	0,07687457639	0
260,365	1785149521,987	27/07/2026_12:52:01,987	1	2	3,010438149e-06	1,839564561e-06	2,581102432e-12	8,504285817e-12	9,609327223e-12	1,999101579e-11	1,207195871e-10	1,583986553e-10	1,65694433e-12	4,009827884e-14	6,05446162e-12	7,219359659e-13	4,270604934e-14	4,999999912e-15	4,999999912e-15	4,999999912e-15	7,46628627e-12	1,330775632e-13	8,253655734e-14	6,170548285e-14	1,231314855e-14	4,601047321e-11	6,946666853e-11	1	1	1	1	1	1	1	0	0	0	0	0	0	0	0	0	0	4,342516997e-09	16,54423766	52,64806099	0	31,15452581	0,1853585271	0,007732961973	0,1297526883
261,173	1785149522,795	27/07/2026_12:52:02,795	1	2	3,15328748e-06	2,552913656e-06	4,591829954e-12	8,462826794e-12	1,065370795e-11	2,171895476e-11	1,298656876e-10	1,647370712e-10	1,859542685e-12	1,213581373e-13	4,389899035e-12	5,846402464e-13	4,999999912e-15	4,999999912e-15	5,638129124e-14	9,226912854e-14	7,443205774e-12	8,829538527e-14	4,999999912e-15	4,999999912e-15	8,944786508e-15	4,038032755e-11	6,88758009e-11	1	1	1	1	1	1	1	0	0	0	0	0	0	0	0	0	0	3,387046272e-08	14,40423682	55,32584684	0	30,58962573	0,3278314787	0,05145664071	0
261,981	1785149523,603	27/07/2026_12:52:03,603	1	2	3,122987437e-06	2,541204594e-06	4,784195609e-12	8,521124778e-12	1,101517402e-11	2,230279503e-11	1,325263926e-10	1,684089673e-10	1,740109684e-12	4,999999912e-15	4,03413674e-12	6,827691082e-13	4,914397069e-14	2,961676789e-14	4,999999912e-15	4,999999912e-15	7,300006953e-12	1,002437743e-13	4,979590823e-14	6,593921779e-14	6,305205517e-14	3,784223629e-11	6,868772912e-11	1	1	1	1	1	1	1	0	0	0	0	0	0	0	0	0	0	3,146446137e-08	13,46765773	56,44943914	0	30,45249958	0,3408429045	0	0
262,789	1785149524,411	27/07/2026_12:52:04,411	1	2	3,127107902e-06	2,624347871e-06	5,026062466e-12	8,617048915e-12	1,106817849e-11	2,240000893e-11	1,335090788e-10	1,701624119e-10	1,925257263e-12	1,470555042e-13	3,921269559e-12	6,07015794e-13	4,999999912e-15	4,999999912e-15	2,585646337e-14	7,214430334e-14	7,435793301e-12	1,711463003e-13	4,999999912e-15	4,999999912e-15	4,999999912e-15	3,661497494e-11	6,89382787e-11	1	1	1	1	1	1	1	0	0	0	0	0	0	0	0	0	0	2,706351772e-08	12,98732113	56,78417356	0	30,47443003	0,3568608135	0,06228787955	0
263,597	1785149525,219	27/07/2026_12:52:05,219	1	2	3,140870149e-06	2,552913656e-06	4,973937495e-12	8,567114032e-12	1,118976699e-11	2,275443202e-11	1,340623584e-10	1,710016295e-10	1,798314969e-12	4,999999912e-15	3,72817055e-12	6,533657079e-13	4,941949356e-14	6,071981432e-14	2,324869457e-14	4,999999912e-15	7,286948822e-12	7,105774302e-14	1,809525125e-14	4,206186723e-14	9,381361519e-14	3,604481644e-11	6,891212601e-11	1	1	1	1	1	1	1	0	0	0	0	0	0	0	0	0	0	2,912125342e-08	12,78333368	57,07323013	0	30,47000423	0,3532323366	0	0,04146891626
264,405	1785149526,027	27/07/2026_12:52:06,027	1	2	3,133653763e-06	2,551938451e-06	5,205454991e-12	8,731216271e-12	1,125185448e-11	2,272644399e-11	1,351560669e-10	1,712433806e-10	1,890766406e-12	1,480489315e-13	3,767100781e-12	6,49050529e-13	4,999999912e-15	4,999999912e-15	4,999999912e-15	4,224813316e-14	7,461467208e-12	2,114735389e-13	5,041292768e-14	4,999999912e-15	4,999999912e-15	3,527183406e-11	6,867075658e-11	1	1	1	1	1	1	1	0	0	0	0	0	0	0	0	0	0	2,766119799e-08	12,52119304	57,35995028	0	30,36390817	0,3699119706	0,05740524319	0
265,213	1785149526,835	27/07/2026_12:52:06,835	1	2	3,149451913e-06	2,600318112e-06	5,136139344e-12	8,572120444e-12	1,121624061e-11	2,294276054e-11	1,356728757e-10	1,723799992e-10	1,877533502e-12	4,999999912e-15	3,543275265e-12	6,175011674e-13	3,274064911e-14	7,070848762e-14	7,744521848e-14	1,951555271e-14	7,274801855e-12	4,692814605e-14	1,246837581e-14	7,718514887e-15	8,238134025e-14	3,474809329e-11	6,915708284e-11	1	1	1	1	1	1	1	0	0	0	0	0	0	0	0	0	0	3,375954764e-08	12,30173487	57,540851	0	30,51324902	0,3641583953	0	0,01334080989
266,021	1785149527,643	27/07/2026_12:52:07,643	1	2	3,148571295e-06	2,577495707e-06	5,28206168e-12	8,705950023e-12	1,137866103e-11	2,292131936e-11	1,356817436e-10	1,723972076e-10	1,887945095e-12	1,098055701e-13	3,657190436e-12	6,982914681e-13	4,999999912e-15	4,999999912e-15	4,999999912e-15	1,310091291e-14	7,42798878e-12	1,992457712e-13	1,001816834e-13	8,288964472e-15	4,999999912e-15	3,40797876e-11	6,909077477e-11	1	1	1	1	1	1	1	0	0	0	0	0	0	0	0	0	0	2,824680267e-08	12,09122103	57,64704717	0	30,53939711	0,3751267617	0,04046468755	0
266,829	1785149528,451	27/07/2026_12:52:08,451	1	2	3,143631147e-06	2,641505034e-06	5,244668415e-12	8,587778058e-12	1,131842103e-11	2,300516895e-11	1,364882651e-10	1,729732052e-10	1,930740724e-12	3,494095611e-14	3,475904026e-12	6,090841807e-13	4,999999912e-15	5,90938431e-14	8,377447905e-14	7,660312543e-14	7,343408e-12	5,639293625e-14	4,999999912e-15	5,075823761e-15	7,101505256e-14	3,389781511e-11	6,846002237e-11	1	1	1	1	1	1	1	0	0	0	0	0	0	0	0	0	0	3,343256358e-08	12,03206786	57,97405682	0	30,27716647	0,3728048837	0,01354574552	0
267,637	1785149529,259	27/07/2026_12:52:09,259	1	2	3,138534794e-06	2,650630449e-06	5,331519948e-12	8,722748218e-12	1,148064803e-11	2,307767866e-11	1,366817493e-10	1,731149252e-10	1,854187593e-12	7,960282824e-14	3,57588785e-12	7,408888498e-13	4,883740236e-14	4,999999912e-15	4,999999912e-15	4,999999912e-15	7,371786341e-12	1,724268921e-13	9,94094401e-14	5,73436833e-14	2,182839311e-14	3,35939887e-11	6,918927931e-11	1	1	1	1	1	1	1	0	0	0	0	0	0	0	0	0	0	3,115496989e-08	11,90237541	57,895226	0	30,53093215	0,3781461195	0,02361796859	0
268,445	1785149530,067	27/07/2026_12:52:10,067	1	2	3,143576123e-06	2,621332897e-06	5,377539559e-12	8,641438259e-12	1,133723237e-11	2,313080977e-11	1,372558178e-10	1,736862459e-10	2,001693299e-12	1,090449888e-13	3,460056026e-12	5,870733587e-13	4,999999912e-15	2,509974277e-14	7,452312422e-14	1,139500549e-13	7,449006689e-12	9,364673614e-14	4,999999912e-15	4,999999912e-15	3,180542987e-14	3,369604595e-11	6,952369236e-11	1	1	1	1	1	1	1	0	0	0	0	0	0	0	0	0	0	3,670340926e-08	11,88455474	57,85883385	0	30,5427516	0,3798190516	0,04971267695	0
269,253	1785149530,875	27/07/2026_12:52:10,875	1	2	3,152179261e-06	2,636448926e-06	5,341279936e-12	8,668851227e-12	1,147597382e-11	2,320697627e-11	1,371703445e-10	1,736955996e-10	1,858312766e-12	3,374572486e-14	3,478108209e-12	7,331237939e-13	8,46903114e-14	3,464603279e-14	4,999999912e-15	4,999999912e-15	7,318881612e-12	1,359142969e-13	7,00061008e-14	7,820193738e-14	5,876786416e-14	3,359759346e-11	6,954424536e-11	1	1	1	1	1	1	1	0	0	0	0	0	0	0	0	0	0	3,486231668e-08	11,86425557	57,91479251	0	30,590024	0,3776876567	0,004775633301	0
270,061	1785149531,683	27/07/2026_12:52:11,683	1	2	3,147947155e-06	2,653682259e-06	5,502200258e-12	8,704583929e-12	1,136164947e-11	2,311779934e-11	1,374626107e-10	1,741484318e-10	1,99537587e-12	1,474939962e-13	3,457354845e-12	6,076716279e-13	4,999999912e-15	4,999999912e-15	4,827471159e-14	8,993688769e-14	7,453601104e-12	1,581113441e-13	4,999999912e-15	4,999999912e-15	7,202393995e-15	3,341720997e-11	6,910172434e-11	1	1	1	1	1	1	1	0	0	0	0	0	0	0	0	0	0	3,188923989e-08	11,79724521	58,05046856	0	30,39287986	0,3889595755	0,06415256561	0
270,869	1785149532,491	27/07/2026_12:52:12,491	1	2	3,166958095e-06	2,606306225e-06	5,366480264e-12	8,69096288e-12	1,146138826e-11	2,32628812e-11	1,372201658e-10	1,74208814e-10	1,838638183e-12	5,145676027e-15	3,394667577e-12	6,640102964e-13	8,598642089e-14	7,558640129e-14	8,281203956e-15	4,999999912e-15	7,324927991e-12	1,040545281e-13	4,401380722e-14	7,980851494e-14	1,002360087e-13	3,31841464e-11	6,887702908e-11	1	1	1	1	1	1	1	0	0	0	0	0	0	0	0	0	0	3,018015243e-08	11,74332585	58,1762639	0	30,37896688	0,3803249745	0	0,02257045944
271,677	1785149533,299	27/07/2026_12:52:13,299	1	2	3,149456461e-06	2,626360128e-06	5,537890025e-12	8,756525886e-12	1,140786337e-11	2,310437952e-11	1,380202896e-10	1,737504168e-10	1,972297976e-12	1,514095381e-13	3,495171166e-12	6,51541863e-13	4,999999912e-15	4,999999912e-15	1,006240244e-14	6,706071652e-14	7,470897165e-12	2,025714394e-13	4,098305896e-14	4,999999912e-15	4,999999912e-15	3,300389476e-11	6,931606678e-11	1	1	1	1	1	1	1	0	0	0	0	0	0	0	0	0	0	3,574857232e-08	11,66636608	58,12347852	0	30,49499007	0,3918982175	0,06341051426	0
272,485	1785149534,107	27/07/2026_12:52:14,107	1	2	3,1503846e-06	2,612302751e-06	5,407816556e-12	8,623936634e-12	1,144923479e-11	2,330404793e-11	1,381724457e-10	1,74602402e-10	1,860478351e-12	4,999999912e-15	3,368791791e-12	6,58981062e-13	4,671471407e-14	7,403416259e-14	5,121621307e-14	4,999999912e-15	7,314962872e-12	6,174040771e-14	1,967465938e-14	4,531769925e-14	8,583121057e-14	3,291370648e-11	6,927097784e-11	1	1	1	1	1	1	1	0	0	0	0	0	0	0	0	0	0	3,814454885e-08	11,62074306	58,27789271	0	30,46001391	0,3823681395	0	0
273,293	1785149534,915	27/07/2026_12:52:14,915	1	2	3,159663038e-06	2,613306606e-06	5,549660557e-12	8,82711005e-12	1,153054128e-11	2,331897869e-11	1,383039794e-10	1,751014056e-10	1,960116748e-12	1,24435469e-13	3,466861997e-12	6,871542181e-13	4,999999912e-15	4,999999912e-15	4,999999912e-15	3,238751769e-14	6,88444874e-12	2,18904891e-13	6,094877072e-14	4,999999912e-15	4,999999912e-15	2,925536549e-11	6,207030723e-11	1	1	1	1	1	1	1	0	0	0	0	0	0	0	0	0	0	3,855272368e-09	10,75022309	60,9021766	0	28,41582955	0,4077798594	0,05134071906	0
274,101	1785149535,723	27/07/2026_12:52:15,723	1	2	3,170617674e-06	2,713335334e-06	5,635678122e-12	8,381640867e-12	1,149343468e-11	2,317400785e-11	1,359018315e-10	1,711076419e-10	1,885756525e-12	4,999999912e-15	3,191983353e-12	5,837515259e-13	1,37373345e-14	6,697922517e-14	8,163239372e-14	3,826275505e-14	6,835389893e-12	3,94424585e-14	4,999999912e-15	2,478929673e-14	8,293627558e-14	4,537608136e-11	6,091272625e-11	1	1	1	1	1	1	1	0	0	0	0	0	0	0	0	0	0	1,960215783e-08	15,9556191	57,34138952	0	26,77108267	0,3980493491	0	0
274,909	1785149536,531	27/07/2026_12:52:16,531	1	2	2,885293043e-06	2,44658122e-06	4,429104652e-12	6,859403236e-12	7,183744051e-12	1,344360821e-11	7,490585235e-11	9,204395579e-11	8,632947872e-13	1,207954499e-13	1,111467168e-11	6,492717063e-13	4,163112048e-14	4,999999912e-15	4,999999912e-15	6,426275493e-15	6,561978391e-12	1,688528603e-13	1,135930475e-13	4,383530011e-14	4,999999912e-15	1,517742182e-10	6,211924725e-11	1	1	1	1	1	1	1	0	0	0	0	0	0	0	0	0	0	4,403273585e-08	48,35765847	27,53361714	0	24,6106019	0,2833803536	0,02950676691	0
275,717	1785149537,339	27/07/2026_12:52:17,339	1	2	2,559162112e-06	1,776506679e-06	2,271907922e-12	5,178759331e-12	1,657437208e-12	3,24637409e-12	1,826878232e-11	2,965948667e-11	3,046740106e-13	1,333375549e-13	1,765493481e-11	5,608249867e-13	1,291464613e-14	7,35141589e-14	1,044658677e-13	1,102712553e-13	6,947632573e-12	3,871290563e-14	4,999999912e-15	1,459106748e-14	7,922641357e-14	1,764164231e-10	6,516012729e-11	1	1	1	1	1	1	1	0	0	0	0	0	0	0	0	0	0	3,415738273e-08	63,54961818	7,644280146	0	29,24692357	0,1639304949	0,06047514319	0
276,525	1785149538,147	27/07/2026_12:52:18,147	1	2	2,593223371e-06	1,661257215e-06	1,56298325e-12	5,15836332e-12	1,002950002e-12	1,809789731e-12	1,008286683e-11	2,042147701e-11	1,035500489e-13	1,296277132e-13	1,890844772e-11	7,041123869e-13	7,095296166e-14	1,681077491e-14	4,999999912e-15	4,999999912e-15	6,939964662e-12	1,456158057e-13	1,134222992e-13	8,411597563e-14	4,000126985e-14	1,821551521e-10	6,620234916e-11	1	1	1	1	1	1	1	0	0	0	0	0	0	0	0	0	0	2,712473055e-08	66,29400955	4,245996035	0	30,0289552	0,1139018692	0,0503015171	0
277,333	1785149538,955	27/07/2026_12:52:18,955	1	2	2,595337719e-06	1,606158662e-06	1,355165112e-12	5,055740115e-12	6,03662953e-13	1,198357819e-12	7,115114921e-12	1,70556104e-11	2,124669662e-13	1,918221441e-13	1,914449328e-11	5,720282646e-13	4,999999912e-15	9,061205257e-15	9,7725254e-14	1,138996124e-13	7,038760633e-12	8,372404332e-14	4,999999912e-15	4,999999912e-15	3,737409552e-14	1,836518715e-10	6,552820092e-11	1	1	1	1	1	1	1	0	0	0	0	0	0	0	0	0	0	2,517260472e-08	67,42946054	3,033222623	0	29,99302703	0,09962593415	0,09268211016	0,004247161522
278,141	1785149539,763	27/07/2026_12:52:19,763	1	2	2,58931982e-06	1,595728008e-06	1,132240135e-12	5,024718922e-12	5,641817308e-13	1,033890096e-12	5,541848664e-12	1,510322423e-11	4,999999912e-15	1,078536267e-13	1,940524651e-11	6,961221963e-13	1,003097413e-13	5,777831284e-14	4,999999912e-15	4,999999912e-15	6,943166094e-12	8,91956932e-14	8,835747618e-14	9,732943211e-14	8,435269085e-14	1,859514487e-10	6,502139799e-11	1	1	1	1	1	1	1	0	0	0	0	0	0	0	0	0	0	2,328529314e-08	68,36206417	2,348398975	0	29,80088926	0,0833442076	0,03784022256	0,03209727116
278,949	1785149540,571	27/07/2026_12:52:20,571	1	2	2,590361419e-06	1,584147185e-06	1,178803474e-12	5,036093504e-12	3,9645804e-13	7,277064693e-13	4,530605491e-12	1,410578078e-11	1,411453555e-13	2,171120542e-13	1,953409483e-11	5,839379002e-13	4,999999912e-15	4,999999912e-15	3,407170379e-14	8,535777337e-14	7,078951574e-12	1,457399875e-13	1,181255377e-14	4,999999912e-15	4,999999912e-15	1,865770455e-10	6,482364645e-11	1	1	1	1	1	1	1	0	0	0	0	0	0	0	0	0	0	2,001439844e-08	68,69630126	1,954263677	0	29,76278405	0,08690084437	0,09973228856	0
279,757	1785149541,379	27/07/2026_12:52:21,379	1	2	2,588389179e-06	1,578086881e-06	9,386173479e-13	4,930160447e-12	4,149840736e-13	7,196270489e-13	3,987003002e-12	1,330481558e-11	2,599228341e-14	4,753740668e-14	1,960485246e-11	6,286656308e-13	8,404613268e-14	7,796133937e-14	2,645795502e-14	4,999999912e-15	6,904254512e-12	5,44603967e-14	3,555409276e-14	6,759236183e-14	9,767482504e-14	1,879948419e-10	6,547637432e-11	1	1	1	1	1	1	1	0	0	0	0	0	0	0	0	0	0	2,637669407e-08	68,97332928	1,659780693	0	29,94659646	0,06895218801	0,01701794147	0,04135544092
280,565	1785149542,187	27/07/2026_12:52:22,187	1	2	2,577267196e-06	1,582935397e-06	1,049035967e-12	5,018770122e-12	3,600890473e-13	5,473204897e-13	3,38025506e-12	1,280001972e-11	1,063285609e-13	2,012636612e-13	1,964473723e-11	6,371642038e-13	4,999999912e-15	4,999999912e-15	4,999999912e-15	4,448724104e-14	7,034992814e-12	1,776074947e-13	5,060306964e-14	4,999999912e-15	4,999999912e-15	1,883894013e-10	6,583353307e-11	1	1	1	1	1	1	1	0	0	0	0	0	0	0	0	0	0	2,227835847e-08	69,00905677	1,428324043	0	30,07001475	0,07694218139	0,09067230269	0
281,373	1785149542,995	27/07/2026_12:52:22,995	1	2	2,579376769e-06	1,557656901e-06	8,486726946e-13	4,875916945e-12	3,012901072e-13	5,730566304e-13	3,179860455e-12	1,245210011e-11	4,128963068e-14	3,287647932e-14	1,95709126e-11	5,892930458e-13	2,96788554e-14	8,763956493e-14	6,444907677e-14	4,999999912e-15	6,898969677e-12	1,676420674e-14	4,999999912e-15	2,871647012e-14	1,0744617e-13	1,879730122e-10	6,582877299e-11	1	1	1	1	1	1	1	0	0	0	0	0	0	0	0	0	0	2,834161009e-08	69,11182591	1,321052037	0	30,17216717	0,0624781487	0,01368416733	0,05057148848
282,181	1785149543,803	27/07/2026_12:52:23,803	1	2	2,581369927e-06	1,572051474e-06	9,31081167e-13	5,00896026e-12	3,318848018e-13	4,674576156e-13	2,779475218e-12	1,208151808e-11	4,397500295e-14	1,588098414e-13	1,971491373e-11	6,607427821e-13	4,999999912e-15	4,999999912e-15	4,999999912e-15	1,072598668e-14	7,027867871e-12	1,419214681e-13	7,917986064e-14	4,999999912e-15	4,999999912e-15	1,88338109e-10	6,598527974e-11	1	1	1	1	1	1	1	0	0	0	0	0	0	0	0	0	0	2,277741019e-08	69,17153204	1,164966772	0	30,21689212	0,06846757478	0,06737987514	0
282,989	1785149544,611	27/07/2026_12:52:24,611	1	2	2,57455622e-06	1,586578946e-06	8,036577046e-13	4,876879716e-12	2,359097076e-13	4,557692114e-13	2,718378907e-12	1,200148401e-11	7,152729743e-14	9,183062297e-14	1,962185969e-11	5,61135448e-13	1,173494353e-14	6,842282004e-14	9,400375714e-14	3,905440221e-14	6,948951397e-12	4,999999912e-15	4,999999912e-15	4,999999912e-15	5,696727541e-14	1,885044898e-10	6,574222416e-11	1	1	1	1	1	1	1	0	0	0	0	0	0	0	0	0	0	2,721457641e-08	69,30244967	1,141897728	0	30,13427606	0,05916025017	0,04229419221	0,02515065156
283,797	1785149545,419	27/07/2026_12:52:25,419	1	2	2,574181963e-06	1,598174094e-06	8,262466774e-13	4,988366057e-12	3,304295856e-13	4,592035302e-13	2,482643865e-12	1,16581007e-11	4,999999912e-15	1,290417426e-13	1,980980831e-11	6,815466702e-13	3,972573681e-14	4,999999912e-15	4,999999912e-15	4,999999912e-15	6,942653483e-12	1,216220321e-13	9,709659292e-14	6,589653411e-14	4,999999912e-15	1,875044148e-10	6,527062224e-11	1	1	1	1	1	1	1	0	0	0	0	0	0	0	0	0	0	2,113553792e-08	69,40357476	1,050586546	0	30,12251623	0,06122782738	0,05155925388	0
284,605	1785149546,227	27/07/2026_12:52:26,227	1	2	2,597956836e-06	1,572051474e-06	7,96222463e-13	4,874985832e-12	1,859430578e-13	3,70690837e-13	2,39482956e-12	1,164431312e-11	1,343154781e-13	1,418904057e-13	1,969384898e-11	5,598160282e-13	4,999999912e-15	2,646571723e-14	6,887296723e-14	1,031464681e-13	7,013370353e-12	5,40024873e-14	4,999999912e-15	4,999999912e-15	4,496844046e-14	1,880158113e-10	6,563891097e-11	1	1	1	1	1	1	1	0	0	0	0	0	0	0	0	0	0	2,627544248e-08	69,33424817	1,010955054	0	30,17878487	0,05878863018	0,07067581477	0,02006223078
285,413	1785149547,035	27/07/2026_12:52:27,035	1	2	2,566717967e-06	1,591451792e-06	7,21939869e-13	4,909453486e-12	3,138865307e-13	4,649507233e-13	2,279893939e-12	1,135897192e-11	4,999999912e-15	7,748015012e-14	1,97716097e-11	6,752794938e-13	7,089863635e-14	1,042329946e-14	4,999999912e-15	4,999999912e-15	6,935082716e-12	8,552075606e-14	7,673507283e-14	9,486526419e-14	3,873619565e-14	1,878864564e-10	6,581608175e-11	1	1	1	1	1	1	1	0	0	0	0	0	0	0	0	0	0	2,601920428e-08	69,39262895	0,9313320512	0	30,30160544	0,0533832049	0,03007044626	0,008365745824
286,221	1785149547,843	27/07/2026_12:52:27,843	1	2	2,569798198e-06	1,560046258e-06	7,874290412e-13	4,902624313e-12	1,855317115e-13	3,307593999e-13	2,162016876e-12	1,134290665e-11	1,294957658e-13	1,881394617e-13	1,976417641e-11	5,594046277e-13	4,999999912e-15	4,999999912e-15	4,502277254e-14	6,821325731e-14	7,054916113e-12	9,308017952e-14	4,999999912e-15	4,999999912e-15	1,046986933e-14	1,879889022e-10	6,578762535e-11	1	1	1	1	1	1	1	0	0	0	0	0	0	0	0	0	0	2,551262298e-08	69,35689789	0,9009359176	0	30,26007929	0,05816457521	0,09008537791	0
287,029	1785149548,651	27/07/2026_12:52:28,651	1	2	2,595908882e-06	1,552292701e-06	6,497839918e-13	4,877981699e-12	2,56539012e-13	4,351709965e-13	2,136707478e-12	1,116094456e-11	4,999999912e-15	6,592370692e-14	1,971905972e-11	6,416501445e-13	7,129446501e-14	5,021502352e-14	4,999999912e-15	4,999999912e-15	6,877905363e-12	4,065320739e-14	5,235711563e-14	6,595475576e-14	7,579596401e-14	1,887871803e-10	6,515735868e-11	1	1	1	1	1	1	1	0	0	0	0	0	0	0	0	0	0	2,506471711e-08	69,71864511	0,8794224374	0	29,99978304	0,0480466238	0,02536634859	0,03344106863
287,837	1785149549,459	27/07/2026_12:52:29,459	1	2	2,568220907e-06	1,563041565e-06	7,84371049e-13	4,938914729e-12	1,86820069e-13	2,898268106e-13	1,982732771e-12	1,112152558e-11	1,084318453e-13	2,121836777e-13	1,987230346e-11	5,821139469e-13	4,999999912e-15	4,999999912e-15	2,212720601e-14	5,888429393e-14	7,026882114e-12	1,425811644e-13	4,999999912e-15	4,999999912e-15	4,999999912e-15	1,881320932e-10	6,626947602e-11	1	1	1	1	1	1	1	0	0	0	0	0	0	0	0	0	0	2,532398363e-08	69,3118395	0,8057585645	0	30,4360914	0,05785430719	0,09816633049	0
288,645	1785149550,267	27/07/2026_12:52:30,267	1	2	2,577558462e-06	1,536899049e-06	6,106790421e-13	4,839839467e-12	2,13398323e-13	3,884601787e-13	2,011887835e-12	1,103101898e-11	4,999999912e-15	3,541827611e-14	1,971041039e-11	5,995961106e-13	5,668398693e-14	7,934671935e-14	4,131678994e-14	4,999999912e-15	6,751673005e-12	2,712930148e-14	1,49597284e-14	6,056459723e-14	9,902914263e-14	1,92443117e-10	6,249456508e-11	1	1	1	1	1	1	1	0	0	0	0	0	0	0	0	0	0	1,713696361e-08	70,87094006	0,9006073135	0	28,71352321	0,04503795206	0,01236916696	0,06224605141
289,453	1785149551,075	27/07/2026_12:52:31,075	1	2	2,605129112e-06	1,562439252e-06	7,304229378e-13	4,940506337e-12	2,314703334e-13	2,789999135e-13	1,902955224e-12	1,12256723e-11	6,348669149e-14	1,88255905e-13	2,088215365e-11	6,7317625e-13	4,999999912e-15	4,999999912e-15	4,999999912e-15	4,082395568e-14	7,640197502e-12	1,740994366e-13	5,619114928e-14	4,999999912e-15	4,999999912e-15	1,791400916e-10	7,516397227e-11	1	1	1	1	1	1	1	0	0	0	0	0	0	0	0	0	0	5,495572407e-08	65,90780016	0,5559114718	0	34,39260271	0,05374576674	0,08395537879	0
290,261	1785149551,883	27/07/2026_12:52:31,883	1	2	2,904195526e-06	1,761591534e-06	1,82919283e-12	7,811641091e-12	7,856485428e-12	1,74060627e-11	1,093120663e-10	1,479091433e-10	1,617963792e-12	4,999999912e-15	6,802808317e-12	6,490388197e-13	4,999999912e-15	5,235711902e-14	5,4871743e-14	1,497913054e-14	7,569864006e-12	3,149498213e-14	4,999999912e-15	4,999999912e-15	5,912489194e-14	4,797276465e-11	6,937926622e-11	1	1	1	1	1	1	1	0	0	0	0	0	0	0	0	0	0	2,743063982e-09	17,86966498	50,06458978	0	32,2758525	0,1359517964	0,004068937656	0,3010739425
291,069	1785149552,691	27/07/2026_12:52:32,691	1	2	3,184795332e-06	2,549003739e-06	4,452326095e-12	8,555382097e-12	1,073252598e-11	2,171333079e-11	1,28972763e-10	1,64007169e-10	1,757075605e-12	8,436434602e-14	4,526895785e-12	7,016599216e-13	4,999999912e-15	4,999999912e-15	4,999999912e-15	4,999999912e-15	7,360109917e-12	1,826833498e-13	7,318819352e-14	1,066389747e-14	4,999999912e-15	4,063272635e-11	6,83076512e-11	1	1	1	1	1	1	1	0	0	0	0	0	0	0	0	0	0	2,583084509e-08	14,56429591	55,28891963	0	30,49074783	0,3193269309	0,02693722793	0
