Dauer (s);MFC-1 (mln/min);MFC-2 (mln/min);MFC-3 (mln/min);MFC-4 (mln/min);MFC-5 (mln/min);MFC-6 (mln/min);MFC-7 (mln/min);MFC-8 (mln/min);TIC-1 (°C);TIC-2 (°C);TIC-3 (°C);TIC-4 (°C);TIR-1 (°C);TIR-2 (°C);HIR-1 (°C);PIR-1 (bar)
5;0.00;104.98;0.00;105.00;0.00;0.00;58.99;17.22;34.17;179.87;468.13;179.98;489.95;482.38;80.41;0.05
10;0.00;105.08;0.00;103.51;0.00;0.00;58.99;17.22;34.17;179.90;468.80;179.98;488.92;481.52;80.41;0.05
15;0.00;104.99;0.00;104.99;0.00;0.00;58.98;17.20;34.17;179.90;469.07;179.97;486.83;479.66;80.41;0.05
20;0.00;104.99;0.00;104.99;0.00;0.00;58.99;17.20;34.17;179.90;469.28;179.97;485.74;478.72;80.41;0.05
25;0.00;105.07;0.00;104.99;0.00;0.00;59.01;17.20;34.18;179.89;469.44;179.96;484.67;477.74;80.41;0.05
30;0.00;104.97;0.00;104.97;0.00;0.00;59.00;17.22;34.18;179.89;469.61;179.95;483.57;476.75;80.41;0.05
35;0.00;104.99;0.00;104.99;0.00;0.00;58.99;17.22;34.18;179.89;469.63;179.94;481.37;474.78;80.41;0.05
40;0.00;105.05;0.00;105.60;0.00;0.00;59.03;17.27;34.18;179.88;469.61;179.94;480.27;473.80;80.41;0.05
45;0.00;105.01;0.00;104.99;0.00;0.00;58.99;17.22;34.18;179.88;469.54;179.93;479.19;472.80;80.41;0.05
50;0.00;104.98;0.00;104.97;0.00;0.00;58.99;17.20;34.18;179.89;469.30;179.93;478.09;471.79;80.41;0.05
55;0.00;105.14;0.00;104.53;0.00;0.00;59.04;17.22;34.19;179.90;469.14;179.95;475.91;469.80;80.41;0.05
60;0.00;104.95;0.00;104.99;0.00;0.00;59.01;17.22;34.19;179.91;468.93;179.96;474.83;468.80;80.41;0.05
65;0.00;104.98;0.00;104.99;0.00;0.00;59.01;17.23;34.20;179.91;468.70;179.98;473.77;467.81;80.41;0.05
70;0.00;105.00;0.00;104.99;0.00;0.00;58.98;17.25;34.19;179.90;468.13;180.00;472.70;466.84;80.41;0.05
75;0.00;105.00;0.00;104.98;0.00;0.00;59.01;17.20;34.19;179.89;467.81;180.00;470.60;464.87;80.41;0.05
80;0.00;104.99;0.00;104.98;0.00;0.00;59.02;17.23;34.19;179.88;467.46;180.00;469.54;463.92;80.41;0.05
85;0.00;105.04;0.00;105.28;0.00;0.00;59.03;17.23;34.19;179.88;467.12;179.99;468.52;462.96;80.41;0.04
90;0.00;104.98;0.00;104.99;0.00;0.00;59.02;17.19;34.20;179.90;466.31;180.00;466.49;462.00;80.41;0.04
95;0.00;105.00;0.00;105.01;0.00;0.00;58.99;17.22;34.20;179.90;465.88;179.99;465.47;460.11;80.41;0.04
100;0.00;105.00;0.00;103.76;0.00;0.00;58.99;17.20;34.21;179.90;465.43;179.98;464.46;459.19;80.41;0.04
105;0.00;104.99;0.00;105.00;0.00;0.00;59.00;17.23;34.20;179.89;464.50;179.97;463.48;458.26;80.41;0.04
110;0.00;104.98;0.00;104.99;0.00;0.00;59.02;17.23;34.20;179.88;463.99;179.94;461.52;457.33;80.41;0.04
115;0.00;104.98;0.00;105.01;0.00;0.00;59.08;17.28;34.20;179.87;463.48;179.94;460.55;455.52;80.41;0.04
120;0.00;105.01;0.00;105.01;0.00;0.00;58.99;17.19;34.20;179.88;462.95;179.93;459.62;454.64;80.41;0.04
125;0.00;104.99;0.00;104.98;0.00;0.00;58.99;17.20;34.21;179.91;461.92;179.92;458.76;453.81;80.41;0.04
130;0.00;105.03;0.00;103.76;0.00;0.00;59.02;17.23;34.21;179.91;461.39;179.92;457.76;453.12;80.41;0.04
135;0.00;104.98;0.00;104.99;0.00;0.00;58.99;17.22;34.21;179.90;460.88;179.92;457.78;452.55;80.41;0.04
140;0.00;105.00;0.00;105.00;0.00;0.00;59.01;17.20;34.21;179.89;460.40;179.91;458.27;452.79;80.41;0.04
145;0.00;104.99;0.00;104.99;0.00;0.00;59.03;17.23;34.22;179.88;459.57;179.92;459.24;453.45;80.41;0.04
150;0.00;104.99;0.00;104.99;0.00;0.00;59.02;17.22;34.22;179.88;459.24;179.94;462.66;456.10;80.41;0.04
155;0.00;105.00;0.00;104.99;0.00;0.00;59.01;17.19;34.21;179.89;458.98;179.97;465.04;458.09;80.41;0.04
160;0.00;105.12;0.00;104.43;0.00;0.00;59.02;17.25;34.22;179.89;458.81;179.98;467.90;460.48;80.41;0.04
165;0.00;105.00;0.00;104.99;0.00;0.00;59.02;17.19;34.22;179.89;458.78;180.00;471.09;463.20;80.41;0.04
170;0.00;104.99;0.00;105.01;0.00;0.00;58.99;17.23;34.22;179.90;458.92;180.00;477.94;469.20;80.41;0.04
175;0.00;105.00;0.00;105.01;0.00;0.00;59.01;17.22;34.22;179.90;459.16;180.02;481.44;472.35;80.41;0.04
180;0.00;105.00;0.00;104.99;0.00;0.00;58.98;17.22;34.22;179.89;459.51;180.02;484.71;475.34;80.41;0.04
185;0.00;104.99;0.00;105.00;0.00;0.00;59.00;17.20;34.22;179.89;460.47;180.03;487.74;478.20;80.41;0.04
190;0.00;105.06;0.00;105.61;0.00;0.00;59.03;17.25;34.22;179.90;461.06;180.02;492.25;482.73;80.41;0.04
195;0.00;105.00;0.00;105.00;0.00;0.00;58.98;17.22;34.23;179.90;461.70;180.00;493.63;484.21;80.41;0.04
200;0.00;104.98;0.00;104.99;0.00;0.00;59.02;17.22;34.23;179.90;462.34;179.99;494.44;485.22;80.41;0.04
205;0.00;105.09;0.00;104.49;0.00;0.00;58.99;17.16;34.23;179.90;463.75;179.97;494.81;485.79;80.41;0.04
210;0.00;105.00;0.00;104.97;0.00;0.00;59.02;17.20;34.22;179.89;464.45;179.96;494.58;485.98;80.41;0.04
215;0.00;105.00;0.00;104.99;0.00;0.00;59.01;17.23;34.23;179.90;465.13;179.96;494.13;485.72;80.41;0.03
220;0.00;105.00;0.00;105.00;0.00;0.00;59.02;17.31;34.24;179.90;466.33;179.95;493.51;485.28;80.41;0.03
225;0.00;104.97;0.00;104.99;0.00;0.00;58.98;17.19;34.23;179.90;466.88;179.92;491.95;484.71;80.41;0.03
230;0.00;105.00;0.00;105.01;0.00;0.00;58.99;17.20;34.23;179.90;467.38;179.92;491.03;483.31;80.41;0.03
235;0.00;105.11;0.00;104.49;0.00;0.00;58.99;17.22;34.24;179.90;467.83;179.92;490.09;482.49;80.41;0.03
240;0.00;105.00;0.00;104.98;0.00;0.00;59.01;17.22;34.24;179.90;468.53;179.93;489.09;481.65;80.41;0.03
245;0.00;105.03;0.00;104.98;0.00;0.00;59.00;17.20;34.24;179.90;468.81;179.96;487.02;480.77;80.41;0.03
250;0.00;105.01;0.00;105.00;0.00;0.00;59.01;17.25;34.23;179.90;469.05;179.97;485.97;478.91;80.41;0.03
255;0.00;104.99;0.00;104.99;0.00;0.00;59.01;17.23;34.25;179.91;469.23;179.98;484.90;477.95;80.41;0.03
260;0.00;105.00;0.00;105.00;0.00;0.00;58.99;17.22;34.25;179.90;469.44;179.98;483.80;476.99;80.41;0.03
265;0.00;105.03;0.00;105.31;0.00;0.00;59.03;17.25;34.25;179.91;469.47;180.00;481.65;475.03;80.41;0.03
270;0.00;104.99;0.00;104.99;0.00;0.00;58.98;17.19;34.25;179.91;469.46;180.00;480.54;474.05;80.41;0.03
275;0.00;104.99;0.00;105.01;0.00;0.00;59.00;17.22;34.25;179.91;469.43;180.01;479.47;473.05;80.41;0.03
280;0.00;105.07;0.00;103.65;0.00;0.00;59.01;17.23;34.26;179.91;469.22;180.01;478.39;472.07;80.41;0.03
285;0.00;104.99;0.00;104.99;0.00;0.00;58.99;17.22;34.26;179.91;469.07;180.00;476.23;470.09;80.41;0.03
290;0.00;104.99;0.00;104.98;0.00;0.00;58.98;17.20;34.26;179.90;468.88;179.98;475.16;469.12;80.41;0.03
295;0.00;105.03;0.00;105.00;0.00;0.00;58.98;17.19;34.26;179.91;468.42;179.97;474.11;468.15;80.41;0.03
300;0.00;104.99;0.00;104.99;0.00;0.00;58.99;17.23;34.26;179.91;468.14;179.95;472.02;467.19;80.41;0.03
305;0.00;104.98;0.00;105.00;0.00;0.00;59.00;17.20;34.27;179.91;467.83;179.94;470.96;465.24;80.41;0.03
310;0.00;105.02;0.00;105.37;0.00;0.00;59.02;17.28;34.27;179.91;467.49;179.93;469.90;464.26;80.41;0.03
315;0.00;105.05;0.00;105.01;0.00;0.00;58.98;17.17;34.27;179.90;466.78;179.92;468.89;463.30;80.41;0.03
320;0.00;105.02;0.00;104.97;0.00;0.00;59.02;17.20;34.26;179.89;466.37;179.91;466.85;462.36;80.41;0.03
325;0.00;105.14;0.00;103.92;0.00;0.00;58.98;17.22;34.27;179.88;465.95;179.93;465.85;460.48;80.41;0.01
330;0.00;104.99;0.00;105.01;0.00;0.00;59.00;17.19;34.28;179.88;465.54;179.94;464.87;459.56;80.41;-0.01
335;0.00;105.03;0.00;105.16;0.00;0.00;59.08;17.25;34.27;179.88;464.61;179.99;463.86;458.62;80.41;-0.01
340;0.00;105.00;0.00;105.17;0.00;0.00;59.24;17.37;34.28;179.88;464.12;180.03;461.90;456.82;80.41;0.08
345;0.00;105.19;0.00;104.98;0.00;0.00;59.22;17.33;34.29;179.88;463.65;180.08;460.95;455.90;80.41;0.36
350;0.00;105.17;0.00;105.00;0.00;0.00;59.22;17.30;34.31;179.90;463.13;180.13;460.00;455.02;80.41;0.53
355;0.00;104.52;0.00;105.76;0.00;0.00;58.60;17.05;34.32;179.89;462.05;180.23;459.07;454.14;80.41;0.54
360;0.00;104.95;0.00;104.97;0.00;0.00;58.96;17.17;34.32;179.89;461.52;180.25;457.73;452.76;80.41;0.22
365;0.00;105.00;0.00;104.98;0.00;0.00;58.99;17.20;34.32;179.88;460.93;180.27;457.52;452.42;80.41;0.10
370;0.00;105.19;0.00;104.99;0.00;0.00;59.02;17.20;34.32;179.87;459.39;180.27;457.74;452.44;80.41;0.08
375;0.00;105.00;0.00;104.99;0.00;0.00;59.00;17.22;34.33;179.86;458.72;180.22;459.80;452.88;80.41;0.07
380;0.00;105.00;0.00;104.98;0.00;0.00;59.02;17.23;34.33;179.86;458.21;180.18;461.83;455.42;80.41;0.08
385;0.00;104.98;0.00;104.98;0.00;0.00;59.04;17.27;34.33;179.86;457.98;180.13;464.65;457.61;80.41;0.11
390;0.00;105.00;0.00;105.02;0.00;0.00;59.01;17.22;34.33;179.87;458.07;180.09;468.08;460.41;80.41;0.10
395;0.00;105.02;0.00;104.97;0.00;0.00;59.00;17.20;34.33;179.88;458.24;180.00;476.39;467.56;80.41;0.11
400;0.00;105.21;0.00;103.23;0.00;0.00;58.97;17.20;34.34;179.90;458.32;179.97;480.98;471.61;80.41;0.08
405;0.00;104.97;0.00;104.99;0.00;0.00;59.02;17.22;34.34;179.89;458.49;179.95;485.40;475.58;80.41;0.08
410;0.00;105.01;0.00;104.99;0.00;0.00;59.01;17.19;34.34;179.87;459.32;179.92;489.61;479.44;80.41;0.09
415;0.00;104.99;0.00;104.99;0.00;0.00;59.02;17.25;34.34;179.86;460.04;179.93;496.95;486.39;80.41;0.10
420;0.00;104.99;0.00;105.00;0.00;0.00;59.01;17.17;34.34;179.85;460.95;179.94;499.71;489.13;80.41;0.11
425;0.00;105.00;0.00;104.99;0.00;0.00;58.98;17.22;34.34;179.85;461.90;179.97;501.75;491.29;80.41;0.10
430;0.00;105.01;0.00;105.07;0.00;0.00;59.03;17.27;34.33;179.86;463.90;180.04;503.90;492.88;80.41;0.09
435;0.00;105.00;0.00;104.99;0.00;0.00;59.03;17.20;34.33;179.90;464.69;180.09;504.22;494.45;80.41;0.08
440;0.00;104.99;0.00;104.99;0.00;0.00;59.02;17.22;34.33;179.94;465.50;180.12;504.19;494.66;80.41;0.10
445;0.00;104.89;0.00;104.89;0.00;0.00;59.01;17.25;34.33;179.97;467.02;180.16;503.90;494.58;80.41;0.11
450;0.00;104.99;0.00;105.01;0.00;0.00;59.01;17.22;34.33;179.96;467.95;180.22;502.70;494.30;80.41;0.11
455;0.00;104.99;0.00;104.99;0.00;0.00;58.98;17.20;34.32;179.94;468.88;180.24;501.91;493.23;80.41;0.09
460;0.00;105.00;0.00;104.99;0.00;0.00;59.03;17.23;34.32;179.90;469.65;180.26;501.01;492.53;80.41;0.09
465;0.00;104.99;0.00;104.99;0.00;0.00;59.01;17.20;34.32;179.90;470.48;180.24;500.05;491.73;80.41;0.08
470;0.00;105.01;0.00;105.01;0.00;0.00;59.02;17.23;34.32;179.92;470.77;180.22;497.96;489.97;80.41;0.08
475;0.00;105.14;0.00;105.47;0.00;0.00;59.01;17.23;34.32;179.93;471.12;180.19;496.85;489.01;80.41;0.11
480;0.00;105.00;0.00;104.99;0.00;0.00;59.01;17.22;34.31;179.93;471.57;180.16;495.75;488.04;80.41;0.11
485;0.00;105.00;0.00;104.97;0.00;0.00;58.97;17.23;34.30;179.94;472.48;180.09;494.63;487.06;80.41;0.11
490;0.00;105.21;0.00;103.37;0.00;0.00;58.98;17.20;34.30;179.94;472.54;180.05;492.35;485.04;80.41;0.09
495;0.00;105.00;0.00;105.00;0.00;0.00;59.02;17.17;34.31;179.94;472.45;180.03;491.17;483.99;80.41;0.08
500;0.00;105.03;0.00;105.01;0.00;0.00;59.05;17.22;34.30;179.94;472.23;180.02;490.03;482.96;80.41;0.09
505;0.00;105.01;0.00;104.99;0.00;0.00;59.06;17.28;34.29;179.93;472.30;180.02;487.74;481.91;80.41;0.11
510;0.00;104.98;0.00;105.00;0.00;0.00;59.01;17.20;34.28;179.93;472.44;180.04;486.59;479.81;80.41;0.11
515;0.00;104.99;0.00;104.97;0.00;0.00;58.99;17.19;34.29;179.93;472.57;180.06;485.42;478.77;80.41;0.10
520;0.00;105.16;0.00;105.05;0.00;0.00;59.01;17.27;34.30;179.93;472.09;180.10;484.29;477.72;80.41;0.09
525;0.00;105.00;0.00;104.97;0.00;0.00;58.99;17.19;34.30;179.94;471.66;180.17;482.05;475.65;80.42;0.08
530;0.00;105.04;0.00;104.99;0.00;0.00;59.02;17.22;34.29;179.95;471.26;180.21;480.90;474.63;80.42;0.10
535;0.00;104.77;0.00;104.96;0.00;0.00;59.01;17.20;34.29;179.96;470.95;180.24;479.80;473.59;80.42;0.11
540;0.00;105.00;0.00;105.01;0.00;0.00;59.01;17.22;34.29;179.95;470.76;180.28;478.70;472.58;80.42;0.11
545;0.00;104.99;0.00;104.98;0.00;0.00;58.99;17.19;34.29;179.95;470.62;180.28;476.50;470.55;80.42;0.11
550;0.00;105.00;0.00;104.99;0.00;0.00;59.07;17.28;34.29;179.94;470.11;180.27;475.43;469.56;80.42;0.08
555;0.00;105.03;0.00;105.00;0.00;0.00;59.00;17.19;34.28;179.94;468.90;180.26;474.37;468.57;80.42;0.08
560;0.00;105.01;0.00;104.99;0.00;0.00;59.02;17.22;34.29;179.95;468.32;180.22;472.27;467.56;80.42;0.09
565;0.00;105.10;0.00;105.46;0.00;0.00;59.02;17.25;34.29;179.96;467.95;180.19;471.21;465.63;80.42;0.10
570;0.00;104.99;0.00;105.02;0.00;0.00;59.01;17.22;34.29;179.97;467.72;180.16;470.18;464.65;80.42;0.11
575;0.00;105.02;0.00;104.98;0.00;0.00;58.95;17.20;34.28;179.98;467.06;180.13;469.16;463.70;80.42;0.10
580;0.00;105.24;0.00;103.28;0.00;0.00;58.99;17.20;34.28;179.97;466.35;180.08;467.12;462.74;80.42;0.09
585;0.00;104.99;0.00;104.98;0.00;0.00;59.01;17.20;34.29;179.97;465.59;180.06;466.10;460.86;80.42;0.08
590;0.00;105.00;0.00;105.00;0.00;0.00;59.02;17.25;34.29;179.97;464.87;180.05;465.13;459.94;80.42;0.09
595;0.00;104.99;0.00;105.00;0.00;0.00;59.05;17.30;34.29;179.97;463.93;180.07;464.22;459.07;80.42;0.11
600;0.00;105.00;0.00;105.01;0.00;0.00;59.02;17.20;34.29;179.97;463.62;180.09;463.05;457.80;80.42;0.10
605;0.00;105.01;0.00;104.99;0.00;0.00;59.01;17.19;34.30;179.97;463.31;180.12;462.98;457.57;80.42;0.09
610;0.00;105.20;0.00;104.79;0.00;0.00;59.01;17.20;34.29;179.99;462.71;180.15;463.27;457.67;80.42;0.08
615;0.00;105.02;0.00;105.00;0.00;0.00;59.01;17.22;34.29;180.00;461.43;180.23;463.90;458.08;80.42;0.08
620;0.00;104.98;0.00;104.99;0.00;0.00;59.04;17.22;34.29;180.00;460.93;180.25;466.40;459.96;80.42;0.08
625;0.00;104.84;0.00;104.97;0.00;0.00;59.01;17.22;34.30;179.98;460.71;180.28;468.38;461.58;80.42;0.11
630;0.00;104.99;0.00;105.01;0.00;0.00;59.01;17.22;34.29;179.97;460.81;180.30;470.94;463.61;80.42;0.11
635;0.00;105.00;0.00;104.97;0.00;0.00;58.98;17.17;34.29;179.98;460.94;180.30;477.05;466.05;80.42;0.11
640;0.00;104.98;0.00;105.00;0.00;0.00;59.01;17.23;34.29;179.99;460.91;180.28;480.33;471.74;80.42;0.08
645;0.00;104.99;0.00;105.00;0.00;0.00;59.02;17.20;34.29;180.02;460.93;180.26;483.54;474.63;80.42;0.08
650;0.00;104.99;0.00;105.00;0.00;0.00;59.01;17.20;34.29;180.03;461.36;180.21;486.56;477.41;80.42;0.09
655;0.00;105.03;0.00;105.22;0.00;0.00;59.01;17.23;34.29;180.03;461.87;180.18;491.79;482.37;80.42;0.10
660;0.00;105.00;0.00;104.99;0.00;0.00;59.01;17.20;34.29;180.01;462.51;180.14;493.75;484.37;80.42;0.11
665;0.00;105.00;0.00;104.97;0.00;0.00;58.98;17.20;34.29;179.99;463.27;180.12;495.22;485.88;80.42;0.10
670;0.00;105.21;0.00;103.59;0.00;0.00;59.00;17.19;34.29;180.00;464.56;180.07;496.12;486.95;80.42;0.09
675;0.00;104.98;0.00;104.99;0.00;0.00;59.02;17.22;34.30;180.01;465.07;180.06;496.66;487.88;80.42;0.08
680;0.00;105.00;0.00;104.99;0.00;0.00;59.02;17.23;34.30;180.02;465.55;180.06;496.47;487.89;80.42;0.10
685;0.00;104.72;0.00;104.99;0.00;0.00;59.00;17.22;34.29;180.04;466.57;180.07;496.07;487.67;80.42;0.11
690;0.00;104.98;0.00;105.01;0.00;0.00;58.99;17.20;34.30;180.03;467.25;180.12;494.77;487.28;80.42;0.11
695;0.00;104.98;0.00;104.98;0.00;0.00;58.99;17.20;34.31;180.02;467.93;180.15;493.95;486.09;80.42;0.11
700;0.00;104.99;0.00;105.34;0.00;0.00;59.01;17.25;34.30;180.01;468.35;180.19;493.07;485.38;80.42;0.08
705;0.00;104.99;0.00;104.99;0.00;0.00;59.01;17.19;34.30;180.00;468.70;180.22;492.14;484.57;80.42;0.08
710;0.00;105.00;0.00;104.99;0.00;0.00;59.03;17.23;34.31;180.00;468.77;180.28;490.13;482.84;80.42;0.09
715;0.00;104.86;0.00;105.09;0.00;0.00;59.02;17.19;34.31;180.01;468.95;180.30;489.10;481.93;80.42;0.11
720;0.00;104.98;0.00;105.01;0.00;0.00;59.02;17.20;34.31;180.03;469.25;180.32;488.05;481.00;80.42;0.11
725;0.00;105.00;0.00;104.99;0.00;0.00;58.96;17.20;34.31;180.04;469.77;180.31;486.98;480.06;80.42;0.11
730;0.00;105.03;0.00;105.01;0.00;0.00;59.02;17.27;34.32;180.05;469.65;180.30;484.84;478.13;80.42;0.09
735;0.00;105.01;0.00;104.98;0.00;0.00;59.00;17.20;34.32;180.04;469.43;180.28;483.75;477.13;80.42;0.08
740;0.00;105.00;0.00;104.99;0.00;0.00;59.05;17.23;34.32;180.03;468.96;180.24;482.64;476.14;80.43;0.09
745;0.00;105.16;0.00;105.44;0.00;0.00;59.02;17.23;34.32;180.03;468.92;180.17;480.49;475.16;80.42;0.11
750;0.00;104.99;0.00;105.01;0.00;0.00;58.99;17.22;34.32;180.03;468.96;180.15;479.41;473.17;80.42;0.11
755;0.00;104.98;0.00;104.99;0.00;0.00;58.98;17.19;34.32;180.03;468.98;180.12;478.34;472.19;80.43;0.10
760;0.00;105.21;0.00;103.48;0.00;0.00;59.00;17.23;34.32;180.04;468.31;180.10;477.27;471.21;80.42;0.09
765;0.00;105.01;0.00;105.00;0.00;0.00;58.99;17.20;34.33;180.04;467.81;180.10;475.14;469.24;80.42;0.08
770;0.00;105.01;0.00;105.01;0.00;0.00;59.03;17.23;34.32;180.04;467.35;180.11;474.08;468.27;80.42;0.10
775;0.00;105.00;0.00;104.99;0.00;0.00;59.08;17.28;34.33;180.04;466.98;180.14;473.05;467.31;80.42;0.11
780;0.00;104.97;0.00;105.01;0.00;0.00;59.02;17.23;34.33;180.04;466.66;180.21;471.99;466.35;80.42;0.11
785;0.00;104.98;0.00;104.98;0.00;0.00;58.97;17.17;34.33;180.04;466.46;180.25;469.95;464.44;80.42;0.11
790;0.00;105.11;0.00;105.53;0.00;0.00;59.02;17.25;34.35;180.04;465.90;180.29;468.94;463.50;80.42;0.08
795;0.00;105.02;0.00;104.99;0.00;0.00;59.02;17.19;34.35;180.05;464.62;180.34;467.94;462.54;80.42;0.08
800;0.00;105.00;0.00;105.00;0.00;0.00;59.04;17.23;34.37;180.06;464.02;180.40;465.93;461.62;80.42;0.09
805;0.00;104.82;0.00;104.96;0.00;0.00;59.01;17.22;34.37;180.05;463.63;180.41;464.96;459.77;80.42;0.10
810;0.00;104.99;0.00;105.01;0.00;0.00;59.01;17.22;34.37;180.05;463.37;180.43;464.01;458.88;80.42;0.11
815;0.00;104.99;0.00;104.97;0.00;0.00;58.99;17.22;34.38;180.04;462.65;180.43;463.16;458.05;80.42;0.10
820;0.00;104.99;0.00;104.98;0.00;0.00;59.04;17.30;34.38;180.04;461.97;180.38;461.87;456.72;80.42;0.09
825;0.00;104.99;0.00;104.98;0.00;0.00;59.02;17.22;34.38;180.05;461.26;180.35;461.54;456.33;80.42;0.08
830;0.00;105.00;0.00;105.01;0.00;0.00;59.03;17.23;34.39;180.06;460.61;180.31;461.57;456.21;80.42;0.09
835;0.00;105.15;0.00;105.52;0.00;0.00;59.05;17.25;34.39;180.06;459.90;180.24;462.09;456.48;80.42;0.11
840;0.00;105.00;0.00;105.01;0.00;0.00;59.00;17.20;34.39;180.06;459.77;180.22;464.76;458.38;80.42;0.10
845;0.00;104.99;0.00;104.98;0.00;0.00;58.98;17.20;34.40;180.03;459.60;180.20;468.10;459.63;80.42;0.10
850;0.00;105.01;0.00;105.19;0.00;0.00;59.04;17.25;34.39;180.02;459.35;180.19;470.11;462.74;80.43;0.08
855;0.00;105.01;0.00;105.00;0.00;0.00;58.99;17.23;34.40;180.03;458.97;180.19;472.84;465.14;80.42;0.08
860;0.00;105.02;0.00;105.00;0.00;0.00;59.05;17.20;34.40;180.05;458.97;180.24;478.90;467.72;80.42;0.08
865;0.00;104.83;0.00;104.94;0.00;0.00;59.01;17.23;34.40;180.07;459.24;180.27;482.13;473.32;80.42;0.11
870;0.00;104.98;0.00;105.01;0.00;0.00;59.02;17.25;34.40;180.07;459.73;180.31;485.25;476.14;80.42;0.11
875;0.00;104.99;0.00;104.98;0.00;0.00;58.99;17.22;34.41;180.07;460.75;180.37;489.73;480.26;80.42;0.09
880;0.00;105.20;0.00;103.69;0.00;0.00;58.97;17.22;34.40;180.05;461.48;180.42;492.86;483.43;80.42;0.08
885;0.00;105.01;0.00;105.00;0.00;0.00;58.99;17.20;34.40;180.04;462.23;180.43;493.89;484.56;80.42;0.08
890;0.00;105.03;0.00;105.00;0.00;0.00;59.01;17.22;34.40;180.05;462.56;180.45;495.08;486.05;80.42;0.10
895;0.00;105.00;0.00;105.01;0.00;0.00;59.06;17.27;34.40;180.05;463.46;180.46;495.34;486.65;80.43;0.11
900;0.00;105.00;0.00;105.00;0.00;0.00;58.99;17.25;34.40;180.06;464.13;180.46;495.16;486.65;80.42;0.11
905;0.00;105.00;0.00;104.98;0.00;0.00;58.98;17.20;34.40;180.06;464.92;180.44;494.75;486.44;80.42;0.10
910;0.00;105.21;0.00;104.05;0.00;0.00;58.99;17.22;34.39;180.06;466.07;180.41;494.16;486.04;80.42;0.09
915;0.00;105.01;0.00;105.00;0.00;0.00;59.02;17.22;34.39;180.06;466.41;180.37;492.67;484.86;80.42;0.08
920;0.00;105.00;0.00;105.00;0.00;0.00;58.99;17.22;34.39;180.05;466.69;180.36;491.78;484.16;80.42;0.10
925;0.00;104.78;0.00;104.92;0.00;0.00;59.02;17.19;34.38;180.04;467.31;180.33;490.87;483.38;80.42;0.11
930;0.00;105.00;0.00;104.99;0.00;0.00;59.01;17.22;34.39;180.05;467.77;180.29;488.90;482.56;80.42;0.11
935;0.00;105.00;0.00;104.98;0.00;0.00;58.98;17.19;34.38;180.05;468.18;180.28;487.88;480.77;80.42;0.09
940;0.00;104.98;0.00;104.99;0.00;0.00;59.05;17.27;34.38;180.04;468.36;180.28;486.84;479.86;80.42;0.08
945;0.00;104.99;0.00;104.99;0.00;0.00;59.01;17.20;34.38;180.07;468.20;180.30;485.79;478.91;80.42;0.08
950;0.00;105.01;0.00;105.01;0.00;0.00;59.03;17.22;34.37;180.07;468.07;180.33;483.68;477.08;80.42;0.08
955;0.00;105.00;0.00;104.99;0.00;0.00;59.07;17.30;34.37;180.06;468.11;180.36;482.89;476.34;80.42;0.11
960;0.00;105.00;0.00;105.01;0.00;0.00;59.04;17.20;34.37;180.06;468.24;180.42;480.85;474.47;80.42;0.11
965;0.00;105.00;0.00;104.97;0.00;0.00;58.96;17.22;34.36;180.05;468.36;180.44;479.78;473.50;80.42;0.09
970;0.00;105.21;0.00;104.53;0.00;0.00;59.00;17.22;34.37;180.03;468.18;180.47;478.72;472.52;80.42;0.08
975;0.00;105.01;0.00;104.99;0.00;0.00;58.99;17.22;34.36;180.04;467.41;180.50;477.66;471.56;80.42;0.08
980;0.00;105.02;0.00;104.99;0.00;0.00;59.03;17.22;34.36;180.04;467.02;180.51;475.54;469.60;80.42;0.08
985;0.00;104.78;0.00;104.99;0.00;0.00;59.01;17.22;34.35;180.04;466.79;180.50;474.59;468.70;80.42;0.11
990;0.00;104.96;0.00;105.01;0.00;0.00;59.01;17.25;34.35;180.05;466.67;180.50;473.86;467.94;80.42;0.11
995;0.00;104.99;0.00;104.99;0.00;0.00;58.97;17.20;34.34;180.05;466.58;180.46;473.52;467.46;80.42;0.11
1000;0.00;105.01;0.00;104.99;0.00;0.00;59.03;17.33;34.34;180.05;466.16;180.43;474.01;467.60;80.42;0.09
1005;0.00;105.03;0.00;104.99;0.00;0.00;59.01;17.20;34.35;180.05;465.72;180.41;474.98;468.28;80.42;0.08
1010;0.00;105.00;0.00;104.99;0.00;0.00;59.04;17.22;34.34;180.04;465.22;180.39;476.55;469.44;80.42;0.09
1015;0.00;105.10;0.00;105.44;0.00;0.00;59.01;17.27;34.34;180.04;465.36;180.36;481.60;471.20;80.42;0.11
1020;0.00;104.98;0.00;105.01;0.00;0.00;59.01;17.22;34.33;180.04;465.71;180.34;485.16;476.45;80.42;0.11
1025;0.00;105.01;0.00;104.99;0.00;0.00;58.98;17.20;34.33;180.03;466.16;180.34;489.37;480.01;80.42;0.10
1030;0.00;105.23;0.00;103.49;0.00;0.00;58.98;17.22;34.32;180.03;466.99;180.35;493.82;483.86;80.42;0.09
1035;0.00;105.00;0.00;104.99;0.00;0.00;59.02;17.23;34.32;180.03;467.47;180.37;502.99;492.05;80.42;0.08
1040;0.00;105.03;0.00;105.00;0.00;0.00;59.02;17.20;34.32;180.03;468.15;180.39;507.41;496.19;80.42;0.10
1045;0.00;105.00;0.00;104.99;0.00;0.00;59.02;17.22;34.31;180.04;469.00;180.40;511.64;500.03;80.42;0.11
1050;0.00;105.03;0.00;105.01;0.00;0.00;59.02;17.20;34.30;180.03;471.37;180.44;518.45;503.54;80.42;0.11
1055;0.00;105.00;0.00;104.99;0.00;0.00;58.96;17.23;34.31;180.04;472.80;180.45;520.84;509.09;80.42;0.11
1060;0.00;105.00;0.00;105.00;0.00;0.00;59.02;17.27;34.29;180.04;474.05;180.48;522.48;510.98;80.42;0.09
1065;0.00;105.01;0.00;105.00;0.00;0.00;59.01;17.23;34.29;180.04;476.31;180.48;523.46;512.20;80.42;0.08
1070;0.00;105.02;0.00;105.00;0.00;0.00;59.02;17.20;34.29;180.03;477.32;180.49;523.93;512.92;80.42;0.09
1075;0.00;104.92;0.00;105.04;0.00;0.00;59.01;17.20;34.28;180.02;478.32;180.49;523.62;513.17;80.42;0.11
1080;0.00;105.00;0.00;105.00;0.00;0.00;59.02;17.20;34.28;180.01;479.55;180.47;523.07;512.87;80.42;0.11
1085;0.00;104.99;0.00;104.97;0.00;0.00;58.99;17.20;34.27;180.01;481.96;180.45;522.34;512.37;80.42;0.11
1090;0.00;105.21;0.00;103.64;0.00;0.00;59.02;17.22;34.26;180.01;482.79;180.44;520.49;510.94;80.42;0.09
1095;0.00;105.02;0.00;105.00;0.00;0.00;59.01;17.22;34.26;180.01;483.36;180.44;519.39;510.08;80.42;0.08
1100;0.00;105.02;0.00;105.01;0.00;0.00;59.03;17.22;34.26;180.04;484.32;180.42;518.26;509.14;80.42;0.10
1105;0.00;105.00;0.00;105.01;0.00;0.00;59.08;17.28;34.26;180.04;484.91;180.42;515.87;508.15;80.42;0.11
1110;0.00;104.98;0.00;105.01;0.00;0.00;59.02;17.23;34.25;180.04;485.65;180.41;514.63;506.04;80.42;0.11
1115;0.00;105.01;0.00;104.99;0.00;0.00;58.99;17.20;34.25;180.04;486.35;180.41;513.38;504.92;80.42;0.10
1120;0.00;105.22;0.00;104.37;0.00;0.00;58.99;17.27;34.24;180.03;486.83;180.42;512.12;503.80;80.42;0.09
1125;0.00;104.99;0.00;105.00;0.00;0.00;59.02;17.22;34.25;180.03;486.79;180.44;509.53;501.54;80.42;0.08
1130;0.00;105.02;0.00;104.99;0.00;0.00;59.05;17.22;34.23;180.03;486.72;180.45;508.26;500.36;80.42;0.10
1135;0.00;104.82;0.00;105.07;0.00;0.00;59.01;17.20;34.24;180.03;486.74;180.45;506.97;499.21;80.42;0.11
1140;0.00;105.01;0.00;105.01;0.00;0.00;59.00;17.23;34.23;180.03;487.28;180.48;505.70;498.06;80.42;0.11
1145;0.00;104.99;0.00;104.99;0.00;0.00;58.98;17.22;34.22;180.03;487.51;180.48;503.16;495.77;80.42;0.11
1150;0.00;104.99;0.00;104.99;0.00;0.00;59.03;17.28;34.21;180.04;487.27;180.49;501.87;494.60;80.42;0.09
1155;0.00;105.00;0.00;104.97;0.00;0.00;59.01;17.22;34.21;180.04;486.83;180.50;500.62;493.46;80.42;0.08
1160;0.00;105.01;0.00;104.99;0.00;0.00;59.01;17.22;34.20;180.04;485.96;180.51;498.16;492.33;80.42;0.09
1165;0.00;105.09;0.00;105.36;0.00;0.00;59.02;17.23;34.20;180.04;485.80;180.51;496.91;490.06;80.42;0.11
1170;0.00;105.00;0.00;105.01;0.00;0.00;59.02;17.20;34.20;180.03;485.81;180.50;495.77;489.00;80.42;0.11
1175;0.00;104.99;0.00;104.97;0.00;0.00;59.00;17.20;34.19;180.01;485.66;180.49;494.82;488.07;80.42;0.11
1180;0.00;105.21;0.00;103.62;0.00;0.00;58.98;17.20;34.17;180.01;485.06;180.46;493.89;486.95;80.42;0.09
1185;0.00;105.01;0.00;105.00;0.00;0.00;59.01;17.23;34.18;180.01;484.50;180.43;494.11;486.97;80.42;0.08
1190;0.00;105.03;0.00;105.00;0.00;0.00;59.04;17.22;34.16;180.03;484.02;180.40;495.02;487.54;80.42;0.10
1195;0.00;105.02;0.00;105.26;0.00;0.00;59.03;17.27;34.16;180.03;483.92;180.35;496.81;488.85;80.42;0.11
1200;0.00;105.02;0.00;104.99;0.00;0.00;59.02;17.22;34.15;180.03;484.32;180.33;503.49;494.02;80.42;0.11
1205;0.00;104.98;0.00;104.97;0.00;0.00;58.97;17.22;34.14;180.02;484.86;180.32;508.12;497.94;80.42;0.10
1210;0.00;105.22;0.00;103.47;0.00;0.00;58.99;17.20;34.13;180.01;485.49;180.31;513.38;502.41;80.42;0.09
1215;0.00;105.00;0.00;104.99;0.00;0.00;59.00;17.23;34.12;180.01;486.03;180.32;524.84;507.32;80.42;0.08
1220;0.00;105.03;0.00;105.00;0.00;0.00;59.02;17.23;34.12;180.03;486.76;180.34;530.72;517.89;80.42;0.09
1225;0.00;104.99;0.00;104.99;0.00;0.00;59.06;17.27;34.10;180.04;487.87;180.36;536.65;523.14;80.42;0.12
1230;0.00;105.00;0.00;105.00;0.00;0.00;59.02;17.22;34.09;180.04;491.04;180.38;542.11;528.20;80.42;0.11
1235;0.00;105.01;0.00;104.98;0.00;0.00;58.98;17.22;34.09;180.02;492.88;180.43;550.98;536.88;80.42;0.11
1240;0.00;105.00;0.00;105.26;0.00;0.00;59.01;17.27;34.09;180.00;494.46;180.46;553.92;539.98;80.42;0.09
1245;0.00;105.04;0.00;104.99;0.00;0.00;59.01;17.20;34.07;179.99;495.80;180.47;555.90;542.21;80.42;0.08
1250;0.00;105.02;0.00;104.99;0.00;0.00;59.05;17.23;34.07;179.99;498.63;180.49;557.01;543.71;80.42;0.10
1255;0.00;104.97;0.00;105.12;0.00;0.00;58.99;17.19;34.07;180.01;500.10;180.47;557.42;544.83;80.42;0.11
1260;0.00;105.00;0.00;105.01;0.00;0.00;59.02;17.22;34.06;180.02;501.88;180.47;557.00;544.75;80.42;0.12
1265;0.00;105.00;0.00;104.98;0.00;0.00;58.98;17.17;34.05;180.03;505.23;180.44;556.30;544.38;80.42;0.11
1270;0.00;105.22;0.00;103.61;0.00;0.00;59.01;17.22;34.05;180.03;506.29;180.39;554.32;543.77;80.42;0.10
1275;0.00;105.01;0.00;105.00;0.00;0.00;58.99;17.20;34.04;180.02;507.07;180.35;553.12;542.06;80.42;0.09
1280;0.00;105.03;0.00;105.01;0.00;0.00;59.02;17.20;34.04;180.01;507.79;180.33;551.79;540.99;80.42;0.11
1285;0.00;105.00;0.00;105.00;0.00;0.00;59.06;17.28;34.03;179.98;509.39;180.30;550.44;539.87;80.42;0.12
1290;0.00;104.99;0.00;105.02;0.00;0.00;58.99;17.20;34.04;179.98;510.49;180.26;547.58;537.46;80.42;0.12
1295;0.00;105.00;0.00;104.98;0.00;0.00;58.97;17.20;34.03;179.98;511.53;180.25;546.11;536.19;80.42;0.11
1300;0.00;105.22;0.00;103.95;0.00;0.00;58.98;17.25;34.03;180.01;512.01;180.24;544.62;534.90;80.42;0.10
1305;0.00;105.03;0.00;104.99;0.00;0.00;59.01;17.20;34.02;180.02;511.98;180.26;543.12;533.55;80.42;0.09
1310;0.00;105.03;0.00;105.00;0.00;0.00;59.05;17.22;34.02;180.03;511.90;180.28;540.07;530.88;80.42;0.09
1315;0.00;104.67;0.00;104.99;0.00;0.00;59.01;17.22;34.01;180.04;512.07;180.30;538.57;529.53;80.42;0.12
1320;0.00;104.97;0.00;105.01;0.00;0.00;59.01;17.22;34.01;180.02;513.04;180.32;537.06;528.15;80.42;0.12
1325;0.00;105.00;0.00;104.98;0.00;0.00;58.97;17.20;34.02;179.99;513.39;180.36;534.08;526.81;80.42;0.12
1330;0.00;105.01;0.00;105.00;0.00;0.00;59.05;17.30;34.02;179.98;512.98;180.37;532.60;524.10;80.42;0.09
1335;0.00;105.02;0.00;104.99;0.00;0.00;59.01;17.23;34.01;179.98;512.40;180.38;531.12;522.80;80.42;0.09
1340;0.00;105.02;0.00;104.99;0.00;0.00;59.03;17.23;34.01;180.00;511.37;180.39;529.63;521.43;80.42;0.10
1345;0.00;105.05;0.00;105.26;0.00;0.00;58.99;17.19;34.00;180.01;511.31;180.39;526.75;518.82;80.42;0.12
1350;0.00;104.98;0.00;105.01;0.00;0.00;59.02;17.23;34.01;180.02;511.45;180.37;525.34;517.49;80.42;0.12
1355;0.00;104.99;0.00;104.97;0.00;0.00;58.95;17.19;34.01;180.04;511.58;180.35;523.91;516.22;80.42;0.11
1360;0.00;105.21;0.00;104.99;0.00;0.00;58.99;17.22;34.01;180.03;510.42;180.30;522.61;515.01;80.42;0.10
1365;0.00;105.00;0.00;104.99;0.00;0.00;59.03;17.20;34.01;180.02;509.63;180.28;520.77;513.15;80.42;0.09
1370;0.00;105.00;0.00;105.01;0.00;0.00;59.04;17.25;34.01;180.00;508.93;180.26;520.78;512.90;80.42;0.11
1375;0.00;105.00;0.00;104.99;0.00;0.00;59.05;17.27;34.01;180.01;508.78;180.23;521.82;513.51;80.42;0.12
1380;0.00;104.99;0.00;105.01;0.00;0.00;59.00;17.22;34.01;180.01;509.23;180.21;527.55;515.10;80.42;0.12
1385;0.00;105.01;0.00;104.97;0.00;0.00;58.98;17.22;34.01;180.03;509.77;180.20;531.92;521.34;80.42;0.10
1390;0.00;105.24;0.00;103.93;0.00;0.00;59.00;17.20;34.01;180.04;509.83;180.22;537.03;525.64;80.42;0.10
1395;0.00;104.99;0.00;105.00;0.00;0.00;58.99;17.23;34.01;180.05;510.17;180.24;542.71;530.51;80.42;0.09
1400;0.00;105.00;0.00;104.99;0.00;0.00;59.03;17.25;34.00;180.05;510.85;180.28;555.37;541.63;80.42;0.09
1405;0.00;104.76;0.00;105.08;0.00;0.00;58.99;17.20;34.01;180.04;512.08;180.31;562.01;547.54;80.42;0.12
1410;0.00;104.99;0.00;105.01;0.00;0.00;59.00;17.23;34.02;180.03;513.93;180.33;568.61;553.50;80.42;0.12
1415;0.00;105.00;0.00;104.97;0.00;0.00;58.98;17.20;34.01;180.03;517.90;180.36;574.82;559.37;80.42;0.12
1420;0.00;105.21;0.00;104.99;0.00;0.00;59.02;17.20;34.01;180.02;519.38;180.37;584.43;568.72;80.42;0.10
1425;0.00;104.99;0.00;104.99;0.00;0.00;59.01;17.20;34.02;180.02;520.80;180.37;587.29;571.88;80.42;0.09
1430;0.00;105.00;0.00;105.01;0.00;0.00;59.02;17.22;34.01;180.03;523.75;180.36;589.06;574.09;80.42;0.11
1435;0.00;104.99;0.00;105.11;0.00;0.00;59.03;17.28;34.01;180.04;525.73;180.33;590.16;575.39;80.42;0.12
1440;0.00;105.00;0.00;104.99;0.00;0.00;59.01;17.23;34.01;180.05;527.80;180.30;589.86;576.15;80.42;0.13
1445;0.00;105.02;0.00;104.97;0.00;0.00;58.98;17.19;34.02;180.06;530.00;180.27;589.18;575.87;80.42;0.12
1450;0.00;105.24;0.00;103.61;0.00;0.00;58.99;17.22;34.01;180.05;532.66;180.25;588.22;575.26;80.42;0.10
1455;0.00;105.00;0.00;104.99;0.00;0.00;59.01;17.20;34.01;180.04;533.46;180.21;585.72;573.42;80.42;0.09
1460;0.00;105.00;0.00;105.01;0.00;0.00;59.01;17.22;34.01;180.02;534.12;180.19;584.27;572.27;80.42;0.12
1465;0.00;104.73;0.00;105.09;0.00;0.00;59.00;17.25;34.02;180.00;534.93;180.18;582.73;571.02;80.42;0.13
1470;0.00;105.00;0.00;105.01;0.00;0.00;59.00;17.20;34.02;180.00;537.54;180.17;581.13;569.69;80.42;0.12
1475;0.00;105.01;0.00;104.99;0.00;0.00;58.96;17.20;34.02;180.02;538.79;180.18;577.76;566.82;80.42;0.13
1480;0.00;104.99;0.00;105.00;0.00;0.00;59.01;17.28;34.02;180.05;539.07;180.20;576.06;565.34;80.42;0.10
1485;0.00;105.00;0.00;105.00;0.00;0.00;59.02;17.22;34.03;180.08;538.65;180.21;574.34;563.84;80.42;0.09
1490;0.00;105.02;0.00;104.99;0.00;0.00;59.02;17.23;34.04;180.07;538.43;180.26;570.90;562.33;80.42;0.10
1495;0.00;105.00;0.00;105.13;0.00;0.00;59.03;17.28;34.03;180.06;538.73;180.28;569.18;559.24;80.41;0.13
1500;0.00;105.01;0.00;105.01;0.00;0.00;59.01;17.23;34.02;180.02;539.42;180.31;567.46;557.71;80.41;0.13
1505;0.00;105.01;0.00;104.99;0.00;0.00;58.98;17.19;34.03;180.02;540.38;180.35;565.76;556.18;80.41;0.13
1510;0.00;105.25;0.00;103.66;0.00;0.00;58.99;17.23;34.03;180.03;539.62;180.36;562.34;553.09;80.41;0.11
1515;0.00;104.99;0.00;104.99;0.00;0.00;59.03;17.22;34.03;180.04;538.73;180.36;560.67;551.58;80.41;0.10
1520;0.00;105.01;0.00;104.99;0.00;0.00;59.03;17.23;34.04;180.06;538.00;180.35;559.02;550.08;80.41;0.11
1525;0.00;104.70;0.00;105.16;0.00;0.00;59.02;17.20;34.04;180.06;537.50;180.31;557.37;548.58;80.41;0.13
1530;0.00;104.99;0.00;104.99;0.00;0.00;59.02;17.25;34.04;180.05;537.79;180.27;554.26;545.68;80.41;0.12
1535;0.00;104.98;0.00;104.97;0.00;0.00;58.99;17.19;34.05;180.05;538.05;180.24;552.92;544.43;80.41;0.12
1540;0.00;105.01;0.00;105.01;0.00;0.00;59.02;17.28;34.04;180.04;536.36;180.21;551.87;543.39;80.41;0.10
1545;0.00;105.01;0.00;104.98;0.00;0.00;59.02;17.23;34.05;180.04;535.36;180.14;551.07;542.63;80.41;0.09
1550;0.00;105.03;0.00;104.99;0.00;0.00;59.03;17.20;34.05;180.03;534.63;180.13;551.93;542.83;80.41;0.12
1555;0.00;104.89;0.00;105.19;0.00;0.00;58.99;17.19;34.05;180.04;534.47;180.13;553.98;544.27;80.41;0.13
1560;0.00;104.98;0.00;105.02;0.00;0.00;59.02;17.20;34.06;180.05;535.81;180.14;557.18;546.72;80.41;0.12
1565;0.00;104.99;0.00;104.98;0.00;0.00;58.97;17.19;34.05;180.06;536.65;180.16;566.25;554.22;80.41;0.13
1570;0.00;105.23;0.00;105.01;0.00;0.00;59.01;17.22;34.07;180.07;536.68;180.19;571.73;558.91;80.41;0.10
1575;0.00;105.01;0.00;105.00;0.00;0.00;59.01;17.19;34.06;180.07;537.16;180.23;577.63;564.06;80.41;0.09
1580;0.00;105.03;0.00;104.99;0.00;0.00;59.05;17.23;34.06;180.07;537.95;180.29;590.23;569.55;80.41;0.10
1585;0.00;105.01;0.00;105.19;0.00;0.00;58.99;17.27;34.07;180.07;539.68;180.32;596.74;581.28;80.41;0.12
1590;0.00;104.99;0.00;105.02;0.00;0.00;59.01;17.22;34.08;180.06;542.01;180.34;603.23;587.04;80.41;0.13
1595;0.00;105.00;0.00;104.99;0.00;0.00;58.98;17.22;34.07;180.03;546.49;180.35;608.90;592.37;80.41;0.13
1600;0.00;105.26;0.00;103.53;0.00;0.00;58.96;17.22;34.07;180.02;547.69;180.34;616.71;600.39;80.41;0.11
1605;0.00;104.99;0.00;105.01;0.00;0.00;59.01;17.22;34.07;180.02;548.92;180.31;618.73;602.87;80.41;0.10
1610;0.00;105.02;0.00;105.00;0.00;0.00;59.02;17.22;34.09;180.04;550.31;180.28;619.77;604.33;80.41;0.12
1615;0.00;104.98;0.00;105.00;0.00;0.00;59.05;17.25;34.08;180.05;553.80;180.20;620.01;605.04;80.41;0.13
1620;0.00;105.00;0.00;105.01;0.00;0.00;59.00;17.22;34.08;180.06;556.19;180.16;618.88;604.81;80.41;0.13
1625;0.00;105.01;0.00;104.99;0.00;0.00;58.99;17.20;34.07;180.06;558.35;180.12;617.78;604.12;80.41;0.12
1630;0.00;105.03;0.00;105.42;0.00;0.00;59.01;17.25;34.09;180.07;560.25;180.09;616.45;603.17;80.41;0.11
1635;0.00;105.01;0.00;104.99;0.00;0.00;59.02;17.19;34.08;180.07;560.63;180.05;613.30;601.99;80.41;0.10
1640;0.00;105.03;0.00;104.99;0.00;0.00;59.03;17.22;34.09;180.06;560.98;180.05;611.57;599.27;80.42;0.13
1645;0.00;104.86;0.00;105.25;0.00;0.00;58.98;17.19;34.09;180.04;561.66;180.07;609.78;597.76;80.41;0.14
1650;0.00;104.99;0.00;105.01;0.00;0.00;59.02;17.22;34.08;180.03;564.46;180.09;607.93;596.19;80.41;0.13
1655;0.00;104.99;0.00;104.97;0.00;0.00;58.97;17.19;34.09;180.05;565.56;180.16;604.16;592.89;80.41;0.14
1660;0.00;104.98;0.00;105.00;0.00;0.00;59.03;17.19;34.09;180.06;565.35;180.21;602.25;591.21;80.42;0.11
1665;0.00;105.01;0.00;104.99;0.00;0.00;59.05;17.20;34.10;180.07;564.63;180.25;600.29;589.53;80.41;0.10
1670;0.00;105.01;0.00;105.00;0.00;0.00;59.02;17.22;34.10;180.07;563.60;180.33;598.43;587.83;80.41;0.11
1675;0.00;105.10;0.00;105.44;0.00;0.00;59.02;17.27;34.10;180.06;563.89;180.36;594.59;584.43;80.41;0.13
1680;0.00;104.99;0.00;105.01;0.00;0.00;59.02;17.20;34.11;180.06;564.63;180.38;592.71;582.70;80.41;0.14
1685;0.00;104.98;0.00;104.98;0.00;0.00;58.99;17.23;34.11;180.05;565.41;180.39;590.84;581.01;80.41;0.13
1690;0.00;105.27;0.00;103.49;0.00;0.00;58.99;17.23;34.11;180.05;564.16;180.37;587.15;579.33;80.42;0.12
1695;0.00;105.04;0.00;104.98;0.00;0.00;59.01;17.20;34.11;180.06;562.86;180.34;585.33;576.02;80.41;0.10
1700;0.00;105.01;0.00;104.99;0.00;0.00;59.02;17.23;34.13;180.07;561.83;180.30;583.57;574.40;80.41;0.12
1705;0.00;104.64;0.00;105.24;0.00;0.00;59.00;17.23;34.11;180.07;561.43;180.19;582.19;573.07;80.42;0.13
1710;0.00;104.99;0.00;105.01;0.00;0.00;59.01;17.22;34.13;180.07;562.01;180.14;581.96;572.30;80.41;0.13
1715;0.00;105.02;0.00;104.97;0.00;0.00;58.98;17.22;34.13;180.07;562.62;180.09;583.32;573.16;80.41;0.12
1720;0.00;105.00;0.00;104.98;0.00;0.00;59.02;17.30;34.13;180.06;562.09;180.05;585.45;574.74;80.41;0.11
1725;0.00;105.01;0.00;105.00;0.00;0.00;59.01;17.20;34.14;180.05;560.35;180.00;591.58;577.03;80.41;0.10
1730;0.00;105.03;0.00;105.00;0.00;0.00;59.03;17.25;34.13;180.05;560.07;180.00;595.79;583.30;80.42;0.11
1735;0.00;104.97;0.00;105.26;0.00;0.00;58.98;17.22;34.14;180.05;560.71;180.03;600.55;587.35;80.42;0.14
1740;0.00;105.01;0.00;105.01;0.00;0.00;59.01;17.22;34.14;180.07;564.05;180.06;605.85;591.93;80.41;0.13
1745;0.00;104.98;0.00;104.98;0.00;0.00;58.97;17.22;34.13;180.09;565.86;180.16;617.30;602.15;80.41;0.14
1750;0.00;105.27;0.00;105.00;0.00;0.00;58.99;17.22;34.14;180.09;566.41;180.21;622.78;607.17;80.41;0.11
1755;0.00;105.00;0.00;104.98;0.00;0.00;58.99;17.22;34.14;180.09;566.81;180.26;627.63;611.78;80.41;0.10
1760;0.00;105.02;0.00;104.99;0.00;0.00;59.05;17.20;34.14;180.07;568.73;180.34;631.77;615.83;80.41;0.12
1765;0.00;105.08;0.00;105.41;0.00;0.00;59.01;17.25;34.14;180.05;570.55;180.36;637.98;622.12;80.42;0.13
1770;0.00;104.98;0.00;105.00;0.00;0.00;59.01;17.20;34.14;180.05;572.85;180.37;639.97;624.35;80.41;0.14
1775;0.00;104.99;0.00;104.96;0.00;0.00;58.98;17.17;34.15;180.06;576.87;180.35;641.12;625.77;80.41;0.14
1780;0.00;105.27;0.00;103.62;0.00;0.00;58.98;17.22;34.15;180.07;577.73;180.29;641.22;626.56;80.42;0.12
1785;0.00;105.03;0.00;105.01;0.00;0.00;59.02;17.20;34.15;180.06;578.37;180.24;640.47;626.36;80.41;0.11
1790;0.00;105.02;0.00;105.01;0.00;0.00;59.03;17.22;34.16;180.06;579.07;180.20;639.31;625.64;80.41;0.13
1795;0.00;105.02;0.00;104.99;0.00;0.00;59.00;17.23;34.16;180.06;581.59;180.14;637.92;624.62;80.41;0.14
1800;0.00;104.98;0.00;105.01;0.00;0.00;59.02;17.22;34.16;180.07;583.52;180.06;634.59;621.95;80.41;0.14
1805;0.00;104.99;0.00;104.97;0.00;0.00;58.99;17.19;34.16;180.07;585.21;180.03;632.76;620.43;80.42;0.13
1810;0.00;105.25;0.00;103.98;0.00;0.00;58.99;17.22;34.16;180.08;585.55;180.01;630.80;618.77;80.41;0.12
1815;0.00;105.01;0.00;105.00;0.00;0.00;59.03;17.22;34.16;180.08;584.42;180.00;628.84;617.09;80.41;0.11
1820;0.00;105.01;0.00;104.99;0.00;0.00;59.05;17.25;34.17;180.07;583.99;180.02;624.84;613.60;80.41;0.12
1825;0.00;104.72;0.00;105.34;0.00;0.00;59.01;17.25;34.16;180.07;584.35;180.05;622.77;611.77;80.41;0.15
1830;0.00;104.97;0.00;105.00;0.00;0.00;59.02;17.22;34.17;180.07;586.38;180.08;620.74;609.97;80.41;0.14
1835;0.00;105.00;0.00;104.97;0.00;0.00;58.97;17.22;34.16;180.07;586.91;180.16;616.71;608.17;80.41;0.15
1840;0.00;105.02;0.00;105.01;0.00;0.00;59.03;17.28;34.17;180.08;585.70;180.19;614.72;604.56;80.41;0.12
1845;0.00;105.02;0.00;105.00;0.00;0.00;59.01;17.22;34.17;180.08;584.21;180.23;612.73;602.76;80.42;0.11
1850;0.00;105.02;0.00;104.99;0.00;0.00;59.04;17.23;34.17;180.08;582.27;180.25;610.84;601.05;80.42;0.12
1855;0.00;104.96;0.00;105.44;0.00;0.00;59.00;17.22;34.16;180.08;582.61;180.27;608.59;598.70;80.42;0.14
1860;0.00;104.99;0.00;105.01;0.00;0.00;59.01;17.23;34.17;180.08;583.45;180.26;608.91;598.66;80.42;0.14
1865;0.00;104.99;0.00;104.98;0.00;0.00;58.98;17.20;34.17;180.06;584.27;180.24;610.23;599.48;80.42;0.14
1870;0.00;105.27;0.00;103.26;0.00;0.00;59.01;17.22;34.17;180.06;582.98;180.18;612.27;601.02;80.42;0.12
1875;0.00;105.03;0.00;105.00;0.00;0.00;59.01;17.20;34.18;180.06;582.13;180.14;617.91;605.76;80.42;0.11
1880;0.00;105.01;0.00;105.01;0.00;0.00;59.03;17.22;34.17;180.07;581.76;180.10;621.76;608.93;80.41;0.13
1885;0.00;105.01;0.00;105.00;0.00;0.00;59.05;17.30;34.17;180.10;583.94;180.06;626.18;612.69;80.42;0.14
1890;0.00;105.01;0.00;105.01;0.00;0.00;59.02;17.19;34.18;180.10;586.12;180.00;636.53;616.98;80.41;0.14
1895;0.00;104.98;0.00;104.97;0.00;0.00;58.97;17.19;34.18;180.10;588.22;179.98;641.98;626.54;80.42;0.13
1900;0.00;105.30;0.00;103.76;0.00;0.00;58.98;17.20;34.18;180.09;588.87;179.98;647.02;631.17;80.42;0.12
1905;0.00;105.00;0.00;104.99;0.00;0.00;59.02;17.22;34.18;180.09;589.51;180.00;651.29;635.40;80.41;0.11
1910;0.00;105.01;0.00;105.01;0.00;0.00;59.01;17.25;34.18;180.08;590.40;180.01;657.52;641.69;80.41;0.12
1915;0.00;104.63;0.00;105.01;0.00;0.00;58.98;17.22;34.18;180.08;592.28;180.05;659.68;643.98;80.42;0.15
1920;0.00;105.01;0.00;105.01;0.00;0.00;59.02;17.20;34.19;180.09;595.04;180.09;661.21;645.71;80.42;0.14
1925;0.00;104.99;0.00;104.97;0.00;0.00;58.99;17.20;34.18;180.09;599.91;180.15;662.12;646.85;80.41;0.15
1930;0.00;105.01;0.00;105.28;0.00;0.00;59.01;17.30;34.19;180.10;600.04;180.18;661.63;647.23;80.42;0.13
1935;0.00;105.02;0.00;104.99;0.00;0.00;59.01;17.17;34.19;180.11;599.90;180.20;660.66;646.68;80.42;0.12
1940;0.00;105.01;0.00;105.00;0.00;0.00;59.02;17.22;34.19;180.12;600.52;180.21;659.35;645.76;80.42;0.13
1945;0.00;104.84;0.00;105.46;0.00;0.00;58.98;17.20;34.18;180.11;602.12;180.21;656.04;643.16;80.42;0.15
1950;0.00;104.99;0.00;105.01;0.00;0.00;59.02;17.23;34.19;180.09;604.19;180.20;654.16;641.60;80.42;0.15
1955;0.00;105.00;0.00;105.00;0.00;0.00;58.97;17.23;34.19;180.07;606.05;180.17;652.19;639.89;80.42;0.15
1960;0.00;105.30;0.00;104.99;0.00;0.00;58.99;17.20;34.19;180.08;605.00;180.11;650.09;638.13;80.42;0.13
1965;0.00;105.02;0.00;104.99;0.00;0.00;59.01;17.22;34.19;180.10;603.83;180.06;645.89;634.47;80.42;0.12
1970;0.00;105.01;0.00;104.99;0.00;0.00;59.02;17.23;34.20;180.11;602.99;180.03;643.76;632.59;80.42;0.14
1975;0.00;105.01;0.00;105.25;0.00;0.00;59.02;17.25;34.20;180.12;604.04;180.00;641.64;630.65;80.41;0.15
1980;0.00;105.00;0.00;105.01;0.00;0.00;59.02;17.20;34.20;180.11;605.18;179.95;637.66;628.81;80.42;0.15
1985;0.00;105.00;0.00;104.97;0.00;0.00;59.00;17.22;34.20;180.11;606.02;179.94;635.78;625.31;80.42;0.15
1990;0.00;105.29;0.00;103.48;0.00;0.00;58.96;17.19;34.20;180.11;604.69;179.95;633.90;623.61;80.42;0.13
1995;0.00;105.01;0.00;104.99;0.00;0.00;58.99;17.25;34.21;180.11;602.06;179.97;631.58;621.50;80.41;0.12
2000;0.00;105.03;0.00;105.00;0.00;0.00;59.01;17.23;34.21;180.12;600.02;179.99;630.66;620.50;80.41;0.13
2005;0.00;104.96;0.00;105.44;0.00;0.00;58.99;17.25;34.21;180.13;601.04;180.05;632.73;620.46;80.41;0.15
2010;0.00;105.00;0.00;105.01;0.00;0.00;59.02;17.20;34.21;180.14;602.47;180.08;635.64;623.81;80.42;0.14
2015;0.00;105.01;0.00;104.97;0.00;0.00;58.99;17.20;34.21;180.15;604.02;180.11;639.60;626.92;80.42;0.14
2020;0.00;105.30;0.00;103.41;0.00;0.00;58.99;17.22;34.21;180.12;602.93;180.14;644.09;630.68;80.41;0.13
2025;0.00;105.02;0.00;105.00;0.00;0.00;59.01;17.20;34.21;180.10;602.53;180.18;654.18;639.49;80.41;0.12
2030;0.00;105.01;0.00;104.99;0.00;0.00;59.00;17.20;34.22;180.09;602.80;180.18;659.63;644.34;80.42;0.14
2035;0.00;105.02;0.00;105.01;0.00;0.00;59.06;17.27;34.22;180.10;604.33;180.18;665.27;649.55;80.42;0.15
2040;0.00;105.02;0.00;105.01;0.00;0.00;59.01;17.22;34.22;180.13;610.67;180.14;671.18;654.77;80.42;0.15
2045;0.00;105.00;0.00;104.97;0.00;0.00;58.98;17.20;34.23;180.14;613.42;180.11;681.28;664.40;80.42;0.15
2050;0.00;105.25;0.00;104.44;0.00;0.00;58.99;17.22;34.23;180.15;613.97;180.08;684.65;667.93;80.42;0.13
2055;0.00;105.04;0.00;104.99;0.00;0.00;59.02;17.20;34.23;180.11;614.56;180.05;686.72;670.34;80.42;0.12
2060;0.00;105.01;0.00;104.99;0.00;0.00;59.02;17.23;34.23;180.09;615.42;179.99;687.74;671.72;80.42;0.13
2065;0.00;104.66;0.00;105.38;0.00;0.00;59.00;17.27;34.23;180.08;617.73;179.98;687.13;672.06;80.41;0.15
2070;0.00;105.00;0.00;105.01;0.00;0.00;58.99;17.23;34.23;180.08;620.51;179.97;686.02;671.39;80.42;0.15
2075;0.00;105.00;0.00;104.99;0.00;0.00;58.99;17.20;34.24;180.10;624.93;179.96;684.55;670.33;80.42;0.16
2080;0.00;104.99;0.00;105.01;0.00;0.00;59.05;17.30;34.24;180.12;624.07;179.97;680.89;667.40;80.41;0.14
2085;0.00;105.02;0.00;104.98;0.00;0.00;59.01;17.23;34.23;180.13;623.11;179.98;678.77;665.69;80.42;0.13
2090;0.00;105.01;0.00;104.99;0.00;0.00;59.04;17.23;34.23;180.13;622.61;180.01;676.61;663.87;80.41;0.14
2095;0.00;105.03;0.00;105.52;0.00;0.00;59.01;17.22;34.24;180.13;624.20;180.04;674.39;661.96;80.42;0.15
2100;0.00;104.99;0.00;105.03;0.00;0.00;59.02;17.22;34.24;180.12;626.01;180.05;669.83;657.93;80.42;0.15
2105;0.00;105.00;0.00;104.99;0.00;0.00;58.96;17.20;34.24;180.11;627.43;180.07;667.53;655.89;80.42;0.15
2110;0.00;105.30;0.00;103.53;0.00;0.00;59.00;17.22;34.24;180.10;624.55;180.08;665.21;653.83;80.41;0.14
2115;0.00;105.01;0.00;105.00;0.00;0.00;59.02;17.22;34.24;180.10;622.76;180.08;660.59;651.77;80.41;0.12
2120;0.00;105.02;0.00;104.99;0.00;0.00;59.03;17.22;34.25;180.10;621.39;180.06;658.64;647.92;80.42;0.15
2125;0.00;104.99;0.00;105.00;0.00;0.00;59.05;17.33;34.25;180.10;621.50;180.05;657.54;646.75;80.42;0.16
2130;0.00;104.97;0.00;105.01;0.00;0.00;59.03;17.23;34.25;180.13;624.54;180.04;657.69;646.52;80.41;0.15
2135;0.00;105.01;0.00;104.97;0.00;0.00;58.99;17.20;34.25;180.13;625.59;180.01;660.94;648.68;80.42;0.16
2140;0.00;105.30;0.00;103.94;0.00;0.00;58.98;17.22;34.25;180.13;623.94;180.00;663.16;650.54;80.42;0.14
2145;0.00;105.02;0.00;104.99;0.00;0.00;59.01;17.19;34.25;180.12;622.08;180.00;665.50;652.60;80.42;0.12
2150;0.00;105.02;0.00;105.00;0.00;0.00;59.02;17.20;34.26;180.12;621.26;179.98;668.28;655.01;80.42;0.13
2155;0.00;104.60;0.00;104.99;0.00;0.00;59.00;17.20;34.25;180.12;623.19;179.98;675.80;661.55;80.42;0.15
2160;0.00;104.99;0.00;105.03;0.00;0.00;59.02;17.23;34.26;180.12;625.80;179.99;680.39;665.58;80.41;0.16
2165;0.00;105.01;0.00;104.97;0.00;0.00;58.98;17.22;34.26;180.14;630.15;179.99;685.30;669.82;80.42;0.16
2170;0.00;105.03;0.00;105.45;0.00;0.00;59.01;17.27;34.26;180.14;629.27;180.00;693.24;673.93;80.42;0.14
2175;0.00;105.04;0.00;104.98;0.00;0.00;59.02;17.20;34.27;180.13;628.92;180.00;695.88;680.10;80.42;0.13
2180;0.00;105.00;0.00;105.00;0.00;0.00;59.02;17.20;34.27;180.12;629.32;180.00;698.04;682.32;80.42;0.14
2185;0.00;104.75;0.00;105.56;0.00;0.00;59.02;17.17;34.27;180.10;633.64;180.00;700.01;684.34;80.42;0.16
2190;0.00;104.97;0.00;105.00;0.00;0.00;59.04;17.22;34.27;180.09;636.87;180.01;703.35;687.65;80.42;0.15
2195;0.00;105.00;0.00;104.98;0.00;0.00;58.99;17.25;34.27;180.10;639.78;180.01;704.14;688.67;80.42;0.16
2200;0.00;105.00;0.00;104.98;0.00;0.00;58.99;17.23;34.29;180.12;640.09;180.02;704.14;689.03;80.42;0.15
2205;0.00;105.01;0.00;104.99;0.00;0.00;59.02;17.22;34.29;180.14;638.57;180.02;703.48;688.79;80.42;0.13
2210;0.00;105.00;0.00;104.99;0.00;0.00;59.02;17.25;34.29;180.15;638.38;180.02;700.77;686.88;80.42;0.14
2215;0.00;105.01;0.00;104.99;0.00;0.00;59.09;17.27;34.29;180.16;639.64;180.01;698.95;685.44;80.42;0.16
2220;0.00;105.00;0.00;105.01;0.00;0.00;59.01;17.22;34.28;180.13;643.99;180.01;696.88;683.79;80.42;0.16
2225;0.00;104.99;0.00;104.98;0.00;0.00;58.98;17.20;34.28;180.12;645.41;180.01;692.47;681.99;80.42;0.16
2230;0.00;105.08;0.00;105.49;0.00;0.00;58.99;17.25;34.28;180.12;643.60;180.01;690.16;678.00;80.42;0.14
2235;0.00;105.02;0.00;104.99;0.00;0.00;58.99;17.20;34.29;180.12;641.58;180.00;687.81;675.94;80.42;0.13
2240;0.00;105.03;0.00;105.00;0.00;0.00;59.04;17.23;34.29;180.15;639.40;179.98;685.54;673.94;80.42;0.14
2245;0.00;104.78;0.00;105.58;0.00;0.00;59.01;17.20;34.29;180.16;640.58;179.98;682.80;671.25;80.42;0.16
2250;0.00;104.98;0.00;105.01;0.00;0.00;59.03;17.19;34.29;180.17;642.46;179.98;682.96;671.05;80.42;0.16
2255;0.00;104.99;0.00;104.97;0.00;0.00;58.98;17.23;34.29;180.14;644.10;179.98;683.85;671.54;80.41;0.16
2260;0.00;104.98;0.00;105.00;0.00;0.00;59.02;17.22;34.29;180.12;641.68;179.97;684.94;672.36;80.42;0.15
2265;0.00;105.02;0.00;104.99;0.00;0.00;59.02;17.22;34.30;180.11;640.12;179.98;686.99;674.26;80.42;0.13
2270;0.00;105.02;0.00;104.99;0.00;0.00;59.03;17.20;34.30;180.11;639.33;179.98;688.76;675.78;80.42;0.15
2275;0.00;105.10;0.00;105.42;0.00;0.00;59.01;17.23;34.31;180.14;642.25;179.98;691.50;677.95;80.42;0.16
2280;0.00;104.99;0.00;105.01;0.00;0.00;59.01;17.22;34.30;180.15;645.07;179.99;699.09;680.86;80.42;0.16
2285;0.00;105.00;0.00;104.97;0.00;0.00;58.99;17.17;34.30;180.16;647.73;180.01;703.35;688.12;80.42;0.16
2290;0.00;105.31;0.00;103.42;0.00;0.00;58.97;17.23;34.30;180.15;647.46;180.01;707.16;691.58;80.42;0.15
2295;0.00;105.02;0.00;104.99;0.00;0.00;59.00;17.23;34.30;180.13;645.97;180.01;710.21;694.59;80.42;0.13
2300;0.00;105.01;0.00;104.99;0.00;0.00;59.02;17.22;34.30;180.12;646.40;180.02;715.49;699.84;80.41;0.14
2305;0.00;104.59;0.00;104.98;0.00;0.00;59.02;17.22;34.30;180.11;648.82;180.02;718.45;702.55;80.42;0.17
2310;0.00;104.99;0.00;105.01;0.00;0.00;58.99;17.22;34.30;180.12;652.34;180.01;721.54;705.33;80.42;0.16
2315;0.00;104.99;0.00;104.98;0.00;0.00;58.98;17.20;34.31;180.13;657.97;180.00;724.01;707.70;80.42;0.17
2320;0.00;105.02;0.00;105.00;0.00;0.00;59.03;17.28;34.31;180.14;657.13;179.99;726.03;710.31;80.42;0.16
2325;0.00;105.00;0.00;104.99;0.00;0.00;59.02;17.23;34.32;180.14;656.19;179.99;725.67;710.40;80.42;0.14
2330;0.00;105.00;0.00;104.99;0.00;0.00;59.01;17.25;34.32;180.14;656.37;179.99;724.66;709.85;80.42;0.15
2335;0.00;104.92;0.00;105.49;0.00;0.00;58.99;17.20;34.31;180.13;658.57;179.99;721.35;708.82;80.42;0.17
2340;0.00;105.00;0.00;105.03;0.00;0.00;59.01;17.20;34.32;180.11;660.99;179.99;719.23;705.73;80.42;0.16
2345;0.00;105.01;0.00;104.97;0.00;0.00;58.97;17.19;34.33;180.11;663.35;179.98;716.99;703.82;80.41;0.17
2350;0.00;105.36;0.00;103.33;0.00;0.00;58.98;17.22;34.33;180.10;661.03;179.98;714.63;701.82;80.41;0.16
2355;0.00;105.01;0.00;105.00;0.00;0.00;59.00;17.25;34.33;180.12;659.34;179.96;709.66;697.50;80.42;0.14
2360;0.00;105.02;0.00;105.00;0.00;0.00;59.02;17.22;34.33;180.14;658.00;179.95;707.39;695.50;80.42;0.16
2365;0.00;104.98;0.00;105.00;0.00;0.00;59.05;17.28;34.33;180.15;658.24;179.95;705.73;693.93;80.42;0.17
2370;0.00;104.98;0.00;105.01;0.00;0.00;59.01;17.22;34.32;180.13;661.99;179.94;705.15;693.14;80.42;0.16
2375;0.00;105.00;0.00;104.99;0.00;0.00;58.99;17.22;34.33;180.11;663.51;179.95;706.13;693.46;80.41;0.17
2380;0.00;105.23;0.00;104.56;0.00;0.00;58.98;17.22;34.32;180.10;661.54;179.94;706.66;693.91;80.42;0.15
2385;0.00;105.03;0.00;104.99;0.00;0.00;59.01;17.20;34.33;180.10;659.13;179.95;707.09;694.37;80.42;0.14
2390;0.00;105.01;0.00;104.99;0.00;0.00;59.02;17.23;34.33;180.12;657.38;179.97;709.70;695.11;80.42;0.15
2395;0.00;104.74;0.00;105.63;0.00;0.00;59.01;17.19;34.33;180.14;659.04;179.98;712.41;698.73;80.42;0.16
2400;0.00;104.97;0.00;105.03;0.00;0.00;59.00;17.23;34.34;180.16;661.80;179.98;716.02;701.65;80.41;0.17
2405;0.00;105.02;0.00;104.97;0.00;0.00;58.98;17.22;34.34;180.16;666.15;179.99;720.05;705.16;80.42;0.17
2410;0.00;104.99;0.00;104.99;0.00;0.00;59.01;17.28;34.35;180.14;664.66;180.00;727.46;708.62;80.42;0.16
2415;0.00;105.01;0.00;104.98;0.00;0.00;59.01;17.22;34.35;180.12;663.66;179.99;730.34;714.74;80.41;0.14
2420;0.00;105.01;0.00;105.01;0.00;0.00;59.02;17.25;34.35;180.14;663.79;179.99;733.27;717.50;80.41;0.16
2425;0.00;105.05;0.00;105.44;0.00;0.00;58.98;17.23;34.35;180.15;668.53;179.98;736.55;720.58;80.42;0.17
2430;0.00;105.00;0.00;105.01;0.00;0.00;58.99;17.20;34.35;180.17;672.30;179.97;743.67;726.95;80.42;0.16
2435;0.00;104.99;0.00;104.98;0.00;0.00;58.98;17.20;34.35;180.17;675.72;179.96;746.16;729.45;80.41;0.17
2440;0.00;105.37;0.00;103.30;0.00;0.00;58.98;17.22;34.35;180.15;676.10;179.96;747.50;731.11;80.41;0.16
2445;0.00;105.01;0.00;104.99;0.00;0.00;58.99;17.23;34.35;180.13;674.41;179.95;747.71;731.78;80.41;0.14
2450;0.00;105.01;0.00;104.99;0.00;0.00;59.04;17.22;34.36;180.12;674.29;179.95;745.77;730.85;80.42;0.15
2455;0.00;105.01;0.00;104.99;0.00;0.00;59.05;17.31;34.37;180.11;675.89;179.94;744.05;729.57;80.41;0.18
2460;0.00;105.01;0.00;104.99;0.00;0.00;59.02;17.20;34.37;180.13;678.42;179.94;741.98;727.98;80.41;0.17
2465;0.00;105.00;0.00;104.99;0.00;0.00;58.98;17.19;34.36;180.15;682.84;179.94;739.73;726.10;80.41;0.18
2470;0.00;105.23;0.00;104.31;0.00;0.00;58.98;17.22;34.37;180.16;680.81;179.94;734.74;721.87;80.41;0.17
2475;0.00;105.02;0.00;105.00;0.00;0.00;59.02;17.20;34.37;180.17;678.54;179.95;732.08;719.62;80.42;0.15
2480;0.00;105.04;0.00;105.00;0.00;0.00;59.02;17.23;34.37;180.14;676.22;179.95;729.57;717.37;80.42;0.16
2485;0.00;104.67;0.00;105.68;0.00;0.00;59.00;17.22;34.37;180.12;677.71;179.97;726.54;715.55;80.41;0.17
2490;0.00;104.98;0.00;105.01;0.00;0.00;59.02;17.19;34.37;180.11;679.76;179.97;726.63;714.15;80.42;0.17
2495;0.00;105.00;0.00;104.99;0.00;0.00;58.99;17.22;34.38;180.12;681.83;179.98;727.34;714.49;80.42;0.17
2500;0.00;105.00;0.00;105.00;0.00;0.00;59.04;17.31;34.38;180.14;678.60;179.99;728.04;714.98;80.42;0.16
2505;0.00;105.01;0.00;104.98;0.00;0.00;59.01;17.23;34.38;180.15;676.77;180.00;729.02;716.01;80.41;0.14
2510;0.00;105.03;0.00;104.99;0.00;0.00;59.02;17.23;34.38;180.16;675.86;180.00;730.32;717.05;80.41;0.16
2515;0.00;105.00;0.00;105.40;0.00;0.00;58.98;17.22;34.39;180.15;676.69;180.01;732.65;718.90;80.41;0.18
2520;0.00;105.01;0.00;105.02;0.00;0.00;59.00;17.20;34.39;180.14;682.25;180.01;735.79;721.54;80.42;0.17
2525;0.00;104.97;0.00;104.99;0.00;0.00;58.99;17.19;34.39;180.14;685.06;180.01;743.59;728.12;80.42;0.18
2530;0.00;105.37;0.00;103.33;0.00;0.00;59.00;17.20;34.39;180.14;684.16;180.00;747.09;731.34;80.41;0.16
2535;0.00;105.02;0.00;104.99;0.00;0.00;59.02;17.22;34.38;180.12;682.49;180.00;749.86;734.19;80.41;0.15
2540;0.00;105.03;0.00;105.01;0.00;0.00;59.03;17.25;34.39;180.11;682.83;179.97;752.47;736.78;80.41;0.16
2545;0.00;105.00;0.00;105.05;0.00;0.00;59.02;17.25;34.39;180.12;685.73;179.96;758.89;742.63;80.42;0.17
2550;0.00;104.99;0.00;105.01;0.00;0.00;59.00;17.23;34.40;180.13;689.64;179.95;762.45;745.79;80.41;0.17
2555;0.00;105.00;0.00;104.98;0.00;0.00;58.98;17.19;34.39;180.16;695.29;179.94;765.23;748.44;80.41;0.18
2560;0.00;105.35;0.00;103.62;0.00;0.00;58.98;17.23;34.39;180.16;694.00;179.93;767.40;750.34;80.41;0.17
2565;0.00;105.00;0.00;104.99;0.00;0.00;59.00;17.23;34.39;180.16;692.99;179.93;766.91;751.23;80.42;0.15
2570;0.00;105.02;0.00;104.99;0.00;0.00;59.04;17.22;34.40;180.15;692.69;179.93;765.65;750.52;80.41;0.17
2575;0.00;104.62;0.00;105.68;0.00;0.00;59.00;17.23;34.40;180.14;695.69;179.94;763.98;749.31;80.41;0.18
2580;0.00;104.99;0.00;105.03;0.00;0.00;59.03;17.22;34.40;180.13;698.49;179.96;759.92;747.80;80.41;0.17
2585;0.00;105.00;0.00;104.97;0.00;0.00;58.99;17.17;34.41;180.14;701.01;179.98;757.59;744.13;80.41;0.18
2590;0.00;105.01;0.00;104.99;0.00;0.00;59.06;17.33;34.41;180.15;700.11;179.98;755.13;742.05;80.41;0.17
2595;0.00;105.02;0.00;105.00;0.00;0.00;59.02;17.23;34.41;180.16;695.61;180.00;752.56;739.78;80.41;0.15
2600;0.00;105.02;0.00;104.99;0.00;0.00;59.02;17.22;34.41;180.16;694.19;180.02;747.85;735.64;80.41;0.16
2605;0.00;104.99;0.00;105.46;0.00;0.00;58.99;17.22;34.41;180.16;694.98;180.03;746.82;734.52;80.42;0.18
2610;0.00;105.00;0.00;105.01;0.00;0.00;59.02;17.20;34.41;180.14;697.09;180.04;747.14;734.45;80.41;0.18
2615;0.00;105.00;0.00;104.98;0.00;0.00;58.98;17.23;34.41;180.13;700.93;180.03;748.41;735.20;80.42;0.18
2620;0.00;105.37;0.00;103.23;0.00;0.00;59.01;17.19;34.41;180.14;698.36;180.04;751.03;737.34;80.42;0.18
2625;0.00;105.01;0.00;104.98;0.00;0.00;59.01;17.23;34.42;180.13;696.06;180.03;751.99;738.34;80.41;0.15
2630;0.00;105.02;0.00;104.98;0.00;0.00;59.02;17.23;34.42;180.12;695.04;180.01;753.36;739.61;80.42;0.17
2635;0.00;105.00;0.00;104.99;0.00;0.00;59.06;17.30;34.43;180.12;697.31;179.99;758.59;741.42;80.42;0.18
2640;0.00;104.97;0.00;105.01;0.00;0.00;59.01;17.20;34.42;180.14;700.62;179.99;762.32;747.09;80.42;0.17
2645;0.00;104.99;0.00;105.00;0.00;0.00;58.99;17.22;34.42;180.16;704.03;179.98;766.13;750.46;80.42;0.18
2650;0.00;105.28;0.00;104.08;0.00;0.00;58.97;17.22;34.42;180.17;702.85;179.99;769.40;753.40;80.41;0.17
2655;0.00;105.02;0.00;104.97;0.00;0.00;59.01;17.23;34.43;180.17;702.05;179.97;773.31;755.81;80.42;0.15
2660;0.00;105.03;0.00;104.99;0.00;0.00;59.02;17.23;34.43;180.16;702.03;179.98;775.03;759.42;80.42;0.17
2665;0.00;104.57;0.00;105.71;0.00;0.00;59.01;17.23;34.43;180.15;703.86;179.98;777.28;761.48;80.41;0.19
2670;0.00;104.98;0.00;105.03;0.00;0.00;59.02;17.22;34.44;180.14;711.12;179.98;780.02;763.80;80.41;0.18
2675;0.00;104.99;0.00;104.98;0.00;0.00;59.01;17.19;34.43;180.12;714.37;179.99;783.96;767.67;80.41;0.18
2680;0.00;105.00;0.00;105.00;0.00;0.00;59.05;17.33;34.44;180.12;713.62;179.98;784.37;768.42;80.41;0.18
2685;0.00;105.01;0.00;105.01;0.00;0.00;59.01;17.23;34.43;180.14;711.88;179.99;783.79;768.33;80.41;0.16
2690;0.00;104.99;0.00;104.99;0.00;0.00;59.01;17.22;34.44;180.15;710.89;180.00;782.49;767.52;80.42;0.17
2695;0.00;104.86;0.00;105.65;0.00;0.00;58.98;17.23;34.44;180.16;712.62;180.01;779.06;764.94;80.42;0.18
2700;0.00;104.96;0.00;105.03;0.00;0.00;59.02;17.22;34.44;180.16;715.39;180.01;777.46;763.53;80.41;0.18
2705;0.00;105.00;0.00;104.99;0.00;0.00;58.99;17.22;34.44;180.14;718.11;180.02;775.76;762.08;80.42;0.19
2710;0.00;105.39;0.00;103.21;0.00;0.00;59.00;17.17;34.43;180.14;716.20;180.01;773.84;760.43;80.42;0.18
2715;0.00;105.02;0.00;104.99;0.00;0.00;59.03;17.20;34.44;180.14;713.78;180.01;769.30;756.60;80.41;0.16
2720;0.00;105.02;0.00;104.99;0.00;0.00;59.02;17.20;34.44;180.13;712.21;180.00;767.47;754.98;80.42;0.18
2725;0.00;105.06;0.00;105.34;0.00;0.00;59.01;17.23;34.45;180.13;713.96;179.98;766.79;754.19;80.41;0.19
2730;0.00;105.00;0.00;105.02;0.00;0.00;59.03;17.23;34.44;180.14;716.71;179.98;769.33;754.47;80.42;0.18
2735;0.00;105.00;0.00;104.98;0.00;0.00;59.01;17.22;34.43;180.15;719.36;179.97;771.65;757.51;80.41;0.19
2740;0.00;105.40;0.00;103.20;0.00;0.00;59.02;17.20;34.44;180.17;718.18;179.97;773.76;759.31;80.41;0.18
2745;0.00;105.01;0.00;104.99;0.00;0.00;59.02;17.22;34.45;180.16;714.51;179.97;775.39;760.95;80.42;0.16
2750;0.00;105.01;0.00;105.00;0.00;0.00;59.03;17.22;34.45;180.15;714.07;179.97;779.41;762.65;80.42;0.17
2755;0.00;105.02;0.00;104.99;0.00;0.00;59.07;17.31;34.45;180.14;715.95;179.98;782.44;767.25;80.42;0.19
2760;0.00;105.00;0.00;105.01;0.00;0.00;59.01;17.22;34.45;180.13;719.21;179.99;785.99;770.39;80.41;0.18
2765;0.00;105.00;0.00;104.99;0.00;0.00;58.99;17.20;34.45;180.13;725.67;180.00;789.73;773.58;80.41;0.19
2770;0.00;105.12;0.00;105.23;0.00;0.00;58.98;17.23;34.45;180.13;724.15;180.03;794.63;778.38;80.41;0.18
2775;0.00;105.00;0.00;104.98;0.00;0.00;59.01;17.23;34.46;180.13;722.69;180.04;795.39;779.55;80.41;0.16
2780;0.00;105.00;0.00;104.99;0.00;0.00;59.02;17.25;34.46;180.15;722.39;180.04;795.66;780.21;80.41;0.18
2785;0.00;104.90;0.00;105.58;0.00;0.00;58.98;17.22;34.46;180.16;725.71;180.06;796.17;780.85;80.41;0.19
2790;0.00;104.98;0.00;105.01;0.00;0.00;59.01;17.22;34.46;180.17;729.36;180.05;798.31;782.74;80.41;0.18
2795;0.00;104.99;0.00;104.99;0.00;0.00;59.01;17.23;34.46;180.17;732.81;180.05;798.92;783.40;80.42;0.19
2800;0.00;105.40;0.00;103.07;0.00;0.00;58.99;17.22;34.46;180.13;733.04;180.04;798.71;783.48;80.42;0.18
2805;0.00;105.02;0.00;104.99;0.00;0.00;58.99;17.23;34.46;180.12;729.56;180.02;797.65;782.85;80.42;0.16
2810;0.00;105.01;0.00;105.00;0.00;0.00;59.02;17.23;34.47;180.12;728.55;180.00;794.24;780.33;80.41;0.17
2815;0.00;105.02;0.00;104.99;0.00;0.00;59.07;17.30;34.47;180.13;729.23;179.98;792.98;779.27;80.42;0.19
2820;0.00;104.98;0.00;105.03;0.00;0.00;59.01;17.22;34.47;180.16;731.81;179.96;792.42;778.65;80.42;0.19
2825;0.00;104.99;0.00;104.99;0.00;0.00;59.01;17.20;34.47;180.15;736.76;179.93;792.27;778.32;80.42;0.19
2830;0.00;105.35;0.00;103.39;0.00;0.00;58.97;17.20;34.46;180.15;734.60;179.92;791.03;777.31;80.42;0.19
2835;0.00;105.02;0.00;104.99;0.00;0.00;59.01;17.22;34.47;180.13;731.88;179.93;789.77;776.37;80.42;0.17
2840;0.00;104.99;0.00;105.00;0.00;0.00;59.02;17.23;34.48;180.13;729.78;179.94;788.83;775.65;80.42;0.18
2845;0.00;105.01;0.00;104.98;0.00;0.00;58.99;17.20;34.48;180.14;731.57;179.97;790.18;775.57;80.42;0.19
2850;0.00;104.96;0.00;105.02;0.00;0.00;59.02;17.22;34.49;180.16;734.42;179.99;792.49;778.23;80.41;0.18
2855;0.00;105.02;0.00;104.99;0.00;0.00;59.00;17.22;34.48;180.16;737.74;180.01;795.35;780.46;80.41;0.19
2860;0.00;104.99;0.00;105.24;0.00;0.00;59.01;17.25;34.48;180.15;736.00;180.03;797.78;782.63;80.41;0.19
2865;0.00;105.02;0.00;104.99;0.00;0.00;58.99;17.23;34.49;180.13;734.70;180.08;800.84;784.39;80.42;0.16
2870;0.00;105.03;0.00;104.99;0.00;0.00;59.02;17.22;34.49;180.11;734.27;180.09;802.53;787.50;80.42;0.19
2875;0.00;104.64;0.00;105.78;0.00;0.00;59.00;17.20;34.49;180.09;735.29;180.11;804.87;789.61;80.41;0.20
2880;0.00;104.98;0.00;105.02;0.00;0.00;59.02;17.20;34.49;180.12;742.64;180.10;807.95;792.19;80.42;0.19
2885;0.00;104.98;0.00;104.99;0.00;0.00;58.99;17.20;34.49;180.14;746.11;180.08;813.68;797.31;80.42;0.19
2890;0.00;104.99;0.00;104.99;0.00;0.00;59.00;17.25;34.50;180.16;745.35;180.05;815.02;798.86;80.42;0.19
2895;0.00;105.00;0.00;104.98;0.00;0.00;59.02;17.23;34.50;180.18;743.50;180.03;815.15;799.43;80.42;0.17
2900;0.00;105.01;0.00;105.00;0.00;0.00;59.01;17.22;34.51;180.18;742.51;179.98;814.53;799.29;80.41;0.18
2905;0.00;105.09;0.00;105.37;0.00;0.00;58.98;17.25;34.50;180.16;744.33;179.96;813.47;798.72;80.41;0.19
2910;0.00;105.01;0.00;105.02;0.00;0.00;59.04;17.22;34.50;180.13;747.41;179.95;813.56;798.75;80.42;0.19
2915;0.00;105.02;0.00;104.97;0.00;0.00;58.99;17.20;34.51;180.09;750.80;179.94;813.56;798.72;80.42;0.20
2920;0.00;105.41;0.00;103.12;0.00;0.00;59.01;17.19;34.50;180.10;749.87;179.94;812.99;798.35;80.42;0.19
2925;0.00;105.03;0.00;104.99;0.00;0.00;59.01;17.23;34.51;180.12;747.90;179.96;809.99;796.15;80.42;0.17
2930;0.00;105.01;0.00;104.99;0.00;0.00;59.03;17.19;34.51;180.16;746.72;179.97;808.34;794.82;80.42;0.19
2935;0.00;105.02;0.00;105.20;0.00;0.00;59.03;17.23;34.50;180.19;746.31;179.99;807.49;794.05;80.42;0.20
2940;0.00;104.99;0.00;105.02;0.00;0.00;59.02;17.22;34.51;180.18;751.61;180.03;809.23;794.16;80.42;0.19
2945;0.00;105.02;0.00;105.00;0.00;0.00;59.01;17.22;34.52;180.17;754.62;180.05;810.70;796.15;80.41;0.20
2950;0.00;105.37;0.00;103.49;0.00;0.00;58.96;17.22;34.52;180.14;753.51;180.06;811.55;796.97;80.41;0.19
2955;0.00;105.02;0.00;105.00;0.00;0.00;58.99;17.22;34.52;180.10;749.72;180.06;811.66;797.35;80.42;0.17
2960;0.00;105.01;0.00;104.98;0.00;0.00;59.02;17.19;34.52;180.10;748.90;180.06;812.49;797.64;80.42;0.18
2965;0.00;105.01;0.00;104.99;0.00;0.00;59.01;17.22;34.52;180.12;750.16;180.05;814.22;799.72;80.42;0.19
2970;0.00;104.99;0.00;105.01;0.00;0.00;59.02;17.22;34.52;180.15;753.40;180.04;816.76;801.82;80.42;0.19
2975;0.00;105.01;0.00;104.99;0.00;0.00;59.01;17.22;34.52;180.17;759.41;180.02;819.75;804.23;80.42;0.20
2980;0.00;105.11;0.00;105.40;0.00;0.00;58.99;17.23;34.52;180.17;757.61;179.99;823.56;806.43;80.42;0.20
2985;0.00;105.03;0.00;105.00;0.00;0.00;59.02;17.22;34.52;180.17;755.95;179.98;824.00;808.74;80.42;0.17
2990;0.00;105.01;0.00;105.01;0.00;0.00;59.03;17.20;34.53;180.14;755.49;179.98;824.31;809.34;80.41;0.19
2995;0.00;104.53;0.00;105.86;0.00;0.00;58.99;17.22;34.52;180.13;758.07;179.98;825.20;810.21;80.41;0.20
3000;0.00;105.00;0.00;105.02;0.00;0.00;59.03;17.20;34.53;180.12;761.91;180.00;829.08;813.43;80.42;0.19
3005;0.00;104.97;0.00;104.99;0.00;0.00;59.00;17.20;34.54;180.13;765.68;180.00;830.77;814.97;80.42;0.20
3010;0.00;105.00;0.00;105.00;0.00;0.00;59.04;17.30;34.54;180.14;766.04;180.01;831.51;815.85;80.42;0.20
3015;0.00;105.02;0.00;104.97;0.00;0.00;59.02;17.20;34.54;180.14;762.79;180.03;831.14;815.88;80.42;0.17
3020;0.00;105.02;0.00;104.99;0.00;0.00;59.01;17.23;34.54;180.14;761.86;180.05;828.72;814.37;80.42;0.18
3025;0.00;104.87;0.00;105.69;0.00;0.00;58.95;17.20;34.54;180.14;762.39;180.07;828.00;813.82;80.42;0.20
3030;0.00;104.97;0.00;105.03;0.00;0.00;59.02;17.23;34.54;180.13;765.00;180.08;828.15;813.82;80.42;0.19
3035;0.00;105.01;0.00;105.00;0.00;0.00;59.00;17.20;34.55;180.13;770.92;180.09;828.68;814.11;80.42;0.20
3040;0.00;105.41;0.00;103.05;0.00;0.00;58.99;17.19;34.55;180.14;769.05;180.08;828.34;813.96;80.41;0.20
3045;0.00;105.02;0.00;104.99;0.00;0.00;59.01;17.20;34.54;180.14;766.66;180.07;827.15;813.19;80.42;0.18
3050;0.00;105.02;0.00;105.01;0.00;0.00;59.00;17.22;34.55;180.15;764.57;180.06;826.05;812.39;80.42;0.19
3055;0.00;105.01;0.00;105.10;0.00;0.00;59.02;17.27;34.55;180.15;766.09;180.01;826.65;812.11;80.42;0.20
3060;0.00;104.98;0.00;105.03;0.00;0.00;59.01;17.23;34.55;180.14;769.25;179.99;828.57;814.13;80.42;0.19
3065;0.00;105.00;0.00;104.98;0.00;0.00;58.99;17.23;34.55;180.14;772.78;179.96;830.81;815.89;80.42;0.20
3070;0.00;105.35;0.00;103.39;0.00;0.00;58.95;17.19;34.55;180.13;771.23;179.95;832.56;817.42;80.42;0.20
3075;0.00;105.01;0.00;104.99;0.00;0.00;59.01;17.20;34.55;180.12;769.79;179.92;833.66;818.39;80.42;0.17
3080;0.00;104.99;0.00;105.01;0.00;0.00;59.02;17.22;34.55;180.13;769.11;179.92;834.36;819.75;80.42;0.20
3085;0.00;104.45;0.00;105.01;0.00;0.00;59.01;17.22;34.56;180.13;769.44;179.92;835.84;821.05;80.41;0.21
3090;0.00;104.99;0.00;105.03;0.00;0.00;59.02;17.22;34.57;180.15;776.22;179.92;838.18;822.98;80.41;0.19
3095;0.00;105.00;0.00;104.99;0.00;0.00;59.02;17.23;34.56;180.15;779.77;179.96;843.13;827.26;80.42;0.20
3100;0.00;104.99;0.00;105.00;0.00;0.00;59.02;17.31;34.56;180.14;778.92;179.99;844.26;828.50;80.42;0.20
3105;0.00;105.01;0.00;105.00;0.00;0.00;58.99;17.22;34.57;180.10;777.04;180.01;844.24;828.91;80.41;0.18
3110;0.00;105.03;0.00;104.99;0.00;0.00;59.04;17.22;34.56;180.09;775.63;180.06;843.67;828.79;80.42;0.19
3115;0.00;104.68;0.00;105.96;0.00;0.00;59.02;17.22;34.57;180.10;777.09;180.09;843.79;829.08;80.42;0.20
3120;0.00;105.00;0.00;105.01;0.00;0.00;58.99;17.20;34.58;180.13;780.47;180.10;844.97;829.96;80.42;0.20
3125;0.00;104.99;0.00;104.97;0.00;0.00;59.01;17.22;34.57;180.18;784.16;180.10;846.17;830.93;80.42;0.21
3130;0.00;105.43;0.00;103.06;0.00;0.00;58.99;17.19;34.58;180.18;783.68;180.10;846.64;831.47;80.42;0.20
3135;0.00;105.01;0.00;104.99;0.00;0.00;59.01;17.20;34.57;180.17;781.89;180.08;844.94;830.55;80.42;0.18
3140;0.00;105.03;0.00;105.00;0.00;0.00;59.02;17.23;34.59;180.16;780.85;180.06;843.67;829.69;80.42;0.20
3145;0.00;104.99;0.00;104.98;0.00;0.00;59.06;17.30;34.58;180.11;780.41;180.03;843.19;829.28;80.42;0.21
3150;0.00;104.99;0.00;105.01;0.00;0.00;58.99;17.20;34.58;180.10;785.85;179.97;845.26;829.66;80.42;0.19
3155;0.00;104.98;0.00;105.00;0.00;0.00;59.02;17.19;34.59;180.11;789.21;179.95;846.68;831.79;80.42;0.20
3160;0.00;105.12;0.00;105.37;0.00;0.00;58.98;17.20;34.59;180.12;788.56;179.92;847.32;832.44;80.42;0.20
3165;0.00;105.02;0.00;104.99;0.00;0.00;59.01;17.22;34.59;180.15;784.94;179.91;847.06;832.50;80.42;0.18
3170;0.00;105.01;0.00;104.99;0.00;0.00;59.03;17.23;34.59;180.16;783.99;179.91;846.74;832.38;80.42;0.19
3175;0.00;104.64;0.00;105.94;0.00;0.00;59.01;17.20;34.59;180.16;784.86;179.93;847.86;833.45;80.42;0.20
3180;0.00;104.99;0.00;105.03;0.00;0.00;59.02;17.20;34.60;180.14;787.95;179.95;849.95;835.12;80.42;0.20
3185;0.00;105.02;0.00;104.99;0.00;0.00;59.00;17.23;34.60;180.12;794.17;179.97;852.42;837.14;80.42;0.21
3190;0.00;105.02;0.00;104.99;0.00;0.00;59.04;17.30;34.60;180.10;792.38;180.03;855.16;838.83;80.42;0.21
3195;0.00;105.01;0.00;104.99;0.00;0.00;59.02;17.23;34.61;180.10;790.55;180.05;855.11;840.14;80.42;0.18
3200;0.00;105.02;0.00;104.99;0.00;0.00;59.00;17.22;34.60;180.13;789.89;180.08;854.99;840.33;80.42;0.20
3205;0.00;105.00;0.00;105.23;0.00;0.00;59.01;17.30;34.60;180.15;791.70;180.11;855.55;840.90;80.42;0.21
3210;0.00;104.99;0.00;105.02;0.00;0.00;59.01;17.23;34.60;180.15;795.40;180.11;859.13;843.83;80.42;0.20
3215;0.00;104.99;0.00;104.99;0.00;0.00;58.98;17.22;34.60;180.16;799.22;180.11;860.96;845.33;80.42;0.21
3220;0.00;105.41;0.00;102.87;0.00;0.00;59.00;17.23;34.60;180.15;799.65;180.09;861.78;846.27;80.42;0.21
3225;0.00;105.02;0.00;104.99;0.00;0.00;59.02;17.20;34.61;180.14;796.22;180.06;861.47;846.34;80.42;0.18
3230;0.00;105.01;0.00;105.01;0.00;0.00;59.03;17.23;34.61;180.12;795.29;180.04;859.70;845.38;80.42;0.19
3235;0.00;105.02;0.00;105.01;0.00;0.00;59.06;17.28;34.61;180.12;795.70;180.01;859.73;845.42;80.42;0.21
3240;0.00;105.01;0.00;105.02;0.00;0.00;59.01;17.20;34.62;180.14;798.54;179.99;860.78;846.16;80.42;0.20
3245;0.00;105.01;0.00;104.99;0.00;0.00;59.00;17.23;34.62;180.15;804.96;179.95;862.21;847.25;80.42;0.21
3250;0.00;105.34;0.00;103.71;0.00;0.00;58.95;17.20;34.62;180.16;803.30;179.95;863.19;848.30;80.42;0.21
3255;0.00;105.03;0.00;104.99;0.00;0.00;59.02;17.25;34.62;180.16;800.96;179.95;862.36;847.89;80.42;0.19
3260;0.00;104.99;0.00;104.99;0.00;0.00;59.03;17.22;34.62;180.16;799.11;179.96;861.50;847.40;80.42;0.20
3265;0.00;104.62;0.00;105.99;0.00;0.00;58.99;17.20;34.62;180.16;800.62;179.98;862.34;847.33;80.42;0.21
3270;0.00;104.98;0.00;105.01;0.00;0.00;59.01;17.22;34.62;180.15;803.92;180.01;864.17;849.44;80.42;0.20
3275;0.00;105.00;0.00;105.00;0.00;0.00;58.99;17.23;34.63;180.14;807.58;180.03;866.01;850.89;80.42;0.21
3280;0.00;104.98;0.00;104.99;0.00;0.00;59.03;17.33;34.62;180.12;806.06;180.06;867.05;851.89;80.42;0.21
3285;0.00;105.00;0.00;104.99;0.00;0.00;59.02;17.20;34.62;180.12;804.50;180.09;866.25;852.13;80.42;0.18
3290;0.00;105.01;0.00;105.01;0.00;0.00;59.03;17.23;34.62;180.13;803.51;180.09;865.77;851.62;80.42;0.21
3295;0.00;104.92;0.00;105.56;0.00;0.00;58.97;17.23;34.63;180.17;803.55;180.09;866.12;851.92;80.42;0.22
3300;0.00;104.98;0.00;105.03;0.00;0.00;59.01;17.20;34.63;180.19;809.54;180.08;867.46;852.95;80.42;0.20
3305;0.00;105.02;0.00;104.99;0.00;0.00;59.00;17.20;34.63;180.19;812.86;180.05;870.62;855.48;80.42;0.21
3310;0.00;105.46;0.00;105.00;0.00;0.00;58.99;17.22;34.64;180.17;811.76;180.03;870.92;855.97;80.42;0.21
3315;0.00;105.04;0.00;104.99;0.00;0.00;59.02;17.20;34.63;180.11;809.18;180.01;870.22;855.69;80.42;0.19
3320;0.00;105.00;0.00;105.00;0.00;0.00;59.03;17.22;34.63;180.10;806.98;179.97;869.15;855.05;80.42;0.20
3325;0.00;105.01;0.00;104.99;0.00;0.00;59.04;17.28;34.63;180.09;808.05;179.95;869.00;854.92;80.42;0.21
3330;0.00;104.99;0.00;105.03;0.00;0.00;59.02;17.23;34.64;180.11;811.12;179.94;870.32;855.91;80.42;0.21
3335;0.00;105.00;0.00;104.99;0.00;0.00;58.98;17.20;34.64;180.16;814.66;179.93;871.79;857.02;80.42;0.21
3340;0.00;105.39;0.00;103.61;0.00;0.00;58.95;17.20;34.64;180.18;813.69;179.95;872.52;857.71;80.42;0.21
3345;0.00;105.03;0.00;104.99;0.00;0.00;59.02;17.23;34.64;180.19;811.68;179.97;871.16;857.10;80.42;0.19
3350;0.00;105.00;0.00;105.01;0.00;0.00;59.01;17.20;34.65;180.18;810.50;179.99;870.26;856.51;80.42;0.21
3355;0.00;105.00;0.00;104.99;0.00;0.00;59.06;17.30;34.65;180.15;810.05;180.01;870.22;856.45;80.42;0.22
3360;0.00;105.00;0.00;105.02;0.00;0.00;58.99;17.23;34.65;180.14;815.61;180.06;872.95;857.17;80.42;0.20
3365;0.00;105.02;0.00;104.99;0.00;0.00;59.01;17.22;34.66;180.13;818.77;180.08;874.35;859.60;80.42;0.21
3370;0.00;105.18;0.00;104.97;0.00;0.00;58.97;17.25;34.66;180.13;818.24;180.11;874.83;860.16;80.42;0.21
3375;0.00;105.03;0.00;105.00;0.00;0.00;59.02;17.23;34.66;180.16;813.93;180.12;874.26;859.98;80.42;0.19
3380;0.00;105.02;0.00;105.00;0.00;0.00;59.02;17.22;34.66;180.17;812.81;180.12;872.89;859.47;80.42;0.20
3385;0.00;104.62;0.00;106.04;0.00;0.00;58.98;17.23;34.67;180.17;813.53;180.10;873.47;859.58;80.42;0.21
3390;0.00;104.99;0.00;105.03;0.00;0.00;59.02;17.23;34.66;180.16;816.41;180.09;874.98;860.73;80.42;0.21
3395;0.00;104.98;0.00;104.99;0.00;0.00;59.02;17.22;34.67;180.13;822.22;180.07;876.72;862.05;80.42;0.21
3400;0.00;104.98;0.00;104.99;0.00;0.00;59.05;17.31;34.67;180.12;819.87;180.02;877.71;863.02;80.42;0.22
3405;0.00;105.00;0.00;104.99;0.00;0.00;59.01;17.22;34.67;180.12;817.62;179.99;876.86;862.78;80.42;0.19
3410;0.00;105.02;0.00;105.00;0.00;0.00;59.02;17.20;34.67;180.14;816.44;179.97;875.90;862.21;80.41;0.21
3415;0.00;105.10;0.00;105.39;0.00;0.00;58.99;17.23;34.68;180.14;817.62;179.95;875.72;862.08;80.42;0.22
3420;0.00;104.99;0.00;105.02;0.00;0.00;59.01;17.20;34.68;180.15;820.94;179.93;878.21;863.87;80.42;0.20
3425;0.00;105.00;0.00;104.99;0.00;0.00;59.01;17.22;34.68;180.17;824.14;179.93;879.53;864.93;80.42;0.22
3430;0.00;105.47;0.00;103.17;0.00;0.00;59.00;17.19;34.68;180.16;824.38;179.95;879.96;865.46;80.42;0.21
3435;0.00;105.05;0.00;105.00;0.00;0.00;59.02;17.22;34.68;180.15;819.71;179.99;879.34;865.21;80.42;0.19
3440;0.00;105.01;0.00;105.00;0.00;0.00;59.02;17.20;34.68;180.13;818.46;180.02;877.31;863.89;80.42;0.20
3445;0.00;105.00;0.00;104.97;0.00;0.00;59.06;17.27;34.68;180.12;818.71;180.04;877.44;863.92;80.42;0.22
3450;0.00;104.98;0.00;105.02;0.00;0.00;59.00;17.20;34.69;180.13;821.27;180.07;878.60;864.75;80.42;0.21
3455;0.00;104.99;0.00;105.00;0.00;0.00;58.99;17.23;34.69;180.14;827.32;180.12;880.11;865.85;80.42;0.21
3460;0.00;105.19;0.00;104.94;0.00;0.00;58.99;17.25;34.69;180.14;825.25;180.13;881.04;866.84;80.41;0.22
3465;0.00;105.03;0.00;105.00;0.00;0.00;59.03;17.22;34.70;180.14;822.67;180.14;880.10;866.32;80.42;0.19
3470;0.00;105.02;0.00;104.99;0.00;0.00;59.01;17.22;34.70;180.14;820.33;180.13;879.04;865.65;80.42;0.21
3475;0.00;104.47;0.00;105.93;0.00;0.00;58.99;17.22;34.69;180.14;821.79;180.10;879.47;865.39;80.42;0.22
3480;0.00;105.00;0.00;105.03;0.00;0.00;59.01;17.20;34.69;180.13;824.92;180.09;881.04;867.06;80.42;0.21
3485;0.00;105.03;0.00;104.99;0.00;0.00;59.02;17.22;34.70;180.13;828.11;180.06;882.57;868.24;80.42;0.22
3490;0.00;105.02;0.00;104.98;0.00;0.00;59.04;17.31;34.69;180.14;826.16;180.04;883.22;868.92;80.42;0.22
3495;0.00;105.00;0.00;104.99;0.00;0.00;59.01;17.22;34.71;180.14;824.15;180.00;881.75;868.81;80.42;0.19
3500;0.00;105.00;0.00;104.99;0.00;0.00;59.02;17.23;34.71;180.14;822.90;179.99;880.95;867.69;80.42;0.21
3505;0.00;104.80;0.00;105.66;0.00;0.00;58.98;17.23;34.71;180.14;822.80;179.99;881.10;867.77;80.42;0.22
3510;0.00;104.97;0.00;105.03;0.00;0.00;59.04;17.20;34.70;180.14;828.52;179.99;882.29;868.60;80.42;0.21
3515;0.00;105.00;0.00;105.00;0.00;0.00;59.01;17.20;34.70;180.14;831.53;180.02;885.02;870.76;80.42;0.21
3520;0.00;105.46;0.00;104.98;0.00;0.00;58.99;17.19;34.70;180.15;830.02;180.03;885.14;871.05;80.42;0.21
3525;0.00;105.02;0.00;104.99;0.00;0.00;58.99;17.20;34.71;180.13;827.30;180.05;884.24;870.58;80.42;0.19
3530;0.00;105.02;0.00;105.00;0.00;0.00;59.02;17.22;34.71;180.12;824.67;180.10;883.09;869.82;80.42;0.20
3535;0.00;105.02;0.00;105.08;0.00;0.00;59.02;17.25;34.71;180.12;825.73;180.12;882.92;869.63;80.42;0.22
3540;0.00;105.00;0.00;105.01;0.00;0.00;59.02;17.25;34.71;180.13;828.47;180.14;884.28;870.58;80.42;0.21
3545;0.00;105.01;0.00;105.00;0.00;0.00;59.00;17.20;34.71;180.14;831.81;180.15;885.63;871.60;80.42;0.22
3550;0.00;105.42;0.00;103.15;0.00;0.00;59.00;17.23;34.71;180.14;830.62;180.15;886.24;872.19;80.41;0.22
3555;0.00;105.01;0.00;104.99;0.00;0.00;59.01;17.20;34.72;180.14;828.29;180.13;884.60;871.30;80.42;0.19
3560;0.00;105.01;0.00;104.99;0.00;0.00;59.01;17.23;34.71;180.13;826.94;180.10;883.58;870.60;80.42;0.21
3565;0.00;105.00;0.00;104.99;0.00;0.00;59.05;17.30;34.72;180.11;828.41;180.08;883.42;870.42;80.42;0.22
3570;0.00;104.98;0.00;105.01;0.00;0.00;59.02;17.22;34.72;180.11;831.63;180.02;885.94;871.06;80.42;0.21
3575;0.00;105.00;0.00;105.00;0.00;0.00;59.01;17.22;34.73;180.12;834.76;179.99;887.14;873.16;80.42;0.21
3580;0.00;105.39;0.00;103.51;0.00;0.00;58.94;17.20;34.72;180.14;834.05;179.97;887.42;873.54;80.42;0.21
3585;0.00;105.04;0.00;105.00;0.00;0.00;59.02;17.20;34.72;180.16;829.34;179.97;886.66;873.17;80.42;0.19
3590;0.00;105.01;0.00;104.99;0.00;0.00;59.02;17.22;34.72;180.17;828.08;179.95;884.91;872.46;80.42;0.20
3595;0.00;105.01;0.00;104.97;0.00;0.00;59.03;17.27;34.72;180.17;828.73;179.95;885.34;872.27;80.42;0.22
3600;0.00;104.98;0.00;105.02;0.00;0.00;59.01;17.20;34.72;180.16;831.29;179.97;886.71;873.25;80.42;0.21
3605;0.00;104.99;0.00;104.99;0.00;0.00;58.99;17.20;34.73;180.14;836.80;179.98;888.27;874.44;80.42;0.22
3610;0.00;105.38;0.00;103.39;0.00;0.00;58.97;17.19;34.72;180.13;834.35;180.05;888.94;875.22;80.42;0.22
3615;0.00;105.03;0.00;104.97;0.00;0.00;59.02;17.23;34.72;180.10;831.82;180.08;887.86;874.63;80.42;0.19
3620;0.00;105.01;0.00;105.01;0.00;0.00;59.02;17.20;34.73;180.09;830.48;180.11;886.77;873.90;80.42;0.21
3625;0.00;105.01;0.00;105.01;0.00;0.00;59.02;17.19;34.72;180.10;831.37;180.17;886.46;873.62;80.42;0.22
3630;0.00;104.98;0.00;105.03;0.00;0.00;59.01;17.23;34.73;180.13;834.49;180.18;888.64;875.15;80.42;0.21
3635;0.00;105.00;0.00;105.00;0.00;0.00;59.01;17.23;34.73;180.15;837.70;180.19;889.88;876.10;80.42;0.22
3640;0.00;105.02;0.00;105.26;0.00;0.00;58.98;17.27;34.73;180.17;837.55;180.18;890.18;876.48;80.41;0.22
3645;0.00;105.00;0.00;104.99;0.00;0.00;59.01;17.22;34.73;180.15;832.77;180.14;889.45;876.08;80.42;0.19
3650;0.00;105.02;0.00;105.01;0.00;0.00;59.02;17.22;34.73;180.12;831.39;180.10;887.21;874.56;80.42;0.20
3655;0.00;104.78;0.00;105.80;0.00;0.00;58.97;17.20;34.74;180.09;831.55;180.07;887.26;874.52;80.42;0.22
3660;0.00;104.97;0.00;105.03;0.00;0.00;59.00;17.22;34.75;180.10;834.04;180.04;888.36;875.24;80.42;0.21
3665;0.00;105.00;0.00;105.00;0.00;0.00;59.02;17.20;34.75;180.11;839.62;179.97;889.82;876.30;80.42;0.22
3670;0.00;105.45;0.00;103.01;0.00;0.00;58.99;17.23;34.75;180.13;837.53;179.94;890.53;877.09;80.42;0.22
3675;0.00;105.02;0.00;104.99;0.00;0.00;59.01;17.20;34.75;180.15;834.73;179.93;889.51;876.48;80.42;0.19
3680;0.00;105.02;0.00;105.01;0.00;0.00;59.02;17.22;34.75;180.17;832.27;179.92;888.38;875.71;80.42;0.21
3685;0.00;105.02;0.00;105.00;0.00;0.00;59.04;17.27;34.76;180.16;833.56;179.93;888.69;875.39;80.42;0.22
3690;0.00;104.99;0.00;105.02;0.00;0.00;59.01;17.25;34.76;180.13;836.54;179.97;890.17;876.92;80.42;0.21
3695;0.00;104.99;0.00;104.99;0.00;0.00;59.00;17.20;34.76;180.10;839.77;180.00;891.60;877.97;80.42;0.22
3700;0.00;105.40;0.00;103.50;0.00;0.00;58.95;17.19;34.76;180.09;837.58;180.04;892.12;878.54;80.42;0.22
3705;0.00;105.00;0.00;105.00;0.00;0.00;59.02;17.22;34.76;180.10;835.45;180.13;890.42;878.32;80.42;0.19
3710;0.00;105.01;0.00;104.99;0.00;0.00;59.02;17.20;34.76;180.11;834.09;180.16;889.47;876.92;80.42;0.22
3715;0.00;105.00;0.00;105.00;0.00;0.00;59.02;17.30;34.76;180.13;833.87;180.17;889.47;876.85;80.42;0.22
3720;0.00;105.00;0.00;105.01;0.00;0.00;59.00;17.23;34.76;180.14;839.16;180.19;890.49;877.55;80.42;0.21
3725;0.00;104.99;0.00;105.00;0.00;0.00;59.01;17.23;34.77;180.14;842.02;180.19;892.95;879.42;80.42;0.22
3730;0.00;105.06;0.00;105.47;0.00;0.00;59.00;17.23;34.77;180.11;840.52;180.17;892.92;879.57;80.41;0.22
3735;0.00;105.02;0.00;104.97;0.00;0.00;59.01;17.23;34.77;180.07;837.58;180.14;891.93;878.98;80.41;0.19
3740;0.00;105.03;0.00;105.01;0.00;0.00;59.02;17.22;34.77;180.06;834.81;180.06;890.66;878.12;80.42;0.21
3745;0.00;104.69;0.00;105.98;0.00;0.00;58.97;17.22;34.77;180.08;835.69;180.01;890.36;877.77;80.42;0.22
3750;0.00;104.99;0.00;105.02;0.00;0.00;59.01;17.23;34.77;180.09;838.48;179.98;891.63;878.68;80.42;0.21
3755;0.00;105.02;0.00;105.00;0.00;0.00;59.01;17.20;34.77;180.14;841.68;179.95;892.98;879.66;80.42;0.22
3760;0.00;105.00;0.00;104.99;0.00;0.00;59.01;17.22;34.78;180.16;840.08;179.92;893.56;880.20;80.42;0.22
3765;0.00;105.04;0.00;105.00;0.00;0.00;59.02;17.23;34.78;180.16;837.86;179.92;891.86;879.25;80.42;0.19
3770;0.00;105.00;0.00;105.01;0.00;0.00;59.02;17.23;34.78;180.15;836.47;179.93;890.83;878.49;80.42;0.21
3775;0.00;105.00;0.00;105.04;0.00;0.00;59.03;17.28;34.78;180.10;835.84;179.96;890.65;878.30;80.42;0.22
3780;0.00;104.99;0.00;105.03;0.00;0.00;59.01;17.22;34.78;180.07;840.93;180.02;891.56;878.88;80.42;0.21
3785;0.00;104.99;0.00;104.99;0.00;0.00;59.01;17.22;34.78;180.07;843.89;180.05;894.19;880.86;80.42;0.22
3790;0.00;105.31;0.00;104.14;0.00;0.00;58.95;17.23;34.79;180.09;842.92;180.09;894.36;881.14;80.42;0.22
3795;0.00;105.03;0.00;104.99;0.00;0.00;59.02;17.22;34.78;180.13;838.20;180.13;893.53;880.66;80.42;0.19
3800;0.00;105.01;0.00;105.01;0.00;0.00;59.02;17.20;34.78;180.15;836.86;180.17;891.54;879.87;80.42;0.20
3805;0.00;104.46;0.00;104.99;0.00;0.00;59.01;17.20;34.78;180.15;837.48;180.17;891.82;879.42;80.42;0.22
3810;0.00;104.99;0.00;105.01;0.00;0.00;59.02;17.23;34.80;180.14;839.97;180.17;893.05;880.32;80.42;0.21
3815;0.00;104.97;0.00;104.99;0.00;0.00;58.99;17.25;34.80;180.10;845.07;180.15;894.53;881.33;80.42;0.22
3820;0.00;105.03;0.00;105.46;0.00;0.00;58.99;17.22;34.80;180.09;842.48;180.10;894.90;881.99;80.42;0.22
3825;0.00;105.01;0.00;104.99;0.00;0.00;59.03;17.20;34.80;180.08;839.96;180.07;893.75;881.17;80.41;0.20
3830;0.00;105.01;0.00;105.00;0.00;0.00;59.01;17.23;34.80;180.10;838.65;180.03;892.62;880.38;80.42;0.21
3835;0.00;104.58;0.00;105.98;0.00;0.00;59.01;17.20;34.80;180.12;839.34;180.00;892.22;880.04;80.42;0.22
3840;0.00;105.00;0.00;105.02;0.00;0.00;59.02;17.23;34.80;180.13;842.37;179.93;894.35;881.48;80.42;0.21
3845;0.00;104.99;0.00;105.00;0.00;0.00;58.99;17.20;34.80;180.14;845.43;179.91;895.48;882.36;80.42;0.22
3850;0.00;104.99;0.00;105.00;0.00;0.00;59.00;17.20;34.81;180.15;844.81;179.90;895.68;882.65;80.42;0.22
3855;0.00;105.01;0.00;105.00;0.00;0.00;59.01;17.20;34.80;180.13;840.01;179.90;894.77;882.13;80.42;0.19
3860;0.00;105.02;0.00;104.99;0.00;0.00;59.01;17.22;34.81;180.11;838.63;179.95;892.69;881.26;80.42;0.20
3865;0.00;105.01;0.00;105.01;0.00;0.00;59.04;17.27;34.81;180.09;839.16;179.98;892.94;880.73;80.42;0.22
3870;0.00;104.98;0.00;105.02;0.00;0.00;59.01;17.22;34.81;180.08;841.61;180.02;894.13;881.58;80.42;0.21
3875;0.00;105.01;0.00;105.01;0.00;0.00;59.02;17.25;34.81;180.09;846.70;180.06;895.57;882.58;80.42;0.22
3880;0.00;105.39;0.00;103.68;0.00;0.00;58.94;17.19;34.81;180.10;844.12;180.14;895.96;883.23;80.42;0.22
3885;0.00;105.02;0.00;104.99;0.00;0.00;59.02;17.20;34.81;180.11;841.55;180.17;894.85;882.46;80.42;0.20
3890;0.00;105.03;0.00;104.99;0.00;0.00;59.02;17.20;34.81;180.12;840.23;180.20;893.73;881.66;80.42;0.21
3895;0.00;105.00;0.00;105.01;0.00;0.00;59.03;17.23;34.82;180.13;840.86;180.21;893.39;881.36;80.42;0.22
3900;0.00;104.98;0.00;105.01;0.00;0.00;59.01;17.20;34.82;180.13;843.89;180.20;895.66;882.91;80.42;0.21
3905;0.00;105.00;0.00;105.00;0.00;0.00;59.01;17.23;34.82;180.12;846.97;180.18;896.86;883.83;80.42;0.22
3910;0.00;105.30;0.00;104.29;0.00;0.00;58.94;17.22;34.81;180.09;846.63;180.15;897.15;884.21;80.42;0.22
3915;0.00;105.00;0.00;104.99;0.00;0.00;59.04;17.20;34.82;180.08;841.81;180.07;896.42;883.80;80.42;0.19
3920;0.00;105.02;0.00;104.99;0.00;0.00;59.02;17.22;34.83;180.08;840.38;180.02;894.19;882.25;80.42;0.20
3925;0.00;104.47;0.00;106.06;0.00;0.00;59.00;17.22;34.83;180.09;840.50;179.99;894.21;882.19;80.42;0.23
3930;0.00;104.97;0.00;105.03;0.00;0.00;58.99;17.23;34.83;180.12;842.95;179.95;895.30;882.91;80.42;0.21
3935;0.00;105.00;0.00;105.00;0.00;0.00;59.01;17.23;34.83;180.12;848.30;179.90;896.65;883.87;80.42;0.22
3940;0.00;104.99;0.00;104.99;0.00;0.00;59.03;17.31;34.83;180.10;846.09;179.90;897.16;884.47;80.42;0.22
3945;0.00;105.01;0.00;104.99;0.00;0.00;59.00;17.22;34.83;180.09;843.27;179.90;896.03;883.77;80.42;0.20
3950;0.00;105.02;0.00;105.00;0.00;0.00;59.01;17.23;34.84;180.08;841.77;179.91;894.82;882.89;80.42;0.21
3955;0.00;104.83;0.00;105.62;0.00;0.00;58.98;17.20;34.83;180.09;841.88;179.98;894.83;882.44;80.42;0.22
3960;0.00;104.99;0.00;105.02;0.00;0.00;59.02;17.23;34.84;180.10;844.78;180.03;896.27;883.75;80.42;0.21
3965;0.00;105.00;0.00;105.01;0.00;0.00;59.01;17.22;34.84;180.13;847.89;180.08;897.53;884.70;80.42;0.22
3970;0.00;105.49;0.00;103.03;0.00;0.00;59.01;17.22;34.84;180.14;845.22;180.12;897.92;885.14;80.42;0.22
3975;0.00;105.03;0.00;105.01;0.00;0.00;59.05;17.23;34.85;180.13;843.22;180.19;896.04;884.82;80.42;0.19
3980;0.00;105.02;0.00;104.99;0.00;0.00;59.01;17.23;34.85;180.11;841.77;180.22;895.06;883.28;80.42;0.20
3985;0.00;104.99;0.00;105.16;0.00;0.00;59.00;17.27;34.85;180.09;841.51;180.22;895.02;883.17;80.42;0.23
3990;0.00;105.00;0.00;105.03;0.00;0.00;59.02;17.19;34.86;180.10;846.72;180.22;896.05;883.87;80.42;0.21
3995;0.00;104.99;0.00;104.99;0.00;0.00;58.99;17.20;34.86;180.12;849.47;180.16;898.47;884.88;80.42;0.22
4000;0.00;105.43;0.00;103.31;0.00;0.00;58.94;17.22;34.86;180.12;847.79;180.11;898.44;885.81;80.42;0.22
4005;0.00;105.02;0.00;104.99;0.00;0.00;59.02;17.22;34.86;180.10;844.79;180.06;897.46;885.19;80.42;0.19
4010;0.00;105.03;0.00;105.00;0.00;0.00;59.02;17.19;34.87;180.08;841.96;179.97;896.18;884.36;80.42;0.21
4015;0.00;105.00;0.00;105.01;0.00;0.00;59.03;17.23;34.86;180.08;842.83;179.93;895.88;883.99;80.41;0.22
4020;0.00;104.99;0.00;105.02;0.00;0.00;59.01;17.20;34.86;180.08;845.62;179.90;897.16;884.86;80.42;0.21
4025;0.00;105.00;0.00;105.00;0.00;0.00;58.99;17.22;34.87;180.12;848.78;179.88;898.49;885.82;80.42;0.22
4030;0.00;105.02;0.00;105.09;0.00;0.00;58.99;17.25;34.87;180.14;847.10;179.90;899.01;886.33;80.42;0.22
4035;0.00;105.00;0.00;105.01;0.00;0.00;59.01;17.23;34.88;180.14;844.65;179.93;897.30;885.30;80.42;0.19
4040;0.00;105.02;0.00;105.00;0.00;0.00;59.03;17.27;34.87;180.13;843.18;179.98;896.15;884.49;80.42;0.22
4045;0.00;104.62;0.00;105.93;0.00;0.00;59.00;17.23;34.88;180.09;842.57;180.02;895.91;884.23;80.42;0.22
4050;0.00;104.99;0.00;105.03;0.00;0.00;59.02;17.20;34.87;180.08;847.66;180.12;896.79;884.79;80.42;0.21
4055;0.00;105.01;0.00;105.00;0.00;0.00;59.01;17.22;34.88;180.08;850.40;180.17;899.21;886.56;80.41;0.22
4060;0.00;104.99;0.00;104.99;0.00;0.00;59.03;17.33;34.89;180.09;849.36;180.21;899.25;886.74;80.41;0.22
4065;0.00;105.01;0.00;105.00;0.00;0.00;59.01;17.20;34.89;180.13;844.45;180.23;898.30;886.19;80.42;0.19
4070;0.00;105.01;0.00;104.99;0.00;0.00;59.03;17.22;34.88;180.14;843.05;180.24;896.22;885.28;80.42;0.21
4075;0.00;104.98;0.00;105.47;0.00;0.00;58.97;17.20;34.88;180.13;843.59;180.22;896.48;884.76;80.42;0.22
4080;0.00;104.97;0.00;105.01;0.00;0.00;59.02;17.25;34.89;180.12;846.22;180.18;897.71;885.59;80.42;0.21
4085;0.00;105.01;0.00;104.99;0.00;0.00;59.01;17.22;34.89;180.09;851.11;180.13;899.09;886.58;80.42;0.22
4090;0.00;105.50;0.00;103.14;0.00;0.00;58.99;17.23;34.89;180.08;848.32;180.03;899.34;887.17;80.42;0.22
4095;0.00;105.03;0.00;104.99;0.00;0.00;59.02;17.20;34.89;180.09;845.82;179.97;898.20;886.30;80.42;0.20
4100;0.00;105.03;0.00;104.99;0.00;0.00;59.02;17.23;34.90;180.11;844.33;179.92;897.02;885.46;80.42;0.21
4105;0.00;105.02;0.00;105.00;0.00;0.00;59.05;17.28;34.90;180.14;844.99;179.90;896.69;885.14;80.41;0.22
4110;0.00;104.98;0.00;105.03;0.00;0.00;59.02;17.20;34.90;180.15;848.01;179.87;898.88;886.60;80.41;0.21
4115;0.00;105.00;0.00;105.01;0.00;0.00;59.00;17.20;34.90;180.13;851.07;179.88;900.01;887.48;80.42;0.22
4120;0.00;105.12;0.00;105.33;0.00;0.00;59.00;17.23;34.90;180.09;850.78;179.91;900.22;887.79;80.42;0.22
4125;0.00;105.03;0.00;104.99;0.00;0.00;59.02;17.22;34.90;180.08;845.69;180.00;899.42;887.33;80.42;0.19
4130;0.00;105.02;0.00;105.00;0.00;0.00;59.00;17.23;34.90;180.10;844.21;180.06;897.18;885.74;80.42;0.20
4135;0.00;104.57;0.00;105.99;0.00;0.00;58.99;17.17;34.90;180.11;844.32;180.10;897.25;885.71;80.42;0.23
4140;0.00;104.97;0.00;105.02;0.00;0.00;59.02;17.23;34.91;180.13;846.78;180.16;898.33;886.42;80.42;0.21
4145;0.00;105.00;0.00;105.00;0.00;0.00;58.99;17.20;34.90;180.13;852.21;180.24;899.74;887.40;80.42;0.22
4150;0.00;105.00;0.00;104.99;0.00;0.00;59.01;17.27;34.91;180.12;849.96;180.26;900.24;888.02;80.41;0.22
4155;0.00;105.02;0.00;104.99;0.00;0.00;59.02;17.22;34.91;180.11;846.99;180.26;899.13;887.29;80.42;0.20
4160;0.00;105.02;0.00;105.01;0.00;0.00;59.01;17.19;34.91;180.09;844.26;180.24;897.86;886.40;80.42;0.21
4165;0.00;105.04;0.00;105.29;0.00;0.00;59.03;17.25;34.91;180.09;845.51;180.18;897.87;885.93;80.42;0.22
4170;0.00;105.00;0.00;105.02;0.00;0.00;59.00;17.20;34.91;180.10;848.43;180.13;899.21;887.18;80.42;0.21
4175;0.00;105.00;0.00;104.99;0.00;0.00;59.00;17.22;34.92;180.12;851.56;180.08;900.45;888.08;80.42;0.22
4180;0.00;105.29;0.00;104.12;0.00;0.00;58.97;17.22;34.92;180.15;848.79;180.03;900.82;888.50;80.41;0.22
4185;0.00;105.02;0.00;104.98;0.00;0.00;59.02;17.20;34.92;180.16;846.66;179.92;898.91;888.16;80.42;0.19
4190;0.00;105.00;0.00;104.99;0.00;0.00;59.01;17.19;34.92;180.15;845.16;179.89;897.86;886.53;80.42;0.22
4195;0.00;105.01;0.00;104.99;0.00;0.00;59.02;17.22;34.92;180.13;844.90;179.87;897.80;886.40;80.41;0.23
4200;0.00;105.00;0.00;105.01;0.00;0.00;59.01;17.22;34.93;180.08;850.36;179.88;898.84;887.10;80.41;0.21
4205;0.00;105.00;0.00;105.00;0.00;0.00;59.00;17.22;34.93;180.08;852.94;179.92;901.18;888.83;80.42;0.22
4210;0.00;105.05;0.00;105.44;0.00;0.00;58.98;17.23;34.94;180.09;851.23;179.97;901.08;888.91;80.42;0.22
4215;0.00;105.02;0.00;104.99;0.00;0.00;59.00;17.23;34.93;180.12;848.06;180.02;900.05;888.26;80.42;0.20
4220;0.00;105.02;0.00;104.99;0.00;0.00;59.02;17.22;34.93;180.13;845.08;180.15;898.74;887.36;80.42;0.21
4225;0.00;104.62;0.00;105.98;0.00;0.00;59.03;17.23;34.93;180.13;846.00;180.20;898.47;887.00;80.42;0.22
4230;0.00;105.00;0.00;105.03;0.00;0.00;59.02;17.20;34.94;180.13;848.82;180.23;899.77;887.89;80.42;0.22
4235;0.00;104.98;0.00;105.01;0.00;0.00;58.99;17.23;34.93;180.14;852.00;180.26;901.06;888.80;80.42;0.22
4240;0.00;105.01;0.00;105.01;0.00;0.00;59.04;17.31;34.94;180.13;850.05;180.26;901.52;889.28;80.42;0.22
4245;0.00;105.02;0.00;104.99;0.00;0.00;59.00;17.22;34.94;180.11;847.55;180.24;899.70;888.17;80.41;0.19
4250;0.00;105.01;0.00;105.01;0.00;0.00;59.02;17.20;34.94;180.09;846.11;180.21;898.56;887.32;80.41;0.22
4255;0.00;104.95;0.00;105.36;0.00;0.00;58.98;17.20;34.94;180.10;845.49;180.17;898.32;887.06;80.41;0.23
4260;0.00;104.98;0.00;105.03;0.00;0.00;59.03;17.22;34.94;180.12;850.67;180.06;899.18;887.60;80.42;0.21
4265;0.00;105.00;0.00;105.01;0.00;0.00;59.00;17.22;34.94;180.13;853.58;180.01;901.59;889.36;80.42;0.22
4270;0.00;105.51;0.00;103.28;0.00;0.00;58.98;17.22;34.94;180.13;852.42;179.96;901.62;889.53;80.42;0.22
4275;0.00;105.02;0.00;104.98;0.00;0.00;59.01;17.23;34.95;180.11;847.21;179.93;900.69;888.96;80.42;0.19
4280;0.00;105.01;0.00;105.01;0.00;0.00;59.01;17.25;34.95;180.09;845.78;179.88;898.58;888.03;80.42;0.21
4285;0.00;104.99;0.00;105.01;0.00;0.00;59.05;17.31;34.94;180.08;846.48;179.89;898.86;887.52;80.42;0.22
4290;0.00;105.00;0.00;105.01;0.00;0.00;59.02;17.25;34.96;180.08;849.05;179.91;900.12;888.38;80.41;0.21
4295;0.00;104.99;0.00;105.00;0.00;0.00;58.99;17.22;34.96;180.10;854.07;179.94;901.48;889.34;80.42;0.22
4300;0.00;105.40;0.00;103.67;0.00;0.00;58.94;17.23;34.96;180.12;851.15;180.05;901.65;889.91;80.42;0.22
4305;0.00;105.02;0.00;104.99;0.00;0.00;59.02;17.23;34.96;180.14;848.37;180.10;900.45;888.94;80.42;0.20
4310;0.00;105.03;0.00;105.00;0.00;0.00;58.99;17.22;34.96;180.15;846.91;180.16;899.27;888.11;80.42;0.21
4315;0.00;105.01;0.00;104.99;0.00;0.00;59.06;17.28;34.97;180.13;847.78;180.21;898.93;887.78;80.42;0.22
4320;0.00;104.97;0.00;105.01;0.00;0.00;59.01;17.22;34.97;180.11;850.90;180.28;901.14;889.23;80.42;0.21
4325;0.00;104.99;0.00;104.99;0.00;0.00;59.01;17.20;34.97;180.09;853.97;180.29;902.22;890.07;80.42;0.22
4330;0.00;105.32;0.00;104.16;0.00;0.00;58.97;17.22;34.97;180.08;853.54;180.28;902.37;890.32;80.42;0.22
4335;0.00;105.01;0.00;104.99;0.00;0.00;59.00;17.22;34.97;180.10;848.04;180.22;901.49;889.82;80.42;0.19
4340;0.00;105.00;0.00;105.01;0.00;0.00;59.02;17.20;34.97;180.12;846.53;180.18;899.23;888.19;80.42;0.20
4345;0.00;104.61;0.00;106.02;0.00;0.00;59.03;17.23;34.98;180.13;846.85;180.12;899.36;888.17;80.42;0.23
4350;0.00;104.97;0.00;105.03;0.00;0.00;59.01;17.20;34.98;180.16;849.26;180.06;900.49;888.92;80.42;0.21
4355;0.00;105.00;0.00;105.01;0.00;0.00;58.98;17.22;34.98;180.14;854.82;179.94;901.86;889.88;80.42;0.22
4360;0.00;104.99;0.00;104.98;0.00;0.00;58.98;17.22;34.98;180.13;852.25;179.88;902.23;890.39;80.42;0.22
4365;0.00;105.02;0.00;104.98;0.00;0.00;59.02;17.20;34.98;180.10;849.31;179.88;901.06;889.63;80.42;0.20
4370;0.00;105.01;0.00;105.00;0.00;0.00;59.02;17.22;34.99;180.09;846.52;179.86;899.82;888.74;80.42;0.21
4375;0.00;105.13;0.00;105.34;0.00;0.00;59.01;17.25;34.98;180.10;847.97;179.91;899.94;888.30;80.42;0.22
4380;0.00;104.99;0.00;105.03;0.00;0.00;59.01;17.23;34.98;180.11;851.02;179.94;901.38;889.64;80.42;0.21
4385;0.00;105.00;0.00;105.00;0.00;0.00;59.01;17.23;34.98;180.13;853.99;180.00;902.54;890.52;80.42;0.22
4390;0.00;105.45;0.00;103.64;0.00;0.00;58.98;17.19;34.99;180.14;851.11;180.06;902.84;890.89;80.42;0.22
4395;0.00;105.00;0.00;104.99;0.00;0.00;59.03;17.22;34.99;180.12;848.75;180.19;900.82;890.49;80.42;0.19
4400;0.00;105.01;0.00;105.00;0.00;0.00;59.02;17.20;34.99;180.10;847.21;180.24;899.83;888.85;80.42;0.22
4405;0.00;104.99;0.00;105.00;0.00;0.00;59.02;17.23;34.99;180.08;847.06;180.28;899.81;888.76;80.42;0.23
4410;0.00;104.99;0.00;105.02;0.00;0.00;59.02;17.23;34.99;180.10;852.64;180.29;900.85;889.44;80.42;0.21
4415;0.00;105.02;0.00;105.00;0.00;0.00;59.02;17.19;34.99;180.12;855.36;180.29;903.09;891.11;80.42;0.22
4420;0.00;105.17;0.00;105.16;0.00;0.00;58.98;17.25;35.00;180.15;853.32;180.26;902.90;891.12;80.42;0.22
4425;0.00;105.00;0.00;104.99;0.00;0.00;59.00;17.22;35.00;180.16;850.01;180.22;901.79;890.40;80.42;0.20
4430;0.00;105.01;0.00;105.00;0.00;0.00;59.02;17.22;35.01;180.14;847.06;180.11;900.51;889.46;80.42;0.21
4435;0.00;104.45;0.00;106.06;0.00;0.00;58.99;17.22;35.00;180.11;848.16;180.04;900.28;889.14;80.42;0.22
4440;0.00;104.98;0.00;105.02;0.00;0.00;59.02;17.20;35.00;180.08;851.11;179.99;901.60;890.03;80.42;0.22
4445;0.00;105.01;0.00;104.99;0.00;0.00;59.00;17.20;35.01;180.08;854.34;179.95;902.83;890.93;80.42;0.22
4450;0.00;105.00;0.00;105.19;0.00;0.00;59.01;17.28;35.01;180.10;852.12;179.91;903.27;891.39;80.42;0.22
4455;0.00;105.01;0.00;104.99;0.00;0.00;59.02;17.17;35.00;180.12;849.45;179.91;901.41;890.21;80.42;0.19
4460;0.00;105.02;0.00;104.99;0.00;0.00;59.02;17.22;35.01;180.14;847.86;179.93;900.28;889.39;80.42;0.22
4465;0.00;104.68;0.00;106.01;0.00;0.00;58.96;17.22;35.01;180.16;847.43;179.94;900.11;889.18;80.42;0.23
4470;0.00;104.99;0.00;105.02;0.00;0.00;59.01;17.23;35.02;180.15;852.68;180.06;901.06;889.79;80.42;0.21
4475;0.00;105.01;0.00;105.00;0.00;0.00;59.02;17.22;35.02;180.13;855.66;180.12;903.38;891.49;80.41;0.22
4480;0.00;105.51;0.00;103.08;0.00;0.00;58.98;17.20;35.01;180.11;854.28;180.18;903.34;891.60;80.42;0.22
4485;0.00;105.04;0.00;104.98;0.00;0.00;59.03;17.25;35.02;180.08;848.99;180.22;902.34;890.96;80.42;0.19
4490;0.00;105.01;0.00;104.99;0.00;0.00;59.04;17.20;35.02;180.09;847.54;180.29;900.22;890.03;80.42;0.21
4495;0.00;105.05;0.00;105.19;0.00;0.00;59.02;17.28;35.02;180.10;848.28;180.29;900.56;889.55;80.42;0.22
4500;0.00;104.99;0.00;105.03;0.00;0.00;59.03;17.20;35.02;180.11;851.11;180.29;901.84;890.39;80.42;0.21
4505;0.00;105.00;0.00;105.00;0.00;0.00;59.00;17.22;35.02;180.10;856.10;180.27;903.16;891.37;80.42;0.22
4510;0.00;105.49;0.00;103.15;0.00;0.00;59.01;17.20;35.02;180.10;853.06;180.19;903.31;891.91;80.42;0.22
4515;0.00;105.03;0.00;104.99;0.00;0.00;59.02;17.20;35.02;180.09;850.10;180.13;902.06;890.89;80.42;0.20
4520;0.00;105.01;0.00;104.99;0.00;0.00;59.01;17.22;35.02;180.08;848.48;180.08;900.88;890.04;80.42;0.21
4525;0.00;105.02;0.00;105.01;0.00;0.00;58.99;17.25;35.02;180.09;849.49;180.02;900.51;889.69;80.42;0.23
4530;0.00;104.98;0.00;105.01;0.00;0.00;59.01;17.20;35.02;180.10;852.68;179.94;902.72;891.13;80.42;0.21
4535;0.00;104.99;0.00;104.99;0.00;0.00;59.03;17.22;35.03;180.11;855.82;179.92;903.75;891.94;80.42;0.22
4540;0.00;105.10;0.00;105.42;0.00;0.00;58.99;17.22;35.03;180.11;855.25;179.91;903.86;892.17;80.42;0.22
4545;0.00;105.00;0.00;104.99;0.00;0.00;59.02;17.20;35.03;180.10;849.63;179.94;902.97;891.62;80.42;0.19
4550;0.00;105.01;0.00;105.00;0.00;0.00;59.02;17.20;35.03;180.08;848.09;179.98;900.74;890.00;80.42;0.20
4555;0.00;104.54;0.00;105.96;0.00;0.00;59.01;17.22;35.03;180.07;848.45;180.02;900.90;890.02;80.42;0.23
4560;0.00;104.99;0.00;105.03;0.00;0.00;59.02;17.23;35.03;180.08;851.13;180.07;902.06;890.78;80.42;0.21
4565;0.00;104.98;0.00;104.99;0.00;0.00;59.01;17.19;35.03;180.10;856.64;180.18;903.42;891.74;80.42;0.22
4570;0.00;105.00;0.00;105.00;0.00;0.00;59.06;17.33;35.04;180.11;854.01;180.22;903.69;892.17;80.42;0.22
4575;0.00;105.04;0.00;104.99;0.00;0.00;59.02;17.25;35.04;180.11;850.75;180.25;902.48;891.37;80.42;0.20
4580;0.00;105.02;0.00;104.99;0.00;0.00;59.02;17.22;35.05;180.09;849.05;180.27;901.24;890.45;80.42;0.21
4585;0.00;104.95;0.00;105.44;0.00;0.00;59.00;17.22;35.05;180.09;849.67;180.25;900.74;890.03;80.42;0.22
4590;0.00;104.98;0.00;105.03;0.00;0.00;59.01;17.20;35.04;180.09;852.83;180.23;902.87;891.41;80.42;0.21
4595;0.00;105.00;0.00;105.01;0.00;0.00;59.02;17.20;35.04;180.09;855.86;180.19;904.04;892.29;80.42;0.22
4600;0.00;105.49;0.00;103.21;0.00;0.00;59.01;17.20;35.05;180.10;852.50;180.15;904.30;892.63;80.42;0.22
4605;0.00;105.00;0.00;104.99;0.00;0.00;59.02;17.22;35.05;180.11;850.10;180.04;902.24;892.20;80.42;0.19
4610;0.00;105.02;0.00;105.00;0.00;0.00;59.02;17.22;35.04;180.11;848.53;180.01;901.23;890.56;80.42;0.20
4615;0.00;104.99;0.00;105.00;0.00;0.00;59.04;17.27;35.05;180.09;848.57;179.97;901.24;890.47;80.41;0.23
4620;0.00;105.01;0.00;105.01;0.00;0.00;59.01;17.20;35.05;180.09;854.39;179.94;902.38;891.20;80.42;0.21
4625;0.00;105.00;0.00;104.99;0.00;0.00;58.99;17.20;35.06;180.09;857.06;179.94;904.51;892.15;80.42;0.22
4630;0.00;105.22;0.00;104.66;0.00;0.00;58.96;17.20;35.06;180.09;854.69;179.94;904.27;892.77;80.42;0.22
4635;0.00;104.98;0.00;105.01;0.00;0.00;59.03;17.23;35.06;180.10;851.43;179.98;903.15;892.02;80.42;0.20
4640;0.00;105.01;0.00;105.01;0.00;0.00;59.03;17.22;35.06;180.11;848.39;180.02;901.84;891.11;80.42;0.21
4645;0.00;104.76;0.00;105.80;0.00;0.00;58.99;17.17;35.06;180.12;849.73;180.11;901.81;890.90;80.42;0.22
4650;0.00;104.99;0.00;105.03;0.00;0.00;59.02;17.20;35.06;180.11;852.81;180.16;903.16;891.84;80.42;0.22
4655;0.00;105.00;0.00;104.99;0.00;0.00;59.00;17.22;35.07;180.09;856.08;180.21;904.37;892.71;80.42;0.22
4660;0.00;105.48;0.00;103.12;0.00;0.00;59.01;17.20;35.07;180.08;853.40;180.26;904.71;893.10;80.42;0.22
4665;0.00;105.01;0.00;104.99;0.00;0.00;59.02;17.23;35.07;180.07;850.71;180.27;902.72;891.82;80.42;0.19
4670;0.00;105.02;0.00;104.99;0.00;0.00;59.02;17.20;35.07;180.07;849.09;180.27;901.60;891.01;80.42;0.22
4675;0.00;105.04;0.00;105.28;0.00;0.00;58.99;17.27;35.08;180.09;848.76;180.26;901.44;890.79;80.42;0.23
4680;0.00;104.97;0.00;105.02;0.00;0.00;59.02;17.23;35.07;180.10;854.34;180.19;902.42;891.37;80.42;0.21
4685;0.00;104.99;0.00;104.99;0.00;0.00;59.01;17.19;35.07;180.10;857.30;180.15;904.66;893.04;80.42;0.22
4690;0.00;105.37;0.00;103.87;0.00;0.00;58.95;17.22;35.09;180.09;855.59;180.09;904.54;893.09;80.42;0.22
4695;0.00;105.02;0.00;104.99;0.00;0.00;59.02;17.19;35.08;180.08;850.14;180.04;903.47;892.40;80.42;0.20
4700;0.00;105.02;0.00;104.99;0.00;0.00;59.03;17.20;35.07;180.09;848.72;179.96;901.41;891.46;80.42;0.21
4705;0.00;104.45;0.00;105.99;0.00;0.00;59.01;17.22;35.08;180.09;849.66;179.94;901.79;891.05;80.42;0.22
4710;0.00;104.99;0.00;105.04;0.00;0.00;59.01;17.22;35.08;180.09;852.64;179.93;903.13;891.94;80.42;0.21
4715;0.00;104.99;0.00;105.01;0.00;0.00;59.00;17.22;35.08;180.10;857.52;179.94;904.43;892.88;80.42;0.22
4720;0.00;104.99;0.00;104.99;0.00;0.00;59.02;17.30;35.08;180.10;854.22;179.99;904.49;893.41;80.42;0.22
4725;0.00;105.02;0.00;105.00;0.00;0.00;59.03;17.20;35.08;180.10;851.22;180.03;903.26;892.35;80.42;0.20
4730;0.00;104.99;0.00;105.00;0.00;0.00;59.02;17.20;35.08;180.10;849.66;180.08;902.08;891.51;80.42;0.21
4735;0.00;104.81;0.00;105.71;0.00;0.00;58.98;17.19;35.09;180.07;850.93;180.12;901.79;891.21;80.42;0.23
4740;0.00;105.00;0.00;105.02;0.00;0.00;59.02;17.20;35.09;180.06;854.22;180.20;904.05;892.70;80.42;0.21
4745;0.00;105.00;0.00;104.98;0.00;0.00;59.01;17.22;35.08;180.05;857.38;180.24;905.07;893.51;80.42;0.22
4750;0.00;105.49;0.00;103.59;0.00;0.00;58.99;17.19;35.09;180.07;856.71;180.25;905.14;893.69;80.42;0.22
4755;0.00;104.99;0.00;104.99;0.00;0.00;59.03;17.22;35.10;180.08;850.70;180.26;904.22;893.14;80.42;0.19
4760;0.00;105.01;0.00;105.01;0.00;0.00;59.02;17.22;35.10;180.11;849.16;180.23;901.94;891.45;80.42;0.20
4765;0.00;105.01;0.00;104.99;0.00;0.00;59.03;17.28;35.10;180.12;849.71;180.20;902.08;891.45;80.42;0.23
4770;0.00;105.00;0.00;105.02;0.00;0.00;59.02;17.19;35.10;180.11;852.31;180.16;903.26;892.21;80.42;0.21
4775;0.00;105.00;0.00;104.99;0.00;0.00;59.01;17.20;35.10;180.10;858.00;180.06;904.55;893.12;80.42;0.22
4780;0.00;105.16;0.00;105.19;0.00;0.00;58.98;17.22;35.10;180.07;855.05;180.03;904.79;893.54;80.42;0.22
4785;0.00;105.02;0.00;104.99;0.00;0.00;59.03;17.25;35.11;180.06;851.88;179.99;903.60;892.72;80.42;0.20
4790;0.00;105.03;0.00;104.99;0.00;0.00;59.02;17.22;35.11;180.08;849.06;179.95;902.31;891.82;80.42;0.21
4795;0.00;104.46;0.00;105.95;0.00;0.00;59.02;17.23;35.11;180.10;850.76;179.93;902.57;891.38;80.42;0.22
4800;0.00;105.00;0.00;105.01;0.00;0.00;58.98;17.25;35.11;180.12;853.98;179.95;903.98;892.75;80.42;0.21
4805;0.00;104.98;0.00;105.01;0.00;0.00;59.00;17.20;35.11;180.12;857.06;179.98;905.12;893.62;80.42;0.22
4810;0.00;105.01;0.00;105.00;0.00;0.00;59.02;17.34;35.11;180.11;853.66;180.02;905.37;893.95;80.42;0.22
4815;0.00;105.01;0.00;105.00;0.00;0.00;59.02;17.19;35.12;180.09;851.13;180.10;903.33;893.50;80.42;0.19
4820;0.00;105.01;0.00;105.00;0.00;0.00;59.01;17.23;35.12;180.06;849.51;180.15;902.29;891.85;80.42;0.20
4825;0.00;105.08;0.00;105.35;0.00;0.00;59.01;17.25;35.12;180.05;849.57;180.19;902.31;891.77;80.42;0.23
4830;0.00;104.99;0.00;105.03;0.00;0.00;58.99;17.23;35.12;180.07;855.52;180.23;903.41;892.48;80.42;0.21
4835;0.00;105.01;0.00;104.99;0.00;0.00;59.00;17.23;35.12;180.10;858.29;180.26;905.56;893.45;80.42;0.22
4840;0.00;105.51;0.00;103.38;0.00;0.00;58.98;17.22;35.12;180.11;855.90;180.26;905.32;894.07;80.42;0.22
4845;0.00;105.01;0.00;104.99;0.00;0.00;59.01;17.20;35.13;180.11;852.32;180.25;904.21;893.32;80.42;0.20
4850;0.00;105.02;0.00;105.01;0.00;0.00;59.03;17.22;35.13;180.10;849.31;180.18;902.88;892.39;80.42;0.21
4855;0.00;105.00;0.00;105.00;0.00;0.00;59.03;17.30;35.13;180.09;850.67;180.13;902.78;892.15;80.42;0.22
4860;0.00;104.99;0.00;105.03;0.00;0.00;59.02;17.19;35.13;180.08;853.82;180.09;904.13;893.05;80.42;0.22
4865;0.00;104.99;0.00;105.00;0.00;0.00;59.02;17.27;35.14;180.06;856.95;180.04;905.33;893.92;80.42;0.22
4870;0.00;105.26;0.00;104.61;0.00;0.00;58.97;17.19;35.13;180.07;854.43;179.97;905.65;894.29;80.42;0.22
4875;0.00;105.02;0.00;104.99;0.00;0.00;59.02;17.20;35.14;180.09;851.58;179.94;903.65;893.02;80.42;0.20
4880;0.00;105.01;0.00;104.99;0.00;0.00;59.02;17.25;35.14;180.11;849.91;179.93;902.55;892.17;80.42;0.22
4885;0.00;104.41;0.00;104.99;0.00;0.00;58.98;17.23;35.14;180.11;849.59;179.94;902.41;891.98;80.42;0.23
4890;0.00;104.98;0.00;105.02;0.00;0.00;59.02;17.22;35.13;180.10;855.28;179.97;903.42;892.60;80.42;0.21
4895;0.00;104.99;0.00;104.99;0.00;0.00;59.01;17.25;35.15;180.10;858.34;180.01;905.72;894.31;80.42;0.22
4900;0.00;105.00;0.00;105.05;0.00;0.00;58.99;17.27;35.14;180.09;856.66;180.06;905.63;894.39;80.42;0.22
4905;0.00;105.02;0.00;105.00;0.00;0.00;59.02;17.23;35.15;180.06;850.99;180.12;904.61;893.72;80.42;0.20
4910;0.00;105.02;0.00;105.01;0.00;0.00;59.03;17.23;35.15;180.06;849.55;180.21;902.58;892.82;80.42;0.21
4915;0.00;104.62;0.00;105.92;0.00;0.00;59.02;17.22;35.15;180.08;850.55;180.24;903.00;892.42;80.42;0.22
4920;0.00;104.98;0.00;105.02;0.00;0.00;59.01;17.22;35.15;180.11;853.58;180.25;904.33;893.33;80.42;0.22
4925;0.00;104.99;0.00;104.99;0.00;0.00;58.99;17.20;35.15;180.13;858.64;180.25;905.61;894.26;80.42;0.22
4930;0.00;105.02;0.00;104.99;0.00;0.00;59.00;17.27;35.16;180.12;855.25;180.23;905.51;894.72;80.42;0.22
4935;0.00;105.04;0.00;104.99;0.00;0.00;59.01;17.23;35.15;180.10;852.09;180.20;904.26;893.56;80.42;0.20
4940;0.00;105.01;0.00;105.00;0.00;0.00;59.02;17.23;35.16;180.09;850.38;180.16;903.04;892.68;80.42;0.21
4945;0.00;105.04;0.00;105.27;0.00;0.00;59.01;17.28;35.16;180.09;851.75;180.11;902.73;892.37;80.42;0.23
4950;0.00;104.99;0.00;105.03;0.00;0.00;59.02;17.20;35.16;180.09;855.11;180.02;905.00;893.85;80.42;0.21
4955;0.00;105.01;0.00;104.99;0.00;0.00;58.99;17.20;35.16;180.10;858.34;179.97;905.99;894.62;80.42;0.23
4960;0.00;105.39;0.00;103.89;0.00;0.00;58.95;17.22;35.16;180.10;857.51;179.95;906.02;894.80;80.42;0.22
4965;0.00;105.01;0.00;104.97;0.00;0.00;59.01;17.20;35.17;180.09;851.47;179.93;905.08;894.20;80.42;0.19
4970;0.00;105.00;0.00;105.00;0.00;0.00;59.01;17.22;35.17;180.09;849.90;179.94;902.85;892.56;80.42;0.20
4975;0.00;104.47;0.00;106.02;0.00;0.00;59.02;17.23;35.17;180.10;850.47;179.97;903.06;892.63;80.42;0.23
4980;0.00;105.00;0.00;105.02;0.00;0.00;59.02;17.22;35.17;180.09;853.35;179.99;904.30;893.45;80.42;0.21
4985;0.00;105.00;0.00;104.99;0.00;0.00;59.01;17.22;35.17;180.09;859.01;180.09;905.63;894.35;80.42;0.22
4990;0.00;105.01;0.00;105.01;0.00;0.00;59.04;17.28;35.18;180.08;856.01;180.12;905.75;894.70;80.42;0.22
4995;0.00;105.02;0.00;104.99;0.00;0.00;59.02;17.25;35.19;180.08;852.55;180.16;904.52;893.87;80.42;0.20
5000;0.00;105.02;0.00;105.00;0.00;0.00;59.03;17.23;35.19;180.10;850.75;180.20;903.27;892.94;80.42;0.21
5005;0.00;104.83;0.00;105.58;0.00;0.00;58.99;17.20;35.19;180.12;851.51;180.24;903.55;892.55;80.42;0.22
5010;0.00;104.97;0.00;105.03;0.00;0.00;59.02;17.23;35.19;180.13;854.81;180.24;904.97;893.97;80.42;0.21
5015;0.00;104.99;0.00;105.00;0.00;0.00;59.00;17.22;35.19;180.13;858.14;180.22;906.09;894.79;80.42;0.23
5020;0.00;105.51;0.00;104.99;0.00;0.00;58.99;17.22;35.20;180.10;854.26;180.20;906.27;895.07;80.42;0.22
5025;0.00;105.02;0.00;104.98;0.00;0.00;59.02;17.22;35.19;180.08;851.73;180.12;904.14;894.59;80.42;0.19
5030;0.00;105.01;0.00;104.99;0.00;0.00;59.02;17.20;35.20;180.08;850.20;180.09;903.19;892.94;80.42;0.20
5035;0.00;105.01;0.00;105.16;0.00;0.00;59.02;17.27;35.20;180.08;850.37;180.05;903.30;892.93;80.42;0.23
5040;0.00;104.97;0.00;105.03;0.00;0.00;59.02;17.23;35.20;180.11;856.55;180.00;904.45;893.69;80.42;0.21
5045;0.00;105.00;0.00;105.00;0.00;0.00;59.00;17.22;35.20;180.12;859.21;179.95;906.57;894.66;80.42;0.22
5050;0.00;105.35;0.00;104.11;0.00;0.00;58.95;17.22;35.20;180.13;856.83;179.95;906.29;895.23;80.42;0.22
5055;0.00;105.02;0.00;104.99;0.00;0.00;59.01;17.25;35.20;180.10;853.10;179.94;905.17;894.46;80.42;0.20
5060;0.00;104.99;0.00;105.01;0.00;0.00;59.02;17.22;35.20;180.09;850.01;179.96;903.83;893.53;80.42;0.21
5065;0.00;104.47;0.00;105.97;0.00;0.00;59.02;17.22;35.21;180.08;851.57;180.02;903.83;893.36;80.42;0.22
5070;0.00;104.98;0.00;105.03;0.00;0.00;59.01;17.20;35.21;180.07;854.60;180.06;905.19;894.26;80.42;0.22
5075;0.00;104.99;0.00;105.00;0.00;0.00;59.01;17.23;35.21;180.10;858.01;180.11;906.34;895.11;80.42;0.22
5080;0.00;104.99;0.00;104.99;0.00;0.00;59.01;17.31;35.21;180.12;855.06;180.19;906.61;895.45;80.42;0.22
5085;0.00;105.02;0.00;104.99;0.00;0.00;59.03;17.22;35.21;180.13;852.32;180.21;904.56;894.10;80.42;0.20
5090;0.00;104.99;0.00;104.99;0.00;0.00;59.02;17.22;35.21;180.13;850.60;180.24;903.45;893.26;80.42;0.22
5095;0.00;104.76;0.00;105.69;0.00;0.00;58.97;17.19;35.22;180.12;850.33;180.24;903.30;893.07;80.42;0.23
5100;0.00;104.99;0.00;105.01;0.00;0.00;59.01;17.20;35.21;180.10;856.27;180.22;904.28;893.71;80.42;0.21
5105;0.00;104.99;0.00;104.99;0.00;0.00;59.01;17.19;35.21;180.09;859.19;180.19;906.56;895.36;80.42;0.22
5110;0.00;105.50;0.00;103.19;0.00;0.00;59.00;17.20;35.22;180.09;857.56;180.16;906.46;895.42;80.42;0.22
5115;0.00;105.02;0.00;104.99;0.00;0.00;59.01;17.20;35.22;180.09;851.53;180.12;905.40;894.76;80.42;0.20
5120;0.00;105.03;0.00;105.01;0.00;0.00;59.02;17.23;35.22;180.09;850.12;180.04;903.37;893.81;80.42;0.21
5125;0.00;105.00;0.00;104.99;0.00;0.00;59.03;17.30;35.22;180.09;851.14;180.01;903.81;893.43;80.42;0.22
5130;0.00;105.22;0.00;105.01;0.00;0.00;59.01;17.39;35.22;180.09;854.24;180.00;905.14;894.34;80.42;0.22
5135;0.00;104.99;0.00;104.99;0.00;0.00;59.01;17.22;35.22;180.10;859.36;179.98;906.40;895.24;80.42;0.22
5140;0.00;105.27;0.00;104.48;0.00;0.00;58.96;17.20;35.22;180.11;855.69;179.96;906.33;895.72;80.42;0.22
5145;0.00;105.02;0.00;104.99;0.00;0.00;59.05;17.22;35.22;180.11;852.70;179.99;905.05;894.57;80.42;0.20
5150;0.00;105.02;0.00;105.01;0.00;0.00;59.03;17.23;35.23;180.12;851.04;180.02;903.87;893.71;80.42;0.21
5155;0.00;104.38;0.00;105.01;0.00;0.00;59.01;17.23;35.23;180.13;852.59;180.05;903.57;893.39;80.42;0.23
5160;0.00;104.99;0.00;105.03;0.00;0.00;59.01;17.20;35.23;180.12;855.80;180.12;905.77;894.81;80.42;0.21
5165;0.00;105.01;0.00;104.98;0.00;0.00;58.99;17.23;35.23;180.12;859.08;180.16;906.69;895.54;80.42;0.23
5170;0.00;104.99;0.00;104.99;0.00;0.00;59.06;17.33;35.23;180.11;858.33;180.18;906.67;895.64;80.42;0.22
5175;0.00;105.00;0.00;104.98;0.00;0.00;59.02;17.23;35.23;180.11;851.90;180.21;905.67;895.00;80.42;0.19
5180;0.00;104.99;0.00;105.00;0.00;0.00;59.01;17.22;35.23;180.10;850.39;180.22;903.42;893.34;80.42;0.20
5185;0.00;104.78;0.00;105.68;0.00;0.00;58.96;17.17;35.23;180.09;850.95;180.21;903.67;893.40;80.42;0.23
5190;0.00;104.98;0.00;105.03;0.00;0.00;59.01;17.22;35.24;180.10;853.87;180.19;904.93;894.22;80.42;0.21
5195;0.00;104.99;0.00;104.98;0.00;0.00;59.02;17.20;35.24;180.11;859.70;180.14;906.27;895.18;80.42;0.22
5200;0.00;105.49;0.00;103.22;0.00;0.00;58.99;17.19;35.24;180.13;856.43;180.11;906.46;895.57;80.42;0.22
5205;0.00;105.03;0.00;105.00;0.00;0.00;59.03;17.22;35.24;180.13;853.08;180.08;905.23;894.76;80.42;0.20
5210;0.00;105.00;0.00;105.00;0.00;0.00;59.02;17.25;35.25;180.11;851.24;180.05;904.04;893.89;80.42;0.21
5215;0.00;105.00;0.00;105.12;0.00;0.00;58.98;17.22;35.24;180.09;852.20;180.00;904.47;893.53;80.42;0.22
5220;0.00;104.99;0.00;105.02;0.00;0.00;59.02;17.22;35.24;180.08;855.62;179.99;905.91;895.01;80.42;0.21
5225;0.00;105.01;0.00;104.99;0.00;0.00;59.02;17.20;35.25;180.08;858.81;179.99;907.03;895.86;80.42;0.23
5230;0.00;105.42;0.00;103.72;0.00;0.00;58.97;17.22;35.25;180.11;854.95;179.99;907.19;896.14;80.42;0.22
5235;0.00;105.02;0.00;104.99;0.00;0.00;59.02;17.23;35.25;180.12;852.33;180.03;905.04;895.64;80.42;0.19
5240;0.00;105.01;0.00;104.99;0.00;0.00;59.02;17.20;35.26;180.14;850.67;180.06;904.07;893.98;80.42;0.20
5245;0.00;104.99;0.00;105.00;0.00;0.00;59.03;17.25;35.25;180.14;850.90;180.09;904.14;893.93;80.42;0.23
5250;0.00;104.99;0.00;105.03;0.00;0.00;59.01;17.22;35.25;180.10;857.20;180.12;905.25;894.66;80.42;0.21
5255;0.00;104.96;0.00;105.00;0.00;0.00;59.01;17.22;35.26;180.08;860.01;180.17;907.27;895.59;80.42;0.22
5260;0.00;105.12;0.00;105.36;0.00;0.00;58.99;17.22;35.26;180.06;857.32;180.19;906.94;896.06;80.42;0.22
5265;0.00;105.00;0.00;104.98;0.00;0.00;59.02;17.23;35.26;180.06;853.52;180.19;905.76;895.25;80.42;0.20
5270;0.00;105.00;0.00;104.99;0.00;0.00;59.05;17.20;35.27;180.11;850.45;180.20;904.43;894.31;80.42;0.21
5275;0.00;104.59;0.00;105.91;0.00;0.00;59.03;17.22;35.26;180.15;852.00;180.16;904.36;894.08;80.42;0.22
5280;0.00;105.00;0.00;105.01;0.00;0.00;59.03;17.22;35.27;180.16;855.32;180.15;905.74;894.97;80.42;0.22
5285;0.00;105.00;0.00;105.00;0.00;0.00;58.99;17.19;35.27;180.15;858.77;180.12;906.87;895.82;80.42;0.22
5290;0.00;104.99;0.00;104.99;0.00;0.00;59.00;17.25;35.27;180.11;855.64;180.05;907.16;896.15;80.42;0.22
5295;0.00;105.03;0.00;104.99;0.00;0.00;59.03;17.25;35.28;180.07;852.65;180.02;905.13;894.80;80.42;0.20
5300;0.00;105.01;0.00;105.00;0.00;0.00;59.01;17.23;35.27;180.05;850.91;180.01;904.07;894.02;80.42;0.22
5305;0.00;105.00;0.00;105.11;0.00;0.00;59.03;17.25;35.27;180.07;850.81;180.00;904.00;893.88;80.42;0.23
5310;0.00;104.99;0.00;105.01;0.00;0.00;59.00;17.23;35.28;180.09;856.78;180.01;905.04;894.57;80.42;0.21
5315;0.00;104.99;0.00;105.01;0.00;0.00;59.02;17.22;35.28;180.12;859.92;180.03;907.31;896.23;80.42;0.22
5320;0.00;105.24;0.00;104.62;0.00;0.00;58.97;17.20;35.28;180.15;857.99;180.05;907.17;896.27;80.42;0.22
5325;0.00;105.04;0.00;105.00;0.00;0.00;59.01;17.22;35.27;180.13;853.97;180.08;906.10;895.59;80.42;0.20
5330;0.00;105.01;0.00;105.01;0.00;0.00;59.03;17.20;35.28;180.09;850.55;180.14;904.10;894.62;80.42;0.21
5335;0.00;104.55;0.00;105.97;0.00;0.00;59.01;17.22;35.28;180.06;851.73;180.17;904.55;894.33;80.42;0.22
5340;0.00;104.97;0.00;105.03;0.00;0.00;59.03;17.19;35.29;180.05;854.94;180.20;905.90;895.19;80.42;0.22
5345;0.00;105.00;0.00;104.99;0.00;0.00;59.02;17.22;35.29;180.08;859.95;180.22;907.11;896.09;80.42;0.22
5350;0.00;105.03;0.00;105.00;0.00;0.00;59.03;17.34;35.29;180.10;856.37;180.24;906.89;896.50;80.42;0.22
5355;0.00;105.04;0.00;104.98;0.00;0.00;59.02;17.22;35.29;180.11;853.05;180.22;905.60;895.29;80.42;0.20
5360;0.00;105.01;0.00;105.01;0.00;0.00;59.02;17.22;35.30;180.11;851.28;180.19;904.44;894.43;80.42;0.22
5365;0.00;105.06;0.00;105.34;0.00;0.00;59.01;17.22;35.30;180.09;853.16;180.17;904.24;894.19;80.42;0.23
5370;0.00;104.99;0.00;105.03;0.00;0.00;59.01;17.23;35.30;180.09;856.70;180.09;906.61;894.77;80.42;0.21
5375;0.00;104.98;0.00;104.99;0.00;0.00;59.01;17.23;35.30;180.09;859.79;180.05;907.49;896.46;80.42;0.23
5380;0.00;105.48;0.00;103.34;0.00;0.00;58.98;17.22;35.30;180.10;858.74;180.03;907.43;896.55;80.42;0.22
5385;0.00;105.02;0.00;104.99;0.00;0.00;59.00;17.20;35.30;180.11;852.26;180.01;906.42;895.90;80.42;0.20
5390;0.00;105.00;0.00;105.01;0.00;0.00;59.02;17.20;35.31;180.12;850.70;180.00;904.25;894.28;80.42;0.21
5395;0.00;105.01;0.00;105.06;0.00;0.00;59.01;17.25;35.30;180.10;851.65;179.99;904.56;894.40;80.42;0.23
5400;0.00;105.00;0.00;105.01;0.00;0.00;59.01;17.22;35.31;180.07;854.58;180.01;905.84;895.24;80.42;0.21
5405;0.00;105.00;0.00;105.00;0.00;0.00;58.99;17.22;35.31;180.06;860.35;180.06;907.10;896.14;80.42;0.22
5410;0.00;105.40;0.00;103.89;0.00;0.00;58.98;17.20;35.31;180.06;856.84;180.10;907.10;896.38;80.42;0.22
5415;0.00;105.05;0.00;104.97;0.00;0.00;59.01;17.25;35.31;180.07;853.32;180.13;905.84;895.50;80.42;0.20
5420;0.00;105.02;0.00;104.98;0.00;0.00;59.02;17.19;35.32;180.09;851.50;180.16;904.63;894.63;80.42;0.21
5425;0.00;104.98;0.00;105.01;0.00;0.00;59.01;17.22;35.31;180.09;852.80;180.19;904.27;894.28;80.42;0.23
5430;0.00;105.03;0.00;105.01;0.00;0.00;59.01;17.25;35.32;180.10;856.30;180.21;906.49;895.72;80.42;0.21
5435;0.00;105.04;0.00;104.99;0.00;0.00;59.02;17.25;35.32;180.09;859.71;180.21;907.52;896.51;80.42;0.23
5440;0.00;105.02;0.00;105.39;0.00;0.00;59.00;17.23;35.33;180.07;859.13;180.21;907.61;896.71;80.42;0.22
5445;0.00;105.01;0.00;104.98;0.00;0.00;59.01;17.22;35.32;180.07;852.56;180.18;906.71;896.16;80.42;0.19
5450;0.00;105.00;0.00;104.99;0.00;0.00;59.03;17.20;35.32;180.07;850.95;180.15;904.50;894.54;80.42;0.20
5455;0.00;104.59;0.00;106.06;0.00;0.00;59.01;17.22;35.33;180.08;851.47;180.12;904.71;894.60;80.42;0.23
5460;0.00;104.99;0.00;105.04;0.00;0.00;59.02;17.23;35.33;180.09;858.05;180.09;905.92;895.42;80.42;0.21
5465;0.00;104.99;0.00;104.98;0.00;0.00;58.99;17.23;35.32;180.09;860.57;180.03;907.89;896.34;80.42;0.22
5470;0.00;105.01;0.00;104.98;0.00;0.00;59.04;17.34;35.33;180.07;857.58;180.00;907.50;896.77;80.42;0.22
5475;0.00;105.01;0.00;104.99;0.00;0.00;59.01;17.25;35.33;180.06;853.76;180.00;906.31;895.95;80.42;0.20
5480;0.00;105.01;0.00;105.01;0.00;0.00;59.00;17.22;35.33;180.07;850.77;179.99;905.01;895.02;80.42;0.21
5485;0.00;105.05;0.00;105.37;0.00;0.00;59.01;17.23;35.34;180.07;852.52;180.03;905.18;894.56;80.42;0.22
5490;0.00;104.99;0.00;105.02;0.00;0.00;59.01;17.23;35.34;180.09;855.95;180.06;906.53;895.84;80.42;0.22
5495;0.00;105.01;0.00;105.01;0.00;0.00;59.01;17.20;35.35;180.11;859.44;180.09;907.60;896.65;80.42;0.22
5500;0.00;105.48;0.00;103.31;0.00;0.00;58.99;17.22;35.34;180.10;855.86;180.11;907.78;896.91;80.42;0.22
5505;0.00;105.01;0.00;104.99;0.00;0.00;59.02;17.20;35.34;180.09;852.90;180.15;905.63;895.48;80.42;0.19
5510;0.00;105.02;0.00;105.01;0.00;0.00;59.01;17.20;35.35;180.06;851.15;180.18;904.62;894.71;80.42;0.22
5515;0.00;105.00;0.00;105.00;0.00;0.00;59.02;17.31;35.34;180.04;851.22;180.19;904.67;894.65;80.42;0.23
5520;0.00;104.99;0.00;105.03;0.00;0.00;59.02;17.23;35.35;180.05;857.43;180.19;905.80;895.38;80.42;0.21
5525;0.00;104.98;0.00;105.00;0.00;0.00;59.01;17.22;35.35;180.07;860.55;180.19;908.01;897.03;80.42;0.22
5530;0.00;105.35;0.00;104.02;0.00;0.00;58.98;17.20;35.35;180.09;858.28;180.17;907.82;897.03;80.42;0.22
5535;0.00;105.02;0.00;104.97;0.00;0.00;59.02;17.25;35.35;180.10;854.20;180.15;906.71;896.32;80.42;0.20
5540;0.00;105.01;0.00;104.97;0.00;0.00;59.02;17.20;35.35;180.09;850.82;180.09;905.42;895.38;80.42;0.21
5545;0.00;104.42;0.00;104.99;0.00;0.00;59.01;17.19;35.35;180.07;852.22;180.08;905.29;895.15;80.42;0.22
5550;0.00;104.99;0.00;105.02;0.00;0.00;59.03;17.23;35.35;180.07;855.57;180.05;906.64;896.04;80.42;0.22
5555;0.00;105.00;0.00;104.99;0.00;0.00;59.00;17.22;35.35;180.08;859.14;180.05;907.81;896.88;80.42;0.22
5560;0.00;105.02;0.00;105.02;0.00;0.00;59.02;17.28;35.35;180.09;856.61;180.03;907.44;897.23;80.42;0.22
5565;0.00;105.03;0.00;104.99;0.00;0.00;59.01;17.22;35.36;180.10;853.30;180.05;906.08;895.91;80.42;0.20
5570;0.00;105.02;0.00;104.99;0.00;0.00;59.02;17.22;35.36;180.10;851.50;180.07;904.98;895.06;80.42;0.22
5575;0.00;104.87;0.00;105.48;0.00;0.00;58.98;17.19;35.36;180.09;853.68;180.08;904.81;894.86;80.42;0.23
5580;0.00;105.00;0.00;105.04;0.00;0.00;58.99;17.20;35.36;180.08;857.31;180.13;907.19;895.47;80.42;0.21
5585;0.00;104.99;0.00;105.00;0.00;0.00;59.01;17.23;35.36;180.07;860.42;180.16;908.06;897.13;80.42;0.22
5590;0.00;105.47;0.00;103.27;0.00;0.00;58.99;17.23;35.37;180.07;859.02;180.19;907.97;897.19;80.42;0.22
5595;0.00;105.03;0.00;104.99;0.00;0.00;59.01;17.22;35.36;180.09;852.46;180.21;906.93;896.53;80.42;0.20
5600;0.00;105.01;0.00;105.00;0.00;0.00;59.03;17.23;35.37;180.11;850.92;180.22;904.80;895.56;80.42;0.21
5605;0.00;105.02;0.00;105.00;0.00;0.00;59.05;17.28;35.37;180.11;851.91;180.21;905.17;895.11;80.42;0.23
5610;0.00;104.98;0.00;105.02;0.00;0.00;58.99;17.25;35.37;180.09;855.12;180.20;906.48;895.96;80.42;0.21
5615;0.00;105.01;0.00;105.00;0.00;0.00;58.99;17.22;35.38;180.06;860.78;180.17;907.74;896.85;80.42;0.22
5620;0.00;105.09;0.00;105.33;0.00;0.00;58.98;17.22;35.38;180.05;857.02;180.11;907.72;897.07;80.42;0.22
5625;0.00;105.03;0.00;105.01;0.00;0.00;59.03;17.25;35.38;180.04;853.65;180.07;906.45;896.22;80.42;0.20
5630;0.00;105.02;0.00;105.00;0.00;0.00;59.02;17.20;35.39;180.06;851.80;180.05;905.26;895.33;80.42;0.21
5635;0.00;104.51;0.00;105.95;0.00;0.00;59.01;17.22;35.38;180.09;853.30;180.01;904.94;895.03;80.42;0.23
5640;0.00;104.98;0.00;105.03;0.00;0.00;59.01;17.22;35.39;180.11;856.90;180.01;907.21;896.49;80.42;0.21
5645;0.00;105.00;0.00;104.99;0.00;0.00;59.01;17.19;35.38;180.12;860.15;180.00;908.19;897.27;80.42;0.23
5650;0.00;105.00;0.00;105.00;0.00;0.00;59.02;17.30;35.39;180.10;859.71;180.02;908.25;897.45;80.42;0.22
5655;0.00;105.02;0.00;104.99;0.00;0.00;59.04;17.23;35.40;180.08;852.80;180.05;907.35;896.89;80.42;0.19
5660;0.00;105.01;0.00;104.99;0.00;0.00;59.01;17.23;35.39;180.06;851.12;180.07;905.06;895.20;80.42;0.20
5665;0.00;105.08;0.00;105.30;0.00;0.00;59.00;17.25;35.40;180.04;851.66;180.11;905.20;895.20;80.42;0.23
5670;0.00;105.00;0.00;105.02;0.00;0.00;58.99;17.22;35.40;180.05;858.37;180.13;906.36;895.95;80.42;0.21
5675;0.00;105.01;0.00;104.99;0.00;0.00;58.99;17.23;35.40;180.05;861.00;180.19;908.31;896.87;80.42;0.22
5680;0.00;105.43;0.00;103.84;0.00;0.00;58.99;17.22;35.40;180.07;857.71;180.20;907.93;897.27;80.42;0.22
5685;0.00;105.02;0.00;104.99;0.00;0.00;58.99;17.19;35.40;180.08;854.03;180.21;906.72;896.45;80.42;0.20
5690;0.00;105.00;0.00;105.00;0.00;0.00;59.02;17.20;35.40;180.10;850.94;180.20;905.48;895.54;80.42;0.21
5695;0.00;104.99;0.00;105.00;0.00;0.00;59.03;17.28;35.40;180.09;852.88;180.18;905.75;895.15;80.42;0.22
5700;0.00;104.99;0.00;105.01;0.00;0.00;59.01;17.23;35.40;180.08;856.43;180.17;907.15;896.51;80.42;0.22
5705;0.00;105.01;0.00;105.01;0.00;0.00;59.02;17.22;35.40;180.07;859.76;180.14;908.21;897.33;80.42;0.22
5710;0.00;105.15;0.00;105.10;0.00;0.00;58.97;17.22;35.41;180.06;855.99;180.10;908.39;897.59;80.42;0.22
5715;0.00;105.02;0.00;104.99;0.00;0.00;59.03;17.22;35.41;180.06;853.06;180.05;906.29;896.19;80.42;0.20
5720;0.00;105.04;0.00;104.99;0.00;0.00;59.02;17.22;35.41;180.07;851.31;180.03;905.28;895.44;80.42;0.22
5725;0.00;104.61;0.00;105.95;0.00;0.00;59.00;17.22;35.41;180.09;851.42;180.02;905.33;895.37;80.42;0.23
5730;0.00;104.99;0.00;105.01;0.00;0.00;59.02;17.20;35.41;180.07;857.98;180.01;906.46;896.12;80.42;0.21
5735;0.00;105.00;0.00;105.00;0.00;0.00;58.99;17.20;35.41;180.06;861.07;180.01;908.63;897.73;80.42;0.22
5740;0.00;105.02;0.00;105.00;0.00;0.00;59.04;17.31;35.41;180.06;858.48;180.02;908.41;897.71;80.42;0.22
5745;0.00;105.02;0.00;104.97;0.00;0.00;59.02;17.23;35.41;180.08;854.55;180.03;907.33;896.96;80.42;0.20
5750;0.00;105.01;0.00;105.01;0.00;0.00;59.03;17.20;35.41;180.09;851.05;180.08;906.00;896.04;80.42;0.21
5755;0.00;104.95;0.00;105.40;0.00;0.00;58.96;17.20;35.41;180.09;852.62;180.11;905.91;895.82;80.42;0.22
5760;0.00;104.98;0.00;105.03;0.00;0.00;59.01;17.25;35.41;180.08;856.09;180.12;907.23;896.70;80.42;0.22
5765;0.00;105.03;0.00;104.99;0.00;0.00;59.01;17.23;35.42;180.07;859.49;180.14;908.34;897.50;80.42;0.22
5770;0.00;105.49;0.00;103.24;0.00;0.00;58.99;17.20;35.42;180.06;856.74;180.16;907.90;897.83;80.42;0.22
5775;0.00;105.02;0.00;105.00;0.00;0.00;59.01;17.22;35.42;180.04;853.46;180.16;906.56;896.47;80.42;0.20
5780;0.00;105.00;0.00;104.99;0.00;0.00;59.03;17.20;35.42;180.03;851.76;180.14;905.42;895.63;80.42;0.22
5785;0.00;105.02;0.00;104.99;0.00;0.00;59.07;17.27;35.42;180.04;853.90;180.14;905.29;895.42;80.42;0.23
5790;0.00;105.00;0.00;105.01;0.00;0.00;58.99;17.23;35.42;180.07;857.60;180.11;907.69;896.04;80.42;0.21
5795;0.00;104.99;0.00;104.99;0.00;0.00;59.02;17.23;35.43;180.10;860.94;180.09;908.55;897.70;80.42;0.23
5800;0.00;105.19;0.00;105.03;0.00;0.00;59.01;17.22;35.43;180.12;859.47;180.07;908.48;897.78;80.42;0.22
5805;0.00;105.02;0.00;104.99;0.00;0.00;59.01;17.23;35.43;180.10;852.72;180.06;907.48;897.12;80.42;0.20
5810;0.00;105.02;0.00;104.99;0.00;0.00;59.01;17.22;35.43;180.06;851.18;180.02;905.34;895.56;80.42;0.21
5815;0.00;104.62;0.00;106.04;0.00;0.00;59.01;17.22;35.44;180.03;852.09;180.02;905.67;895.70;80.42;0.23
5820;0.00;105.00;0.00;105.03;0.00;0.00;59.03;17.25;35.44;180.03;855.36;180.01;906.95;896.55;80.42;0.21
5825;0.00;105.01;0.00;105.00;0.00;0.00;59.01;17.22;35.43;180.05;861.27;180.02;908.23;897.43;80.42;0.22
5830;0.00;105.01;0.00;104.99;0.00;0.00;58.98;17.25;35.44;180.08;857.69;180.04;908.24;897.68;80.42;0.22
5835;0.00;105.02;0.00;104.99;0.00;0.00;59.02;17.19;35.44;180.10;853.90;180.06;906.99;896.84;80.42;0.20
5840;0.00;105.01;0.00;105.01;0.00;0.00;59.03;17.23;35.44;180.10;852.02;180.08;905.81;895.97;80.42;0.21
5845;0.00;105.07;0.00;105.29;0.00;0.00;59.02;17.22;35.44;180.09;853.28;180.12;905.48;895.66;80.42;0.22
5850;0.00;105.02;0.00;105.01;0.00;0.00;58.99;17.22;35.44;180.07;856.92;180.16;907.78;897.14;80.42;0.21
5855;0.00;105.02;0.00;105.00;0.00;0.00;59.00;17.20;35.45;180.06;860.46;180.17;908.78;897.94;80.42;0.22
5860;0.00;105.42;0.00;103.97;0.00;0.00;58.95;17.20;35.45;180.05;855.98;180.18;908.88;898.15;80.42;0.22
5865;0.00;105.01;0.00;104.99;0.00;0.00;59.02;17.20;35.45;180.04;853.16;180.17;906.69;897.62;80.42;0.20
5870;0.00;105.03;0.00;105.01;0.00;0.00;59.02;17.20;35.46;180.04;851.41;180.16;905.76;895.97;80.42;0.20
5875;0.00;105.02;0.00;105.00;0.00;0.00;59.01;17.23;35.45;180.06;851.73;180.14;905.92;895.98;80.42;0.23
5880;0.00;104.99;0.00;105.02;0.00;0.00;59.02;17.20;35.45;180.08;858.49;180.11;907.09;896.76;80.42;0.21
5885;0.00;105.01;0.00;104.99;0.00;0.00;59.02;17.20;35.45;180.09;861.44;180.08;909.07;898.24;80.42;0.22
5890;0.00;105.01;0.00;105.33;0.00;0.00;59.02;17.30;35.46;180.09;858.75;180.06;908.74;898.13;80.42;0.22
5895;0.00;105.02;0.00;104.99;0.00;0.00;59.02;17.20;35.46;180.06;854.55;180.04;907.61;897.33;80.42;0.20
5900;0.00;105.02;0.00;105.00;0.00;0.00;59.02;17.23;35.46;180.04;851.17;179.99;906.27;896.41;80.42;0.21
5905;0.00;104.84;0.00;105.52;0.00;0.00;58.97;17.19;35.47;180.04;852.75;180.00;906.28;896.24;80.42;0.22
5910;0.00;104.99;0.00;105.03;0.00;0.00;59.01;17.25;35.46;180.04;856.27;179.99;907.65;897.14;80.42;0.22
5915;0.00;105.00;0.00;104.99;0.00;0.00;59.02;17.20;35.47;180.05;859.93;179.99;908.77;897.96;80.42;0.22
5920;0.00;105.49;0.00;104.99;0.00;0.00;58.98;17.22;35.48;180.06;856.96;180.03;908.36;898.31;80.42;0.22
5925;0.00;105.02;0.00;104.99;0.00;0.00;59.02;17.25;35.47;180.06;853.62;180.05;907.06;897.00;80.42;0.20
5930;0.00;105.02;0.00;104.99;0.00;0.00;59.02;17.23;35.48;180.08;851.78;180.08;905.96;896.16;80.42;0.22
5935;0.00;104.97;0.00;105.01;0.00;0.00;59.06;17.27;35.48;180.10;854.06;180.11;905.80;895.97;80.42;0.23
5940;0.00;104.99;0.00;105.01;0.00;0.00;59.02;17.20;35.48;180.09;857.82;180.16;908.18;896.58;80.42;0.21
5945;0.00;105.00;0.00;104.99;0.00;0.00;58.98;17.19;35.48;180.07;861.21;180.18;909.07;898.26;80.42;0.23
5950;0.00;105.23;0.00;105.02;0.00;0.00;58.97;17.22;35.48;180.05;859.77;180.19;909.01;898.35;80.42;0.22
5955;0.00;105.02;0.00;105.00;0.00;0.00;59.03;17.22;35.48;180.02;852.92;180.19;908.04;897.71;80.42;0.20
5960;0.00;105.01;0.00;105.01;0.00;0.00;59.02;17.23;35.48;180.02;851.35;180.16;905.91;896.16;80.42;0.21
5965;0.00;104.53;0.00;105.98;0.00;0.00;59.01;17.23;35.48;180.04;852.27;180.13;906.23;896.29;80.42;0.23
5970;0.00;104.98;0.00;105.02;0.00;0.00;59.01;17.22;35.49;180.06;855.60;180.10;907.50;897.12;80.42;0.21
5975;0.00;104.99;0.00;104.99;0.00;0.00;59.02;17.22;35.49;180.06;861.61;180.05;908.75;897.99;80.42;0.22
5980;0.00;105.01;0.00;105.01;0.00;0.00;59.06;17.33;35.49;180.06;857.98;180.02;908.71;898.21;80.42;0.22
5985;0.00;105.03;0.00;105.00;0.00;0.00;59.02;17.20;35.49;180.05;854.13;179.99;907.49;897.33;80.42;0.20
5990;0.00;105.04;0.00;104.99;0.00;0.00;59.02;17.20;35.49;180.04;851.28;179.99;906.22;896.45;80.42;0.21
5995;0.00;104.99;0.00;105.38;0.00;0.00;59.00;17.23;35.49;180.04;853.46;179.99;906.59;896.07;80.42;0.22
6000;0.00;104.97;0.00;105.02;0.00;0.00;59.00;17.22;35.49;180.04;856.92;180.00;908.02;897.48;80.42;0.21
6005;0.00;105.00;0.00;105.01;0.00;0.00;59.00;17.22;35.49;180.04;860.55;180.02;909.06;898.27;80.42;0.22
6010;0.00;105.46;0.00;103.72;0.00;0.00;58.99;17.20;35.50;180.05;856.24;180.05;909.23;898.53;80.42;0.22
6015;0.00;105.03;0.00;104.98;0.00;0.00;59.01;17.22;35.49;180.05;853.48;180.11;907.11;897.11;80.42;0.20
6020;0.00;105.03;0.00;104.99;0.00;0.00;59.02;17.25;35.50;180.04;851.67;180.14;906.08;896.35;80.42;0.22
6025;0.00;105.01;0.00;104.99;0.00;0.00;59.02;17.25;35.50;180.04;851.87;180.18;906.11;896.27;80.42;0.23
6030;0.00;104.98;0.00;105.03;0.00;0.00;59.02;17.22;35.51;180.05;858.49;180.20;907.20;896.96;80.42;0.21
6035;0.00;105.00;0.00;105.00;0.00;0.00;59.01;17.22;35.50;180.06;861.65;180.21;909.22;898.47;80.42;0.22
6040;0.00;105.01;0.00;105.37;0.00;0.00;58.99;17.25;35.50;180.06;859.01;180.21;908.95;898.41;80.42;0.22
6045;0.00;105.02;0.00;104.98;0.00;0.00;59.01;17.23;35.51;180.04;854.93;180.20;907.84;897.65;80.42;0.20
6050;0.00;104.99;0.00;105.00;0.00;0.00;59.02;17.22;35.52;180.03;851.26;180.14;906.52;896.70;80.42;0.21
6055;0.00;104.83;0.00;105.61;0.00;0.00;58.98;17.17;35.52;180.02;852.66;180.10;906.34;896.41;80.42;0.22
6060;0.00;105.01;0.00;105.03;0.00;0.00;59.03;17.25;35.52;180.02;856.17;180.06;907.68;897.27;80.42;0.22
6065;0.00;105.00;0.00;105.00;0.00;0.00;59.01;17.25;35.52;180.03;861.52;180.02;908.85;898.12;80.42;0.22
6070;0.00;105.00;0.00;105.00;0.00;0.00;59.00;17.17;35.52;180.03;857.41;179.96;908.66;898.54;80.42;0.22
6075;0.00;105.04;0.00;104.99;0.00;0.00;59.04;17.23;35.52;180.03;853.85;179.94;907.37;897.34;80.42;0.20
6080;0.00;105.02;0.00;105.01;0.00;0.00;59.03;17.22;35.52;180.02;851.99;179.93;906.26;896.52;80.42;0.22
6085;0.00;105.02;0.00;105.17;0.00;0.00;59.02;17.30;35.52;180.01;853.96;179.94;906.05;896.29;80.42;0.23
6090;0.00;104.97;0.00;105.02;0.00;0.00;59.02;17.23;35.53;180.02;857.76;179.97;908.44;897.86;80.42;0.21
6095;0.00;105.01;0.00;104.99;0.00;0.00;59.00;17.20;35.53;180.04;861.09;180.02;909.38;898.60;80.42;0.23
6100;0.00;105.43;0.00;104.04;0.00;0.00;58.95;17.20;35.53;180.04;860.27;180.07;909.38;898.75;80.42;0.22
6105;0.00;105.03;0.00;104.99;0.00;0.00;59.00;17.19;35.54;180.03;853.27;180.15;908.46;898.15;80.42;0.20
6110;0.00;105.01;0.00;105.00;0.00;0.00;59.03;17.22;35.53;180.01;851.52;180.17;906.29;896.58;80.42;0.20
6115;0.00;105.00;0.00;105.01;0.00;0.00;59.01;17.22;35.54;180.00;852.21;180.20;906.52;896.66;80.42;0.23
6120;0.00;105.00;0.00;105.03;0.00;0.00;59.02;17.23;35.54;180.00;859.12;180.21;907.75;897.45;80.42;0.21
6125;0.00;105.01;0.00;104.99;0.00;0.00;59.02;17.23;35.54;180.02;861.90;180.20;909.59;898.35;80.42;0.22
6130;0.00;105.00;0.00;105.10;0.00;0.00;59.01;17.27;35.54;180.04;858.50;180.18;909.17;898.69;80.42;0.23
6135;0.00;105.03;0.00;104.98;0.00;0.00;59.01;17.20;35.55;180.06;854.60;180.14;907.97;897.85;80.42;0.20
6140;0.00;104.99;0.00;105.00;0.00;0.00;59.01;17.22;35.55;180.04;851.35;180.11;906.67;896.92;80.42;0.21
6145;0.00;104.75;0.00;105.72;0.00;0.00;58.98;17.22;35.55;180.02;853.38;180.03;906.88;896.91;80.42;0.22
6150;0.00;105.00;0.00;105.02;0.00;0.00;59.01;17.23;35.55;180.00;856.85;180.00;908.23;897.81;80.42;0.22
6155;0.00;105.00;0.00;104.99;0.00;0.00;59.01;17.19;35.55;180.00;860.55;179.97;909.33;898.60;80.42;0.22
6160;0.00;105.48;0.00;103.36;0.00;0.00;58.99;17.22;35.55;180.01;856.94;179.96;909.52;898.88;80.42;0.22
6165;0.00;105.00;0.00;104.99;0.00;0.00;59.02;17.23;35.55;180.02;853.68;179.97;907.46;897.51;80.42;0.20
6170;0.00;105.02;0.00;105.00;0.00;0.00;59.01;17.22;35.56;180.03;851.85;179.97;906.39;896.72;80.42;0.22
6175;0.00;105.03;0.00;104.99;0.00;0.00;59.05;17.30;35.56;180.04;851.67;180.00;906.36;896.60;80.42;0.23
6180;0.00;104.98;0.00;105.02;0.00;0.00;59.01;17.23;35.56;180.03;858.40;180.06;908.77;897.26;80.42;0.21
6185;0.00;105.00;0.00;105.00;0.00;0.00;59.01;17.22;35.55;180.02;861.74;180.09;909.56;898.85;80.42;0.22
6190;0.00;105.31;0.00;104.39;0.00;0.00;58.97;17.23;35.56;180.02;859.77;180.13;909.39;898.86;80.42;0.22
6195;0.00;105.01;0.00;104.98;0.00;0.00;59.04;17.23;35.56;180.01;852.94;180.16;908.34;898.15;80.42;0.20
6200;0.00;105.01;0.00;104.99;0.00;0.00;59.01;17.22;35.56;180.02;851.39;180.21;906.34;897.22;80.42;0.21
6205;0.00;104.49;0.00;106.06;0.00;0.00;59.01;17.22;35.57;180.02;852.58;180.22;906.79;896.89;80.42;0.23
6210;0.00;104.99;0.00;105.03;0.00;0.00;59.02;17.22;35.56;180.02;856.10;180.21;908.11;897.78;80.42;0.21
6215;0.00;105.02;0.00;105.01;0.00;0.00;59.01;17.20;35.57;180.03;861.91;180.19;909.37;898.67;80.42;0.22
6220;0.00;105.00;0.00;104.99;0.00;0.00;59.06;17.27;35.57;180.03;857.94;180.14;909.29;898.87;80.42;0.22
6225;0.00;105.03;0.00;105.00;0.00;0.00;59.00;17.23;35.57;180.03;854.17;180.10;908.03;897.99;80.41;0.20
6230;0.00;105.02;0.00;105.01;0.00;0.00;59.02;17.23;35.57;180.03;852.41;180.06;906.85;897.13;80.42;0.21
6235;0.00;104.80;0.00;105.59;0.00;0.00;58.98;17.20;35.57;180.02;853.92;180.00;906.53;896.81;80.42;0.23
6240;0.00;104.99;0.00;105.02;0.00;0.00;59.02;17.17;35.57;180.01;857.74;179.98;908.74;898.23;80.42;0.21
6245;0.00;105.01;0.00;104.99;0.00;0.00;58.99;17.23;35.58;180.00;861.33;179.97;909.68;898.96;80.42;0.23
6250;0.00;105.50;0.00;103.46;0.00;0.00;59.02;17.19;35.58;180.01;856.15;179.95;909.67;899.11;80.42;0.22
6255;0.00;105.03;0.00;104.99;0.00;0.00;59.01;17.20;35.58;180.01;853.38;179.96;907.42;898.52;80.42;0.20
6260;0.00;105.01;0.00;104.99;0.00;0.00;59.02;17.25;35.59;180.01;851.69;179.98;906.50;896.87;80.42;0.20
6265;0.00;105.00;0.00;105.00;0.00;0.00;59.03;17.30;35.58;180.01;852.12;180.00;906.68;896.90;80.42;0.23
6270;0.00;104.99;0.00;105.01;0.00;0.00;59.02;17.23;35.58;180.01;859.03;180.04;907.85;897.67;80.42;0.21
6275;0.00;105.00;0.00;105.00;0.00;0.00;59.02;17.19;35.59;180.00;862.07;180.11;909.85;898.57;80.42;0.22
6280;0.00;105.38;0.00;104.24;0.00;0.00;58.98;17.25;35.58;180.00;858.95;180.15;909.53;899.05;80.42;0.22
6285;0.00;105.04;0.00;104.98;0.00;0.00;59.02;17.23;35.59;179.99;854.69;180.19;908.35;898.28;80.42;0.20
6290;0.00;105.02;0.00;104.99;0.00;0.00;59.01;17.22;35.58;179.99;851.35;180.23;907.08;897.34;80.42;0.21
6295;0.00;104.49;0.00;105.94;0.00;0.00;59.00;17.23;35.59;180.00;853.22;180.21;907.09;897.21;80.42;0.22
6300;0.00;104.99;0.00;105.03;0.00;0.00;59.02;17.19;35.59;180.01;856.70;180.19;908.49;898.11;80.42;0.22
6305;0.00;105.01;0.00;105.00;0.00;0.00;59.00;17.20;35.59;180.03;860.48;180.18;909.60;898.92;80.42;0.22
6310;0.00;105.00;0.00;105.22;0.00;0.00;58.99;17.28;35.59;180.03;857.07;180.10;909.87;899.25;80.42;0.22
6315;0.00;104.99;0.00;104.99;0.00;0.00;59.00;17.22;35.59;180.02;853.76;180.07;907.83;897.91;80.42;0.20
6320;0.00;104.99;0.00;105.01;0.00;0.00;59.03;17.22;35.59;180.01;852.03;180.01;906.80;897.14;80.42;0.22
6325;0.00;104.78;0.00;105.64;0.00;0.00;58.95;17.20;35.60;180.00;854.62;179.98;906.71;896.99;80.42;0.23
6330;0.00;104.99;0.00;105.01;0.00;0.00;59.02;17.23;35.60;180.01;858.30;179.92;909.13;897.65;80.42;0.21
6335;0.00;104.99;0.00;104.99;0.00;0.00;59.01;17.23;35.60;180.02;861.79;179.91;909.96;899.26;80.42;0.22
6340;0.00;105.01;0.00;105.00;0.00;0.00;59.01;17.23;35.60;180.03;859.96;179.93;909.84;899.31;80.42;0.22
6345;0.00;105.02;0.00;104.99;0.00;0.00;59.01;17.22;35.60;180.00;853.16;179.94;908.84;898.65;80.42;0.20
6350;0.00;105.03;0.00;104.98;0.00;0.00;59.04;17.23;35.60;179.99;851.48;180.01;906.77;897.13;80.42;0.21
6355;0.00;105.07;0.00;105.29;0.00;0.00;59.02;17.27;35.60;179.99;852.67;180.05;907.16;897.32;80.42;0.23
6360;0.00;104.99;0.00;105.03;0.00;0.00;59.02;17.20;35.60;180.01;856.00;180.09;908.48;898.18;80.42;0.21
6365;0.00;104.99;0.00;104.99;0.00;0.00;59.01;17.20;35.60;180.03;862.14;180.17;909.69;899.03;80.42;0.22
6370;0.00;105.46;0.00;103.72;0.00;0.00;58.99;17.22;35.61;180.03;858.41;180.18;909.63;899.21;80.42;0.23
6375;0.00;105.03;0.00;104.97;0.00;0.00;59.02;17.25;35.60;180.02;854.41;180.20;908.35;898.33;80.42;0.20
6380;0.00;105.01;0.00;104.99;0.00;0.00;59.01;17.23;35.61;179.99;852.47;180.20;907.15;897.48;80.42;0.21
6385;0.00;104.99;0.00;105.01;0.00;0.00;58.99;17.20;35.61;179.98;853.76;180.17;907.62;897.15;80.42;0.23
6390;0.00;104.98;0.00;105.02;0.00;0.00;59.02;17.19;35.61;179.98;857.61;180.16;909.04;898.57;80.42;0.21
6395;0.00;105.00;0.00;104.99;0.00;0.00;58.99;17.22;35.62;179.97;861.30;180.13;910.05;899.36;80.42;0.23
6400;0.00;105.00;0.00;105.23;0.00;0.00;59.01;17.28;35.62;180.00;856.58;180.08;910.16;899.57;80.42;0.22
6405;0.00;105.00;0.00;104.98;0.00;0.00;59.03;17.23;35.62;180.01;853.61;180.00;907.97;899.06;80.42;0.20
6410;0.00;105.02;0.00;104.99;0.00;0.00;59.02;17.23;35.62;180.02;851.88;179.98;907.00;897.39;80.42;0.22
6415;0.00;104.67;0.00;105.89;0.00;0.00;58.96;17.20;35.62;180.03;852.04;179.96;907.09;897.35;80.42;0.23
6420;0.00;105.00;0.00;105.01;0.00;0.00;59.02;17.20;35.63;180.03;858.96;179.96;908.21;898.08;80.42;0.21
6425;0.00;105.00;0.00;105.01;0.00;0.00;58.99;17.22;35.62;180.01;862.20;179.97;910.21;899.55;80.42;0.22
6430;0.00;105.00;0.00;105.01;0.00;0.00;59.01;17.22;35.62;179.99;859.44;179.99;909.92;899.46;80.42;0.22
6435;0.00;105.00;0.00;104.99;0.00;0.00;59.02;17.20;35.62;179.97;854.99;180.02;908.77;898.70;80.42;0.20
6440;0.00;105.02;0.00;104.99;0.00;0.00;58.99;17.23;35.63;179.97;851.44;180.07;907.48;897.78;80.42;0.21
6445;0.00;105.01;0.00;105.17;0.00;0.00;58.98;17.25;35.63;179.98;853.14;180.10;907.51;897.62;80.42;0.22
6450;0.00;104.99;0.00;105.01;0.00;0.00;59.03;17.20;35.63;180.00;856.63;180.13;908.87;898.54;80.42;0.21
6455;0.00;105.02;0.00;105.02;0.00;0.00;59.02;17.19;35.63;180.03;862.02;180.16;910.05;899.39;80.42;0.22
6460;0.00;105.47;0.00;103.94;0.00;0.00;58.99;17.25;35.63;180.03;857.90;180.18;909.81;899.80;80.42;0.22
6465;0.00;105.03;0.00;104.98;0.00;0.00;59.01;17.20;35.64;180.02;854.21;180.19;908.53;898.58;80.42;0.20
6470;0.00;105.01;0.00;105.00;0.00;0.00;59.02;17.23;35.64;180.00;852.44;180.18;907.38;897.73;80.42;0.21
6475;0.00;104.99;0.00;105.00;0.00;0.00;59.06;17.25;35.63;179.99;854.34;180.13;907.11;897.45;80.42;0.23
6480;0.00;105.01;0.00;105.03;0.00;0.00;59.02;17.25;35.64;179.99;858.28;180.10;909.35;898.89;80.42;0.21
6485;0.00;104.99;0.00;104.99;0.00;0.00;59.01;17.23;35.64;180.00;861.68;180.07;910.22;899.56;80.42;0.23
6490;0.00;105.00;0.00;105.20;0.00;0.00;59.02;17.28;35.64;180.01;860.80;180.03;910.17;899.67;80.42;0.22
6495;0.00;105.01;0.00;105.00;0.00;0.00;59.03;17.23;35.63;180.01;853.52;179.96;909.22;899.05;80.42;0.20
6500;0.00;105.02;0.00;105.01;0.00;0.00;59.02;17.22;35.64;180.00;851.70;179.95;907.00;897.43;80.42;0.20
6505;0.00;104.88;0.00;105.39;0.00;0.00;58.99;17.20;35.64;180.00;852.39;179.93;907.21;897.48;80.42;0.23
6510;0.00;104.97;0.00;105.03;0.00;0.00;59.02;17.25;35.65;180.02;859.57;179.93;908.44;898.28;80.42;0.21
6515;0.00;104.99;0.00;105.01;0.00;0.00;59.01;17.20;35.65;180.02;862.43;179.97;910.36;899.17;80.42;0.22
6520;0.00;105.50;0.00;103.44;0.00;0.00;58.99;17.19;35.65;180.01;859.20;180.00;910.01;899.60;80.42;0.22
6525;0.00;105.04;0.00;104.99;0.00;0.00;59.01;17.22;35.65;180.00;854.84;180.03;908.85;898.81;80.42;0.20
6530;0.00;105.02;0.00;105.00;0.00;0.00;59.01;17.25;35.65;180.00;851.44;180.09;907.61;897.92;80.42;0.21
6535;0.00;105.02;0.00;104.99;0.00;0.00;59.05;17.34;35.65;179.99;853.39;180.13;907.71;897.85;80.42;0.22
6540;0.00;104.99;0.00;105.03;0.00;0.00;59.01;17.22;35.65;179.99;857.23;180.16;909.08;898.73;80.42;0.22
6545;0.00;104.97;0.00;105.01;0.00;0.00;59.02;17.20;35.66;179.99;860.82;180.18;910.19;899.55;80.42;0.22
6550;0.00;105.32;0.00;104.61;0.00;0.00;58.98;17.17;35.66;180.00;857.28;180.19;910.45;899.88;80.42;0.22
6555;0.00;105.01;0.00;104.99;0.00;0.00;59.02;17.23;35.66;180.01;854.05;180.18;908.44;898.55;80.42;0.20
6560;0.00;105.00;0.00;104.99;0.00;0.00;59.02;17.20;35.66;180.02;852.18;180.16;907.37;897.78;80.42;0.22
6565;0.00;104.62;0.00;105.92;0.00;0.00;58.99;17.22;35.66;180.04;854.65;180.13;907.31;897.64;80.42;0.23
6570;0.00;105.00;0.00;105.02;0.00;0.00;59.02;17.22;35.67;180.03;858.64;180.05;909.71;898.31;80.42;0.21
6575;0.00;105.01;0.00;104.99;0.00;0.00;59.01;17.23;35.66;180.02;862.16;180.00;910.52;899.88;80.42;0.23
6580;0.00;104.99;0.00;105.00;0.00;0.00;58.99;17.23;35.66;180.01;860.56;179.98;910.37;899.92;80.42;0.22
6585;0.00;105.03;0.00;105.01;0.00;0.00;59.02;17.22;35.67;179.99;853.34;179.95;909.32;899.22;80.42;0.20
6590;0.00;105.01;0.00;104.99;0.00;0.00;59.02;17.20;35.67;179.98;851.60;179.92;907.26;897.68;80.42;0.21
6595;0.00;105.04;0.00;105.21;0.00;0.00;59.01;17.31;35.67;179.98;852.65;179.92;907.60;897.86;80.42;0.23
6600;0.00;105.01;0.00;105.02;0.00;0.00;59.04;17.22;35.67;180.02;856.24;179.93;908.89;898.67;80.42;0.21
6605;0.00;104.99;0.00;105.01;0.00;0.00;59.01;17.20;35.67;180.03;862.53;179.97;910.11;899.54;80.42;0.22
6610;0.00;105.36;0.00;104.28;0.00;0.00;58.96;17.20;35.67;180.03;858.63;180.01;910.08;899.75;80.42;0.23
6615;0.00;105.02;0.00;105.00;0.00;0.00;58.99;17.22;35.67;180.02;854.55;180.05;908.86;898.89;80.42;0.20
6620;0.00;105.01;0.00;104.98;0.00;0.00;58.99;17.23;35.68;180.00;851.54;180.09;907.64;898.02;80.42;0.21
6625;0.00;105.00;0.00;105.01;0.00;0.00;59.02;17.22;35.68;180.00;853.92;180.16;908.07;897.68;80.42;0.23
6630;0.00;104.99;0.00;105.04;0.00;0.00;59.02;17.22;35.68;179.99;857.88;180.18;909.46;899.10;80.42;0.21
6635;0.00;104.98;0.00;105.01;0.00;0.00;59.01;17.25;35.68;179.99;861.41;180.20;910.47;899.85;80.42;0.22
6640;0.00;105.00;0.00;105.14;0.00;0.00;59.01;17.25;35.68;180.02;856.75;180.20;910.60;900.07;80.42;0.22
6645;0.00;105.03;0.00;104.98;0.00;0.00;59.02;17.23;35.68;180.02;853.86;180.16;908.42;898.63;80.42;0.20
6650;0.00;105.01;0.00;105.01;0.00;0.00;59.03;17.22;35.68;180.02;851.99;180.13;907.45;897.89;80.42;0.22
6655;0.00;104.77;0.00;105.69;0.00;0.00;58.98;17.19;35.68;180.01;852.13;180.12;907.48;897.83;80.42;0.23
6660;0.00;104.98;0.00;105.02;0.00;0.00;59.03;17.20;35.68;180.00;859.23;180.02;908.63;898.57;80.42;0.21
6665;0.00;105.00;0.00;105.00;0.00;0.00;59.01;17.19;35.69;180.00;862.51;179.99;910.65;900.04;80.42;0.22
6670;0.00;105.00;0.00;105.00;0.00;0.00;59.00;17.19;35.68;180.00;859.97;179.96;910.37;899.97;80.42;0.22
6675;0.00;105.01;0.00;104.98;0.00;0.00;59.05;17.28;35.68;180.01;855.33;179.94;909.27;899.23;80.42;0.20
6680;0.00;105.01;0.00;104.99;0.00;0.00;59.02;17.25;35.69;180.02;851.49;179.94;907.39;898.32;80.42;0.21
6685;0.00;105.00;0.00;104.99;0.00;0.00;59.05;17.31;35.69;180.03;853.05;179.95;907.92;898.15;80.42;0.22
6690;0.00;104.97;0.00;105.02;0.00;0.00;59.00;17.27;35.69;180.04;856.84;179.96;909.32;899.02;80.42;0.21
6695;0.00;105.00;0.00;105.01;0.00;0.00;59.02;17.23;35.69;180.04;862.41;179.99;910.47;899.87;80.42;0.22
6700;0.00;105.30;0.00;104.73;0.00;0.00;58.96;17.25;35.69;180.02;858.03;180.06;910.23;900.27;80.42;0.22
6705;0.00;105.01;0.00;104.99;0.00;0.00;59.02;17.22;35.70;180.00;854.28;180.09;908.92;899.05;80.42;0.20
6710;0.00;105.01;0.00;105.00;0.00;0.00;59.01;17.28;35.69;179.99;852.51;180.13;907.79;898.20;80.42;0.22
6715;0.00;104.45;0.00;106.01;0.00;0.00;59.01;17.22;35.69;180.01;854.45;180.16;907.56;897.95;80.42;0.23
6720;0.00;104.98;0.00;105.03;0.00;0.00;59.03;17.19;35.70;180.03;858.23;180.17;909.86;899.44;80.42;0.21
6725;0.00;104.99;0.00;105.00;0.00;0.00;59.01;17.23;35.70;180.05;861.93;180.17;910.74;900.14;80.42;0.23
6730;0.00;105.00;0.00;104.99;0.00;0.00;59.05;17.39;35.70;180.04;861.00;180.16;910.73;900.26;80.42;0.22
6735;0.00;105.00;0.00;105.00;0.00;0.00;59.02;17.23;35.71;180.02;853.63;180.10;908.50;899.67;80.42;0.20
6740;0.00;105.01;0.00;105.02;0.00;0.00;59.01;17.20;35.71;180.01;851.79;180.08;907.61;898.07;80.42;0.21
6745;0.00;105.09;0.00;105.28;0.00;0.00;58.98;17.23;35.71;180.00;852.32;180.04;907.84;898.14;80.42;0.23
6750;0.00;105.00;0.00;105.01;0.00;0.00;59.02;17.23;35.71;180.01;859.83;180.00;909.07;898.94;80.42;0.21
6755;0.00;105.00;0.00;105.01;0.00;0.00;59.01;17.27;35.71;180.02;862.70;179.95;910.98;899.84;80.42;0.22
6760;0.00;105.44;0.00;103.94;0.00;0.00;58.98;17.20;35.71;180.02;859.41;179.93;910.64;900.26;80.42;0.22
6765;0.00;104.99;0.00;104.99;0.00;0.00;59.02;17.25;35.71;180.00;854.99;179.92;909.47;899.47;80.42;0.20
6770;0.00;105.02;0.00;104.99;0.00;0.00;59.02;17.27;35.72;180.00;851.55;179.94;908.20;898.56;80.42;0.21
6775;0.00;104.45;0.00;105.96;0.00;0.00;59.02;17.17;35.71;180.01;853.57;179.97;908.34;898.52;80.42;0.22
6780;0.00;104.98;0.00;105.03;0.00;0.00;59.02;17.23;35.72;180.02;857.50;180.01;909.74;899.42;80.42;0.22
6785;0.00;105.01;0.00;105.01;0.00;0.00;59.02;17.27;35.71;180.05;861.15;180.04;910.79;900.20;80.42;0.22
6790;0.00;105.01;0.00;105.01;0.00;0.00;59.02;17.28;35.72;180.05;857.52;180.10;911.01;900.49;80.42;0.22
6795;0.00;105.03;0.00;104.99;0.00;0.00;59.02;17.22;35.72;180.04;854.25;180.12;908.92;899.11;80.42;0.20
6800;0.00;105.01;0.00;104.99;0.00;0.00;59.03;17.23;35.72;180.03;852.35;180.14;907.85;898.31;80.42;0.22
6805;0.00;105.08;0.00;105.26;0.00;0.00;59.02;17.25;35.71;180.00;854.84;180.16;907.74;898.14;80.42;0.23
6810;0.00;104.98;0.00;105.02;0.00;0.00;59.01;17.22;35.72;180.01;858.89;180.14;910.08;898.77;80.42;0.21
6815;0.00;105.00;0.00;104.99;0.00;0.00;59.01;17.20;35.72;180.02;862.44;180.13;910.84;900.28;80.42;0.23
6820;0.00;105.43;0.00;104.10;0.00;0.00;59.01;17.19;35.73;180.03;860.47;180.10;910.68;900.28;80.42;0.22
6825;0.00;105.02;0.00;104.99;0.00;0.00;59.02;17.19;35.73;180.03;853.43;180.08;909.66;899.59;80.42;0.20
6830;0.00;105.02;0.00;105.01;0.00;0.00;59.02;17.25;35.73;180.02;851.65;180.00;907.58;898.07;80.42;0.21
6835;0.00;105.02;0.00;104.99;0.00;0.00;59.05;17.27;35.73;180.01;852.71;179.97;907.98;898.24;80.42;0.23
6840;0.00;104.99;0.00;105.02;0.00;0.00;59.01;17.27;35.74;180.02;856.40;179.95;909.26;899.08;80.42;0.21
6845;0.00;104.98;0.00;105.00;0.00;0.00;59.03;17.20;35.74;180.03;862.76;179.92;910.51;899.98;80.42;0.22
6850;0.00;105.11;0.00;105.24;0.00;0.00;58.97;17.25;35.74;180.03;858.79;179.93;910.49;900.19;80.42;0.23
6855;0.00;105.02;0.00;104.99;0.00;0.00;59.02;17.22;35.74;180.04;854.65;179.94;909.26;899.36;80.42;0.20
6860;0.00;105.01;0.00;105.01;0.00;0.00;59.01;17.20;35.74;180.02;851.56;179.96;908.07;898.48;80.42;0.21
6865;0.00;104.77;0.00;105.68;0.00;0.00;58.96;17.23;35.74;180.02;854.02;180.02;908.49;898.14;80.42;0.23
6870;0.00;104.96;0.00;105.04;0.00;0.00;59.01;17.23;35.74;180.03;857.81;180.07;909.89;899.56;80.42;0.21
6875;0.00;104.99;0.00;105.00;0.00;0.00;58.99;17.23;35.75;180.03;861.64;180.09;910.91;900.34;80.42;0.22
6880;0.00;105.50;0.00;105.00;0.00;0.00;59.01;17.22;35.75;180.02;857.18;180.13;911.06;900.58;80.42;0.22
6885;0.00;105.02;0.00;104.99;0.00;0.00;59.02;17.22;35.75;180.00;853.97;180.15;908.95;899.18;80.42;0.20
6890;0.00;105.00;0.00;105.01;0.00;0.00;59.03;17.20;35.75;179.98;852.09;180.15;907.97;898.44;80.42;0.22
6895;0.00;105.00;0.00;105.01;0.00;0.00;59.02;17.30;35.76;179.99;852.07;180.15;908.00;898.38;80.42;0.23
6900;0.00;105.00;0.00;105.03;0.00;0.00;59.02;17.20;35.76;180.01;859.47;180.12;909.11;899.07;80.42;0.21
6905;0.00;105.01;0.00;104.99;0.00;0.00;59.02;17.22;35.76;180.03;862.69;180.09;911.13;900.57;80.42;0.22
6910;0.00;105.37;0.00;104.44;0.00;0.00;58.94;17.20;35.76;180.04;860.21;180.08;910.88;900.52;80.42;0.22
6915;0.00;105.01;0.00;104.99;0.00;0.00;59.01;17.22;35.76;180.03;853.37;180.02;909.80;899.79;80.42;0.20
6920;0.00;105.01;0.00;104.99;0.00;0.00;59.02;17.25;35.77;180.02;851.64;179.97;907.82;898.87;80.42;0.21
6925;0.00;104.41;0.00;105.01;0.00;0.00;59.03;17.25;35.76;180.02;853.16;179.95;908.29;898.56;80.42;0.22
6930;0.00;104.98;0.00;105.01;0.00;0.00;59.03;17.22;35.78;180.00;856.78;179.93;909.60;899.41;80.42;0.21
6935;0.00;105.00;0.00;104.99;0.00;0.00;59.02;17.20;35.77;179.99;862.68;179.92;910.78;900.26;80.42;0.22
6940;0.00;105.03;0.00;104.99;0.00;0.00;59.02;17.31;35.77;179.99;858.53;179.94;910.58;900.35;80.42;0.23
6945;0.00;105.00;0.00;104.99;0.00;0.00;59.02;17.25;35.77;179.99;854.56;179.96;909.29;899.46;80.42;0.20
6950;0.00;105.00;0.00;104.99;0.00;0.00;59.03;17.22;35.78;180.00;852.63;179.99;908.15;898.61;80.42;0.22
6955;0.00;104.78;0.00;105.68;0.00;0.00;58.96;17.20;35.78;180.01;854.33;180.06;907.87;898.33;80.42;0.23
6960;0.00;104.98;0.00;105.01;0.00;0.00;59.02;17.23;35.78;180.04;858.42;180.09;910.13;899.81;80.42;0.21
6965;0.00;105.00;0.00;105.01;0.00;0.00;58.99;17.17;35.78;180.05;862.17;180.12;911.08;900.52;80.42;0.23
6970;0.00;105.46;0.00;103.37;0.00;0.00;58.99;17.25;35.79;180.08;856.59;180.13;911.10;900.67;80.42;0.22
6975;0.00;105.01;0.00;104.97;0.00;0.00;59.02;17.23;35.79;180.06;853.73;180.16;908.91;900.10;80.42;0.20
6980;0.00;105.01;0.00;105.00;0.00;0.00;59.03;17.25;35.79;180.03;851.97;180.15;908.03;898.53;80.42;0.20
6985;0.00;105.00;0.00;105.00;0.00;0.00;59.02;17.30;35.80;180.01;852.41;180.14;908.26;898.60;80.42;0.23
6990;0.00;104.99;0.00;105.01;0.00;0.00;59.02;17.27;35.80;179.99;859.85;180.12;909.49;899.40;80.42;0.21
6995;0.00;105.00;0.00;105.00;0.00;0.00;59.00;17.23;35.80;180.01;862.99;180.07;911.40;900.85;80.42;0.22
7000;0.00;105.31;0.00;104.56;0.00;0.00;58.98;17.22;35.81;180.03;859.63;180.03;911.05;900.72;80.42;0.22
7005;0.00;105.02;0.00;104.99;0.00;0.00;59.02;17.23;35.80;180.06;855.35;180.00;909.91;899.93;80.42;0.20
7010;0.00;105.01;0.00;104.99;0.00;0.00;59.02;17.27;35.80;180.07;851.64;179.93;908.62;899.01;80.42;0.21
7015;0.00;104.47;0.00;105.94;0.00;0.00;59.01;17.25;35.81;180.04;853.47;179.93;908.68;898.91;80.42;0.22
7020;0.00;104.98;0.00;105.03;0.00;0.00;59.02;17.23;35.81;180.02;857.43;179.92;910.03;899.78;80.42;0.22
7025;0.00;105.00;0.00;104.99;0.00;0.00;59.01;17.22;35.81;180.00;862.60;179.93;911.09;900.56;80.42;0.22
7030;0.00;105.03;0.00;104.99;0.00;0.00;59.03;17.28;35.81;180.00;857.95;179.95;910.64;900.86;80.42;0.22
7035;0.00;105.03;0.00;104.99;0.00;0.00;59.02;17.25;35.81;180.02;854.33;179.98;909.31;899.50;80.42;0.20
7040;0.00;105.01;0.00;104.99;0.00;0.00;59.02;17.23;35.81;180.04;852.55;180.02;908.23;898.71;80.42;0.22
7045;0.00;104.81;0.00;105.59;0.00;0.00;58.96;17.19;35.81;180.06;854.95;180.06;908.09;898.53;80.42;0.23
7050;0.00;105.00;0.00;105.03;0.00;0.00;59.05;17.23;35.81;180.05;858.82;180.12;910.42;900.05;80.42;0.21
7055;0.00;105.00;0.00;104.99;0.00;0.00;59.00;17.22;35.82;180.04;862.50;180.16;911.25;900.72;80.42;0.23
7060;0.00;104.99;0.00;105.00;0.00;0.00;59.01;17.20;35.82;180.02;860.98;180.18;911.15;900.77;80.42;0.22
7065;0.00;105.01;0.00;104.99;0.00;0.00;59.02;17.25;35.82;180.00;853.68;180.20;910.15;900.13;80.42;0.20
7070;0.00;105.02;0.00;104.99;0.00;0.00;59.02;17.23;35.82;179.99;851.81;180.18;908.06;898.58;80.42;0.21
7075;0.00;105.01;0.00;104.99;0.00;0.00;59.03;17.31;35.82;180.00;852.64;180.16;908.39;898.74;80.42;0.23
7080;0.00;105.00;0.00;105.02;0.00;0.00;59.03;17.22;35.82;180.02;860.43;180.14;909.68;899.57;80.42;0.21
7085;0.00;104.99;0.00;104.99;0.00;0.00;59.03;17.23;35.82;180.03;863.08;180.07;911.46;900.44;80.42;0.22
7090;0.00;105.30;0.00;104.56;0.00;0.00;58.97;17.20;35.82;180.04;859.31;180.02;911.03;900.75;80.42;0.23
7095;0.00;105.04;0.00;104.99;0.00;0.00;59.02;17.27;35.83;180.04;854.97;179.98;909.84;899.93;80.42;0.20
7100;0.00;105.02;0.00;104.99;0.00;0.00;59.02;17.23;35.82;180.03;851.65;179.94;908.59;899.04;80.42;0.21
7105;0.00;104.49;0.00;105.91;0.00;0.00;58.99;17.22;35.83;180.02;853.97;179.89;908.85;899.08;80.42;0.22
7110;0.00;104.98;0.00;105.04;0.00;0.00;58.99;17.22;35.82;180.02;857.79;179.88;910.21;899.97;80.42;0.22
7115;0.00;104.99;0.00;104.98;0.00;0.00;59.02;17.27;35.83;180.04;861.69;179.89;911.25;900.72;80.42;0.22
7120;0.00;105.01;0.00;104.99;0.00;0.00;59.05;17.33;35.83;180.03;857.66;179.92;911.40;900.97;80.42;0.22
7125;0.00;105.02;0.00;104.99;0.00;0.00;59.02;17.22;35.84;180.03;854.23;179.95;909.30;899.55;80.42;0.20
7130;0.00;105.01;0.00;104.99;0.00;0.00;59.02;17.27;35.83;180.02;852.33;180.01;908.28;898.80;80.42;0.22
7135;0.00;104.82;0.00;105.58;0.00;0.00;58.99;17.17;35.83;180.03;855.27;180.04;908.28;898.72;80.42;0.23
7140;0.00;104.97;0.00;105.03;0.00;0.00;59.02;17.22;35.84;180.03;859.43;180.14;910.70;899.41;80.41;0.21
7145;0.00;104.99;0.00;105.00;0.00;0.00;58.99;17.23;35.83;180.03;862.78;180.17;911.46;900.94;80.42;0.22
7150;0.00;105.47;0.00;103.41;0.00;0.00;59.00;17.20;35.84;180.04;860.70;180.20;911.26;900.92;80.42;0.22
7155;0.00;105.03;0.00;104.99;0.00;0.00;59.02;17.25;35.84;180.04;853.48;180.21;910.20;900.23;80.42;0.20
7160;0.00;105.04;0.00;104.99;0.00;0.00;59.02;17.23;35.83;180.04;851.76;180.19;908.21;898.74;80.42;0.21
7165;0.00;105.00;0.00;104.99;0.00;0.00;59.05;17.31;35.84;180.03;853.06;180.15;908.65;898.96;80.42;0.23
7170;0.00;104.98;0.00;105.01;0.00;0.00;59.02;17.25;35.84;180.01;856.94;180.12;909.95;899.82;80.42;0.21
7175;0.00;104.99;0.00;104.99;0.00;0.00;59.00;17.27;35.84;180.01;863.02;180.02;911.14;900.68;80.42;0.22
7180;0.00;105.38;0.00;104.35;0.00;0.00;58.95;17.17;35.84;180.02;858.69;179.98;911.06;900.82;80.42;0.23
7185;0.00;105.01;0.00;104.98;0.00;0.00;59.01;17.27;35.85;180.02;854.83;179.93;909.77;899.97;80.42;0.20
7190;0.00;104.99;0.00;104.99;0.00;0.00;59.02;17.22;35.85;180.01;852.87;179.90;908.60;899.08;80.42;0.21
7195;0.00;104.37;0.00;105.00;0.00;0.00;59.02;17.27;35.86;180.01;854.23;179.86;909.08;898.78;80.42;0.23
7200;0.00;104.98;0.00;105.02;0.00;0.00;59.01;17.27;35.86;180.01;858.37;179.88;910.43;900.17;80.42;0.21
7205;0.00;105.00;0.00;104.99;0.00;0.00;59.01;17.22;35.86;180.01;862.20;179.89;911.41;900.91;80.42;0.22
7210;0.00;105.01;0.00;105.07;0.00;0.00;59.00;17.27;35.86;180.03;857.05;179.91;911.48;901.08;80.42;0.22
7215;0.00;105.01;0.00;104.99;0.00;0.00;59.02;17.19;35.86;180.04;854.00;180.00;909.31;900.54;80.42;0.20
7220;0.00;105.01;0.00;104.99;0.00;0.00;59.03;17.22;35.86;180.05;852.22;180.05;908.36;898.91;80.42;0.22
7225;0.00;104.82;0.00;105.53;0.00;0.00;58.97;17.23;35.87;180.02;852.33;180.10;908.45;898.89;80.42;0.23
7230;0.00;105.00;0.00;105.02;0.00;0.00;59.02;17.19;35.87;180.01;859.78;180.17;909.63;899.63;80.42;0.21
7235;0.00;105.01;0.00;105.00;0.00;0.00;59.01;17.23;35.87;180.01;863.14;180.19;911.60;901.09;80.42;0.22
7240;0.00;105.47;0.00;103.49;0.00;0.00;59.01;17.23;35.87;180.00;860.12;180.20;911.33;901.02;80.42;0.22
7245;0.00;105.05;0.00;104.98;0.00;0.00;59.02;17.20;35.88;180.00;855.67;180.19;910.23;900.27;80.42;0.20
7250;0.00;105.00;0.00;104.98;0.00;0.00;59.01;17.25;35.87;180.00;851.74;180.15;908.32;899.36;80.42;0.21
7255;0.00;104.98;0.00;104.99;0.00;0.00;59.03;17.27;35.87;180.01;853.33;180.13;908.84;899.16;80.42;0.22
7260;0.00;105.00;0.00;105.03;0.00;0.00;59.02;17.23;35.88;180.04;857.30;180.08;910.17;900.02;80.42;0.21
7265;0.00;104.99;0.00;105.00;0.00;0.00;59.02;17.25;35.88;180.05;862.97;180.03;911.30;900.83;80.42;0.22
7270;0.00;105.24;0.00;104.98;0.00;0.00;58.97;17.23;35.87;180.05;858.41;179.94;911.03;900.85;80.42;0.23
7275;0.00;105.03;0.00;104.99;0.00;0.00;59.02;17.23;35.88;180.04;854.72;179.92;909.75;899.96;80.42;0.20
7280;0.00;105.00;0.00;105.00;0.00;0.00;59.02;17.23;35.88;180.02;852.80;179.89;908.61;899.11;80.42;0.22
7285;0.00;104.60;0.00;106.04;0.00;0.00;59.00;17.20;35.88;180.02;854.57;179.89;908.37;898.88;80.42;0.23
7290;0.00;104.99;0.00;105.04;0.00;0.00;59.01;17.22;35.88;180.02;858.74;179.90;910.65;900.33;80.42;0.21
7295;0.00;105.02;0.00;105.00;0.00;0.00;59.02;17.20;35.89;180.02;862.53;179.93;911.54;901.04;80.42;0.23
7300;0.00;104.99;0.00;104.99;0.00;0.00;59.05;17.34;35.89;180.03;861.76;179.95;911.51;901.15;80.42;0.22
7305;0.00;105.01;0.00;104.98;0.00;0.00;59.03;17.27;35.89;180.03;853.91;180.04;909.25;900.56;80.42;0.20
7310;0.00;105.02;0.00;105.01;0.00;0.00;59.02;17.22;35.89;180.03;852.11;180.08;908.38;898.94;80.42;0.21
7315;0.00;105.03;0.00;105.34;0.00;0.00;58.98;17.23;35.89;180.03;852.53;180.12;908.58;899.00;80.42;0.23
7320;0.00;104.99;0.00;105.01;0.00;0.00;59.02;17.25;35.89;180.03;860.11;180.15;909.80;899.78;80.42;0.21
7325;0.00;105.03;0.00;105.01;0.00;0.00;59.02;17.27;35.89;180.04;863.26;180.18;911.67;901.18;80.42;0.22
7330;0.00;105.45;0.00;103.47;0.00;0.00;59.01;17.20;35.89;180.05;859.80;180.17;911.32;901.05;80.42;0.22
7335;0.00;105.03;0.00;104.99;0.00;0.00;59.02;17.25;35.90;180.05;855.46;180.15;910.18;900.27;80.42;0.20
7340;0.00;105.01;0.00;104.99;0.00;0.00;59.03;17.23;35.90;180.03;851.68;180.10;908.89;899.36;80.42;0.21
7345;0.00;105.00;0.00;105.01;0.00;0.00;59.04;17.36;35.90;180.02;853.58;180.06;908.98;899.27;80.42;0.22
7350;0.00;105.00;0.00;105.01;0.00;0.00;59.02;17.22;35.91;180.01;857.64;180.02;910.33;900.16;80.42;0.22
7355;0.00;105.01;0.00;105.01;0.00;0.00;59.02;17.20;35.90;180.01;862.81;179.97;911.42;900.94;80.42;0.22
7360;0.00;105.15;0.00;105.17;0.00;0.00;58.98;17.20;35.90;180.01;858.07;179.93;910.94;901.24;80.42;0.23
7365;0.00;105.00;0.00;105.00;0.00;0.00;58.99;17.23;35.91;180.03;854.43;179.91;909.65;899.93;80.42;0.20
7370;0.00;105.00;0.00;105.01;0.00;0.00;59.02;17.22;35.91;180.04;852.65;179.93;908.58;899.14;80.42;0.22
7375;0.00;104.62;0.00;105.97;0.00;0.00;58.99;17.23;35.91;180.07;855.10;179.95;908.50;898.99;80.42;0.23
7380;0.00;104.98;0.00;105.03;0.00;0.00;58.99;17.19;35.91;180.06;859.05;180.00;910.90;900.58;80.42;0.21
7385;0.00;105.00;0.00;104.99;0.00;0.00;58.98;17.25;35.91;180.04;862.77;180.03;911.74;901.25;80.42;0.23
7390;0.00;105.00;0.00;104.99;0.00;0.00;59.03;17.28;35.92;180.01;861.17;180.06;911.64;901.31;80.42;0.22
7395;0.00;105.00;0.00;104.99;0.00;0.00;59.02;17.27;35.92;180.01;853.82;180.13;910.66;900.65;80.42;0.20
7400;0.00;105.01;0.00;104.99;0.00;0.00;59.02;17.22;35.92;180.02;851.92;180.16;908.55;899.12;80.42;0.21
7405;0.00;105.05;0.00;105.23;0.00;0.00;59.01;17.27;35.92;180.03;852.74;180.17;908.86;899.27;80.42;0.23
7410;0.00;105.00;0.00;105.03;0.00;0.00;59.01;17.20;35.92;180.07;860.71;180.17;910.12;900.10;80.42;0.21
7415;0.00;104.98;0.00;105.00;0.00;0.00;59.02;17.25;35.92;180.07;863.36;180.15;911.94;900.97;80.42;0.22
7420;0.00;105.43;0.00;104.19;0.00;0.00;58.96;17.23;35.92;180.06;859.52;180.12;911.52;901.29;80.42;0.23
7425;0.00;105.02;0.00;104.99;0.00;0.00;59.03;17.23;35.93;180.05;855.15;180.09;910.31;900.46;80.42;0.20
7430;0.00;105.01;0.00;105.00;0.00;0.00;59.02;17.22;35.93;180.04;851.74;180.06;909.09;899.59;80.42;0.21
7435;0.00;104.39;0.00;104.99;0.00;0.00;59.00;17.27;35.93;180.03;854.12;180.00;909.30;899.58;80.42;0.23
7440;0.00;104.99;0.00;105.03;0.00;0.00;59.02;17.25;35.93;180.03;858.02;179.96;910.65;900.44;80.42;0.22
7445;0.00;104.99;0.00;105.00;0.00;0.00;59.01;17.23;35.93;180.05;861.98;179.94;911.66;901.20;80.42;0.22
7450;0.00;105.00;0.00;105.03;0.00;0.00;59.02;17.31;35.93;180.05;857.81;179.92;911.83;901.44;80.42;0.23
7455;0.00;105.01;0.00;104.99;0.00;0.00;59.01;17.27;35.93;180.05;854.37;179.94;909.75;900.04;80.42;0.20
7460;0.00;105.04;0.00;105.01;0.00;0.00;59.00;17.22;35.94;180.05;852.44;179.96;908.71;899.26;80.42;0.22
7465;0.00;105.07;0.00;105.33;0.00;0.00;59.01;17.23;35.94;180.05;855.43;179.98;908.66;899.16;80.42;0.23
7470;0.00;104.98;0.00;105.02;0.00;0.00;59.02;17.23;35.94;180.06;859.66;180.05;911.08;899.84;80.42;0.21
7475;0.00;104.99;0.00;105.01;0.00;0.00;59.02;17.23;35.94;180.05;863.05;180.09;911.87;901.40;80.42;0.22
7480;0.00;105.48;0.00;103.83;0.00;0.00;59.00;17.22;35.94;180.06;860.88;180.12;911.74;901.42;80.42;0.22
7485;0.00;105.03;0.00;104.99;0.00;0.00;59.00;17.23;35.94;180.05;853.74;180.15;910.70;900.75;80.42;0.20
7490;0.00;105.03;0.00;105.01;0.00;0.00;59.03;17.20;35.94;180.04;851.86;180.18;908.66;899.24;80.42;0.21
7495;0.00;104.99;0.00;105.01;0.00;0.00;59.05;17.28;35.94;180.03;853.17;180.18;909.04;899.45;80.42;0.23
7500;0.00;104.99;0.00;105.03;0.00;0.00;59.02;17.23;35.95;180.04;856.88;180.19;910.31;900.26;80.42;0.21
7505;0.00;104.99;0.00;104.99;0.00;0.00;59.01;17.22;35.95;180.05;863.35;180.15;911.52;901.10;80.42;0.22
7510;0.00;105.37;0.00;104.34;0.00;0.00;58.96;17.23;35.94;180.06;859.18;180.12;911.45;901.27;80.42;0.23
7515;0.00;105.01;0.00;104.99;0.00;0.00;59.02;17.22;35.95;180.06;854.98;180.08;910.20;900.43;80.42;0.20
7520;0.00;105.00;0.00;105.01;0.00;0.00;59.02;17.25;35.95;180.05;853.03;180.04;909.01;899.54;80.42;0.21
7525;0.00;105.01;0.00;105.01;0.00;0.00;58.99;17.23;35.96;180.05;854.39;179.97;909.49;899.23;80.42;0.23
7530;0.00;104.98;0.00;105.02;0.00;0.00;59.02;17.22;35.95;180.04;858.61;179.95;910.90;900.66;80.42;0.21
7535;0.00;105.01;0.00;105.00;0.00;0.00;59.02;17.22;35.96;180.05;862.49;179.94;911.85;901.39;80.42;0.23
7540;0.00;105.00;0.00;105.08;0.00;0.00;59.02;17.25;35.96;180.07;857.25;179.93;911.94;901.58;80.42;0.22
7545;0.00;105.02;0.00;104.99;0.00;0.00;59.02;17.22;35.96;180.08;854.31;179.95;909.78;901.05;80.42;0.20
7550;0.00;105.03;0.00;105.00;0.00;0.00;59.03;17.22;35.96;180.07;852.37;179.97;908.80;899.39;80.42;0.22
7555;0.00;104.71;0.00;105.75;0.00;0.00;58.98;17.22;35.96;180.05;852.44;180.01;908.88;899.36;80.42;0.23
7560;0.00;104.99;0.00;105.02;0.00;0.00;59.03;17.20;35.97;180.05;860.02;180.09;910.00;900.08;80.42;0.21
7565;0.00;104.99;0.00;105.00;0.00;0.00;59.01;17.23;35.97;180.05;863.37;180.12;911.93;901.49;80.42;0.22
7570;0.00;105.50;0.00;104.99;0.00;0.00;59.00;17.23;35.97;180.06;860.56;180.16;911.63;901.39;80.42;0.22
7575;0.00;105.03;0.00;104.97;0.00;0.00;59.02;17.23;35.97;180.06;855.76;180.18;910.53;900.63;80.42;0.20
7580;0.00;105.01;0.00;105.01;0.00;0.00;59.03;17.23;35.97;180.06;851.75;180.20;908.64;899.71;80.42;0.21
7585;0.00;104.98;0.00;105.00;0.00;0.00;59.02;17.27;35.97;180.06;853.41;180.20;909.17;899.53;80.42;0.22
7590;0.00;105.00;0.00;105.03;0.00;0.00;59.03;17.20;35.98;180.07;857.48;180.18;910.54;900.42;80.42;0.21
7595;0.00;105.02;0.00;104.99;0.00;0.00;59.01;17.20;35.98;180.08;863.17;180.14;911.70;901.28;80.42;0.22
7600;0.00;105.31;0.00;104.56;0.00;0.00;58.97;17.17;35.98;180.08;858.57;180.08;911.50;901.66;80.42;0.23
7605;0.00;105.02;0.00;104.99;0.00;0.00;59.02;17.22;35.98;180.08;854.73;180.04;910.25;900.49;80.42;0.20
7610;0.00;105.02;0.00;105.00;0.00;0.00;59.00;17.23;35.98;180.06;852.96;180.00;909.12;899.64;80.42;0.22
7615;0.00;104.50;0.00;105.94;0.00;0.00;59.02;17.22;35.99;180.06;854.72;179.93;908.86;899.40;80.42;0.23
7620;0.00;105.01;0.00;105.01;0.00;0.00;59.00;17.23;35.98;180.06;858.97;179.92;911.08;900.84;80.42;0.21
7625;0.00;104.99;0.00;105.02;0.00;0.00;58.98;17.20;35.98;180.07;862.79;179.92;911.98;901.52;80.42;0.23
7630;0.00;104.99;0.00;105.00;0.00;0.00;59.03;17.30;35.99;180.06;861.96;179.92;911.98;901.65;80.42;0.22
7635;0.00;105.05;0.00;104.99;0.00;0.00;59.02;17.22;36.00;180.06;854.09;179.98;909.73;901.04;80.42;0.20
7640;0.00;105.01;0.00;105.00;0.00;0.00;59.02;17.20;35.99;180.05;852.26;180.00;908.83;899.44;80.42;0.21
7645;0.00;104.91;0.00;105.44;0.00;0.00;59.01;17.27;36.00;180.05;852.64;180.05;908.99;899.47;80.42;0.23
7650;0.00;104.99;0.00;105.04;0.00;0.00;59.03;17.23;35.99;180.06;860.35;180.11;910.23;900.25;80.42;0.21
7655;0.00;105.01;0.00;105.00;0.00;0.00;59.01;17.20;36.00;180.07;863.50;180.18;912.05;901.09;80.42;0.22
7660;0.00;105.47;0.00;103.81;0.00;0.00;58.99;17.23;36.00;180.07;859.96;180.20;911.68;901.46;80.42;0.22
7665;0.00;105.01;0.00;104.99;0.00;0.00;59.02;17.23;36.00;180.08;855.61;180.22;910.52;900.67;80.42;0.20
7670;0.00;105.01;0.00;105.00;0.00;0.00;59.02;17.22;36.00;180.07;851.78;180.22;909.27;899.78;80.42;0.21
7675;0.00;105.00;0.00;104.99;0.00;0.00;59.05;17.34;36.00;180.07;853.73;180.20;909.39;899.73;80.42;0.22
7680;0.00;105.02;0.00;105.01;0.00;0.00;58.98;17.19;36.00;180.08;857.87;180.18;910.74;900.61;80.42;0.22
7685;0.00;104.99;0.00;105.00;0.00;0.00;59.01;17.23;36.00;180.07;861.90;180.15;911.85;901.40;80.42;0.22
7690;0.00;105.17;0.00;105.17;0.00;0.00;58.98;17.19;36.01;180.07;858.28;180.07;911.40;901.71;80.42;0.23
7695;0.00;105.01;0.00;104.99;0.00;0.00;59.02;17.25;36.00;180.07;854.65;180.02;910.09;900.40;80.42;0.20
7700;0.00;104.99;0.00;104.99;0.00;0.00;59.01;17.20;36.01;180.07;852.86;179.99;909.01;899.60;80.42;0.22
7705;0.00;104.52;0.00;105.94;0.00;0.00;59.01;17.25;36.01;180.09;855.30;179.96;908.88;899.42;80.42;0.23
7710;0.00;104.98;0.00;105.03;0.00;0.00;59.00;17.27;36.01;180.09;859.30;179.94;911.19;900.03;80.42;0.21
7715;0.00;105.01;0.00;104.99;0.00;0.00;59.01;17.22;36.01;180.09;863.03;179.95;911.95;901.52;80.42;0.23
7720;0.00;105.00;0.00;104.99;0.00;0.00;58.98;17.20;36.01;180.07;861.33;179.97;911.80;901.55;80.42;0.22
7725;0.00;105.03;0.00;105.00;0.00;0.00;59.02;17.22;36.01;180.05;853.94;180.01;910.78;900.86;80.42;0.20
7730;0.00;104.98;0.00;104.99;0.00;0.00;59.03;17.23;36.01;180.05;851.98;180.05;908.69;899.32;80.42;0.21
7735;0.00;105.00;0.00;105.02;0.00;0.00;59.00;17.33;36.01;180.05;853.00;180.10;909.04;899.48;80.42;0.23
7740;0.00;104.99;0.00;105.01;0.00;0.00;59.01;17.28;36.02;180.08;856.67;180.13;910.33;900.33;80.42;0.21
7745;0.00;105.00;0.00;104.99;0.00;0.00;58.99;17.28;36.02;180.09;863.43;180.18;912.04;901.18;80.42;0.22
7750;0.00;105.30;0.00;104.59;0.00;0.00;58.97;17.23;36.02;180.08;859.57;180.20;911.57;901.42;80.42;0.23
7755;0.00;105.02;0.00;105.00;0.00;0.00;59.02;17.22;36.03;180.07;855.18;180.20;910.36;900.58;80.42;0.20
7760;0.00;105.00;0.00;105.01;0.00;0.00;59.02;17.20;36.03;180.05;851.75;180.19;909.19;899.73;80.42;0.21
7765;0.00;104.53;0.00;105.94;0.00;0.00;59.02;17.20;36.03;180.05;854.19;180.15;909.59;899.39;80.42;0.23
7770;0.00;105.00;0.00;105.02;0.00;0.00;59.03;17.20;36.03;180.07;858.42;180.11;911.00;900.81;80.42;0.22
7775;0.00;105.00;0.00;105.00;0.00;0.00;59.01;17.20;36.03;180.09;862.15;180.07;912.02;901.57;80.42;0.22
7780;0.00;105.00;0.00;104.99;0.00;0.00;59.05;17.34;36.04;180.08;857.61;180.00;912.18;901.82;80.42;0.23
7785;0.00;105.01;0.00;104.99;0.00;0.00;59.02;17.20;36.04;180.07;854.48;179.97;910.12;900.44;80.42;0.20
7790;0.00;105.02;0.00;104.99;0.00;0.00;59.01;17.22;36.04;180.06;852.56;179.95;909.11;899.70;80.42;0.22
7795;0.00;104.98;0.00;105.41;0.00;0.00;58.98;17.23;36.04;180.06;852.32;179.95;909.10;899.62;80.42;0.23
7800;0.00;104.98;0.00;105.01;0.00;0.00;59.02;17.19;36.04;180.06;859.87;179.96;911.49;900.31;80.42;0.21
7805;0.00;105.00;0.00;105.01;0.00;0.00;59.02;17.20;36.04;180.06;863.40;179.97;912.18;901.77;80.42;0.22
7810;0.00;105.49;0.00;103.37;0.00;0.00;59.00;17.20;36.05;180.06;861.02;180.01;911.96;901.73;80.42;0.22
7815;0.00;105.02;0.00;104.99;0.00;0.00;59.03;17.30;36.04;180.07;853.75;180.06;910.88;901.02;80.42;0.20
7820;0.00;105.01;0.00;105.00;0.00;0.00;59.00;17.23;36.05;180.08;851.93;180.12;908.87;900.07;80.42;0.21
7825;0.00;105.00;0.00;104.99;0.00;0.00;59.03;17.30;36.05;180.09;853.25;180.15;909.29;899.72;80.42;0.23
7830;0.00;105.02;0.00;105.03;0.00;0.00;59.02;17.22;36.05;180.10;857.28;180.18;910.65;900.60;80.42;0.21
7835;0.00;104.98;0.00;105.01;0.00;0.00;59.02;17.27;36.05;180.09;863.39;180.19;911.83;901.43;80.42;0.22
7840;0.00;105.29;0.00;104.74;0.00;0.00;58.97;17.23;36.05;180.08;858.94;180.19;911.69;901.56;80.42;0.23
7845;0.00;105.02;0.00;104.99;0.00;0.00;59.02;17.25;36.05;180.06;854.92;180.19;910.42;900.69;80.42;0.20
7850;0.00;105.02;0.00;104.98;0.00;0.00;59.02;17.22;36.05;180.05;853.12;180.15;909.30;899.85;80.42;0.22
7855;0.00;104.57;0.00;105.92;0.00;0.00;59.02;17.20;36.05;180.05;854.73;180.08;908.99;899.58;80.42;0.23
7860;0.00;104.98;0.00;105.03;0.00;0.00;59.02;17.25;36.05;180.06;858.76;180.04;911.25;901.04;80.42;0.21
7865;0.00;105.00;0.00;105.01;0.00;0.00;59.02;17.27;36.06;180.08;862.67;180.01;912.21;901.76;80.42;0.23
7870;0.00;105.00;0.00;104.98;0.00;0.00;59.06;17.36;36.06;180.10;857.07;179.97;912.25;901.94;80.42;0.22
7875;0.00;105.03;0.00;104.99;0.00;0.00;59.02;17.20;36.06;180.10;854.32;179.93;910.07;901.38;80.42;0.20
7880;0.00;105.01;0.00;105.00;0.00;0.00;59.02;17.23;36.06;180.08;852.34;179.92;909.12;899.73;80.42;0.21
7885;0.00;105.07;0.00;105.29;0.00;0.00;59.00;17.27;36.06;180.07;852.68;179.92;909.22;899.72;80.42;0.23
7890;0.00;105.01;0.00;105.01;0.00;0.00;59.01;17.22;36.07;180.06;860.44;179.94;910.36;900.46;80.42;0.21
7895;0.00;104.98;0.00;104.99;0.00;0.00;58.99;17.23;36.06;180.05;863.60;180.01;912.20;901.80;80.42;0.22
7900;0.00;105.48;0.00;103.96;0.00;0.00;59.01;17.22;36.07;180.05;860.05;180.04;911.80;901.64;80.42;0.22
7905;0.00;105.05;0.00;104.98;0.00;0.00;59.00;17.22;36.06;180.09;855.67;180.09;910.63;900.85;80.42;0.20
7910;0.00;105.01;0.00;104.99;0.00;0.00;59.02;17.25;36.07;180.11;851.76;180.16;909.38;899.91;80.42;0.21
7915;0.00;105.01;0.00;104.99;0.00;0.00;59.03;17.27;36.07;180.13;853.92;180.19;909.47;899.84;80.42;0.23
7920;0.00;104.98;0.00;105.01;0.00;0.00;58.99;17.23;36.07;180.12;857.85;180.20;910.82;900.73;80.42;0.22
7925;0.00;104.99;0.00;105.00;0.00;0.00;58.99;17.23;36.07;180.09;861.90;180.21;911.90;901.51;80.42;0.22
7930;0.00;105.15;0.00;105.21;0.00;0.00;59.00;17.22;36.08;180.06;857.96;180.19;912.16;901.82;80.42;0.23
7935;0.00;105.02;0.00;104.99;0.00;0.00;59.03;17.17;36.08;180.05;854.62;180.16;910.15;900.49;80.42;0.20
7940;0.00;105.01;0.00;105.01;0.00;0.00;59.02;17.22;36.08;180.06;852.71;180.13;909.15;899.75;80.42;0.22
7945;0.00;104.63;0.00;105.97;0.00;0.00;59.01;17.22;36.08;180.10;855.54;180.09;909.13;899.67;80.42;0.23
7950;0.00;104.98;0.00;105.04;0.00;0.00;59.01;17.22;36.09;180.12;859.59;180.02;911.57;900.37;80.42;0.21
7955;0.00;105.00;0.00;105.00;0.00;0.00;59.02;17.22;36.09;180.12;863.27;179.99;912.38;901.94;80.42;0.22
7960;0.00;105.00;0.00;104.99;0.00;0.00;59.02;17.27;36.09;180.12;861.11;179.97;912.22;901.96;80.42;0.22
7965;0.00;105.02;0.00;104.99;0.00;0.00;59.01;17.22;36.09;180.10;853.93;179.96;911.21;901.27;80.42;0.20
7970;0.00;105.01;0.00;105.01;0.00;0.00;59.02;17.22;36.09;180.08;851.99;179.96;909.18;899.80;80.42;0.21
7975;0.00;105.02;0.00;105.14;0.00;0.00;59.02;17.27;36.10;180.08;853.27;179.98;909.58;900.00;80.42;0.23
7980;0.00;104.97;0.00;105.03;0.00;0.00;59.01;17.25;36.10;180.10;857.05;180.00;910.86;900.85;80.42;0.21
7985;0.00;105.01;0.00;105.01;0.00;0.00;59.00;17.25;36.10;180.11;863.52;180.08;912.05;901.68;80.42;0.22
7990;0.00;105.38;0.00;104.36;0.00;0.00;58.97;17.19;36.10;180.12;859.10;180.12;911.91;901.79;80.42;0.23
7995;0.00;105.03;0.00;104.99;0.00;0.00;59.02;17.22;36.10;180.12;855.19;180.16;910.64;900.90;80.42;0.20
8000;0.00;105.01;0.00;105.01;0.00;0.00;59.02;17.23;36.11;180.11;853.24;180.20;909.46;900.04;80.42;0.22
8005;0.00;105.00;0.00;105.00;0.00;0.00;59.01;17.22;36.11;180.10;854.53;180.25;909.12;899.74;80.42;0.23
8010;0.00;105.00;0.00;105.03;0.00;0.00;59.03;17.23;36.11;180.10;858.80;180.26;911.31;901.12;80.42;0.21
8015;0.00;104.99;0.00;104.99;0.00;0.00;59.01;17.22;36.11;180.09;862.70;180.24;912.21;901.81;80.42;0.23
8020;0.00;105.06;0.00;105.33;0.00;0.00;58.98;17.25;36.11;180.09;857.43;180.23;912.24;901.95;80.42;0.23
8025;0.00;105.01;0.00;104.99;0.00;0.00;59.02;17.25;36.11;180.12;854.34;180.17;909.99;901.38;80.42;0.20
8030;0.00;105.02;0.00;105.01;0.00;0.00;59.02;17.23;36.12;180.14;852.36;180.12;909.08;899.73;80.42;0.22
8035;0.00;104.63;0.00;105.95;0.00;0.00;59.01;17.25;36.12;180.15;852.48;180.11;909.18;899.74;80.42;0.23
8040;0.00;105.00;0.00;105.01;0.00;0.00;59.02;17.20;36.12;180.14;860.43;180.06;910.39;900.50;80.42;0.21
8045;0.00;104.99;0.00;105.01;0.00;0.00;59.01;17.23;36.12;180.12;863.64;180.00;912.32;901.94;80.42;0.22
8050;0.00;105.00;0.00;105.00;0.00;0.00;59.03;17.31;36.12;180.10;860.48;179.99;912.02;901.84;80.42;0.22
8055;0.00;105.03;0.00;104.99;0.00;0.00;59.01;17.23;36.12;180.09;855.76;179.97;910.89;901.09;80.42;0.20
8060;0.00;105.00;0.00;105.00;0.00;0.00;59.01;17.27;36.12;180.09;851.85;179.99;909.62;900.18;80.42;0.21
8065;0.00;105.06;0.00;105.26;0.00;0.00;59.02;17.27;36.13;180.11;853.71;180.02;909.63;900.05;80.42;0.22
8070;0.00;104.98;0.00;105.03;0.00;0.00;59.02;17.23;36.12;180.12;857.89;180.06;910.99;900.93;80.42;0.22
8075;0.00;105.01;0.00;104.99;0.00;0.00;59.01;17.22;36.12;180.14;861.97;180.11;912.09;901.72;80.42;0.22
8080;0.00;105.46;0.00;103.90;0.00;0.00;59.02;17.17;36.12;180.13;858.43;180.19;911.68;902.04;80.42;0.23
8085;0.00;105.00;0.00;105.00;0.00;0.00;59.02;17.23;36.13;180.13;854.76;180.22;910.34;900.72;80.42;0.20
8090;0.00;105.02;0.00;105.01;0.00;0.00;59.02;17.19;36.13;180.11;852.83;180.25;909.27;899.90;80.42;0.22
8095;0.00;105.02;0.00;105.01;0.00;0.00;59.04;17.30;36.13;180.05;855.25;180.27;909.09;899.70;80.42;0.23
8100;0.00;104.99;0.00;105.01;0.00;0.00;59.02;17.19;36.12;180.05;859.54;180.26;911.26;900.26;80.42;0.21
8105;0.00;105.01;0.00;105.01;0.00;0.00;59.02;17.19;36.13;180.05;863.22;180.21;911.98;901.65;80.42;0.22
8110;0.00;105.09;0.00;105.32;0.00;0.00;58.98;17.23;36.13;180.05;861.10;180.17;911.79;901.62;80.42;0.22
8115;0.00;105.03;0.00;104.98;0.00;0.00;59.01;17.27;36.14;180.06;853.84;180.11;910.71;900.92;80.42;0.20
8120;0.00;105.00;0.00;104.99;0.00;0.00;59.03;17.23;36.14;180.06;851.84;179.99;908.68;899.39;80.42;0.21
8125;0.00;104.62;0.00;105.92;0.00;0.00;58.99;17.22;36.14;180.07;853.05;179.93;909.06;899.58;80.42;0.23
8130;0.00;104.98;0.00;105.01;0.00;0.00;59.02;17.23;36.15;180.06;857.07;179.89;910.34;900.41;80.42;0.21
8135;0.00;104.96;0.00;105.01;0.00;0.00;59.01;17.22;36.15;180.06;863.33;179.83;911.55;901.25;80.42;0.22
8140;0.00;105.00;0.00;105.00;0.00;0.00;59.03;17.31;36.15;180.05;858.93;179.84;911.54;901.46;80.42;0.23
8145;0.00;105.01;0.00;104.99;0.00;0.00;59.01;17.23;36.15;180.04;854.99;179.85;910.33;900.60;80.42;0.20
8150;0.00;105.01;0.00;105.00;0.00;0.00;59.02;17.23;36.15;180.04;853.03;179.88;909.15;899.78;80.42;0.22
8155;0.00;105.03;0.00;105.33;0.00;0.00;58.99;17.23;36.16;180.04;854.47;179.97;909.64;899.48;80.42;0.23
8160;0.00;104.98;0.00;105.02;0.00;0.00;59.02;17.19;36.16;180.05;858.50;180.03;911.00;900.87;80.42;0.21
8165;0.00;105.00;0.00;104.99;0.00;0.00;59.03;17.22;36.17;180.05;862.44;180.08;911.93;901.58;80.42;0.23
8170;0.00;105.47;0.00;103.51;0.00;0.00;59.00;17.22;36.17;180.07;856.94;180.13;912.00;901.75;80.42;0.23
8175;0.00;105.02;0.00;104.99;0.00;0.00;59.01;17.22;36.17;180.06;854.14;180.21;909.85;901.21;80.42;0.20
8180;0.00;105.02;0.00;105.01;0.00;0.00;59.02;17.23;36.17;180.06;852.17;180.23;908.97;899.63;80.42;0.21
8185;0.00;105.00;0.00;104.99;0.00;0.00;59.05;17.33;36.18;180.05;852.39;180.22;909.13;899.67;80.42;0.23
8190;0.00;105.00;0.00;105.03;0.00;0.00;58.99;17.25;36.18;180.03;860.43;180.21;910.31;900.42;80.42;0.21
8195;0.00;104.97;0.00;104.99;0.00;0.00;59.01;17.22;36.18;180.03;863.41;180.13;912.12;901.77;80.42;0.22
8200;0.00;105.26;0.00;104.78;0.00;0.00;58.97;17.22;36.17;180.05;859.95;180.07;911.75;901.60;80.42;0.22
8205;0.00;105.02;0.00;104.98;0.00;0.00;59.02;17.22;36.18;180.06;855.34;180.01;910.57;900.80;80.42;0.20
8210;0.00;105.02;0.00;104.99;0.00;0.00;59.02;17.23;36.18;180.06;851.57;179.90;909.32;899.92;80.42;0.21
8215;0.00;104.52;0.00;105.92;0.00;0.00;59.01;17.19;36.18;180.06;853.65;179.85;909.46;899.86;80.42;0.22
8220;0.00;104.98;0.00;105.03;0.00;0.00;59.02;17.22;36.18;180.05;857.86;179.82;910.82;900.74;80.42;0.22
8225;0.00;104.99;0.00;105.01;0.00;0.00;59.00;17.22;36.18;180.04;861.90;179.80;911.84;901.49;80.42;0.22
8230;0.00;104.99;0.00;105.00;0.00;0.00;59.05;17.31;36.18;180.03;857.87;179.82;912.05;901.77;80.42;0.23
8235;0.00;105.02;0.00;105.00;0.00;0.00;59.01;17.23;36.18;180.03;854.35;179.85;910.00;900.43;80.42;0.20
8240;0.00;105.02;0.00;104.99;0.00;0.00;59.03;17.19;36.18;180.03;852.43;179.89;909.01;899.66;80.42;0.22
8245;0.00;104.86;0.00;105.50;0.00;0.00;58.97;17.20;36.19;180.04;851.97;179.94;908.98;899.57;80.42;0.23
8250;0.00;104.99;0.00;105.03;0.00;0.00;59.03;17.22;36.19;180.05;859.55;180.05;911.37;900.25;80.42;0.21
8255;0.00;104.99;0.00;105.00;0.00;0.00;59.01;17.23;36.19;180.05;863.17;180.10;912.11;901.74;80.42;0.22
8260;0.00;105.51;0.00;103.41;0.00;0.00;58.99;17.23;36.20;180.04;860.66;180.14;911.92;901.73;80.42;0.22
8265;0.00;105.00;0.00;104.98;0.00;0.00;59.02;17.22;36.20;180.00;853.50;180.17;910.89;901.01;80.42;0.20
8270;0.00;104.99;0.00;104.99;0.00;0.00;59.02;17.22;36.20;180.00;851.65;180.18;908.89;900.11;80.42;0.21
8275;0.00;105.02;0.00;105.16;0.00;0.00;58.99;17.27;36.20;180.01;853.10;180.15;909.32;899.81;80.42;0.22
8280;0.00;104.99;0.00;105.03;0.00;0.00;59.01;17.25;36.20;180.02;857.20;180.13;910.62;900.62;80.42;0.21
8285;0.00;104.98;0.00;105.01;0.00;0.00;59.01;17.22;36.20;180.05;862.96;180.08;911.72;901.41;80.42;0.22
8290;0.00;105.43;0.00;104.07;0.00;0.00;59.01;17.22;36.21;180.05;858.56;179.97;911.44;901.75;80.42;0.23
8295;0.00;105.02;0.00;105.01;0.00;0.00;59.02;17.22;36.21;180.04;854.61;179.92;910.15;900.53;80.42;0.20
8300;0.00;105.00;0.00;104.99;0.00;0.00;59.00;17.23;36.21;180.01;852.71;179.87;909.06;899.72;80.42;0.22
8305;0.00;105.00;0.00;104.99;0.00;0.00;59.04;17.25;36.22;180.00;854.85;179.83;908.87;899.51;80.42;0.23
8310;0.00;104.99;0.00;105.01;0.00;0.00;59.02;17.23;36.21;180.00;858.92;179.78;911.17;901.01;80.42;0.21
8315;0.00;104.99;0.00;105.01;0.00;0.00;59.02;17.19;36.22;180.00;862.75;179.79;912.02;901.66;80.42;0.23
8320;0.00;105.02;0.00;105.36;0.00;0.00;58.99;17.22;36.22;180.03;861.34;179.81;911.96;901.75;80.42;0.22
8325;0.00;105.06;0.00;104.99;0.00;0.00;59.02;17.25;36.22;180.04;853.73;179.89;911.01;901.13;80.42;0.20
8330;0.00;105.01;0.00;104.97;0.00;0.00;59.02;17.23;36.22;180.04;851.74;179.94;908.90;899.59;80.42;0.21
8335;0.00;104.68;0.00;105.89;0.00;0.00;58.99;17.22;36.22;180.03;852.62;179.99;909.24;899.76;80.42;0.23
8340;0.00;104.97;0.00;105.02;0.00;0.00;59.02;17.22;36.23;180.00;856.57;180.04;910.51;900.54;80.42;0.21
8345;0.00;105.00;0.00;104.99;0.00;0.00;58.99;17.23;36.22;179.99;863.26;180.13;911.65;901.36;80.42;0.22
8350;0.00;105.00;0.00;105.00;0.00;0.00;59.02;17.28;36.23;179.99;858.96;180.15;911.57;901.50;80.42;0.23
8355;0.00;105.02;0.00;105.01;0.00;0.00;59.02;17.22;36.24;180.01;854.94;180.17;910.30;900.65;80.42;0.20
8360;0.00;105.01;0.00;104.99;0.00;0.00;59.01;17.20;36.24;180.00;852.97;180.17;909.15;899.78;80.42;0.22
8365;0.00;105.08;0.00;105.31;0.00;0.00;58.98;17.27;36.24;180.01;854.25;180.12;909.61;899.47;80.42;0.23
8370;0.00;104.99;0.00;105.00;0.00;0.00;59.02;17.23;36.24;180.01;858.55;180.07;911.00;900.87;80.42;0.21
8375;0.00;105.02;0.00;105.01;0.00;0.00;59.01;17.20;36.25;180.02;862.25;180.02;911.93;901.58;80.42;0.23
8380;0.00;105.50;0.00;103.57;0.00;0.00;58.98;17.20;36.25;180.03;856.95;179.97;911.99;901.75;80.42;0.23
8385;0.00;105.03;0.00;104.99;0.00;0.00;59.02;17.22;36.25;180.01;853.95;179.88;909.83;901.20;80.42;0.20
8390;0.00;105.01;0.00;105.00;0.00;0.00;59.03;17.22;36.25;179.99;852.09;179.85;908.90;899.60;80.42;0.22
8395;0.00;104.97;0.00;105.00;0.00;0.00;59.02;17.28;36.25;179.99;852.15;179.81;909.03;899.61;80.42;0.23
8400;0.00;104.99;0.00;105.03;0.00;0.00;59.03;17.23;36.25;180.00;860.18;179.81;910.22;900.36;80.42;0.21
8405;0.00;105.02;0.00;105.01;0.00;0.00;59.01;17.25;36.25;180.01;863.30;179.84;912.10;901.23;80.42;0.22
8410;0.00;105.41;0.00;104.31;0.00;0.00;59.01;17.22;36.26;180.01;859.65;179.86;911.77;901.63;80.42;0.22
8415;0.00;105.02;0.00;104.99;0.00;0.00;59.01;17.22;36.25;180.01;855.31;179.90;910.64;900.85;80.42;0.20
8420;0.00;105.00;0.00;105.01;0.00;0.00;59.01;17.22;36.26;180.00;851.42;179.99;909.38;899.98;80.42;0.21
8425;0.00;104.40;0.00;105.00;0.00;0.00;59.01;17.20;36.26;180.00;853.66;180.04;909.54;899.94;80.42;0.23
8430;0.00;104.97;0.00;105.01;0.00;0.00;59.02;17.25;36.26;179.99;857.92;180.08;910.86;900.82;80.42;0.22
8435;0.00;104.99;0.00;104.99;0.00;0.00;59.01;17.23;36.27;179.99;861.73;180.09;911.93;901.59;80.42;0.22
8440;0.00;104.98;0.00;105.00;0.00;0.00;59.06;17.34;36.27;179.99;857.63;180.13;912.13;901.87;80.42;0.23
8445;0.00;105.03;0.00;104.99;0.00;0.00;59.03;17.25;36.26;180.00;854.23;180.11;910.12;900.51;80.42;0.20
8450;0.00;105.04;0.00;104.99;0.00;0.00;59.03;17.20;36.27;180.01;852.28;180.10;909.09;899.77;80.42;0.22
8455;0.00;104.91;0.00;105.46;0.00;0.00;58.98;17.20;36.27;180.00;851.83;180.07;909.06;899.66;80.42;0.23
8460;0.00;104.99;0.00;105.03;0.00;0.00;59.02;17.20;36.27;180.00;859.63;179.99;910.10;900.34;80.42;0.21
8465;0.00;104.98;0.00;105.01;0.00;0.00;59.00;17.20;36.27;179.99;863.17;179.96;912.11;901.77;80.42;0.22
8470;0.00;105.50;0.00;104.99;0.00;0.00;58.99;17.23;36.27;179.98;860.40;179.91;911.87;901.72;80.42;0.22
8475;0.00;105.01;0.00;104.97;0.00;0.00;59.01;17.25;36.27;179.97;853.47;179.88;910.79;900.99;80.42;0.20
8480;0.00;105.01;0.00;104.99;0.00;0.00;59.01;17.23;36.28;179.97;851.50;179.83;908.83;900.07;80.42;0.21
8485;0.00;105.02;0.00;105.01;0.00;0.00;59.03;17.30;36.27;179.97;853.11;179.83;909.26;899.80;80.42;0.22
8490;0.00;104.98;0.00;105.03;0.00;0.00;59.02;17.23;36.29;179.98;857.26;179.82;910.57;900.62;80.42;0.21
8495;0.00;105.02;0.00;105.00;0.00;0.00;59.05;17.20;36.28;180.01;862.96;179.84;911.71;901.42;80.42;0.22
8500;0.00;105.39;0.00;104.44;0.00;0.00;58.94;17.20;36.29;180.02;858.30;179.89;911.45;901.78;80.42;0.23
8505;0.00;105.01;0.00;104.99;0.00;0.00;58.99;17.27;36.28;180.01;854.48;179.93;910.20;900.57;80.42;0.20
8510;0.00;105.01;0.00;105.00;0.00;0.00;59.02;17.19;36.28;179.99;852.56;179.96;909.07;899.75;80.42;0.22
8515;0.00;104.99;0.00;105.01;0.00;0.00;59.03;17.23;36.29;179.94;854.64;180.01;908.86;899.53;80.42;0.23
8520;0.00;104.98;0.00;105.03;0.00;0.00;59.03;17.25;36.29;179.93;858.98;180.07;911.13;901.01;80.42;0.21
8525;0.00;105.00;0.00;105.01;0.00;0.00;59.00;17.19;36.29;179.95;862.78;180.10;911.98;901.65;80.42;0.23
8530;0.00;105.05;0.00;105.35;0.00;0.00;59.01;17.28;36.29;179.99;861.07;180.11;911.92;901.73;80.42;0.23
8535;0.00;105.00;0.00;104.99;0.00;0.00;59.03;17.22;36.29;180.00;853.69;180.10;910.94;901.12;80.42;0.20
8540;0.00;105.00;0.00;105.00;0.00;0.00;59.00;17.22;36.29;180.00;851.67;180.06;908.87;899.58;80.42;0.21
8545;0.00;104.62;0.00;106.01;0.00;0.00;59.02;17.20;36.29;179.99;852.60;180.03;909.19;899.73;80.42;0.23
8550;0.00;104.99;0.00;105.03;0.00;0.00;59.02;17.23;36.30;179.97;856.62;179.98;910.44;900.53;80.42;0.21
8555;0.00;105.01;0.00;105.00;0.00;0.00;58.98;17.23;36.30;179.96;863.22;179.89;911.65;901.38;80.42;0.22
8560;0.00;104.99;0.00;104.99;0.00;0.00;59.02;17.23;36.30;179.96;859.02;179.86;911.63;901.58;80.42;0.23
8565;0.00;105.03;0.00;105.00;0.00;0.00;59.02;17.19;36.29;179.96;854.79;179.83;910.39;900.72;80.42;0.20
8570;0.00;105.02;0.00;104.99;0.00;0.00;59.02;17.20;36.30;179.98;852.86;179.82;909.23;899.89;80.42;0.22
8575;0.00;105.09;0.00;105.28;0.00;0.00;58.99;17.22;36.30;179.98;854.08;179.82;908.91;899.59;80.42;0.23
8580;0.00;104.99;0.00;105.02;0.00;0.00;59.00;17.22;36.30;179.99;858.40;179.85;911.07;900.97;80.42;0.21
8585;0.00;105.00;0.00;105.00;0.00;0.00;59.01;17.20;36.30;179.98;862.34;179.88;911.97;901.65;80.42;0.23
8590;0.00;105.52;0.00;103.46;0.00;0.00;58.99;17.20;36.30;179.97;856.75;179.92;911.97;901.78;80.42;0.23
8595;0.00;105.03;0.00;104.99;0.00;0.00;59.01;17.23;36.30;179.96;853.87;180.00;909.75;901.19;80.42;0.20
8600;0.00;105.01;0.00;105.01;0.00;0.00;59.00;17.23;36.31;179.95;851.99;180.04;908.86;899.57;80.42;0.21
8605;0.00;105.03;0.00;105.21;0.00;0.00;59.00;17.27;36.31;179.95;852.20;180.07;909.01;899.60;80.42;0.23
8610;0.00;104.99;0.00;105.01;0.00;0.00;59.01;17.22;36.31;179.99;860.31;180.11;910.15;900.35;80.42;0.21
8615;0.00;105.01;0.00;104.99;0.00;0.00;59.02;17.20;36.31;180.00;863.26;180.12;911.97;901.19;80.42;0.22
8620;0.00;105.44;0.00;104.20;0.00;0.00;58.98;17.22;36.32;180.01;859.74;180.09;911.58;901.51;80.42;0.22
8625;0.00;105.02;0.00;104.99;0.00;0.00;59.02;17.23;36.32;180.01;855.16;180.07;910.43;900.70;80.42;0.20
8630;0.00;105.00;0.00;105.00;0.00;0.00;59.02;17.22;36.31;179.99;851.36;180.04;909.20;899.84;80.42;0.21
8635;0.00;105.01;0.00;104.99;0.00;0.00;59.09;17.30;36.32;179.97;853.76;179.94;909.48;899.91;80.42;0.23
8640;0.00;104.99;0.00;105.03;0.00;0.00;59.02;17.23;36.32;179.95;857.77;179.90;910.86;900.78;80.42;0.22
8645;0.00;105.02;0.00;104.99;0.00;0.00;59.01;17.27;36.32;179.94;861.84;179.86;911.87;901.56;80.42;0.23
8650;0.00;105.23;0.00;104.97;0.00;0.00;58.95;17.25;36.33;179.95;857.46;179.81;912.06;901.82;80.42;0.23
8655;0.00;105.04;0.00;104.99;0.00;0.00;59.02;17.23;36.33;179.96;854.17;179.80;910.00;900.43;80.42;0.20
8660;0.00;105.02;0.00;105.00;0.00;0.00;59.03;17.25;36.33;179.97;852.20;179.80;908.97;899.68;80.42;0.22
8665;0.00;104.45;0.00;106.01;0.00;0.00;59.02;17.20;36.33;179.97;851.88;179.82;908.97;899.60;80.42;0.23
8670;0.00;104.98;0.00;105.03;0.00;0.00;59.01;17.20;36.33;179.96;859.77;179.90;910.06;900.27;80.42;0.21
8675;0.00;105.00;0.00;104.99;0.00;0.00;59.01;17.20;36.33;179.96;863.22;179.93;911.97;901.67;80.42;0.22
8680;0.00;104.99;0.00;105.00;0.00;0.00;59.05;17.30;36.34;179.96;860.19;179.98;911.68;901.58;80.42;0.22
8685;0.00;105.01;0.00;104.99;0.00;0.00;59.02;17.25;36.34;179.96;855.44;180.02;910.58;900.81;80.42;0.20
8690;0.00;105.01;0.00;105.00;0.00;0.00;58.99;17.20;36.34;179.96;851.43;180.08;909.29;899.91;80.42;0.21
8695;0.00;104.90;0.00;105.48;0.00;0.00;58.97;17.23;36.35;179.95;853.20;180.10;909.19;899.69;80.42;0.23
8700;0.00;104.97;0.00;105.03;0.00;0.00;59.02;17.23;36.35;179.95;857.39;180.11;910.52;900.54;80.42;0.22
8705;0.00;105.01;0.00;105.01;0.00;0.00;59.01;17.25;36.35;179.95;862.60;180.09;911.59;901.33;80.42;0.22
8710;0.00;105.47;0.00;103.62;0.00;0.00;59.01;17.20;36.35;179.95;858.06;180.04;911.23;901.65;80.42;0.23
8715;0.00;105.03;0.00;104.98;0.00;0.00;59.01;17.22;36.35;179.95;854.34;180.00;909.97;900.35;80.42;0.20
8720;0.00;105.00;0.00;105.00;0.00;0.00;59.02;17.22;36.35;179.95;852.42;179.96;908.89;899.61;80.42;0.22
8725;0.00;105.01;0.00;104.99;0.00;0.00;59.05;17.30;36.35;179.93;854.75;179.92;908.82;899.47;80.42;0.23
8730;0.00;105.00;0.00;105.03;0.00;0.00;59.02;17.25;36.36;179.93;859.10;179.85;911.19;900.12;80.42;0.21
8735;0.00;105.01;0.00;104.99;0.00;0.00;59.01;17.23;36.36;179.94;862.86;179.82;912.01;901.68;80.42;0.23
8740;0.00;105.37;0.00;104.47;0.00;0.00;58.98;17.20;36.36;179.95;860.87;179.80;911.89;901.73;80.42;0.22
8745;0.00;105.03;0.00;104.98;0.00;0.00;58.99;17.22;36.36;179.96;853.53;179.81;910.92;901.08;80.42;0.20
8750;0.00;105.01;0.00;104.99;0.00;0.00;59.01;17.23;36.36;179.96;851.62;179.84;908.88;899.59;80.42;0.21
8755;0.00;105.02;0.00;104.99;0.00;0.00;59.02;17.23;36.36;179.96;852.72;179.88;909.24;899.77;80.42;0.23
8760;0.00;105.00;0.00;105.01;0.00;0.00;58.99;17.22;36.36;179.96;856.78;179.92;910.47;900.58;80.42;0.21
8765;0.00;104.99;0.00;105.01;0.00;0.00;59.02;17.23;36.36;179.96;863.02;180.00;911.62;901.35;80.42;0.22
8770;0.00;105.01;0.00;105.11;0.00;0.00;58.99;17.33;36.37;179.96;858.81;180.03;911.43;901.43;80.42;0.23
8775;0.00;105.01;0.00;104.99;0.00;0.00;59.02;17.22;36.37;179.96;854.68;180.05;910.19;900.55;80.42;0.20
8780;0.00;105.01;0.00;105.00;0.00;0.00;59.02;17.22;36.36;179.96;852.75;180.07;909.02;899.70;80.42;0.22
8785;0.00;104.81;0.00;105.62;0.00;0.00;58.98;17.19;36.37;179.97;854.13;180.06;908.69;899.39;80.42;0.23
8790;0.00;105.02;0.00;105.03;0.00;0.00;59.03;17.20;36.37;179.97;858.45;180.05;910.85;900.77;80.42;0.21
8795;0.00;105.01;0.00;105.01;0.00;0.00;59.02;17.22;36.38;179.96;862.37;180.01;911.75;901.45;80.42;0.23
8800;0.00;105.49;0.00;103.47;0.00;0.00;58.99;17.22;36.37;179.94;856.78;179.99;911.78;901.60;80.42;0.23
8805;0.00;105.02;0.00;104.99;0.00;0.00;59.04;17.19;36.38;179.94;853.82;179.91;909.62;901.05;80.42;0.20
8810;0.00;105.03;0.00;105.01;0.00;0.00;59.02;17.22;36.38;179.94;851.81;179.89;908.76;899.47;80.42;0.21
8815;0.00;104.43;0.00;104.98;0.00;0.00;59.02;17.20;36.38;179.95;852.19;179.86;908.94;899.52;80.42;0.23
8820;0.00;104.97;0.00;105.03;0.00;0.00;59.02;17.19;36.38;179.97;860.09;179.85;910.15;900.30;80.42;0.21
8825;0.00;104.98;0.00;104.99;0.00;0.00;58.98;17.20;36.38;179.98;863.16;179.81;911.90;901.14;80.42;0.22
8830;0.00;105.02;0.00;104.99;0.00;0.00;59.04;17.28;36.38;179.98;859.45;179.82;911.51;901.43;80.42;0.23
8835;0.00;105.03;0.00;104.98;0.00;0.00;59.02;17.22;36.39;179.97;854.97;179.83;910.32;900.63;80.42;0.20
8840;0.00;105.00;0.00;105.00;0.00;0.00;59.03;17.25;36.39;179.94;851.26;179.85;909.12;899.77;80.42;0.21
8845;0.00;104.86;0.00;105.47;0.00;0.00;58.96;17.25;36.39;179.94;853.54;179.89;909.46;899.41;80.42;0.23
8850;0.00;104.97;0.00;105.04;0.00;0.00;59.04;17.22;36.39;179.94;857.81;179.92;910.80;900.74;80.42;0.22
8855;0.00;105.00;0.00;105.01;0.00;0.00;58.99;17.23;36.39;179.95;861.84;179.96;911.80;901.49;80.42;0.23
8860;0.00;105.00;0.00;104.99;0.00;0.00;59.00;17.19;36.40;179.95;857.14;179.99;911.94;901.70;80.42;0.23
8865;0.00;105.01;0.00;104.99;0.00;0.00;59.02;17.22;36.39;179.94;853.97;180.03;909.87;900.31;80.42;0.20
8870;0.00;104.99;0.00;105.00;0.00;0.00;59.01;17.22;36.40;179.94;852.14;180.06;908.91;899.61;80.42;0.22
8875;0.00;105.00;0.00;105.04;0.00;0.00;59.03;17.28;36.40;179.94;851.81;180.05;908.96;899.58;80.42;0.23
8880;0.00;105.01;0.00;105.01;0.00;0.00;59.01;17.20;36.40;179.94;859.77;180.01;910.09;900.29;80.42;0.21
8885;0.00;105.00;0.00;105.01;0.00;0.00;59.02;17.20;36.40;179.95;863.11;179.97;911.97;901.67;80.42;0.22
8890;0.00;105.27;0.00;104.87;0.00;0.00;58.97;17.20;36.40;179.95;860.19;179.96;911.66;901.57;80.42;0.22
8895;0.00;105.03;0.00;104.99;0.00;0.00;59.02;17.22;36.40;179.95;855.41;179.92;910.55;900.79;80.42;0.20
8900;0.00;105.01;0.00;104.99;0.00;0.00;59.02;17.23;36.40;179.95;851.28;179.85;909.28;899.89;80.42;0.21
8905;0.00;104.47;0.00;105.96;0.00;0.00;58.99;17.20;36.40;179.93;853.19;179.81;909.21;899.67;80.42;0.23
8910;0.00;104.99;0.00;105.03;0.00;0.00;59.02;17.19;36.40;179.92;857.13;179.81;910.50;900.53;80.42;0.22
8915;0.00;104.99;0.00;104.99;0.00;0.00;59.02;17.20;36.41;179.91;862.56;179.81;911.57;901.29;80.42;0.22
8920;0.00;105.00;0.00;104.99;0.00;0.00;59.03;17.30;36.41;179.92;857.77;179.82;911.16;901.59;80.42;0.23
8925;0.00;105.03;0.00;105.00;0.00;0.00;59.05;17.22;36.41;179.93;854.16;179.84;909.91;900.32;80.42;0.20
8930;0.00;105.02;0.00;105.00;0.00;0.00;59.02;17.22;36.41;179.95;852.39;179.87;908.86;899.56;80.42;0.22
8935;0.00;105.10;0.00;105.28;0.00;0.00;59.01;17.27;36.41;179.97;854.76;179.91;908.77;899.42;80.42;0.23
8940;0.00;104.98;0.00;105.03;0.00;0.00;59.01;17.22;36.41;179.96;859.12;179.96;911.14;900.07;80.42;0.21
8945;0.00;105.00;0.00;105.01;0.00;0.00;59.02;17.23;36.41;179.95;862.82;179.98;911.97;901.63;80.42;0.22
8950;0.00;105.48;0.00;103.76;0.00;0.00;58.98;17.25;36.42;179.93;860.57;180.01;911.86;901.69;80.42;0.23
8955;0.00;105.03;0.00;104.98;0.00;0.00;59.02;17.22;36.42;179.91;853.48;180.02;910.86;901.02;80.42;0.20
8960;0.00;104.99;0.00;104.99;0.00;0.00;59.02;17.22;36.41;179.91;851.45;180.02;908.86;899.56;80.42;0.21
8965;0.00;105.00;0.00;105.01;0.00;0.00;59.03;17.28;36.42;179.92;852.71;180.02;909.20;899.73;80.42;0.23
8970;0.00;104.99;0.00;105.03;0.00;0.00;59.02;17.20;36.42;179.97;856.53;179.99;910.45;900.53;80.42;0.21
8975;0.00;104.98;0.00;105.00;0.00;0.00;59.01;17.22;36.43;179.98;862.97;179.95;911.57;901.31;80.42;0.22
8980;0.00;105.37;0.00;104.47;0.00;0.00;58.95;17.22;36.43;179.99;858.53;179.91;911.40;901.39;80.42;0.23
8985;0.00;105.00;0.00;104.99;0.00;0.00;59.03;17.20;36.43;179.97;854.53;179.89;910.14;900.53;80.42;0.20
8990;0.00;105.01;0.00;105.01;0.00;0.00;59.01;17.23;36.43;179.92;852.74;179.86;909.00;899.69;80.42;0.22
8995;0.00;105.00;0.00;105.01;0.00;0.00;59.01;17.25;36.43;179.90;854.20;179.82;908.73;899.41;80.42;0.23
9000;0.00;104.99;0.00;105.02;0.00;0.00;59.05;17.22;36.43;179.90;858.53;179.82;910.87;900.77;80.42;0.21
9005;0.00;104.99;0.00;105.00;0.00;0.00;59.01;17.20;36.43;179.92;862.40;179.83;911.76;901.45;80.42;0.23
9010;0.00;105.41;0.00;104.37;0.00;0.00;58.95;17.19;36.44;179.96;861.23;179.84;911.73;901.56;80.42;0.23
9015;0.00;105.03;0.00;105.00;0.00;0.00;59.03;17.25;36.44;179.97;853.68;179.87;910.82;900.95;80.42;0.20
9020;0.00;105.01;0.00;105.01;0.00;0.00;59.02;17.22;36.44;179.96;851.65;179.91;908.67;899.40;80.42;0.21
9025;0.00;104.99;0.00;105.01;0.00;0.00;59.00;17.23;36.44;179.94;852.19;179.93;908.91;899.50;80.42;0.23
9030;0.00;105.01;0.00;105.03;0.00;0.00;59.02;17.20;36.44;179.92;860.38;179.96;910.14;900.28;80.42;0.21
9035;0.00;105.00;0.00;105.01;0.00;0.00;58.99;17.23;36.45;179.93;863.06;180.00;911.91;901.13;80.42;0.22
9040;0.00;105.01;0.00;105.30;0.00;0.00;58.98;17.25;36.45;179.94;859.18;180.02;911.50;901.43;80.42;0.23
9045;0.00;105.03;0.00;105.00;0.00;0.00;59.01;17.20;36.45;179.95;854.79;180.03;910.35;900.64;80.42;0.20
9050;0.00;104.99;0.00;105.01;0.00;0.00;59.02;17.22;36.45;179.96;851.19;180.03;909.15;899.78;80.42;0.21
9055;0.00;104.79;0.00;105.56;0.00;0.00;58.97;17.20;36.45;179.96;853.60;179.99;909.49;899.43;80.42;0.23
9060;0.00;104.97;0.00;105.03;0.00;0.00;58.98;17.20;36.45;179.97;857.90;179.96;910.81;900.75;80.42;0.22
9065;0.00;104.99;0.00;105.01;0.00;0.00;59.01;17.17;36.46;179.98;861.91;179.94;911.81;901.49;80.42;0.23
9070;0.00;105.49;0.00;103.65;0.00;0.00;58.99;17.25;36.46;179.97;857.24;179.89;911.95;901.71;80.42;0.23
9075;0.00;105.04;0.00;104.99;0.00;0.00;59.00;17.20;36.47;179.95;854.01;179.85;909.88;900.32;80.42;0.20
9080;0.00;105.03;0.00;105.01;0.00;0.00;59.03;17.22;36.46;179.93;852.03;179.82;908.90;899.61;80.42;0.22
9085;0.00;105.00;0.00;105.01;0.00;0.00;59.04;17.30;36.46;179.91;851.85;179.82;908.95;899.57;80.42;0.23
9090;0.00;105.00;0.00;105.03;0.00;0.00;59.02;17.19;36.47;179.91;859.62;179.82;910.05;900.27;80.42;0.21
9095;0.00;105.01;0.00;105.01;0.00;0.00;59.02;17.23;36.46;179.94;863.05;179.84;911.98;901.69;80.42;0.22
9100;0.00;105.15;0.00;105.27;0.00;0.00;58.97;17.23;36.47;179.95;859.98;179.87;911.70;901.59;80.42;0.22
9105;0.00;105.01;0.00;104.99;0.00;0.00;58.99;17.22;36.47;179.97;855.28;179.89;910.59;900.82;80.42;0.20
9110;0.00;105.01;0.00;105.01;0.00;0.00;59.03;17.25;36.47;179.96;851.27;179.95;909.30;899.94;80.42;0.21
9115;0.00;104.43;0.00;105.01;0.00;0.00;59.00;17.22;36.47;179.95;853.07;179.97;909.27;899.76;80.42;0.23
9120;0.00;105.00;0.00;105.01;0.00;0.00;59.03;17.22;36.47;179.94;857.28;179.98;910.57;900.60;80.42;0.22
9125;0.00;105.00;0.00;105.02;0.00;0.00;59.00;17.22;36.48;179.95;861.38;180.01;911.64;901.37;80.42;0.22
9130;0.00;105.01;0.00;105.07;0.00;0.00;58.99;17.27;36.48;179.96;857.60;180.01;911.20;901.66;80.42;0.23
9135;0.00;105.02;0.00;104.99;0.00;0.00;59.01;17.22;36.48;179.97;854.24;180.00;909.93;900.35;80.42;0.20
9140;0.00;105.03;0.00;104.99;0.00;0.00;59.02;17.19;36.48;179.97;852.32;180.00;908.87;899.59;80.42;0.22
9145;0.00;104.66;0.00;105.87;0.00;0.00;58.96;17.20;36.48;179.96;854.87;179.98;908.77;899.43;80.42;0.23
9150;0.00;105.00;0.00;105.03;0.00;0.00;58.99;17.22;36.48;179.95;858.96;179.94;911.08;900.04;80.42;0.21
9155;0.00;105.01;0.00;105.01;0.00;0.00;59.02;17.22;36.48;179.95;862.69;179.92;911.86;901.55;80.42;0.22
9160;0.00;105.01;0.00;104.99;0.00;0.00;59.02;17.30;36.48;179.95;860.62;179.90;911.73;901.57;80.42;0.23
9165;0.00;105.01;0.00;104.99;0.00;0.00;59.01;17.20;36.49;179.96;853.35;179.88;910.68;900.90;80.42;0.20
9170;0.00;105.01;0.00;105.01;0.00;0.00;59.02;17.20;36.49;179.96;851.42;179.85;908.77;900.02;80.42;0.21
9175;0.00;105.06;0.00;105.19;0.00;0.00;58.99;17.25;36.49;179.95;852.56;179.84;909.20;899.72;80.42;0.23
9180;0.00;105.00;0.00;105.03;0.00;0.00;59.03;17.27;36.49;179.96;856.64;179.84;910.50;900.57;80.42;0.21
9185;0.00;104.99;0.00;105.01;0.00;0.00;59.02;17.20;36.49;179.98;862.84;179.85;911.64;901.39;80.42;0.22
9190;0.00;105.41;0.00;104.36;0.00;0.00;58.95;17.22;36.49;179.98;858.64;179.87;911.53;901.50;80.42;0.23
9195;0.00;105.02;0.00;104.99;0.00;0.00;59.01;17.22;36.49;179.98;854.57;179.89;910.27;900.64;80.42;0.20
9200;0.00;105.04;0.00;105.00;0.00;0.00;59.02;17.23;36.50;179.95;852.66;179.90;909.11;899.80;80.42;0.22
9205;0.00;105.00;0.00;104.99;0.00;0.00;59.03;17.27;36.49;179.94;854.31;179.96;908.81;899.51;80.42;0.23
9210;0.00;104.98;0.00;105.04;0.00;0.00;59.02;17.20;36.49;179.93;858.38;179.98;910.99;900.88;80.42;0.21
9215;0.00;105.00;0.00;105.01;0.00;0.00;59.02;17.19;36.50;179.94;862.28;180.00;911.84;901.55;80.42;0.23
9220;0.00;104.98;0.00;105.03;0.00;0.00;59.02;17.27;36.50;179.96;861.35;180.02;911.80;901.64;80.42;0.23
9225;0.00;105.00;0.00;104.98;0.00;0.00;59.04;17.19;36.51;179.98;853.68;180.02;910.89;901.04;80.42;0.20
9230;0.00;105.00;0.00;105.01;0.00;0.00;59.02;17.23;36.50;179.98;851.73;180.01;908.69;899.44;80.42;0.21
9235;0.00;104.64;0.00;105.89;0.00;0.00;58.99;17.20;36.51;179.97;852.08;180.00;908.85;899.48;80.42;0.23
9240;0.00;104.99;0.00;105.01;0.00;0.00;59.02;17.22;36.51;179.95;860.22;179.98;910.01;900.22;80.42;0.21
9245;0.00;105.02;0.00;105.02;0.00;0.00;58.99;17.23;36.51;179.94;862.98;179.94;911.81;901.07;80.42;0.22
9250;0.00;105.00;0.00;105.00;0.00;0.00;59.00;17.28;36.51;179.94;859.26;179.92;911.42;901.38;80.42;0.23
9255;0.00;105.02;0.00;104.99;0.00;0.00;59.00;17.23;36.51;179.94;854.82;179.89;910.29;900.59;80.42;0.20
9260;0.00;105.01;0.00;105.00;0.00;0.00;59.02;17.22;36.51;179.96;851.11;179.87;909.07;899.74;80.42;0.22
9265;0.00;105.04;0.00;105.23;0.00;0.00;59.00;17.23;36.52;179.97;853.64;179.84;909.43;899.39;80.42;0.23
9270;0.00;104.99;0.00;105.02;0.00;0.00;59.02;17.19;36.52;179.98;857.69;179.84;910.78;900.74;80.42;0.22
9275;0.00;105.01;0.00;105.00;0.00;0.00;59.02;17.20;36.52;179.98;861.74;179.85;911.82;901.50;80.42;0.23
9280;0.00;105.48;0.00;104.21;0.00;0.00;58.98;17.22;36.52;179.98;857.02;179.86;911.99;901.76;80.42;0.23
9285;0.00;105.02;0.00;104.99;0.00;0.00;59.02;17.25;36.52;179.96;854.03;179.90;909.96;900.41;80.42;0.20
9290;0.00;105.01;0.00;105.01;0.00;0.00;59.01;17.22;36.52;179.94;852.07;179.91;908.98;899.69;80.42;0.22
9295;0.00;105.01;0.00;105.01;0.00;0.00;59.04;17.28;36.53;179.93;851.74;179.93;908.99;899.62;80.42;0.23
9300;0.00;105.00;0.00;105.01;0.00;0.00;59.03;17.20;36.53;179.94;859.71;179.96;910.09;900.32;80.42;0.21
9305;0.00;104.99;0.00;105.00;0.00;0.00;59.02;17.23;36.53;179.96;862.96;179.97;911.97;901.69;80.42;0.22
9310;0.00;105.40;0.00;104.56;0.00;0.00;58.99;17.20;36.53;179.99;859.75;179.98;911.68;901.59;80.42;0.22
9315;0.00;105.03;0.00;104.98;0.00;0.00;59.02;17.22;36.53;180.01;855.15;179.98;910.56;900.83;80.42;0.20
9320;0.00;105.03;0.00;105.01;0.00;0.00;59.03;17.23;36.53;180.00;851.22;179.97;909.28;899.91;80.42;0.21
9325;0.00;104.99;0.00;105.00;0.00;0.00;59.01;17.22;36.54;179.97;853.16;179.96;909.22;899.71;80.42;0.23
9330;0.00;104.98;0.00;105.02;0.00;0.00;59.02;17.20;36.54;179.95;857.38;179.94;910.49;900.56;80.42;0.22
9335;0.00;104.99;0.00;105.00;0.00;0.00;59.01;17.23;36.54;179.93;861.46;179.93;911.55;901.30;80.42;0.22
9340;0.00;105.26;0.00;104.90;0.00;0.00;58.98;17.22;36.54;179.93;857.68;179.90;911.78;901.57;80.42;0.23
9345;0.00;105.02;0.00;104.99;0.00;0.00;59.01;17.22;36.55;179.94;854.12;179.89;909.76;900.27;80.42;0.20
9350;0.00;105.03;0.00;105.01;0.00;0.00;59.01;17.22;36.55;179.95;852.20;179.89;908.76;899.50;80.42;0.22
9355;0.00;104.45;0.00;105.93;0.00;0.00;59.02;17.20;36.55;179.97;854.97;179.89;908.70;899.37;80.42;0.23
9360;0.00;104.98;0.00;105.03;0.00;0.00;59.01;17.20;36.55;179.97;859.04;179.89;911.06;900.05;80.42;0.21
9365;0.00;105.00;0.00;104.99;0.00;0.00;59.04;17.20;36.56;179.96;862.71;179.89;911.80;901.53;80.42;0.22
9370;0.00;105.00;0.00;105.04;0.00;0.00;59.01;17.27;36.55;179.96;860.38;179.91;911.63;901.51;80.42;0.23
9375;0.00;105.03;0.00;105.00;0.00;0.00;59.04;17.25;36.55;179.95;853.24;179.91;910.57;900.82;80.42;0.20
9380;0.00;105.01;0.00;104.98;0.00;0.00;59.02;17.20;36.55;179.96;851.21;179.94;908.65;899.92;80.42;0.21
9385;0.00;104.73;0.00;105.67;0.00;0.00;58.96;17.20;36.55;179.96;852.58;179.94;909.10;899.65;80.42;0.22
9390;0.00;104.99;0.00;105.03;0.00;0.00;59.01;17.22;36.55;179.96;856.69;179.94;910.41;900.48;80.42;0.22
9395;0.00;105.00;0.00;105.00;0.00;0.00;59.00;17.25;36.56;179.97;862.62;179.94;911.54;901.29;80.42;0.22
9400;0.00;105.04;0.00;104.98;0.00;0.00;59.02;17.22;36.56;179.98;858.02;179.94;911.36;901.67;80.42;0.23
9405;0.00;105.02;0.00;104.99;0.00;0.00;59.02;17.20;36.56;179.99;854.38;179.94;910.10;900.48;80.42;0.20
9410;0.00;104.99;0.00;105.01;0.00;0.00;59.02;17.22;36.56;179.97;852.49;179.94;909.01;899.70;80.42;0.22
9415;0.00;105.01;0.00;105.01;0.00;0.00;59.02;17.28;36.56;179.95;854.36;179.93;908.79;899.47;80.42;0.23
9420;0.00;104.99;0.00;105.02;0.00;0.00;59.01;17.25;36.56;179.92;858.72;179.92;911.04;900.93;80.42;0.21
9425;0.00;104.99;0.00;105.01;0.00;0.00;59.01;17.22;36.56;179.91;862.34;179.91;911.90;901.61;80.42;0.23
9430;0.00;105.28;0.00;104.88;0.00;0.00;58.97;17.20;36.56;179.94;861.13;179.91;911.88;901.71;80.42;0.23
9435;0.00;105.04;0.00;104.99;0.00;0.00;59.01;17.25;36.56;179.95;853.58;179.90;910.97;901.11;80.42;0.20
9440;0.00;105.02;0.00;105.00;0.00;0.00;59.02;17.23;36.57;179.96;851.51;179.90;908.84;899.58;80.42;0.21
9445;0.00;104.46;0.00;105.93;0.00;0.00;58.98;17.23;36.57;179.97;852.19;179.91;909.07;899.66;80.42;0.23
9450;0.00;105.00;0.00;105.04;0.00;0.00;59.02;17.22;36.57;179.99;856.13;179.92;910.25;900.43;80.42;0.21
9455;0.00;105.00;0.00;104.99;0.00;0.00;59.01;17.22;36.57;179.99;862.97;179.92;911.43;901.21;80.42;0.22
9460;0.00;104.99;0.00;104.99;0.00;0.00;59.06;17.31;36.57;179.99;859.13;179.92;911.43;901.40;80.42;0.23
9465;0.00;105.02;0.00;104.99;0.00;0.00;59.02;17.22;36.58;179.99;854.79;179.92;910.22;900.57;80.42;0.20
9470;0.00;105.01;0.00;104.99;0.00;0.00;59.02;17.22;36.57;179.96;851.13;179.93;908.99;899.69;80.42;0.22
9475;0.00;105.11;0.00;105.28;0.00;0.00;58.98;17.27;36.58;179.96;853.77;179.95;909.29;899.32;80.42;0.23
9480;0.00;105.01;0.00;105.00;0.00;0.00;59.00;17.25;36.58;179.97;858.06;179.96;910.61;900.62;80.42;0.21
9485;0.00;105.00;0.00;105.00;0.00;0.00;59.03;17.22;36.57;179.98;861.79;179.96;911.56;901.30;80.42;0.23
9490;0.00;105.47;0.00;104.19;0.00;0.00;59.00;17.20;36.58;180.00;856.75;179.96;911.65;901.49;80.42;0.23
9495;0.00;105.04;0.00;104.99;0.00;0.00;59.00;17.22;36.58;180.00;853.72;179.96;909.54;900.99;80.42;0.20
9500;0.00;105.03;0.00;104.99;0.00;0.00;59.03;17.25;36.58;179.97;851.70;179.96;908.65;899.40;80.42;0.22
9505;0.00;104.99;0.00;105.01;0.00;0.00;59.05;17.30;36.58;179.95;851.66;179.96;908.77;899.41;80.42;0.23
9510;0.00;104.99;0.00;105.02;0.00;0.00;59.02;17.23;36.59;179.95;859.70;179.95;909.93;900.18;80.42;0.21
9515;0.00;105.02;0.00;105.02;0.00;0.00;58.99;17.23;36.59;179.95;862.92;179.94;911.92;901.63;80.42;0.22
9520;0.00;105.33;0.00;104.71;0.00;0.00;58.96;17.19;36.59;179.96;859.46;179.93;911.65;901.56;80.42;0.22
9525;0.00;105.01;0.00;104.99;0.00;0.00;59.02;17.23;36.59;179.97;855.15;179.92;910.57;900.83;80.42;0.20
9530;0.00;105.02;0.00;104.99;0.00;0.00;59.01;17.23;36.59;179.97;851.14;179.91;909.34;899.97;80.42;0.21
9535;0.00;104.48;0.00;105.96;0.00;0.00;59.01;17.22;36.60;179.97;853.25;179.91;909.42;899.89;80.42;0.23
9540;0.00;104.99;0.00;105.03;0.00;0.00;59.02;17.22;36.59;179.98;857.51;179.92;910.71;900.73;80.42;0.22
9545;0.00;105.00;0.00;105.01;0.00;0.00;59.03;17.17;36.60;179.97;861.34;179.93;911.74;901.47;80.42;0.23
9550;0.00;105.02;0.00;105.00;0.00;0.00;59.05;17.27;36.61;179.96;857.53;179.95;911.93;901.72;80.42;0.23
9555;0.00;105.01;0.00;104.99;0.00;0.00;59.02;17.22;36.60;179.96;854.11;179.95;909.90;900.37;80.42;0.20
9560;0.00;105.01;0.00;104.99;0.00;0.00;59.02;17.20;36.61;179.95;852.32;179.98;908.84;899.58;80.42;0.22
9565;0.00;104.98;0.00;105.00;0.00;0.00;59.03;17.28;36.61;179.95;851.47;179.99;908.72;899.42;80.42;0.23
9570;0.00;104.98;0.00;105.03;0.00;0.00;59.01;17.22;36.61;179.96;859.20;179.99;910.98;900.05;80.42;0.21
9575;0.00;104.99;0.00;105.01;0.00;0.00;59.02;17.22;36.61;179.98;862.79;179.99;911.69;901.45;80.42;0.22
9580;0.00;105.37;0.00;104.66;0.00;0.00;58.96;17.19;36.61;180.00;860.52;179.98;911.51;901.42;80.42;0.23
9585;0.00;105.02;0.00;105.00;0.00;0.00;59.01;17.20;36.62;180.00;853.31;179.97;910.51;900.73;80.42;0.20
9590;0.00;105.01;0.00;105.00;0.00;0.00;59.01;17.25;36.62;179.98;851.25;179.94;908.49;899.81;80.42;0.21
9595;0.00;105.02;0.00;104.99;0.00;0.00;59.02;17.20;36.61;179.96;852.68;179.93;908.90;899.47;80.42;0.22
9600;0.00;104.98;0.00;105.02;0.00;0.00;59.00;17.20;36.62;179.94;856.54;179.92;910.17;900.31;80.42;0.21
9605;0.00;104.98;0.00;105.01;0.00;0.00;59.02;17.22;36.62;179.93;862.66;179.91;911.34;901.10;80.42;0.22
9610;0.00;105.08;0.00;105.26;0.00;0.00;58.98;17.23;36.62;179.95;858.15;179.91;911.17;901.20;80.42;0.23
9615;0.00;105.03;0.00;104.99;0.00;0.00;59.02;17.22;36.62;179.97;854.30;179.91;909.94;900.36;80.42;0.20
9620;0.00;105.00;0.00;104.99;0.00;0.00;59.02;17.20;36.62;180.01;852.54;179.94;908.86;899.56;80.42;0.22
9625;0.00;104.56;0.00;105.93;0.00;0.00;59.01;17.23;36.62;180.01;854.21;179.96;908.65;899.35;80.42;0.23
9630;0.00;104.94;0.00;105.01;0.00;0.00;59.02;17.22;36.62;180.00;858.56;179.97;910.93;900.84;80.42;0.21
9635;0.00;105.00;0.00;105.01;0.00;0.00;59.00;17.20;36.63;179.98;862.39;179.98;911.78;901.50;80.42;0.23
9640;0.00;105.00;0.00;105.00;0.00;0.00;59.00;17.20;36.63;179.95;860.90;179.99;911.74;901.59;80.42;0.23
9645;0.00;105.00;0.00;104.99;0.00;0.00;59.01;17.19;36.63;179.96;853.64;180.00;910.80;900.99;80.42;0.20
9650;0.00;105.00;0.00;105.01;0.00;0.00;59.02;17.22;36.63;179.97;851.55;180.01;908.69;899.44;80.42;0.21
9655;0.00;105.00;0.00;104.99;0.00;0.00;59.03;17.30;36.63;179.98;852.25;180.00;908.92;899.53;80.42;0.23
9660;0.00;105.02;0.00;105.01;0.00;0.00;59.03;17.23;36.64;179.99;856.23;180.00;910.12;900.31;80.42;0.21
9665;0.00;105.00;0.00;105.01;0.00;0.00;59.01;17.22;36.64;179.98;862.91;179.98;911.28;901.10;80.42;0.22
9670;0.00;105.23;0.00;105.00;0.00;0.00;58.98;17.20;36.64;179.96;858.87;179.96;911.26;901.27;80.42;0.23
9675;0.00;105.02;0.00;104.99;0.00;0.00;59.01;17.23;36.64;179.94;854.63;179.94;910.07;900.42;80.42;0.20
9680;0.00;105.02;0.00;104.99;0.00;0.00;59.02;17.25;36.64;179.93;851.09;179.93;908.90;899.59;80.42;0.22
9685;0.00;104.43;0.00;105.00;0.00;0.00;59.01;17.22;36.64;179.96;853.60;179.90;909.30;899.26;80.42;0.23
9690;0.00;104.97;0.00;105.03;0.00;0.00;59.00;17.22;36.64;179.98;857.90;179.90;910.64;900.63;80.42;0.21
9695;0.00;105.00;0.00;105.01;0.00;0.00;59.03;17.22;36.64;180.00;861.88;179.90;911.62;901.35;80.42;0.23
9700;0.00;104.99;0.00;105.00;0.00;0.00;59.02;17.27;36.64;180.01;856.58;179.90;911.74;901.56;80.42;0.23
9705;0.00;105.02;0.00;104.99;0.00;0.00;59.01;17.23;36.64;180.00;853.79;179.91;909.67;901.07;80.42;0.20
9710;0.00;105.02;0.00;105.01;0.00;0.00;59.02;17.20;36.64;179.98;851.80;179.94;908.77;899.51;80.42;0.22
9715;0.00;104.79;0.00;105.62;0.00;0.00;58.97;17.20;36.64;179.96;851.80;179.96;908.91;899.53;80.42;0.23
9720;0.00;105.00;0.00;105.01;0.00;0.00;59.04;17.20;36.64;179.96;859.89;179.96;910.08;900.31;80.42;0.21
9725;0.00;104.99;0.00;105.01;0.00;0.00;59.01;17.20;36.64;179.98;862.95;179.99;911.94;901.16;80.42;0.22
9730;0.00;105.47;0.00;103.91;0.00;0.00;58.99;17.20;36.65;179.98;859.61;180.00;911.59;901.53;80.42;0.22
9735;0.00;105.04;0.00;104.98;0.00;0.00;59.01;17.22;36.65;179.98;855.07;180.02;910.46;900.75;80.42;0.20
9740;0.00;105.02;0.00;105.01;0.00;0.00;59.02;17.19;36.65;179.98;851.14;180.02;909.21;899.88;80.42;0.21
9745;0.00;105.01;0.00;105.00;0.00;0.00;59.02;17.22;36.65;179.98;853.14;180.02;909.33;899.81;80.42;0.23
9750;0.00;104.98;0.00;105.01;0.00;0.00;59.02;17.23;36.65;179.99;857.37;180.00;910.64;900.67;80.42;0.22
9755;0.00;105.00;0.00;105.00;0.00;0.00;59.02;17.22;36.65;179.99;861.44;179.99;911.67;901.42;80.42;0.23
9760;0.00;105.12;0.00;105.20;0.00;0.00;58.99;17.20;36.64;179.98;857.34;179.98;911.87;901.66;80.42;0.23
9765;0.00;105.02;0.00;105.01;0.00;0.00;59.01;17.20;36.65;179.96;854.03;179.97;909.80;900.28;80.42;0.20
9770;0.00;105.03;0.00;105.01;0.00;0.00;59.02;17.22;36.65;179.95;852.22;179.95;908.81;899.54;80.42;0.22
9775;0.00;104.60;0.00;105.91;0.00;0.00;59.02;17.23;36.66;179.98;851.52;179.94;908.76;899.44;80.42;0.23
9780;0.00;104.97;0.00;105.01;0.00;0.00;59.03;17.22;36.66;180.01;859.33;179.93;909.80;900.09;80.42;0.21
9785;0.00;105.00;0.00;105.01;0.00;0.00;59.02;17.22;36.66;180.03;862.83;179.92;911.75;901.49;80.42;0.22
9790;0.00;104.98;0.00;105.00;0.00;0.00;59.05;17.30;36.67;180.03;860.00;179.94;911.50;901.43;80.42;0.23
9795;0.00;105.01;0.00;104.99;0.00;0.00;59.02;17.19;36.66;179.99;853.25;179.93;910.40;900.69;80.42;0.20
9800;0.00;105.02;0.00;105.00;0.00;0.00;59.02;17.22;36.66;179.95;851.22;179.94;908.52;899.79;80.42;0.21
9805;0.00;105.10;0.00;105.31;0.00;0.00;59.00;17.25;36.66;179.93;852.82;179.96;909.00;899.57;80.42;0.23
9810;0.00;104.98;0.00;105.01;0.00;0.00;59.02;17.22;36.67;179.94;856.98;179.98;910.32;900.41;80.42;0.22
9815;0.00;105.01;0.00;105.00;0.00;0.00;59.00;17.20;36.67;180.01;862.59;180.00;911.44;901.20;80.42;0.22
9820;0.00;105.48;0.00;104.11;0.00;0.00;59.00;17.23;36.67;180.03;858.00;180.01;911.18;901.55;80.42;0.23
9825;0.00;105.02;0.00;104.99;0.00;0.00;59.04;17.25;36.67;180.03;854.28;180.01;909.95;900.36;80.42;0.20
9830;0.00;105.02;0.00;105.01;0.00;0.00;59.01;17.22;36.68;180.01;852.52;180.02;908.83;899.56;80.42;0.22
9835;0.00;105.00;0.00;105.00;0.00;0.00;59.05;17.28;36.67;179.97;854.37;180.01;908.64;899.34;80.42;0.23
9840;0.00;104.98;0.00;105.03;0.00;0.00;59.01;17.23;36.68;179.97;858.71;179.99;910.88;900.79;80.42;0.21
9845;0.00;104.99;0.00;105.01;0.00;0.00;59.00;17.25;36.68;179.97;862.49;179.97;911.72;901.45;80.42;0.23
9850;0.00;105.34;0.00;104.74;0.00;0.00;58.98;17.20;36.68;180.00;861.01;179.96;911.67;901.53;80.42;0.23
9855;0.00;105.04;0.00;104.98;0.00;0.00;59.02;17.20;36.68;180.01;853.52;179.94;910.73;900.92;80.42;0.20
9860;0.00;105.00;0.00;105.01;0.00;0.00;59.01;17.25;36.68;180.01;851.43;179.92;908.63;899.40;80.42;0.21
9865;0.00;104.41;0.00;105.92;0.00;0.00;59.01;17.22;36.68;179.99;852.32;179.91;908.93;899.52;80.42;0.23
9870;0.00;104.96;0.00;105.04;0.00;0.00;59.02;17.22;36.69;179.97;856.06;179.91;910.15;900.32;80.42;0.21
9875;0.00;105.00;0.00;104.99;0.00;0.00;59.02;17.20;36.69;179.96;862.83;179.92;911.32;901.13;80.42;0.22
9880;0.00;105.00;0.00;105.00;0.00;0.00;59.05;17.31;36.70;179.98;858.66;179.93;911.33;901.34;80.42;0.23
9885;0.00;105.01;0.00;104.99;0.00;0.00;59.03;17.17;36.70;180.00;854.55;179.95;910.14;900.51;80.42;0.20
9890;0.00;105.01;0.00;105.01;0.00;0.00;59.05;17.22;36.70;180.01;852.64;179.96;908.98;899.68;80.42;0.22
9895;0.00;104.99;0.00;105.01;0.00;0.00;59.02;17.28;36.69;180.00;853.74;179.99;908.63;899.38;80.42;0.23
9900;0.00;105.00;0.00;105.03;0.00;0.00;59.02;17.22;36.69;179.98;858.06;180.00;910.80;900.76;80.42;0.21
9905;0.00;104.99;0.00;105.01;0.00;0.00;59.02;17.22;36.70;179.97;862.00;180.01;911.76;901.49;80.42;0.23
9910;0.00;105.38;0.00;104.64;0.00;0.00;58.94;17.17;36.70;179.96;856.74;180.02;911.85;901.68;80.42;0.23
9915;0.00;105.03;0.00;104.98;0.00;0.00;59.01;17.20;36.70;179.99;853.78;180.02;909.74;901.16;80.42;0.20
9920;0.00;105.02;0.00;104.99;0.00;0.00;59.02;17.23;36.70;180.00;851.76;180.02;908.85;899.60;80.42;0.21
9925;0.00;104.42;0.00;105.94;0.00;0.00;59.01;17.22;36.71;180.02;851.92;180.01;908.98;899.62;80.42;0.23
9930;0.00;104.91;3.83;105.03;0.00;0.00;58.99;17.12;36.71;180.02;859.80;180.00;910.15;900.37;80.42;0.21
9935;0.00;104.94;0.00;104.99;0.00;0.00;59.01;17.19;36.71;180.01;862.99;179.97;912.00;901.21;80.42;0.22
9940;0.00;104.99;0.00;104.99;0.00;0.00;59.06;17.30;36.71;179.99;859.70;179.96;911.67;901.61;80.42;0.22
9945;0.00;105.01;0.00;104.99;0.00;0.00;59.02;17.23;36.72;179.95;855.39;179.95;910.51;900.84;80.42;0.20
9950;0.00;105.02;0.00;105.01;0.00;0.00;59.00;17.22;36.72;179.95;851.21;179.94;909.20;899.85;80.42;0.21
9955;0.00;104.91;0.00;105.49;0.00;0.00;58.97;17.19;36.71;179.97;853.31;179.94;908.88;899.48;80.42;0.23
9960;0.00;104.98;0.00;105.03;0.00;0.00;59.01;17.20;36.71;179.99;857.50;179.94;910.02;900.20;80.42;0.22
9965;0.00;105.00;0.00;105.00;0.00;0.00;59.02;17.25;36.72;180.01;861.50;179.94;910.96;900.82;80.42;0.23
9970;0.00;105.45;0.00;104.49;0.00;0.00;58.99;17.22;36.72;180.01;857.28;179.96;911.11;901.02;80.42;0.23
9975;0.00;105.02;0.00;104.98;0.00;0.00;59.02;17.22;36.72;180.00;853.85;179.97;909.05;899.64;80.42;0.20
9980;0.00;105.02;0.00;104.99;0.00;0.00;59.01;17.22;36.73;179.99;851.89;179.99;908.13;898.94;80.42;0.22
9985;0.00;105.00;0.00;105.01;0.00;0.00;59.07;17.30;36.73;179.97;851.35;180.00;908.20;898.91;80.42;0.23
9990;0.00;104.99;0.00;105.01;0.00;0.00;59.02;17.20;36.73;179.97;858.99;180.02;909.35;899.67;80.43;0.21
9995;0.00;105.00;0.00;105.00;0.00;0.00;59.02;17.22;36.73;179.97;862.58;180.03;911.62;901.34;80.42;0.22
10000;0.00;105.11;0.00;105.21;0.00;0.00;58.98;17.23;36.73;179.98;859.97;180.03;911.52;901.40;80.42;0.23
10005;0.00;105.04;0.00;105.01;0.00;0.00;59.02;17.22;36.74;179.99;853.10;180.03;910.53;900.76;80.42;0.20
10010;0.00;105.00;0.00;105.01;0.00;0.00;59.01;17.23;36.74;180.00;851.18;180.02;908.79;899.96;80.42;0.21
10015;0.00;104.67;0.00;105.81;0.00;0.00;59.01;17.22;36.74;180.01;852.69;180.01;909.32;899.83;80.42;0.23
10020;0.00;104.98;0.00;105.03;0.00;0.00;59.01;17.19;36.74;180.02;856.86;180.01;910.70;900.73;80.42;0.22
10025;0.00;104.99;0.00;105.01;0.00;0.00;59.02;17.23;36.74;180.01;862.52;180.00;911.83;901.55;80.42;0.22
10030;0.00;105.01;0.00;105.01;0.00;0.00;59.02;17.20;36.74;179.99;858.22;179.97;911.63;901.94;80.42;0.23
10035;0.00;105.01;0.00;104.99;0.00;0.00;59.03;17.22;36.74;179.98;854.47;179.96;910.37;900.75;80.42;0.20
10040;0.00;104.99;0.00;105.01;0.00;0.00;59.02;17.23;36.74;179.96;852.60;179.95;909.23;899.91;80.42;0.22
10045;0.00;105.02;0.00;104.99;0.00;0.00;59.02;17.28;36.75;179.97;854.64;179.94;908.93;899.64;80.42;0.23
10050;0.00;104.99;0.00;105.02;0.00;0.00;59.00;17.23;36.75;179.98;858.69;179.93;911.01;900.97;80.42;0.21
10055;0.00;105.00;0.00;105.00;0.00;0.00;59.01;17.25;36.75;180.01;862.49;179.93;911.77;901.54;80.42;0.23
10060;0.00;105.38;0.00;104.68;0.00;0.00;58.93;17.19;36.75;180.02;860.92;179.94;911.65;901.56;80.42;0.23
10065;0.00;105.05;0.00;104.99;0.00;0.00;58.99;17.20;36.74;180.02;853.54;179.96;910.64;900.90;80.42;0.20
10070;0.00;105.01;0.00;104.99;0.00;0.00;59.02;17.23;36.75;180.00;851.42;179.97;908.49;899.29;80.42;0.21
10075;0.00;104.44;0.00;106.05;0.00;0.00;59.02;17.22;36.75;179.99;852.26;179.99;908.73;899.38;80.42;0.23
10080;0.00;104.99;0.00;105.04;0.00;0.00;59.02;17.20;36.75;179.98;856.21;180.00;909.95;900.16;80.42;0.21
10085;0.00;105.00;0.00;105.01;0.00;0.00;59.00;17.22;36.75;179.98;862.72;180.03;911.12;900.96;80.42;0.22
10090;0.00;105.01;0.00;104.99;0.00;0.00;59.03;17.31;36.75;179.99;858.44;180.04;911.06;901.10;80.42;0.23
10095;0.00;105.03;0.00;104.97;0.00;0.00;59.02;17.22;36.75;179.99;854.58;180.05;909.91;900.31;80.42;0.20
10100;0.00;105.00;0.00;104.99;0.00;0.00;59.03;17.22;36.76;180.02;852.67;180.04;908.76;899.49;80.42;0.22
10105;0.00;105.08;0.00;105.29;0.00;0.00;58.98;17.25;36.76;180.04;853.89;180.04;908.50;899.26;80.42;0.23
10110;0.00;105.00;0.00;105.03;0.00;0.00;59.01;17.23;36.76;180.05;858.21;180.03;910.79;900.75;80.42;0.21
10115;0.00;105.01;0.00;104.99;0.00;0.00;59.00;17.22;36.75;180.04;861.91;180.02;911.80;901.50;80.42;0.23
10120;0.00;105.47;0.00;104.07;0.00;0.00;58.98;17.16;36.76;179.99;856.61;180.00;911.90;901.70;80.42;0.23
10125;0.00;105.02;0.00;104.98;0.00;0.00;59.03;17.22;36.75;179.95;853.77;179.97;909.82;901.18;80.43;0.20
10130;0.00;105.03;0.00;105.00;0.00;0.00;59.02;17.22;36.76;179.95;851.73;179.97;908.89;899.63;80.42;0.21
10135;0.00;105.01;0.00;104.98;0.00;0.00;59.06;17.27;36.76;179.97;851.89;179.95;909.02;899.66;80.42;0.23
10140;0.00;104.97;0.00;105.03;0.00;0.00;58.99;17.25;36.76;180.03;859.96;179.95;910.19;900.41;80.42;0.21
10145;0.00;105.01;0.00;105.02;0.00;0.00;59.02;17.23;36.76;180.05;862.97;179.96;911.93;901.21;80.42;0.22
10150;0.00;105.03;0.00;105.21;0.00;0.00;58.99;17.25;36.76;180.06;859.30;179.98;911.57;901.52;80.42;0.22
10155;0.00;105.02;0.00;104.97;0.00;0.00;59.01;17.20;36.76;180.05;855.12;179.98;910.41;900.75;80.42;0.20
10160;0.00;105.00;0.00;105.01;0.00;0.00;59.02;17.20;36.76;179.99;851.20;180.00;909.18;899.84;80.42;0.21
10165;0.00;104.68;0.00;105.79;0.00;0.00;58.95;17.22;36.77;179.97;853.44;180.03;909.30;899.83;80.42;0.23
10170;0.00;105.01;0.00;105.03;0.00;0.00;59.02;17.20;36.77;179.97;857.70;180.02;910.62;900.65;80.43;0.22
10175;0.00;104.99;0.00;105.00;0.00;0.00;59.02;17.22;36.77;180.00;861.48;180.04;911.61;901.38;80.42;0.23
10180;0.00;104.99;0.00;105.01;0.00;0.00;58.99;17.23;36.77;180.01;857.33;180.04;911.78;901.62;80.42;0.23
10185;0.00;105.03;0.00;104.99;0.00;0.00;59.02;17.20;36.77;180.03;854.08;180.02;909.73;900.24;80.42;0.20
10190;0.00;105.03;0.00;104.99;0.00;0.00;59.02;17.22;36.77;180.04;852.11;180.01;908.71;899.48;80.43;0.22
10195;0.00;105.00;0.00;105.36;0.00;0.00;58.95;17.20;36.78;180.04;851.55;180.01;908.63;899.35;80.42;0.23
10200;0.00;104.97;0.00;105.02;0.00;0.00;59.02;17.22;36.78;180.03;859.35;179.98;909.63;900.01;80.42;0.21
10205;0.00;104.97;0.00;105.00;0.00;0.00;59.02;17.20;36.78;180.01;862.82;179.97;911.62;901.38;80.43;0.22
10210;0.00;105.47;0.00;104.36;0.00;0.00;59.00;17.22;36.78;179.99;860.27;179.96;911.39;901.34;80.42;0.23
10215;0.00;105.03;0.00;104.98;0.00;0.00;59.02;17.23;36.78;179.98;853.28;179.95;910.34;900.64;80.43;0.20
10220;0.00;105.01;0.00;105.01;0.00;0.00;58.99;17.25;36.79;179.99;851.22;179.98;908.47;899.74;80.43;0.21
10225;0.00;104.99;0.00;104.97;0.00;0.00;59.02;17.27;36.78;180.01;852.84;179.99;908.98;899.55;80.42;0.23
10230;0.00;105.00;0.00;105.02;0.00;0.00;59.02;17.20;36.79;180.03;856.73;180.00;910.32;900.43;80.42;0.22
10235;0.00;105.00;0.00;104.99;0.00;0.00;59.01;17.20;36.79;180.03;862.52;180.02;911.49;901.25;80.42;0.22
10240;0.00;105.02;0.00;105.28;0.00;0.00;59.01;17.23;36.79;180.03;857.96;180.04;911.28;901.63;80.42;0.23
10245;0.00;105.04;0.00;105.00;0.00;0.00;59.02;17.20;36.79;180.03;854.31;180.07;910.08;900.47;80.43;0.20
10250;0.00;105.03;0.00;105.01;0.00;0.00;58.99;17.22;36.79;180.02;852.57;180.07;908.98;899.69;80.42;0.22
10255;0.00;104.66;0.00;105.86;0.00;0.00;59.00;17.25;36.80;180.01;854.47;180.07;908.80;899.51;80.43;0.23
10260;0.00;104.98;0.00;105.03;0.00;0.00;59.05;17.22;36.79;180.01;858.81;180.06;911.09;900.13;80.43;0.21
10265;0.00;105.00;0.00;105.01;0.00;0.00;59.01;17.22;36.79;180.02;862.57;180.05;911.89;901.63;80.43;0.23
10270;0.00;105.50;0.00;104.99;0.00;0.00;59.01;17.22;36.79;180.04;860.74;180.03;911.80;901.69;80.42;0.23
10275;0.00;105.01;0.00;104.99;0.00;0.00;59.01;17.20;36.79;180.04;853.66;180.01;910.84;901.06;80.42;0.20
10280;0.00;105.00;0.00;105.00;0.00;0.00;59.03;17.19;36.79;180.03;851.56;179.98;908.73;899.51;80.42;0.21
10285;0.00;105.01;0.00;105.00;0.00;0.00;59.03;17.28;36.80;180.03;852.47;179.96;908.99;899.63;80.43;0.23
10290;0.00;105.00;0.00;105.01;0.00;0.00;59.02;17.20;36.80;180.02;856.48;179.96;910.17;900.39;80.43;0.21
10295;0.00;105.00;0.00;105.01;0.00;0.00;59.01;17.22;36.80;180.01;862.86;179.95;911.32;901.14;80.43;0.22
10300;0.00;105.37;0.00;104.67;0.00;0.00;58.93;17.22;36.80;179.99;858.69;179.95;911.18;901.23;80.42;0.23
10305;0.00;105.03;0.00;105.00;0.00;0.00;59.01;17.23;36.80;180.00;854.62;179.97;909.96;900.39;80.43;0.20
10310;0.00;105.02;0.00;104.99;0.00;0.00;59.03;17.27;36.81;180.00;852.72;179.98;908.80;899.54;80.43;0.22
10315;0.00;104.99;0.00;104.99;0.00;0.00;59.01;17.17;36.81;180.01;853.83;180.02;908.48;899.25;80.42;0.23
10320;0.00;104.96;0.00;105.02;0.00;0.00;59.03;17.22;36.80;180.03;858.13;180.04;910.70;900.66;80.42;0.21
10325;0.00;105.00;0.00;105.01;0.00;0.00;59.02;17.22;36.81;180.03;862.05;180.05;911.65;901.39;80.42;0.23
10330;0.00;104.99;0.00;104.99;0.00;0.00;59.05;17.30;36.81;180.02;856.73;180.05;911.73;901.57;80.43;0.23
10335;0.00;105.02;0.00;105.00;0.00;0.00;59.03;17.23;36.81;180.01;853.82;180.07;909.64;901.06;80.43;0.20
10340;0.00;105.01;0.00;105.00;0.00;0.00;59.03;17.22;36.82;180.00;851.80;180.05;908.79;899.54;80.43;0.21
10345;0.00;104.68;0.00;105.80;0.00;0.00;59.01;17.17;36.82;179.99;851.99;180.05;908.98;899.61;80.43;0.23
10350;0.00;104.97;0.00;105.03;0.00;0.00;59.01;17.22;36.82;180.03;860.11;180.04;910.21;900.41;80.42;0.21
10355;0.00;104.99;0.00;105.00;0.00;0.00;59.01;17.23;36.82;180.04;862.98;180.02;912.01;901.26;80.43;0.22
10360;0.00;104.97;0.00;105.02;0.00;0.00;59.02;17.28;36.82;180.05;859.47;180.01;911.66;901.61;80.42;0.23
10365;0.00;105.04;0.00;104.99;0.00;0.00;59.02;17.22;36.82;180.04;855.07;180.00;910.49;900.84;80.42;0.20
10370;0.00;105.00;0.00;104.99;0.00;0.00;59.01;17.23;36.83;180.01;851.26;179.98;909.28;899.95;80.42;0.22
10375;0.00;105.08;0.00;105.30;0.00;0.00;59.01;17.27;36.83;180.01;853.65;179.96;909.43;899.54;80.43;0.23
10380;0.00;104.98;0.00;105.03;0.00;0.00;59.01;17.22;36.83;180.03;857.64;179.96;910.70;900.76;80.42;0.22
10385;0.00;105.02;0.00;105.00;0.00;0.00;59.01;17.20;36.83;180.04;861.66;179.99;911.68;901.45;80.42;0.23
10390;0.00;105.48;0.00;104.03;0.00;0.00;59.01;17.22;36.83;180.04;857.21;179.98;911.82;901.66;80.42;0.23
10395;0.00;105.03;0.00;104.98;0.00;0.00;59.01;17.20;36.83;180.03;854.06;180.00;909.74;900.26;80.42;0.20
10400;0.00;105.02;0.00;105.01;0.00;0.00;59.05;17.23;36.84;180.02;852.22;180.00;908.70;899.49;80.43;0.22
10405;0.00;104.45;0.00;105.92;0.00;0.00;59.02;17.20;36.83;180.00;851.66;180.03;908.65;899.37;80.42;0.23
10410;0.00;105.00;0.00;105.02;0.00;0.00;59.02;17.22;36.83;180.01;859.50;180.05;909.71;900.05;80.42;0.21
10415;0.00;104.99;0.00;104.99;0.00;0.00;58.99;17.23;36.84;180.02;862.86;180.07;911.66;901.43;80.42;0.22
10420;0.00;104.98;0.00;105.01;0.00;0.00;59.01;17.28;36.83;180.03;860.08;180.06;911.42;901.38;80.43;0.23
10425;0.00;105.04;0.00;104.99;0.00;0.00;59.04;17.20;36.84;180.01;855.40;180.08;910.34;900.65;80.42;0.20
10430;0.00;105.00;0.00;104.99;0.00;0.00;59.00;17.19;36.84;180.00;851.20;180.06;909.10;899.79;80.42;0.21
10435;0.00;104.78;0.00;105.64;0.00;0.00;58.96;17.20;36.83;179.99;852.99;180.05;908.55;899.33;80.43;0.23
10440;0.00;104.99;0.00;105.01;0.00;0.00;59.02;17.23;36.83;180.00;858.53;180.03;910.88;900.83;80.42;0.21
10445;0.00;105.00;0.00;105.01;0.00;0.00;58.99;17.20;36.84;180.01;862.15;180.02;911.79;901.53;80.43;0.23
10450;0.00;105.50;0.00;103.72;0.00;0.00;58.98;17.22;36.84;180.03;861.20;180.01;911.79;901.65;80.42;0.23
10455;0.00;105.01;0.00;105.00;0.00;0.00;59.01;17.22;36.84;180.04;853.70;179.98;910.89;901.07;80.42;0.20
10460;0.00;105.00;0.00;105.00;0.00;0.00;59.02;17.23;36.85;180.03;851.63;179.98;908.75;899.54;80.42;0.21
10465;0.00;105.01;0.00;104.99;0.00;0.00;59.01;17.30;36.85;180.03;852.08;179.97;908.96;899.61;80.43;0.23
10470;0.00;105.00;0.00;105.01;0.00;0.00;59.00;17.20;36.85;180.03;855.95;179.98;910.16;900.38;80.43;0.21
10475;0.00;104.99;0.00;105.01;0.00;0.00;59.01;17.27;36.85;180.02;862.91;180.00;911.90;901.20;80.43;0.22
10480;0.00;105.22;0.00;105.07;0.00;0.00;58.98;17.22;36.85;180.02;858.96;180.01;911.49;901.47;80.43;0.23
10485;0.00;105.04;0.00;104.99;0.00;0.00;59.03;17.22;36.86;180.02;854.79;180.03;910.29;900.68;80.43;0.20
10490;0.00;105.02;0.00;105.01;0.00;0.00;59.02;17.20;36.86;180.00;851.21;180.04;909.13;899.81;80.43;0.22
10495;0.00;104.41;0.00;105.00;0.00;0.00;59.00;17.22;36.85;179.99;853.70;180.05;909.42;899.47;80.42;0.23
10500;0.00;104.99;0.00;105.03;0.00;0.00;59.04;17.20;36.86;179.99;857.97;180.06;910.76;900.78;80.43;0.21
10505;0.00;105.01;0.00;104.99;0.00;0.00;59.03;17.20;36.85;180.00;861.92;180.06;911.73;901.49;80.43;0.23
10510;0.00;105.02;0.00;105.01;0.00;0.00;59.05;17.34;36.85;180.02;857.03;180.05;911.84;901.68;80.43;0.23
10515;0.00;105.03;0.00;104.99;0.00;0.00;59.01;17.23;36.86;180.04;853.98;180.03;909.74;901.17;80.43;0.20
10520;0.00;105.02;0.00;105.01;0.00;0.00;59.02;17.23;36.86;180.05;851.97;180.02;908.75;899.54;80.43;0.22
10525;0.00;105.10;0.00;105.33;0.00;0.00;58.99;17.25;36.86;180.04;851.88;180.01;908.80;899.50;80.43;0.23
10530;0.00;104.96;0.00;105.02;0.00;0.00;59.02;17.23;36.86;180.00;859.62;179.99;909.89;900.20;80.43;0.21
10535;0.00;105.00;0.00;105.00;0.00;0.00;59.02;17.23;36.86;179.99;862.89;179.96;911.76;901.54;80.43;0.22
10540;0.00;105.49;0.00;104.11;0.00;0.00;58.98;17.23;36.86;179.98;859.63;179.96;911.45;901.43;80.42;0.23
10545;0.00;105.01;0.00;104.99;0.00;0.00;59.03;17.23;36.86;179.98;855.14;179.94;910.35;900.67;80.42;0.20
10550;0.00;105.00;0.00;104.99;0.00;0.00;59.01;17.19;36.86;180.01;851.21;179.95;909.09;899.80;80.42;0.21
10555;0.00;105.00;0.00;104.99;0.00;0.00;59.04;17.28;36.86;180.04;853.12;179.95;909.14;899.70;80.42;0.23
10560;0.00;104.99;0.00;105.03;0.00;0.00;59.02;17.25;36.86;180.05;857.31;179.96;910.45;900.54;80.43;0.22
10565;0.00;105.01;0.00;104.99;0.00;0.00;59.01;17.22;36.87;180.04;861.37;179.97;911.52;901.30;80.42;0.23
10570;0.00;105.39;0.00;104.60;0.00;0.00;58.94;17.20;36.86;180.02;857.65;180.01;911.76;901.58;80.42;0.23
10575;0.00;105.02;0.00;104.99;0.00;0.00;59.03;17.20;36.87;180.00;854.21;180.03;909.80;900.30;80.43;0.20
10580;0.00;105.04;0.00;105.00;0.00;0.00;59.01;17.20;36.86;179.99;852.31;180.04;908.78;899.55;80.43;0.22
10585;0.00;104.99;0.00;104.99;0.00;0.00;59.01;17.23;36.86;179.99;851.53;180.06;908.72;899.45;80.43;0.23
10590;0.00;105.00;0.00;105.03;0.00;0.00;59.03;17.25;36.86;180.01;859.03;180.06;911.09;900.12;80.42;0.21
10595;0.00;105.02;0.00;104.99;0.00;0.00;59.00;17.22;36.87;180.03;862.67;180.06;911.82;901.57;80.43;0.22
10600;0.00;105.00;0.00;105.21;0.00;0.00;58.98;17.28;36.87;180.05;860.35;180.05;911.66;901.58;80.43;0.23
10605;0.00;105.02;0.00;104.99;0.00;0.00;58.99;17.23;36.87;180.06;853.42;180.04;910.64;900.88;80.43;0.20
10610;0.00;105.00;0.00;105.01;0.00;0.00;59.04;17.25;36.87;180.05;851.44;180.00;908.66;900.00;80.42;0.21
10615;0.00;104.70;0.00;105.81;0.00;0.00;58.97;17.22;36.87;180.03;852.66;179.99;909.08;899.70;80.43;0.23
10620;0.00;104.99;0.00;105.03;0.00;0.00;59.02;17.23;36.87;180.00;856.74;179.97;910.33;900.50;80.43;0.22
10625;0.00;104.98;0.00;104.99;0.00;0.00;59.01;17.22;36.87;179.98;862.58;179.96;911.46;901.27;80.43;0.22
10630;0.00;105.00;0.00;105.00;0.00;0.00;59.01;17.20;36.87;180.00;858.08;179.94;911.22;901.63;80.42;0.23
10635;0.00;105.00;0.00;105.00;0.00;0.00;59.03;17.20;36.87;180.02;854.54;179.94;909.95;900.43;80.42;0.20
10640;0.00;105.01;0.00;105.01;0.00;0.00;59.00;17.22;36.87;180.04;852.67;179.95;908.85;899.61;80.43;0.22
10645;0.00;105.02;0.00;105.18;0.00;0.00;58.99;17.25;36.88;180.04;854.41;179.97;908.63;899.39;80.42;0.23
10650;0.00;104.98;0.00;105.02;0.00;0.00;59.02;17.23;36.88;180.03;858.71;179.99;910.86;900.82;80.42;0.21
10655;0.00;105.00;0.00;105.01;0.00;0.00;59.00;17.23;36.88;180.01;862.46;179.99;911.69;901.47;80.43;0.23
10660;0.00;105.46;0.00;104.40;0.00;0.00;58.99;17.23;36.88;180.01;861.01;180.00;911.63;901.55;80.43;0.23
10665;0.00;105.01;0.00;104.97;0.00;0.00;59.02;17.25;36.87;180.02;853.63;180.02;910.66;900.93;80.43;0.20
10670;0.00;105.01;0.00;105.02;0.00;0.00;59.04;17.19;36.87;180.02;851.54;180.03;908.61;899.42;80.43;0.21
10675;0.00;105.00;0.00;105.01;0.00;0.00;59.02;17.25;36.87;180.03;852.36;180.02;908.89;899.56;80.42;0.23
10680;0.00;105.01;0.00;105.01;0.00;0.00;59.02;17.22;36.87;180.05;856.07;180.01;910.15;900.37;80.42;0.21
10685;0.00;105.03;0.00;105.01;0.00;0.00;59.00;17.25;36.87;180.04;862.83;179.99;911.36;901.19;80.42;0.22
10690;0.00;105.08;0.00;105.24;0.00;0.00;58.99;17.23;36.88;180.04;858.76;179.99;911.42;901.43;80.42;0.23
10695;0.00;105.02;0.00;104.99;0.00;0.00;59.03;17.22;36.87;180.03;854.70;179.97;910.26;900.62;80.42;0.20
10700;0.00;105.01;0.00;105.00;0.00;0.00;59.03;17.22;36.88;180.02;852.82;179.96;909.05;899.78;80.42;0.22
10705;0.00;104.63;0.00;105.95;0.00;0.00;59.01;17.19;36.87;180.04;853.83;179.94;908.68;899.46;80.42;0.23
10710;0.00;105.01;0.00;105.02;0.00;0.00;59.02;17.23;36.88;180.05;858.10;179.93;910.80;900.79;80.43;0.21
10715;0.00;105.00;0.00;105.01;0.00;0.00;59.02;17.23;36.87;180.07;862.02;179.93;911.71;901.47;80.43;0.23
10720;0.00;105.00;0.00;104.98;0.00;0.00;59.04;17.31;36.87;180.06;856.56;179.94;911.76;901.63;80.42;0.23
10725;0.00;105.00;0.00;104.99;0.00;0.00;59.01;17.23;36.87;180.04;853.91;179.95;909.58;901.09;80.42;0.20
10730;0.00;105.00;0.00;105.00;0.00;0.00;59.02;17.25;36.87;180.03;851.88;179.96;908.70;899.49;80.42;0.21
10735;0.00;105.08;0.00;105.27;0.00;0.00;58.99;17.27;36.88;180.02;851.96;179.98;908.83;899.50;80.42;0.23
10740;0.00;104.98;0.00;105.03;0.00;0.00;59.01;17.20;36.88;180.04;859.74;179.99;909.97;900.23;80.42;0.21
10745;0.00;104.99;0.00;105.01;0.00;0.00;58.99;17.20;36.88;180.06;862.88;180.02;911.80;901.08;80.42;0.22
10750;0.00;105.45;0.00;104.52;0.00;0.00;58.99;17.19;36.88;180.06;859.44;180.03;911.47;901.45;80.42;0.22
10755;0.00;105.02;0.00;104.99;0.00;0.00;59.04;17.22;36.88;180.07;855.05;180.03;910.33;900.67;80.43;0.20
10760;0.00;105.01;0.00;104.99;0.00;0.00;59.01;17.22;36.88;180.05;851.20;180.03;909.13;899.81;80.43;0.22
10765;0.00;105.01;0.00;105.01;0.00;0.00;59.02;17.22;36.89;180.04;853.51;180.02;909.22;899.77;80.43;0.23
10770;0.00;104.97;0.00;105.03;0.00;0.00;59.02;17.17;36.89;180.02;857.49;180.01;910.59;900.64;80.42;0.22
10775;0.00;105.00;0.00;105.00;0.00;0.00;59.02;17.22;36.89;180.01;861.52;180.00;911.62;901.40;80.43;0.23
10780;0.00;105.15;0.00;105.13;0.00;0.00;58.98;17.23;36.89;180.02;857.25;179.96;911.84;901.67;80.42;0.23
10785;0.00;105.01;0.00;104.99;0.00;0.00;59.02;17.23;36.89;180.04;854.11;179.95;909.85;900.34;80.42;0.20
10790;0.00;105.01;0.00;105.01;0.00;0.00;59.02;17.25;36.89;180.06;852.30;179.94;908.85;899.60;80.42;0.22
10795;0.00;104.55;0.00;105.91;0.00;0.00;59.00;17.19;36.89;180.07;851.67;179.94;908.77;899.49;80.42;0.23
10800;0.00;104.99;0.00;105.01;0.00;0.00;59.02;17.22;36.89;180.06;859.46;179.94;909.81;900.13;80.42;0.21
10805;0.00;104.99;0.00;105.00;0.00;0.00;59.01;17.20;36.89;180.05;862.85;179.95;911.69;901.49;80.43;0.22
10810;0.00;105.00;0.00;105.02;0.00;0.00;59.01;17.25;36.88;180.04;859.88;179.96;911.42;901.40;80.42;0.23
10815;0.00;105.02;0.00;104.97;0.00;0.00;59.02;17.22;36.90;180.04;855.53;179.97;910.36;900.65;80.42;0.20
10820;0.00;105.00;0.00;105.00;0.00;0.00;59.02;17.22;36.89;180.04;851.29;180.01;909.06;899.75;80.42;0.21
10825;0.00;104.87;0.00;105.51;0.00;0.00;58.96;17.20;36.89;180.05;852.98;180.02;908.90;899.49;80.43;0.23
10830;0.00;104.98;0.00;105.03;0.00;0.00;59.01;17.22;36.89;180.05;857.12;180.03;910.18;900.35;80.42;0.22
10835;0.00;104.99;0.00;105.01;0.00;0.00;59.01;17.23;36.90;180.07;861.20;180.05;911.30;901.12;80.42;0.22
10840;0.00;105.51;0.00;104.99;0.00;0.00;58.99;17.22;36.90;180.06;857.85;180.03;911.02;901.46;80.42;0.23
10845;0.00;105.03;0.00;104.99;0.00;0.00;59.01;17.22;36.90;180.05;854.29;180.03;909.76;900.26;80.42;0.20
10850;0.00;105.03;0.00;104.99;0.00;0.00;59.03;17.22;36.90;180.03;852.41;180.03;908.71;899.48;80.42;0.22
10855;0.00;105.08;0.00;105.22;0.00;0.00;59.02;17.25;36.90;180.03;854.51;180.02;908.57;899.33;80.43;0.23
10860;0.00;105.00;0.00;105.03;0.00;0.00;59.02;17.22;36.90;180.03;858.81;179.99;910.87;899.95;80.42;0.21
10865;0.00;104.98;0.00;105.01;0.00;0.00;59.02;17.20;36.90;180.04;862.51;179.97;911.67;901.44;80.42;0.22
10870;0.00;105.48;0.00;104.44;0.00;0.00;58.99;17.22;36.90;180.06;860.49;179.96;911.56;901.49;80.42;0.23
10875;0.00;105.04;0.00;104.98;0.00;0.00;59.01;17.20;36.90;180.08;853.56;179.95;910.57;900.84;80.42;0.20
10880;0.00;105.00;0.00;104.99;0.00;0.00;59.03;17.23;36.90;180.08;851.47;179.94;908.64;899.97;80.42;0.21
10885;0.00;104.99;0.00;105.01;0.00;0.00;59.02;17.22;36.89;180.07;852.50;179.94;909.03;899.65;80.42;0.23
10890;0.00;105.01;0.00;105.02;0.00;0.00;58.99;17.25;36.90;180.04;856.52;179.94;910.33;900.48;80.42;0.21
10895;0.00;105.00;0.00;104.99;0.00;0.00;59.02;17.20;36.89;180.04;862.65;179.95;911.47;901.30;80.43;0.22
10900;0.00;105.13;0.00;105.19;0.00;0.00;59.00;17.23;36.90;180.04;858.58;179.97;911.34;901.40;80.42;0.23
10905;0.00;104.99;0.00;104.99;0.00;0.00;59.02;17.22;36.91;180.05;854.65;179.99;910.14;900.56;80.42;0.20
10910;0.00;105.01;0.00;105.01;0.00;0.00;59.02;17.22;36.90;180.08;852.80;179.99;908.95;899.72;80.42;0.22
10915;0.00;104.47;0.00;105.88;0.00;0.00;59.02;17.22;36.91;180.08;854.25;180.00;908.65;899.43;80.42;0.23
10920;0.00;104.98;0.00;105.04;0.00;0.00;59.02;17.23;36.91;180.09;858.53;179.99;910.75;900.77;80.43;0.21
10925;0.00;105.00;0.00;104.99;0.00;0.00;59.01;17.22;36.91;180.08;862.14;179.99;911.60;901.41;80.43;0.23
10930;0.00;105.02;0.00;104.99;0.00;0.00;59.05;17.31;36.91;180.04;861.21;179.99;911.59;901.51;80.42;0.23
10935;0.00;105.00;0.00;104.99;0.00;0.00;59.02;17.22;36.91;180.03;853.74;179.97;910.67;900.90;80.42;0.20
10940;0.00;105.03;0.00;105.01;0.00;0.00;59.03;17.22;36.91;180.02;851.65;179.97;908.49;899.32;80.42;0.21
10945;0.00;105.03;0.00;105.33;0.00;0.00;58.98;17.23;36.91;180.02;852.06;179.96;908.69;899.39;80.42;0.23
10950;0.00;104.99;0.00;105.03;0.00;0.00;59.01;17.20;36.91;180.06;855.88;179.96;909.89;900.17;80.42;0.21
10955;0.00;105.01;0.00;104.99;0.00;0.00;59.02;17.22;36.91;180.08;862.81;179.95;911.60;900.97;80.42;0.22
10960;0.00;105.50;0.00;103.89;0.00;0.00;58.99;17.22;36.91;180.08;858.91;179.95;911.17;901.22;80.42;0.23
10965;0.00;105.01;0.00;104.98;0.00;0.00;59.01;17.20;36.91;180.07;854.76;179.96;909.99;900.42;80.42;0.20
10970;0.00;105.01;0.00;104.99;0.00;0.00;59.02;17.23;36.91;180.03;851.17;179.97;908.85;899.59;80.42;0.22
10975;0.00;105.01;0.00;105.00;0.00;0.00;59.03;17.30;36.91;180.02;853.63;179.99;909.24;899.26;80.42;0.23
10980;0.00;104.98;0.00;105.04;0.00;0.00;59.02;17.22;36.92;180.02;857.89;180.00;910.60;900.65;80.42;0.21
10985;0.00;104.99;0.00;105.01;0.00;0.00;59.00;17.22;36.92;180.02;861.85;180.03;911.60;901.39;80.42;0.23
10990;0.00;105.38;0.00;104.64;0.00;0.00;58.93;17.19;36.91;180.04;857.05;180.04;911.75;901.61;80.42;0.23
10995;0.00;105.01;0.00;104.96;0.00;0.00;59.04;17.20;36.92;180.05;854.03;180.06;909.70;901.14;80.42;0.20
11000;0.00;105.01;0.00;105.01;0.00;0.00;59.02;17.23;36.91;180.05;852.04;180.04;908.74;899.53;80.42;0.22
11005;0.00;104.99;0.00;105.01;0.00;0.00;59.01;17.20;36.92;180.06;851.90;180.04;908.80;899.51;80.42;0.23
11010;0.00;104.99;0.00;105.03;0.00;0.00;59.02;17.25;36.92;180.06;859.86;180.03;909.91;900.21;80.42;0.21
11015;0.00;104.99;0.00;105.01;0.00;0.00;59.00;17.23;36.92;180.05;862.89;180.00;911.75;901.54;80.42;0.22
11020;0.00;105.00;0.00;105.18;0.00;0.00;59.02;17.28;36.92;180.04;859.69;179.99;911.43;901.43;80.42;0.23
11025;0.00;105.02;0.00;104.99;0.00;0.00;59.04;17.22;36.93;180.03;855.23;179.96;910.32;900.65;80.42;0.20
11030;0.00;105.02;0.00;104.98;0.00;0.00;59.02;17.19;36.92;180.04;851.24;179.94;909.05;899.75;80.42;0.21
11035;0.00;104.60;0.00;105.91;0.00;0.00;59.02;17.20;36.92;180.04;853.14;179.94;909.05;899.61;80.42;0.23
11040;0.00;104.98;0.00;105.04;0.00;0.00;58.99;17.23;36.92;180.05;857.30;179.94;910.32;900.46;80.42;0.22
11045;0.00;105.01;0.00;104.99;0.00;0.00;59.01;17.22;36.92;180.05;861.34;179.95;911.37;901.19;80.42;0.23
11050;0.00;104.99;0.00;104.99;0.00;0.00;59.05;17.34;36.92;180.05;857.41;179.98;911.58;901.45;80.42;0.23
11055;0.00;105.03;0.00;104.99;0.00;0.00;58.98;17.25;36.92;180.05;854.14;179.99;909.60;900.13;80.42;0.20
11060;0.00;105.03;0.00;105.00;0.00;0.00;59.00;17.27;36.92;180.05;852.21;180.00;908.57;899.37;80.42;0.22
11065;0.00;105.11;0.00;105.32;0.00;0.00;59.00;17.23;36.92;180.05;851.54;180.02;908.53;899.28;80.42;0.23
11070;0.00;105.00;0.00;105.01;0.00;0.00;59.02;17.20;36.92;180.04;859.24;180.05;909.58;899.95;80.42;0.21
11075;0.00;105.00;0.00;105.01;0.00;0.00;59.00;17.22;36.92;180.04;862.74;180.06;911.63;901.43;80.42;0.22
11080;0.00;105.50;0.00;103.72;0.00;0.00;59.01;17.20;36.91;180.03;860.05;180.06;911.45;901.42;80.42;0.23
11085;0.00;105.03;0.00;104.99;0.00;0.00;59.02;17.22;36.92;180.04;855.45;180.05;910.40;900.72;80.42;0.20
11090;0.00;105.05;0.00;104.99;0.00;0.00;58.99;17.22;36.91;180.03;851.35;180.05;908.48;899.83;80.42;0.21
11095;0.00;104.99;0.00;105.00;0.00;0.00;59.02;17.28;36.92;180.04;852.83;180.04;908.91;899.56;80.42;0.23
11100;0.00;104.98;0.00;105.03;0.00;0.00;59.03;17.23;36.92;180.04;856.93;180.01;910.21;900.39;80.42;0.22
11105;0.00;105.00;0.00;105.00;0.00;0.00;59.02;17.20;36.92;180.06;862.34;179.99;911.33;901.15;80.42;0.22
11110;0.00;105.44;0.00;104.41;0.00;0.00;59.01;17.23;36.92;180.06;857.76;179.95;911.04;901.49;80.42;0.23
11115;0.00;105.00;0.00;104.99;0.00;0.00;59.01;17.22;36.92;180.05;854.41;179.94;909.77;900.27;80.42;0.20
11120;0.00;105.01;0.00;104.99;0.00;0.00;59.02;17.22;36.93;180.05;852.56;179.93;908.69;899.49;80.42;0.22
11125;0.00;105.01;0.00;104.99;0.00;0.00;59.01;17.23;36.93;180.04;854.62;179.92;908.52;899.30;80.42;0.23
11130;0.00;105.00;0.00;105.03;0.00;0.00;59.02;17.23;36.93;180.04;858.91;179.94;910.82;899.92;80.42;0.21
11135;0.00;104.98;0.00;105.01;0.00;0.00;59.02;17.22;36.93;180.03;862.57;179.96;911.61;901.40;80.42;0.22
11140;0.00;105.15;0.00;105.19;0.00;0.00;58.99;17.23;36.93;180.03;860.43;179.96;911.51;901.46;80.42;0.23
11145;0.00;105.04;0.00;104.99;0.00;0.00;59.02;17.23;36.93;180.02;853.59;179.98;910.53;900.80;80.42;0.20
11150;0.00;104.99;0.00;104.99;0.00;0.00;59.02;17.22;36.93;180.02;851.48;180.01;908.52;899.91;80.42;0.21
11155;0.00;104.47;0.00;105.92;0.00;0.00;59.02;17.22;36.93;180.01;852.58;180.02;908.87;899.53;80.42;0.23
11160;0.00;104.97;0.00;105.03;0.00;0.00;59.02;17.19;36.93;180.02;856.60;180.03;910.14;900.34;80.42;0.21
11165;0.00;105.00;0.00;105.01;0.00;0.00;59.02;17.22;36.93;180.06;862.68;180.03;911.25;901.10;80.42;0.22
11170;0.00;105.00;0.00;105.00;0.00;0.00;59.02;17.30;36.92;180.07;858.44;180.04;911.10;901.18;80.42;0.23
11175;0.00;105.01;0.00;104.99;0.00;0.00;59.03;17.20;36.92;180.07;854.56;180.03;909.90;900.33;80.42;0.20
11180;0.00;105.00;0.00;105.01;0.00;0.00;59.03;17.23;36.92;180.06;852.72;180.04;908.75;899.51;80.42;0.22
11185;0.00;105.06;0.00;105.24;0.00;0.00;59.01;17.27;36.92;180.04;854.28;180.03;908.48;899.25;80.42;0.23
11190;0.00;104.99;0.00;105.02;0.00;0.00;59.01;17.20;36.92;180.02;858.31;180.02;910.71;900.69;80.42;0.21
11195;0.00;104.99;0.00;105.01;0.00;0.00;59.01;17.22;36.92;180.00;862.16;180.01;911.57;901.35;80.42;0.23
11200;0.00;105.44;0.00;104.59;0.00;0.00;58.99;17.20;36.93;179.99;861.09;180.00;911.56;901.46;80.42;0.23
11205;0.00;105.02;0.00;104.98;0.00;0.00;59.04;17.23;36.93;180.01;853.72;179.99;910.67;900.88;80.42;0.20
11210;0.00;104.99;0.00;105.01;0.00;0.00;59.02;17.20;36.93;180.02;851.65;179.99;908.56;899.37;80.42;0.21
11215;0.00;104.41;0.00;105.01;0.00;0.00;58.99;17.20;36.93;180.04;852.15;179.98;908.80;899.46;80.42;0.23
11220;0.00;104.99;0.00;105.04;0.00;0.00;59.01;17.22;36.92;180.05;856.00;179.97;910.01;900.25;80.42;0.21
11225;0.00;104.99;0.00;105.01;0.00;0.00;59.01;17.20;36.92;180.04;862.84;179.97;911.20;901.07;80.42;0.22
11230;0.00;105.03;0.00;105.26;0.00;0.00;59.01;17.23;36.92;180.03;858.88;179.97;911.30;901.33;80.42;0.23
11235;0.00;105.01;0.00;105.00;0.00;0.00;58.99;17.20;36.91;180.01;854.96;179.98;910.10;900.50;80.42;0.20
11240;0.00;105.00;0.00;105.01;0.00;0.00;59.02;17.22;36.91;180.01;851.25;180.00;908.88;899.62;80.42;0.22
11245;0.00;104.58;0.00;105.91;0.00;0.00;59.00;17.20;36.91;180.03;853.75;180.02;909.15;899.25;80.42;0.23
11250;0.00;104.99;0.00;105.01;0.00;0.00;59.02;17.23;36.91;180.05;857.99;180.02;910.47;900.53;80.42;0.21
11255;0.00;105.00;0.00;105.01;0.00;0.00;59.01;17.25;36.91;180.06;861.90;180.01;911.40;901.21;80.43;0.23
11260;0.00;105.00;0.00;104.99;0.00;0.00;59.05;17.34;36.91;180.04;856.65;180.02;911.49;901.38;80.42;0.23
11265;0.00;105.02;0.00;104.97;0.00;0.00;59.01;17.23;36.92;180.02;853.97;180.02;909.37;900.86;80.42;0.20
11270;0.00;105.02;0.00;104.99;0.00;0.00;59.01;17.23;36.92;180.00;851.96;180.01;908.44;899.27;80.42;0.21
11275;0.00;104.77;0.00;105.74;0.00;0.00;58.97;17.19;36.92;179.99;851.90;180.01;908.55;899.27;80.42;0.23
11280;0.00;104.98;0.00;105.03;0.00;0.00;59.02;17.19;36.92;180.02;859.85;180.00;909.69;900.01;80.42;0.21
11285;0.00;105.01;0.00;105.01;0.00;0.00;59.02;17.19;36.92;180.04;862.81;179.98;911.53;900.83;80.42;0.22
11290;0.00;104.99;0.00;105.01;0.00;0.00;59.02;17.27;36.92;180.05;859.19;179.97;911.20;901.20;80.42;0.22
11295;0.00;105.03;0.00;104.99;0.00;0.00;59.03;17.23;36.92;180.05;855.09;179.97;910.07;900.42;80.42;0.20
11300;0.00;105.00;0.00;105.00;0.00;0.00;59.02;17.23;36.92;180.03;851.18;179.96;908.87;899.58;80.42;0.22
11305;0.00;105.08;0.00;105.31;0.00;0.00;58.98;17.20;36.92;180.03;853.39;179.96;909.04;899.58;80.42;0.23
11310;0.00;104.99;0.00;105.03;0.00;0.00;59.02;17.22;36.92;180.03;857.60;179.96;910.38;900.46;80.42;0.22
11315;0.00;105.02;0.00;105.01;0.00;0.00;59.01;17.20;36.92;180.04;861.59;179.96;911.46;901.24;80.42;0.23
11320;0.00;105.51;0.00;103.71;0.00;0.00;59.00;17.20;36.92;180.05;857.30;179.98;911.69;901.53;80.42;0.23
11325;0.00;105.01;0.00;104.97;0.00;0.00;59.02;17.20;36.92;180.06;854.13;180.00;909.75;900.27;80.42;0.20
11330;0.00;105.01;0.00;105.01;0.00;0.00;59.02;17.22;36.92;180.06;852.18;180.00;908.73;899.52;80.42;0.22
11335;0.00;105.00;0.00;105.04;0.00;0.00;59.02;17.25;36.92;180.04;851.74;180.02;908.68;899.41;80.42;0.23
11340;0.00;104.98;0.00;105.01;0.00;0.00;59.00;17.22;36.92;180.03;859.33;180.03;909.74;900.07;80.42;0.21
11345;0.00;104.99;0.00;104.99;0.00;0.00;59.02;17.22;36.93;180.02;862.75;180.04;911.61;901.41;80.42;0.22
11350;0.00;105.44;0.00;104.44;0.00;0.00;58.99;17.22;36.92;180.01;859.92;180.03;911.37;901.34;80.42;0.23
11355;0.00;105.03;0.00;104.98;0.00;0.00;59.03;17.23;36.93;180.01;853.40;180.03;910.32;900.63;80.42;0.20
11360;0.00;105.00;0.00;105.00;0.00;0.00;59.01;17.22;36.93;180.02;851.32;180.01;908.37;899.73;80.42;0.21
11365;0.00;105.01;0.00;104.99;0.00;0.00;59.01;17.20;36.93;180.02;852.68;180.01;908.78;899.43;80.42;0.23
11370;0.00;104.99;0.00;105.03;0.00;0.00;59.02;17.20;36.93;180.04;856.73;180.00;910.08;900.26;80.42;0.22
11375;0.00;105.02;0.00;105.01;0.00;0.00;59.01;17.25;36.93;180.05;862.40;179.99;911.18;901.02;80.42;0.22
11380;0.00;105.02;0.00;105.00;0.00;0.00;59.03;17.28;36.93;180.05;857.92;179.98;910.95;901.38;80.42;0.23
11385;0.00;105.03;0.00;104.99;0.00;0.00;59.00;17.23;36.93;180.06;854.46;179.97;909.71;900.19;80.42;0.20
11390;0.00;105.00;0.00;105.01;0.00;0.00;59.02;17.22;36.93;180.06;852.61;179.96;908.61;899.38;80.42;0.22
11395;0.00;104.69;0.00;105.77;0.00;0.00;58.98;17.23;36.93;180.03;854.38;179.96;908.38;899.16;80.42;0.23
11400;0.00;104.99;0.00;105.03;0.00;0.00;59.00;17.20;36.93;180.02;858.41;179.97;910.62;900.62;80.42;0.21
11405;0.00;104.98;0.00;105.01;0.00;0.00;59.02;17.23;36.93;180.00;862.21;179.97;911.50;901.28;80.42;0.23
11410;0.00;104.98;0.00;105.00;0.00;0.00;59.00;17.23;36.92;180.01;860.86;179.98;911.50;901.40;80.42;0.23
11415;0.00;105.04;0.00;104.99;0.00;0.00;59.02;17.23;36.93;180.03;853.73;179.98;910.60;900.84;80.42;0.20
11420;0.00;105.03;0.00;105.01;0.00;0.00;59.02;17.20;36.92;180.05;851.66;179.99;908.56;899.36;80.42;0.21
11425;0.00;105.06;0.00;105.19;0.00;0.00;59.01;17.27;36.93;180.08;852.23;180.00;908.79;899.47;80.42;0.23
11430;0.00;104.99;0.00;105.03;0.00;0.00;59.00;17.22;36.93;180.09;856.13;180.01;909.98;900.25;80.42;0.21
11435;0.00;104.98;0.00;105.02;0.00;0.00;59.00;17.20;36.93;180.06;862.81;180.03;911.69;901.05;80.42;0.22
11440;0.00;105.37;0.00;104.72;0.00;0.00;58.97;17.22;36.93;180.02;859.28;180.03;911.28;901.31;80.42;0.23
11445;0.00;105.03;0.00;104.99;0.00;0.00;59.02;17.23;36.93;179.99;855.00;180.02;910.13;900.52;80.42;0.20
11450;0.00;105.01;0.00;104.99;0.00;0.00;59.02;17.23;36.93;180.02;851.22;180.03;908.87;899.63;80.42;0.22
11455;0.00;104.99;0.00;104.99;0.00;0.00;58.98;17.22;36.92;180.06;853.37;180.02;909.01;899.21;80.42;0.23
11460;0.00;105.01;0.00;105.03;0.00;0.00;58.98;17.22;36.93;180.08;857.56;180.02;910.29;900.42;80.42;0.22
11465;0.00;105.00;0.00;105.01;0.00;0.00;59.01;17.22;36.93;180.10;861.52;180.01;911.28;901.11;80.42;0.23
11470;0.00;105.02;0.00;105.27;0.00;0.00;58.99;17.23;36.93;180.07;857.28;179.99;911.46;901.35;80.42;0.23
11475;0.00;105.03;0.00;104.99;0.00;0.00;59.02;17.20;36.93;180.04;854.08;179.97;909.48;900.04;80.42;0.20
11480;0.00;105.02;0.00;104.99;0.00;0.00;59.03;17.23;36.93;180.01;852.15;179.96;908.48;899.31;80.42;0.22
11485;0.00;104.51;0.00;105.91;0.00;0.00;59.00;17.19;36.93;180.01;851.51;179.96;908.43;899.20;80.42;0.23
11490;0.00;105.00;0.00;105.04;0.00;0.00;59.00;17.22;36.94;180.03;859.21;179.96;909.46;899.86;80.42;0.21
11495;0.00;105.02;0.00;105.00;0.00;0.00;58.99;17.20;36.94;180.05;862.56;179.95;911.57;901.37;80.42;0.22
11500;0.00;104.99;0.00;104.99;0.00;0.00;59.06;17.31;36.94;180.06;860.24;179.95;911.44;901.40;80.42;0.23
11505;0.00;105.01;0.00;104.98;0.00;0.00;59.02;17.23;36.94;180.08;853.41;179.94;910.47;900.74;80.42;0.20
11510;0.00;104.99;0.00;105.00;0.00;0.00;59.02;17.22;36.94;180.07;851.42;179.96;908.52;899.87;80.42;0.21
11515;0.00;104.89;0.00;105.41;0.00;0.00;58.97;17.20;36.94;180.06;852.64;179.98;908.87;899.53;80.42;0.23
11520;0.00;104.96;0.00;105.03;0.00;0.00;59.02;17.22;36.94;180.05;856.67;180.00;910.14;900.32;80.42;0.22
11525;0.00;105.01;0.00;105.01;0.00;0.00;59.02;17.22;36.95;180.05;862.56;180.02;911.24;901.08;80.42;0.22
11530;0.00;105.50;0.00;104.99;0.00;0.00;59.00;17.19;36.94;180.05;858.26;180.06;911.08;901.16;80.42;0.23
11535;0.00;105.03;0.00;104.98;0.00;0.00;58.99;17.23;36.94;180.04;854.63;180.07;909.84;900.31;80.42;0.20
11540;0.00;105.01;0.00;104.99;0.00;0.00;59.02;17.22;36.95;180.04;852.79;180.09;908.73;899.49;80.42;0.22
11545;0.00;104.99;0.00;105.15;0.00;0.00;58.98;17.25;36.95;180.05;854.10;180.09;908.40;899.20;80.42;0.23
11550;0.00;104.99;0.00;105.03;0.00;0.00;59.02;17.23;36.95;180.07;858.10;180.08;910.53;900.57;80.42;0.21
11555;0.00;105.01;0.00;104.99;0.00;0.00;59.00;17.22;36.95;180.08;861.97;180.06;911.43;901.24;80.42;0.23
11560;0.00;105.41;0.00;104.57;0.00;0.00;58.98;17.20;36.95;180.07;856.68;180.03;911.49;901.40;80.42;0.23
11565;0.00;105.04;0.00;104.99;0.00;0.00;59.02;17.23;36.95;180.06;853.86;180.00;909.37;900.85;80.42;0.20
11570;0.00;105.02;0.00;105.00;0.00;0.00;59.03;17.22;36.95;180.04;851.84;179.97;908.49;899.31;80.42;0.21
11575;0.00;104.47;0.00;105.92;0.00;0.00;58.99;17.20;36.96;180.03;851.85;179.92;908.62;899.34;80.42;0.23
11580;0.00;105.00;0.00;105.02;0.00;0.00;58.99;17.20;36.96;180.02;859.76;179.92;909.75;900.07;80.42;0.21
11585;0.00;105.00;0.00;105.01;0.00;0.00;59.01;17.23;36.96;180.03;862.79;179.93;911.61;900.89;80.42;0.22
11590;0.00;105.02;0.00;105.00;0.00;0.00;59.05;17.31;36.96;180.03;859.58;179.93;911.31;901.30;80.42;0.23
11595;0.00;105.03;0.00;104.99;0.00;0.00;59.03;17.23;36.96;180.04;855.16;179.94;910.18;900.55;80.42;0.20
11600;0.00;105.00;0.00;105.01;0.00;0.00;59.01;17.23;36.97;180.02;851.26;179.98;908.94;899.65;80.42;0.21
11605;0.00;105.09;0.00;105.28;0.00;0.00;59.01;17.27;36.96;180.01;853.10;179.99;908.96;899.51;80.42;0.23
11610;0.00;105.00;0.00;105.03;0.00;0.00;59.03;17.23;36.97;180.01;857.25;180.03;910.23;900.35;80.42;0.22
11615;0.00;104.99;0.00;104.99;0.00;0.00;59.02;17.22;36.97;180.04;861.27;180.04;911.25;901.09;80.42;0.22
11620;0.00;105.37;0.00;104.76;0.00;0.00;58.95;17.19;36.97;180.05;857.66;180.06;911.50;901.36;80.42;0.23
11625;0.00;105.01;0.00;104.99;0.00;0.00;59.02;17.20;36.97;180.05;854.26;180.07;909.58;900.09;80.42;0.20
11630;0.00;105.01;0.00;104.99;0.00;0.00;59.00;17.22;36.98;180.06;852.39;180.07;908.51;899.30;80.42;0.22
11635;0.00;104.44;0.00;105.91;0.00;0.00;59.02;17.23;36.98;180.04;854.68;180.07;908.39;899.16;80.42;0.23
11640;0.00;104.99;0.00;105.03;0.00;0.00;59.01;17.20;36.98;180.03;858.94;180.04;910.65;899.79;80.42;0.21
11645;0.00;105.00;0.00;105.00;0.00;0.00;59.03;17.22;36.98;180.01;862.54;180.03;911.41;901.22;80.42;0.22
11650;0.00;105.00;0.00;105.00;0.00;0.00;59.05;17.30;36.97;180.00;860.57;180.02;911.27;901.24;80.42;0.23
11655;0.00;105.01;0.00;104.97;0.00;0.00;59.02;17.22;36.97;180.01;853.52;179.97;910.29;900.60;80.42;0.20
11660;0.00;105.00;0.00;105.00;0.00;0.00;59.02;17.20;36.97;180.02;851.53;179.97;908.26;899.11;80.42;0.21
11665;0.00;105.10;0.00;105.29;0.00;0.00;59.01;17.27;36.97;180.03;852.37;179.96;908.58;899.26;80.42;0.23
11670;0.00;104.99;0.00;105.01;0.00;0.00;59.03;17.22;36.97;180.04;856.05;179.95;909.79;900.05;80.42;0.21
11675;0.00;104.97;0.00;105.01;0.00;0.00;59.01;17.23;36.97;180.04;862.64;179.94;910.99;900.86;80.42;0.22
11680;0.00;105.38;0.00;104.62;0.00;0.00;58.95;17.19;36.97;180.04;858.56;179.95;910.99;901.06;80.42;0.23
11685;0.00;105.04;0.00;104.99;0.00;0.00;59.02;17.22;36.96;180.03;854.74;179.96;909.84;900.28;80.42;0.20
11690;0.00;105.03;0.00;104.99;0.00;0.00;59.02;17.20;36.97;180.02;851.16;179.97;908.69;899.43;80.42;0.22
11695;0.00;104.43;0.00;105.00;0.00;0.00;59.01;17.19;36.97;180.02;853.55;180.00;909.09;899.12;80.42;0.23
11700;0.00;104.97;0.00;105.03;0.00;0.00;59.05;17.20;36.97;180.00;857.78;180.01;910.45;900.49;80.42;0.21
11705;0.00;105.02;0.00;105.00;0.00;0.00;59.02;17.23;36.97;180.00;861.72;180.03;911.46;901.25;80.42;0.23
11710;0.00;105.02;0.00;104.99;0.00;0.00;59.05;17.31;36.97;180.03;857.04;180.04;911.64;901.50;80.42;0.23
11715;0.00;105.04;0.00;105.00;0.00;0.00;59.03;17.23;36.97;180.04;854.04;180.07;909.67;900.20;80.42;0.20
11720;0.00;105.00;0.00;104.99;0.00;0.00;59.03;17.22;36.97;180.05;852.23;180.08;908.69;899.46;80.42;0.22
11725;0.00;104.98;0.00;105.33;0.00;0.00;58.98;17.25;36.97;180.05;851.71;180.07;908.66;899.39;80.42;0.23
11730;0.00;104.99;0.00;105.02;0.00;0.00;59.01;17.20;36.97;180.03;859.24;180.07;909.71;900.05;80.42;0.21
11735;0.00;104.99;0.00;105.00;0.00;0.00;59.02;17.20;36.97;180.01;862.70;180.05;911.62;901.42;80.42;0.22
11740;0.00;105.49;0.00;103.91;0.00;0.00;59.01;17.22;36.96;180.00;859.96;180.05;911.40;901.37;80.42;0.23
11745;0.00;105.02;0.00;104.99;0.00;0.00;59.01;17.22;36.97;180.02;853.44;180.03;910.37;900.68;80.42;0.20
11750;0.00;105.01;0.00;104.98;0.00;0.00;59.02;17.23;36.97;180.03;851.34;180.00;908.37;899.75;80.42;0.21
11755;0.00;104.97;0.00;105.00;0.00;0.00;59.04;17.27;36.97;180.04;852.84;179.99;908.74;899.41;80.42;0.23
11760;0.00;105.00;0.00;105.03;0.00;0.00;59.02;17.23;36.97;180.06;856.65;179.98;910.02;900.20;80.42;0.22
11765;0.00;105.00;0.00;105.01;0.00;0.00;59.01;17.23;36.97;180.06;862.39;179.99;911.09;900.94;80.42;0.22
11770;0.00;105.17;0.00;105.14;0.00;0.00;58.98;17.22;36.97;180.04;858.25;179.98;910.91;901.01;80.42;0.23
11775;0.00;105.02;0.00;104.98;0.00;0.00;59.03;17.22;36.97;180.02;854.48;180.00;909.71;900.17;80.42;0.20
11780;0.00;105.01;0.00;105.01;0.00;0.00;59.03;17.22;36.97;180.00;852.65;180.01;908.57;899.37;80.42;0.22
11785;0.00;104.49;0.00;105.97;0.00;0.00;59.00;17.22;36.97;180.00;854.07;180.04;908.31;899.11;80.42;0.23
11790;0.00;105.00;0.00;105.01;0.00;0.00;59.01;17.20;36.97;180.02;858.33;180.04;910.52;900.54;80.42;0.21
11795;0.00;104.99;0.00;105.02;0.00;0.00;58.99;17.20;36.97;180.04;862.14;180.05;911.45;901.24;80.42;0.23
11800;0.00;105.00;0.00;104.99;0.00;0.00;59.02;17.30;36.96;180.06;861.17;180.05;911.50;901.40;80.42;0.23
11805;0.00;105.03;0.00;104.99;0.00;0.00;59.02;17.22;36.96;180.05;853.78;180.06;909.42;900.87;80.42;0.20
11810;0.00;105.01;0.00;104.99;0.00;0.00;59.01;17.20;36.97;180.04;851.86;180.06;908.51;899.34;80.42;0.21
11815;0.00;104.73;0.00;105.72;0.00;0.00;58.94;17.20;36.97;180.03;852.01;180.05;908.67;899.38;80.42;0.23
11820;0.00;104.99;0.00;105.03;0.00;0.00;59.01;17.20;36.96;180.02;859.76;180.05;909.82;900.11;80.42;0.21
11825;0.00;105.02;0.00;105.01;0.00;0.00;59.02;17.22;36.96;180.03;862.80;180.03;911.66;900.94;80.42;0.22
11830;0.00;105.49;0.00;105.01;0.00;0.00;59.00;17.20;36.96;180.04;859.63;180.02;911.37;901.36;80.42;0.23
11835;0.00;105.00;0.00;105.01;0.00;0.00;59.02;17.23;36.96;180.03;855.23;180.00;910.25;900.62;80.42;0.20
11840;0.00;105.02;0.00;105.01;0.00;0.00;59.02;17.19;36.96;180.03;851.27;180.00;909.02;899.74;80.42;0.21
11845;0.00;105.02;0.00;104.97;0.00;0.00;59.04;17.31;36.97;180.03;853.13;180.00;908.95;899.55;80.42;0.23
11850;0.00;105.00;0.00;105.02;0.00;0.00;59.05;17.22;36.96;180.03;857.26;180.01;910.21;900.36;80.42;0.22
11855;0.00;105.01;0.00;105.01;0.00;0.00;58.98;17.20;36.96;180.05;861.28;180.00;911.24;901.09;80.42;0.23
11860;0.00;105.29;0.00;104.90;0.00;0.00;58.97;17.19;36.97;180.05;857.69;180.01;910.82;901.36;80.42;0.23
11865;0.00;105.03;0.00;104.98;0.00;0.00;59.02;17.27;36.96;180.06;854.29;180.02;909.56;900.10;80.42;0.20
11870;0.00;104.99;0.00;105.00;0.00;0.00;59.02;17.22;36.96;180.06;852.57;180.04;908.50;899.29;80.42;0.22
11875;0.00;104.46;0.00;105.89;0.00;0.00;58.99;17.22;36.96;180.05;854.66;180.05;908.30;899.09;80.42;0.23
11880;0.00;105.00;0.00;105.02;0.00;0.00;59.01;17.20;36.96;180.03;858.66;180.06;910.53;899.69;80.42;0.21
11885;0.00;105.00;0.00;105.00;0.00;0.00;59.01;17.22;36.97;180.01;862.36;180.08;911.35;901.17;80.42;0.23
11890;0.00;105.00;0.00;105.00;0.00;0.00;59.08;17.34;36.98;180.02;860.57;180.09;911.30;901.25;80.42;0.23
11895;0.00;105.00;0.00;104.98;0.00;0.00;59.02;17.22;36.97;180.04;853.65;180.08;910.40;900.64;80.42;0.20
11900;0.00;105.02;0.00;104.99;0.00;0.00;59.01;17.20;36.97;180.05;851.55;180.07;908.33;899.17;80.42;0.21
11905;0.00;105.10;0.00;105.28;0.00;0.00;59.00;17.23;36.97;180.07;852.19;180.06;908.60;899.28;80.42;0.23
11910;0.00;104.99;0.00;105.03;0.00;0.00;59.02;17.22;36.97;180.08;856.05;180.05;909.81;900.07;80.42;0.21
11915;0.00;105.00;0.00;105.01;0.00;0.00;59.02;17.20;36.97;180.06;862.72;180.04;911.56;900.89;80.42;0.22
11920;0.00;105.40;0.00;104.64;0.00;0.00;58.95;17.22;36.97;180.04;858.93;180.03;911.20;901.22;80.42;0.23
11925;0.00;105.01;0.00;104.98;0.00;0.00;59.02;17.22;36.98;180.02;854.83;180.03;910.06;900.44;80.42;0.20
11930;0.00;105.01;0.00;105.00;0.00;0.00;59.02;17.25;36.98;180.00;851.23;180.03;908.87;899.59;80.42;0.22
11935;0.00;104.99;0.00;105.01;0.00;0.00;59.03;17.25;36.99;180.02;853.60;180.04;909.01;899.19;80.42;0.23
11940;0.00;104.99;0.00;105.03;0.00;0.00;59.02;17.23;37.00;180.04;857.55;180.05;910.31;900.41;80.42;0.22
11945;0.00;105.01;0.00;105.01;0.00;0.00;59.02;17.20;37.01;180.07;861.52;180.06;911.28;901.12;80.42;0.23
11950;0.00;104.99;0.00;105.12;0.00;0.00;59.02;17.27;37.02;180.06;857.37;180.08;911.42;901.34;80.42;0.23
11955;0.00;105.03;0.00;104.99;0.00;0.00;59.01;17.22;37.02;180.05;854.19;180.09;909.42;900.00;80.42;0.20
11960;0.00;105.04;0.00;104.99;0.00;0.00;59.04;17.23;37.02;180.03;852.27;180.11;908.40;899.23;80.42;0.22
11965;0.00;104.74;0.00;105.60;0.00;0.00;58.97;17.20;37.03;180.00;851.58;180.12;908.29;899.08;80.42;0.23
11970;0.00;104.97;0.00;105.04;0.00;0.00;59.02;17.20;37.03;180.00;859.23;180.15;909.27;899.72;80.42;0.21
11975;0.00;104.99;0.00;105.01;0.00;0.00;58.99;17.22;37.02;180.01;862.58;180.16;911.27;901.11;80.42;0.22
11980;0.00;105.00;0.00;104.98;0.00;0.00;59.02;17.25;37.02;180.02;860.31;180.15;911.12;901.11;80.42;0.23
11985;0.00;105.01;0.00;104.98;0.00;0.00;59.03;17.27;37.01;180.01;853.68;180.15;910.12;900.45;80.42;0.20
11990;0.00;105.00;0.00;105.01;0.00;0.00;59.03;17.22;37.00;180.01;851.58;180.12;908.02;899.52;80.42;0.21
11995;0.00;105.01;0.00;105.32;0.00;0.00;58.99;17.20;37.00;180.00;852.74;180.10;908.28;899.02;80.42;0.23
12000;0.00;104.99;0.00;105.04;0.00;0.00;59.02;17.19;36.99;179.98;856.47;180.07;909.41;899.75;80.42;0.21
12005;0.00;105.01;0.00;105.01;0.00;0.00;58.99;17.25;36.99;179.97;862.61;180.02;910.52;900.45;80.42;0.22
12010;0.00;105.48;0.00;104.03;0.00;0.00;59.01;17.23;36.99;179.98;858.63;180.01;910.37;900.52;80.42;0.23
12015;0.00;105.03;0.00;104.98;0.00;0.00;59.00;17.25;36.99;179.99;854.68;180.00;909.18;899.67;80.42;0.20
12020;0.00;105.01;0.00;104.99;0.00;0.00;59.01;17.23;36.99;179.99;852.84;180.01;908.02;898.84;80.42;0.22
12025;0.00;105.00;0.00;105.00;0.00;0.00;59.02;17.23;36.98;179.99;853.83;180.06;907.64;898.51;80.42;0.23
12030;0.00;104.99;0.00;105.04;0.00;0.00;59.01;17.23;36.98;179.98;858.05;180.09;909.75;899.86;80.42;0.21
12035;0.00;105.01;0.00;105.01;0.00;0.00;58.99;17.23;36.98;179.98;861.69;180.13;910.70;900.57;80.42;0.23
12040;0.00;105.05;0.00;105.25;0.00;0.00;58.98;17.23;36.97;179.96;856.67;180.15;910.81;900.77;80.42;0.23
12045;0.00;105.03;0.00;104.99;0.00;0.00;59.01;17.25;36.97;179.96;853.85;180.20;908.82;900.29;80.42;0.20
12050;0.00;105.01;0.00;104.99;0.00;0.00;59.02;17.20;36.97;179.96;852.01;180.23;907.93;898.78;80.42;0.22
12055;0.00;104.60;0.00;105.89;0.00;0.00;59.01;17.22;36.97;179.97;851.84;180.24;908.05;898.81;80.42;0.23
12060;0.00;105.00;0.00;105.04;0.00;0.00;59.02;17.20;36.96;179.97;859.49;180.23;909.18;899.55;80.42;0.21
12065;0.00;104.98;0.00;105.01;0.00;0.00;59.02;17.22;36.96;179.97;862.76;180.21;911.15;900.97;80.42;0.22
12070;0.00;105.00;0.00;104.99;0.00;0.00;58.99;17.23;36.96;179.96;859.95;180.19;910.94;900.93;80.42;0.23
12075;0.00;105.03;0.00;104.98;0.00;0.00;59.02;17.23;36.95;179.93;855.45;180.17;909.91;900.24;80.42;0.20
12080;0.00;105.00;0.00;105.00;0.00;0.00;59.02;17.20;36.95;179.92;851.45;180.11;908.66;899.34;80.42;0.21
12085;0.00;105.09;0.00;105.30;0.00;0.00;59.00;17.20;36.94;179.92;852.98;180.10;908.42;899.08;80.42;0.23
12090;0.00;104.99;0.00;105.04;0.00;0.00;59.02;17.20;36.94;179.94;857.07;180.07;909.64;899.86;80.42;0.22
12095;0.00;105.01;0.00;105.01;0.00;0.00;59.01;17.22;36.94;179.97;862.52;180.06;910.72;900.59;80.42;0.22
12100;0.00;105.47;0.00;104.16;0.00;0.00;58.99;17.22;36.94;179.96;858.12;180.06;910.44;900.92;80.42;0.23
12105;0.00;105.04;0.00;104.98;0.00;0.00;59.01;17.23;36.94;179.95;854.69;180.08;909.18;899.71;80.42;0.20
12110;0.00;105.02;0.00;105.01;0.00;0.00;58.99;17.20;36.93;179.91;852.87;180.10;908.02;898.83;80.42;0.22
12115;0.00;105.03;0.00;104.99;0.00;0.00;59.05;17.30;36.93;179.91;854.25;180.16;907.64;898.50;80.42;0.23
12120;0.00;104.99;0.00;105.01;0.00;0.00;59.00;17.25;36.93;179.91;858.47;180.19;909.61;899.73;80.42;0.21
12125;0.00;104.99;0.00;105.01;0.00;0.00;59.01;17.23;36.93;179.91;862.23;180.24;910.44;900.33;80.42;0.23
12130;0.00;105.04;0.00;105.26;0.00;0.00;58.99;17.23;36.93;179.92;861.20;180.24;910.42;900.43;80.43;0.23
12135;0.00;105.05;0.00;104.99;0.00;0.00;59.02;17.23;36.92;179.92;853.78;180.27;909.56;899.86;80.43;0.20
12140;0.00;105.01;0.00;105.01;0.00;0.00;59.01;17.23;36.92;179.92;851.85;180.25;907.40;898.30;80.43;0.21
12145;0.00;104.62;0.00;105.89;0.00;0.00;59.01;17.23;36.91;179.91;852.01;180.25;907.56;898.35;80.43;0.23
12150;0.00;104.98;0.00;105.03;0.00;0.00;59.02;17.25;36.90;179.89;859.70;180.24;908.73;899.10;80.43;0.21
12155;0.00;105.02;0.00;105.00;0.00;0.00;59.02;17.22;36.90;179.89;862.69;180.20;910.61;899.93;80.43;0.22
12160;0.00;105.01;0.00;105.00;0.00;0.00;59.01;17.27;36.89;179.88;859.50;180.19;910.32;900.38;80.43;0.23
12165;0.00;105.02;0.00;105.00;0.00;0.00;59.03;17.22;36.89;179.89;855.12;180.16;909.26;899.68;80.43;0.20
12170;0.00;105.02;0.00;104.99;0.00;0.00;59.02;17.23;36.89;179.90;851.28;180.13;908.09;898.85;80.43;0.21
12175;0.00;105.01;0.00;105.01;0.00;0.00;59.04;17.31;36.88;179.90;853.15;180.12;908.17;898.81;80.43;0.23
12180;0.00;105.01;0.00;105.01;0.00;0.00;59.00;17.27;36.88;179.89;857.29;180.11;909.52;899.67;80.43;0.22
12185;0.00;105.02;0.00;105.01;0.00;0.00;59.01;17.25;36.87;179.88;861.08;180.11;910.61;900.45;80.43;0.22
12190;0.00;105.37;0.00;104.64;0.00;0.00;58.96;17.22;36.87;179.88;857.73;180.13;910.33;900.79;80.43;0.23
12195;0.00;105.02;0.00;104.99;0.00;0.00;59.02;17.22;36.87;179.87;854.50;180.14;909.10;899.61;80.43;0.20
12200;0.00;105.03;0.00;105.00;0.00;0.00;59.02;17.22;36.86;179.87;852.67;180.15;908.00;898.80;80.43;0.22
12205;0.00;104.38;0.00;104.99;0.00;0.00;59.02;17.23;36.86;179.85;854.55;180.17;907.75;898.59;80.43;0.23
12210;0.00;105.01;0.00;105.03;0.00;0.00;59.01;17.22;36.85;179.85;858.78;180.21;909.85;899.90;80.43;0.21
12215;0.00;105.01;0.00;105.01;0.00;0.00;59.02;17.22;36.85;179.87;862.28;180.23;910.60;900.48;80.43;0.23
12220;0.00;105.01;0.00;105.17;0.00;0.00;59.02;17.27;36.84;179.88;860.94;180.25;910.49;900.50;80.43;0.23
12225;0.00;105.02;0.00;104.99;0.00;0.00;59.02;17.25;36.84;179.88;853.88;180.26;909.52;899.88;80.43;0.20
12230;0.00;105.02;0.00;105.00;0.00;0.00;59.02;17.22;36.83;179.87;851.81;180.25;907.35;898.26;80.43;0.21
12235;0.00;104.77;0.00;105.64;0.00;0.00;58.98;17.17;36.83;179.86;852.32;180.24;907.52;898.29;80.43;0.23
12240;0.00;105.00;0.00;105.03;0.00;0.00;59.01;17.22;36.82;179.83;855.90;180.21;908.65;899.03;80.43;0.21
12245;0.00;105.00;0.00;105.01;0.00;0.00;58.99;17.25;36.81;179.83;862.76;180.14;910.30;899.79;80.43;0.22
12250;0.00;105.51;0.00;105.01;0.00;0.00;59.01;17.22;36.81;179.84;859.25;180.14;909.92;900.03;80.43;0.23
12255;0.00;105.05;0.00;104.99;0.00;0.00;59.03;17.25;36.81;179.84;855.00;180.09;908.79;899.25;80.43;0.20
12260;0.00;105.03;0.00;104.99;0.00;0.00;59.03;17.20;36.80;179.84;851.24;180.08;907.61;898.38;80.43;0.22
12265;0.00;104.99;0.00;105.00;0.00;0.00;59.03;17.28;36.80;179.83;853.37;180.05;907.74;898.38;80.43;0.23
12270;0.00;105.01;0.00;105.03;0.00;0.00;59.01;17.22;36.80;179.82;857.26;180.04;909.06;899.22;80.43;0.22
12275;0.00;105.00;0.00;105.01;0.00;0.00;59.02;17.22;36.79;179.83;861.25;180.04;910.12;899.97;80.43;0.23
12280;0.00;105.33;0.00;104.88;0.00;0.00;58.94;17.22;36.80;179.83;857.57;180.06;910.38;900.30;80.43;0.23
12285;0.00;105.01;0.00;105.00;0.00;0.00;59.03;17.23;36.78;179.82;854.22;180.09;908.54;899.11;80.43;0.20
12290;0.00;105.01;0.00;105.01;0.00;0.00;59.05;17.22;36.79;179.82;852.37;180.12;907.54;898.37;80.43;0.22
12295;0.00;104.48;0.00;105.90;0.00;0.00;59.00;17.19;36.79;179.82;854.70;180.15;907.43;898.23;80.43;0.23
12300;0.00;104.99;0.00;105.03;0.00;0.00;59.03;17.23;36.78;179.83;858.96;180.23;909.72;898.85;80.43;0.21
12305;0.00;105.02;0.00;105.00;0.00;0.00;59.01;17.25;36.78;179.82;862.39;180.26;910.53;900.36;80.43;0.22
12310;0.00;104.99;0.00;104.99;0.00;0.00;59.06;17.31;36.77;179.81;860.53;180.30;910.44;900.43;80.43;0.23
12315;0.00;105.04;0.00;104.99;0.00;0.00;59.02;17.22;36.76;179.80;853.72;180.32;909.51;899.83;80.43;0.20
12320;0.00;105.02;0.00;105.01;0.00;0.00;59.02;17.19;36.75;179.79;851.63;180.31;907.45;898.32;80.43;0.21
12325;0.00;104.99;0.00;105.34;0.00;0.00;58.97;17.23;36.75;179.79;852.32;180.29;907.66;898.42;80.43;0.23
12330;0.00;104.98;0.00;105.03;0.00;0.00;59.01;17.27;36.73;179.81;856.18;180.28;908.83;899.15;80.43;0.21
12335;0.00;105.01;0.00;105.02;0.00;0.00;59.03;17.22;36.73;179.82;862.73;180.19;909.95;899.91;80.43;0.22
12340;0.00;105.01;0.00;105.01;0.00;0.00;59.01;17.19;36.72;179.82;858.89;180.16;910.00;900.10;80.43;0.23
12345;0.00;105.01;0.00;104.97;0.00;0.00;59.02;17.23;36.71;179.81;854.83;180.11;908.79;899.30;80.43;0.20
12350;0.00;105.01;0.00;105.01;0.00;0.00;59.01;17.27;36.71;179.79;851.25;180.08;907.63;898.44;80.43;0.22
12355;0.00;105.06;0.00;105.33;0.00;0.00;58.98;17.25;36.70;179.78;853.66;180.04;907.86;898.07;80.43;0.23
12360;0.00;104.99;0.00;105.03;0.00;0.00;59.02;17.23;36.69;179.78;857.57;180.05;909.17;899.32;80.43;0.22
12365;0.00;105.02;0.00;105.01;0.00;0.00;59.02;17.23;36.68;179.79;861.51;180.07;910.17;900.04;80.43;0.23
12370;0.00;105.45;0.00;104.23;0.00;0.00;59.01;17.19;36.67;179.81;857.27;180.13;910.37;900.30;80.43;0.23
12375;0.00;105.01;0.00;104.99;0.00;0.00;59.03;17.22;36.67;179.82;854.13;180.17;908.45;899.01;80.43;0.20
12380;0.00;105.01;0.00;105.01;0.00;0.00;59.02;17.22;36.66;179.81;852.38;180.21;907.41;898.26;80.43;0.22
12385;0.00;105.01;0.00;104.99;0.00;0.00;59.01;17.22;36.65;179.79;851.61;180.27;907.31;898.13;80.43;0.23
12390;0.00;105.00;0.00;105.04;0.00;0.00;59.02;17.23;36.64;179.79;858.97;180.33;909.56;898.74;80.43;0.21
12395;0.00;105.02;0.00;105.01;0.00;0.00;59.02;17.25;36.64;179.79;862.52;180.35;910.32;900.17;80.43;0.22
12400;0.00;105.05;0.00;105.24;0.00;0.00;59.00;17.23;36.62;179.78;860.47;180.36;910.20;900.21;80.43;0.23
12405;0.00;105.04;0.00;104.99;0.00;0.00;59.03;17.25;36.62;179.79;853.65;180.35;909.23;899.60;80.43;0.20
12410;0.00;105.02;0.00;105.00;0.00;0.00;59.04;17.23;36.61;179.79;851.56;180.30;907.25;898.13;80.43;0.21
12415;0.00;104.74;0.00;105.75;0.00;0.00;58.95;17.20;36.60;179.80;852.48;180.25;907.54;898.27;80.43;0.23
12420;0.00;104.98;0.00;105.02;0.00;0.00;59.01;17.23;36.58;179.78;856.15;180.22;908.76;899.05;80.43;0.21
12425;0.00;105.02;0.00;104.99;0.00;0.00;59.02;17.23;36.58;179.76;862.64;180.14;909.92;899.83;80.43;0.22
12430;0.00;105.50;0.00;103.93;0.00;0.00;59.02;17.19;36.57;179.75;858.87;180.11;910.00;900.08;80.43;0.23
12435;0.00;105.02;0.00;105.01;0.00;0.00;59.02;17.22;36.56;179.75;854.84;180.09;908.85;899.29;80.43;0.20
12440;0.00;105.01;0.00;105.01;0.00;0.00;59.02;17.23;36.55;179.77;851.29;180.09;907.68;898.44;80.43;0.22
12445;0.00;105.02;0.00;105.03;0.00;0.00;59.04;17.28;36.55;179.78;853.71;180.11;907.88;898.06;80.43;0.23
12450;0.00;104.99;0.00;105.02;0.00;0.00;59.01;17.20;36.55;179.78;857.63;180.14;909.14;899.26;80.43;0.22
12455;0.00;105.01;0.00;105.03;0.00;0.00;58.99;17.19;36.53;179.78;861.55;180.17;910.07;899.94;80.43;0.23
12460;0.00;105.42;0.00;104.36;0.00;0.00;59.00;17.22;36.54;179.75;857.26;180.21;910.20;900.14;80.43;0.23
12465;0.00;105.03;0.00;104.99;0.00;0.00;59.02;17.19;36.53;179.75;854.14;180.28;908.19;898.79;80.43;0.20
12470;0.00;105.04;0.00;104.99;0.00;0.00;59.02;17.22;36.53;179.75;852.20;180.31;907.21;898.06;80.43;0.22
12475;0.00;105.02;0.00;104.99;0.00;0.00;59.05;17.31;36.53;179.77;851.61;180.34;907.14;897.95;80.43;0.23
12480;0.00;104.98;0.00;105.03;0.00;0.00;59.02;17.23;36.53;179.78;859.20;180.37;908.20;898.61;80.43;0.21
12485;0.00;105.00;0.00;105.02;0.00;0.00;59.01;17.25;36.52;179.78;862.45;180.38;910.13;899.98;80.43;0.22
12490;0.00;105.10;0.00;105.20;0.00;0.00;58.99;17.22;36.51;179.77;860.02;180.37;909.96;899.96;80.43;0.23
12495;0.00;105.05;0.00;104.99;0.00;0.00;59.02;17.25;36.51;179.76;855.68;180.35;908.94;899.32;80.43;0.20
12500;0.00;105.03;0.00;105.01;0.00;0.00;59.02;17.22;36.52;179.74;851.26;180.27;907.07;898.25;80.43;0.21
12505;0.00;104.99;0.00;105.01;0.00;0.00;59.05;17.27;36.50;179.74;854.75;180.23;907.30;898.03;80.43;0.23
12510;0.00;104.99;0.00;105.03;0.00;0.00;59.01;17.20;36.49;179.75;857.95;180.16;909.19;899.24;80.43;0.22
12515;0.00;104.99;0.00;105.00;0.00;0.00;59.02;17.22;36.49;179.76;862.05;180.11;910.18;899.99;80.43;0.22
12520;0.00;104.99;0.00;104.99;0.00;0.00;59.04;17.36;36.48;179.78;858.12;180.04;909.99;900.33;80.43;0.23
12525;0.00;105.04;0.00;104.99;0.00;0.00;59.02;17.20;36.48;179.79;854.44;180.01;908.81;899.27;80.43;0.20
12530;0.00;105.03;0.00;105.00;0.00;0.00;59.01;17.25;36.47;179.78;852.64;180.01;907.74;898.51;80.43;0.22
12535;0.00;104.79;0.00;105.56;0.00;0.00;58.96;17.25;36.46;179.76;854.14;180.03;907.49;898.27;80.43;0.23
12540;0.00;104.99;0.00;105.03;0.00;0.00;59.02;17.23;36.46;179.74;858.38;180.07;909.65;899.65;80.43;0.21
12545;0.00;105.03;0.00;104.99;0.00;0.00;59.01;17.22;36.46;179.74;861.94;180.11;910.52;900.32;80.43;0.23
12550;0.00;105.51;0.00;103.90;0.00;0.00;59.02;17.25;36.45;179.76;861.06;180.16;910.55;900.47;80.43;0.23
12555;0.00;105.02;0.00;104.99;0.00;0.00;59.02;17.23;36.44;179.78;853.90;180.26;908.47;899.92;80.43;0.20
12560;0.00;105.01;0.00;104.99;0.00;0.00;59.02;17.23;36.44;179.79;851.88;180.30;907.56;898.37;80.43;0.21
12565;0.00;105.00;0.00;105.03;0.00;0.00;59.02;17.27;36.44;179.79;851.92;180.34;907.66;898.38;80.43;0.23
12570;0.00;104.99;0.00;105.03;0.00;0.00;59.02;17.20;36.43;179.78;859.75;180.36;908.74;899.09;80.43;0.21
12575;0.00;105.02;0.00;105.01;0.00;0.00;58.98;17.25;36.43;179.78;862.66;180.36;910.51;900.36;80.43;0.22
12580;0.00;105.37;0.00;104.67;0.00;0.00;58.95;17.19;36.43;179.78;859.44;180.33;910.19;900.23;80.43;0.23
12585;0.00;105.03;0.00;105.00;0.00;0.00;59.02;17.20;36.43;179.79;855.10;180.30;909.10;899.48;80.43;0.20
12590;0.00;105.00;0.00;105.01;0.00;0.00;59.02;17.23;36.42;179.79;851.22;180.20;907.89;898.60;80.43;0.21
12595;0.00;104.41;0.00;104.99;0.00;0.00;59.02;17.22;36.42;179.80;853.07;180.14;907.81;898.41;80.43;0.23
12600;0.00;105.00;0.00;105.03;0.00;0.00;59.01;17.22;36.41;179.80;856.90;180.08;909.08;899.26;80.43;0.22
12605;0.00;105.00;0.00;105.01;0.00;0.00;59.01;17.20;36.41;179.79;862.15;180.04;910.15;900.01;80.43;0.22
12610;0.00;105.04;0.00;105.26;0.00;0.00;59.00;17.27;36.40;179.80;857.71;179.98;909.90;900.34;80.43;0.23
12615;0.00;105.02;0.00;104.99;0.00;0.00;59.02;17.22;36.40;179.81;854.22;179.97;908.69;899.20;80.43;0.20
12620;0.00;105.03;0.00;105.01;0.00;0.00;59.02;17.22;36.40;179.82;852.55;179.98;907.66;898.44;80.43;0.22
12625;0.00;104.67;0.00;105.78;0.00;0.00;59.02;17.23;36.39;179.83;854.32;180.00;907.49;898.27;80.43;0.23
12630;0.00;104.99;0.00;105.04;0.00;0.00;59.00;17.20;36.39;179.83;858.30;180.09;909.77;899.76;80.43;0.21
12635;0.00;104.99;0.00;105.00;0.00;0.00;59.01;17.20;36.38;179.83;862.05;180.14;910.69;900.45;80.43;0.23
12640;0.00;105.01;0.00;104.99;0.00;0.00;59.01;17.22;36.38;179.83;860.64;180.20;910.71;900.61;80.43;0.23
12645;0.00;105.04;0.00;104.99;0.00;0.00;59.01;17.22;36.37;179.83;853.70;180.28;909.88;900.09;80.43;0.20
12650;0.00;105.01;0.00;105.01;0.00;0.00;59.02;17.22;36.38;179.83;851.79;180.32;907.80;898.59;80.43;0.21
12655;0.00;105.02;0.00;105.22;0.00;0.00;58.99;17.25;36.37;179.83;852.03;180.35;907.96;898.64;80.43;0.23
12660;0.00;105.00;0.00;105.02;0.00;0.00;59.02;17.20;36.37;179.83;859.72;180.33;909.09;899.37;80.43;0.21
12665;0.00;104.99;0.00;104.98;0.00;0.00;59.01;17.20;36.37;179.83;862.63;180.30;910.87;900.18;80.43;0.22
12670;0.00;105.37;0.00;104.74;0.00;0.00;58.95;17.20;36.37;179.84;859.08;180.26;910.55;900.56;80.43;0.22
12675;0.00;105.02;0.00;104.98;0.00;0.00;59.02;17.27;36.37;179.87;855.09;180.21;909.45;899.82;80.43;0.20
12680;0.00;105.01;0.00;104.99;0.00;0.00;59.02;17.25;36.36;179.88;851.24;180.12;908.24;898.94;80.43;0.21
12685;0.00;104.48;0.00;105.94;0.00;0.00;59.01;17.25;36.37;179.89;853.12;180.06;908.14;898.77;80.43;0.23
12690;0.00;104.99;0.00;105.01;0.00;0.00;59.03;17.19;36.37;179.88;857.23;180.01;909.40;899.57;80.43;0.22
12695;0.00;105.00;0.00;105.03;0.00;0.00;59.02;17.23;36.36;179.86;860.96;179.98;910.44;900.28;80.43;0.22
12700;0.00;105.00;0.00;104.99;0.00;0.00;59.01;17.30;36.36;179.85;857.43;179.96;910.03;900.56;80.43;0.23
12705;0.00;105.06;0.00;104.99;0.00;0.00;59.02;17.22;36.36;179.85;854.26;179.98;908.79;899.31;80.43;0.20
12710;0.00;104.99;0.00;104.99;0.00;0.00;59.02;17.20;36.36;179.86;852.44;180.00;907.73;898.54;80.43;0.22
12715;0.00;104.71;0.00;105.72;0.00;0.00;58.95;17.20;36.36;179.88;854.36;180.03;907.57;898.36;80.43;0.23
12720;0.00;104.98;0.00;105.04;0.00;0.00;59.01;17.23;36.36;179.89;858.57;180.11;909.81;898.96;80.43;0.21
12725;0.00;105.02;0.00;105.01;0.00;0.00;59.02;17.17;36.36;179.90;862.03;180.16;910.65;900.45;80.43;0.23
12730;0.00;105.01;0.00;104.99;0.00;0.00;58.99;17.25;36.36;179.89;860.55;180.20;910.63;900.55;80.43;0.23
12735;0.00;105.03;0.00;104.98;0.00;0.00;59.02;17.22;36.36;179.88;853.63;180.27;909.76;900.00;80.42;0.20
12740;0.00;105.01;0.00;104.99;0.00;0.00;59.04;17.20;36.36;179.87;851.57;180.28;907.69;898.50;80.42;0.21
12745;0.00;105.01;0.00;105.12;0.00;0.00;59.00;17.31;36.37;179.87;851.98;180.29;907.88;898.58;80.42;0.23
12750;0.00;105.00;0.00;105.02;0.00;0.00;59.02;17.23;36.37;179.88;859.92;180.28;909.10;899.34;80.42;0.21
12755;0.00;104.98;0.00;105.02;0.00;0.00;59.02;17.27;36.37;179.89;862.57;180.23;910.87;900.17;80.42;0.22
12760;0.00;105.37;0.00;104.72;0.00;0.00;59.01;17.20;36.37;179.90;859.00;180.19;910.55;900.55;80.42;0.23
12765;0.00;105.02;0.00;104.99;0.00;0.00;59.02;17.22;36.37;179.90;854.86;180.14;909.46;899.81;80.42;0.20
12770;0.00;105.03;0.00;104.99;0.00;0.00;59.03;17.20;36.37;179.90;851.17;180.10;908.22;898.95;80.42;0.22
12775;0.00;104.41;0.00;105.87;0.00;0.00;59.01;17.22;36.37;179.90;853.12;180.02;908.29;898.89;80.42;0.23
12780;0.00;104.97;0.00;105.04;0.00;0.00;59.02;17.20;36.37;179.90;857.22;180.01;909.58;899.71;80.42;0.22
12785;0.00;105.01;0.00;105.02;0.00;0.00;59.01;17.23;36.37;179.92;861.17;179.99;910.56;900.40;80.42;0.22
12790;0.00;105.01;0.00;104.99;0.00;0.00;59.03;17.31;36.37;179.92;857.38;180.01;910.80;900.67;80.42;0.23
12795;0.00;105.02;0.00;104.98;0.00;0.00;59.02;17.23;36.38;179.92;854.23;180.03;908.92;899.44;80.42;0.20
12800;0.00;105.02;0.00;105.00;0.00;0.00;59.01;17.20;36.38;179.92;852.40;180.06;907.85;898.65;80.42;0.22
12805;0.00;105.08;0.00;105.31;0.00;0.00;58.98;17.25;36.37;179.92;854.36;180.10;907.67;898.46;80.42;0.23
12810;0.00;104.99;0.00;105.02;0.00;0.00;59.00;17.25;36.38;179.93;858.56;180.19;909.87;899.06;80.42;0.21
12815;0.00;104.99;0.00;105.01;0.00;0.00;59.02;17.22;36.38;179.94;861.99;180.22;910.66;900.49;80.42;0.23
12820;0.00;105.37;0.00;104.67;0.00;0.00;58.94;17.20;36.38;179.94;860.46;180.25;910.58;900.55;80.42;0.23
12825;0.00;105.02;0.00;104.99;0.00;0.00;59.02;17.22;36.38;179.94;853.55;180.28;909.67;899.95;80.42;0.20
12830;0.00;105.02;0.00;105.00;0.00;0.00;59.01;17.23;36.38;179.95;851.49;180.28;907.64;898.46;80.42;0.21
12835;0.00;104.99;0.00;104.99;0.00;0.00;59.02;17.27;36.38;179.94;852.11;180.26;907.90;898.60;80.42;0.23
12840;0.00;104.97;0.00;105.03;0.00;0.00;59.00;17.22;36.37;179.93;855.70;180.23;909.14;899.39;80.42;0.21
12845;0.00;105.00;0.00;105.01;0.00;0.00;59.01;17.27;36.38;179.93;862.49;180.15;910.95;900.23;80.42;0.22
12850;0.00;105.03;0.00;105.08;0.00;0.00;58.99;17.28;36.38;179.95;858.91;180.11;910.62;900.61;80.42;0.23
12855;0.00;105.04;0.00;104.99;0.00;0.00;59.02;17.25;36.38;179.95;854.80;180.07;909.50;899.87;80.42;0.20
12860;0.00;105.02;0.00;105.01;0.00;0.00;59.03;17.25;36.38;179.97;851.14;180.03;908.34;899.05;80.42;0.22
12865;0.00;104.72;0.00;105.75;0.00;0.00;58.98;17.22;36.38;179.97;853.33;179.98;908.44;898.99;80.42;0.23
12870;0.00;104.99;0.00;105.03;0.00;0.00;59.01;17.20;36.38;179.97;857.22;179.97;909.71;899.81;80.42;0.22
12875;0.00;105.00;0.00;104.99;0.00;0.00;59.02;17.22;36.38;179.98;861.17;179.97;910.71;900.53;80.42;0.23
12880;0.00;105.01;0.00;105.00;0.00;0.00;58.99;17.22;36.38;179.98;857.37;180.01;910.95;900.82;80.42;0.23
12885;0.00;105.03;0.00;105.00;0.00;0.00;59.02;17.22;36.38;179.97;854.14;180.04;909.04;899.55;80.42;0.20
12890;0.00;105.01;0.00;105.01;0.00;0.00;59.03;17.20;36.38;179.96;852.43;180.07;907.97;898.76;80.42;0.22
12895;0.00;105.03;0.00;105.18;0.00;0.00;58.98;17.25;36.38;179.95;854.38;180.11;907.77;898.55;80.42;0.23
12900;0.00;105.01;0.00;105.03;0.00;0.00;59.02;17.22;36.38;179.97;858.59;180.21;909.89;899.12;80.42;0.21
12905;0.00;104.99;0.00;105.02;0.00;0.00;59.01;17.22;36.38;179.98;862.19;180.25;910.66;900.51;80.42;0.23
12910;0.00;105.45;0.00;104.36;0.00;0.00;58.98;17.22;36.39;180.01;860.45;180.27;910.63;900.57;80.42;0.23
12915;0.00;105.05;0.00;104.99;0.00;0.00;59.01;17.19;36.39;180.00;853.57;180.28;909.72;899.98;80.42;0.20
12920;0.00;105.02;0.00;104.99;0.00;0.00;59.02;17.22;36.39;180.00;851.49;180.26;907.65;898.51;80.42;0.21
12925;0.00;105.01;0.00;105.01;0.00;0.00;59.05;17.27;36.39;179.98;852.15;180.23;907.92;898.63;80.42;0.23
12930;0.00;105.00;0.00;105.02;0.00;0.00;59.02;17.20;36.39;179.97;855.74;180.20;909.13;899.41;80.42;0.21
12935;0.00;104.98;0.00;105.01;0.00;0.00;59.02;17.23;36.39;179.97;862.43;180.09;910.90;900.23;80.42;0.22
12940;0.00;105.08;0.00;105.23;0.00;0.00;58.98;17.23;36.39;179.98;858.85;180.04;910.57;900.59;80.42;0.23
12945;0.00;105.01;0.00;104.99;0.00;0.00;59.01;17.25;36.39;179.98;854.75;180.00;909.45;899.84;80.42;0.20
12950;0.00;105.02;0.00;104.99;0.00;0.00;59.02;17.19;36.38;180.00;851.12;179.96;908.27;899.01;80.42;0.22
12955;0.00;104.58;0.00;105.92;0.00;0.00;59.02;17.23;36.39;180.00;853.35;179.92;908.44;899.01;80.42;0.23
12960;0.00;105.00;0.00;105.02;0.00;0.00;59.01;17.20;36.39;180.00;857.24;179.91;909.76;899.85;80.42;0.22
12965;0.00;105.00;0.00;104.99;0.00;0.00;58.99;17.22;36.39;179.99;861.18;179.93;910.75;900.57;80.42;0.23
12970;0.00;104.99;0.00;104.99;0.00;0.00;59.04;17.34;36.39;179.99;857.34;180.01;910.94;900.82;80.42;0.23
12975;0.00;105.02;0.00;104.98;0.00;0.00;59.03;17.25;36.39;179.99;854.13;180.06;908.98;899.52;80.42;0.20
12980;0.00;105.02;0.00;104.99;0.00;0.00;59.03;17.22;36.39;180.00;852.26;180.10;907.95;898.75;80.42;0.22
12985;0.00;105.04;0.00;105.30;0.00;0.00;58.95;17.25;36.39;180.01;854.68;180.15;907.79;898.57;80.42;0.23
12990;0.00;104.98;0.00;105.04;0.00;0.00;59.00;17.20;36.39;180.00;858.88;180.23;909.97;899.17;80.42;0.21
12995;0.00;104.99;0.00;105.01;0.00;0.00;59.02;17.25;36.40;179.99;862.22;180.25;910.71;900.55;80.42;0.22
13000;0.00;105.46;0.00;104.40;0.00;0.00;59.02;17.20;36.40;179.98;860.14;180.26;910.59;900.58;80.42;0.23
13005;0.00;105.03;0.00;104.99;0.00;0.00;59.02;17.22;36.40;180.00;853.47;180.26;909.63;899.94;80.42;0.20
13010;0.00;105.00;0.00;104.99;0.00;0.00;59.02;17.22;36.40;180.01;851.49;180.20;907.61;898.46;80.42;0.21
13015;0.00;105.00;0.00;105.00;0.00;0.00;59.03;17.23;36.40;180.02;852.17;180.16;907.84;898.56;80.42;0.23
13020;0.00;105.01;0.00;105.03;0.00;0.00;59.01;17.28;36.40;180.01;855.75;180.12;909.04;899.32;80.42;0.21
13025;0.00;105.03;0.00;105.01;0.00;0.00;59.01;17.23;36.40;180.00;862.38;180.02;910.21;900.13;80.42;0.22
13030;0.00;105.00;0.00;105.00;0.00;0.00;59.03;17.30;36.40;180.00;858.76;179.97;910.35;900.42;80.42;0.23
13035;0.00;105.01;0.00;104.99;0.00;0.00;59.01;17.20;36.41;180.00;854.67;179.93;909.23;899.66;80.42;0.20
13040;0.00;104.99;0.00;105.01;0.00;0.00;59.02;17.20;36.41;180.00;851.06;179.91;908.07;898.84;80.42;0.22
13045;0.00;104.71;0.00;105.76;0.00;0.00;59.01;17.20;36.41;180.01;853.32;179.88;908.35;898.49;80.42;0.23
13050;0.00;105.00;0.00;105.03;0.00;0.00;59.01;17.22;36.41;180.02;857.20;179.90;909.68;899.78;80.42;0.22
13055;0.00;104.99;0.00;105.01;0.00;0.00;59.03;17.19;36.40;180.02;861.14;179.93;910.70;900.52;80.42;0.23
13060;0.00;105.00;0.00;105.14;0.00;0.00;58.99;17.28;36.40;180.02;861.54;179.97;910.83;900.76;80.42;0.23
13065;0.00;105.01;0.00;104.98;0.00;0.00;59.03;17.22;36.40;180.02;853.62;180.08;909.94;900.17;80.42;0.20
13070;0.00;105.01;0.00;104.97;0.00;0.00;59.01;17.23;36.40;180.01;851.56;180.13;907.85;898.69;80.42;0.21
13075;0.00;105.02;0.00;105.33;0.00;0.00;58.98;17.23;36.39;180.01;852.17;180.17;908.09;898.79;80.42;0.23
13080;0.00;105.01;0.00;105.03;0.00;0.00;59.02;17.19;36.38;179.99;855.74;180.21;909.29;899.54;80.42;0.21
13085;0.00;105.00;0.00;105.01;0.00;0.00;59.02;17.23;36.38;179.99;862.44;180.24;910.42;900.32;80.42;0.22
13090;0.00;105.46;0.00;104.48;0.00;0.00;58.98;17.25;36.39;179.99;858.61;180.22;910.49;900.56;80.42;0.23
13095;0.00;105.01;0.00;104.99;0.00;0.00;59.02;17.20;36.38;180.00;854.79;180.21;909.34;899.77;80.42;0.20
13100;0.00;105.01;0.00;105.01;0.00;0.00;59.02;17.23;36.38;180.03;851.11;180.17;908.13;898.90;80.42;0.22
13105;0.00;105.02;0.00;104.99;0.00;0.00;59.01;17.28;36.39;180.04;853.27;180.09;908.25;898.49;80.42;0.23
13110;0.00;105.01;0.00;105.01;0.00;0.00;59.02;17.22;36.39;180.03;857.40;180.03;909.53;899.68;80.42;0.22
13115;0.00;104.98;0.00;105.01;0.00;0.00;59.02;17.22;36.39;180.01;861.07;179.98;910.55;900.39;80.42;0.23
13120;0.00;105.01;0.00;105.12;0.00;0.00;58.99;17.28;36.39;179.99;857.00;179.89;910.74;900.65;80.42;0.23
13125;0.00;105.03;0.00;104.98;0.00;0.00;59.01;17.25;36.39;179.99;853.93;179.88;908.79;899.35;80.42;0.20
13130;0.00;105.02;0.00;105.00;0.00;0.00;59.02;17.23;36.40;180.00;852.19;179.88;907.81;898.63;80.42;0.22
13135;0.00;105.04;0.00;105.32;0.00;0.00;58.98;17.23;36.39;180.04;851.45;179.87;907.75;898.53;80.42;0.23
13140;0.00;104.99;0.00;105.03;0.00;0.00;59.01;17.25;36.40;180.06;858.77;179.92;908.76;899.18;80.42;0.21
13145;0.00;105.00;0.00;105.01;0.00;0.00;59.01;17.20;36.40;180.07;862.26;179.96;910.77;900.59;80.41;0.22
13150;0.00;105.46;0.00;104.30;0.00;0.00;58.99;17.19;36.41;180.06;859.83;180.00;910.63;900.59;80.41;0.23
13155;0.00;105.04;0.00;104.99;0.00;0.00;59.02;17.23;36.40;180.02;853.36;180.04;909.63;899.94;80.41;0.20
13160;0.00;105.01;0.00;105.02;0.00;0.00;59.02;17.23;36.41;179.99;851.38;180.12;907.67;899.06;80.41;0.21
13165;0.00;105.03;0.00;105.00;0.00;0.00;59.02;17.31;36.40;180.00;852.35;180.15;908.02;898.69;80.41;0.23
13170;0.00;104.99;0.00;105.03;0.00;0.00;59.01;17.22;36.41;180.02;856.27;180.17;909.24;899.47;80.41;0.21
13175;0.00;105.01;0.00;105.01;0.00;0.00;59.01;17.23;36.41;180.04;862.31;180.17;910.37;900.24;80.41;0.22
13180;0.00;105.04;0.00;105.26;0.00;0.00;58.98;17.27;36.40;180.06;858.22;180.14;910.31;900.39;80.40;0.23
13185;0.00;105.02;0.00;104.99;0.00;0.00;59.01;17.28;36.41;180.07;854.58;180.11;909.15;899.57;80.41;0.20
13190;0.00;105.03;0.00;104.99;0.00;0.00;59.02;17.23;36.41;180.05;852.78;180.08;907.98;898.76;80.41;0.22
13195;0.00;104.60;0.00;105.91;0.00;0.00;58.99;17.20;36.41;180.03;853.51;180.00;908.31;898.41;80.41;0.23
13200;0.00;104.98;0.00;105.03;0.00;0.00;59.03;17.23;36.42;180.03;857.66;179.97;909.62;899.69;80.41;0.21
13205;0.00;105.02;0.00;105.01;0.00;0.00;59.02;17.23;36.42;180.02;861.51;179.93;910.56;900.39;80.41;0.23
13210;0.00;104.99;0.00;104.99;0.00;0.00;59.03;17.36;36.42;180.03;856.68;179.90;910.68;900.60;80.41;0.23
13215;0.00;105.03;0.00;104.99;0.00;0.00;59.02;17.27;36.42;180.05;853.81;179.87;908.67;900.11;80.41;0.20
13220;0.00;105.01;0.00;105.00;0.00;0.00;59.02;17.19;36.43;180.04;852.01;179.88;907.72;898.54;80.41;0.22
13225;0.00;105.05;0.00;105.31;0.00;0.00;59.00;17.27;36.43;180.03;851.59;179.88;907.71;898.47;80.41;0.23
13230;0.00;105.00;0.00;105.01;0.00;0.00;59.02;17.22;36.43;180.04;859.04;179.93;908.75;899.16;80.41;0.21
13235;0.00;105.01;0.00;104.99;0.00;0.00;59.01;17.20;36.43;180.03;862.36;179.98;910.71;900.54;80.41;0.22
13240;0.00;105.41;0.00;104.47;0.00;0.00;58.98;17.19;36.43;180.02;859.48;180.02;910.51;900.50;80.41;0.23
13245;0.00;105.02;0.00;105.00;0.00;0.00;58.99;17.22;36.43;180.02;855.29;180.06;909.49;899.81;80.41;0.20
13250;0.00;105.02;0.00;104.99;0.00;0.00;59.02;17.20;36.44;180.03;851.14;180.10;907.60;898.95;80.41;0.21
13255;0.00;105.00;0.00;104.99;0.00;0.00;59.02;17.20;36.44;180.04;852.52;180.14;908.05;898.70;80.41;0.23
13260;0.00;105.00;0.00;105.02;0.00;0.00;59.01;17.22;36.44;180.05;856.50;180.14;909.29;899.51;80.41;0.21
13265;0.00;105.01;0.00;104.99;0.00;0.00;59.00;17.22;36.44;180.05;862.11;180.15;910.40;900.26;80.41;0.22
13270;0.00;105.02;0.00;105.24;0.00;0.00;59.00;17.25;36.44;180.05;857.84;180.12;910.23;900.63;80.41;0.23
13275;0.00;105.03;0.00;104.99;0.00;0.00;59.04;17.22;36.45;180.04;854.25;180.09;909.01;899.50;80.41;0.20
13280;0.00;105.00;0.00;105.00;0.00;0.00;59.04;17.25;36.45;180.01;852.62;180.05;907.94;898.73;80.41;0.22
13285;0.00;104.62;0.00;105.87;0.00;0.00;59.01;17.22;36.45;180.02;854.00;179.97;907.69;898.49;80.41;0.23
13290;0.00;104.99;0.00;105.02;0.00;0.00;59.03;17.23;36.45;180.04;857.93;179.94;909.85;899.91;80.41;0.21
13295;0.00;105.02;0.00;105.00;0.00;0.00;59.00;17.22;36.44;180.05;861.72;179.91;910.77;900.58;80.41;0.23
13300;0.00;105.01;0.00;105.01;0.00;0.00;59.00;17.20;36.44;180.07;860.72;179.89;910.81;900.73;80.41;0.23
13305;0.00;105.03;0.00;104.99;0.00;0.00;59.02;17.22;36.44;180.06;853.70;179.85;908.73;900.21;80.41;0.20
13310;0.00;105.02;0.00;105.00;0.00;0.00;59.03;17.25;36.45;180.05;851.69;179.86;907.83;898.67;80.40;0.21
13315;0.00;105.02;0.00;105.00;0.00;0.00;59.05;17.30;36.44;180.04;851.79;179.88;907.94;898.66;80.40;0.23
13320;0.00;104.98;0.00;105.03;0.00;0.00;58.99;17.20;36.44;180.03;859.57;179.90;909.02;899.39;80.40;0.21
13325;0.00;105.01;0.00;105.01;0.00;0.00;59.01;17.22;36.45;180.02;862.41;179.96;910.74;900.14;80.41;0.22
13330;0.00;105.31;0.00;104.78;0.00;0.00;58.97;17.23;36.44;180.02;859.14;180.01;910.39;900.44;80.41;0.23
13335;0.00;105.01;0.00;104.99;0.00;0.00;59.02;17.22;36.44;180.05;854.89;180.04;909.26;899.69;80.40;0.20
13340;0.00;105.00;0.00;105.01;0.00;0.00;59.00;17.20;36.45;180.05;851.09;180.10;908.04;898.81;80.40;0.21
13345;0.00;104.40;0.00;105.00;0.00;0.00;59.02;17.22;36.44;180.05;852.97;180.12;907.96;898.63;80.40;0.23
13350;0.00;104.99;0.00;105.03;0.00;0.00;59.02;17.20;36.45;180.04;856.77;180.13;909.27;899.46;80.41;0.22
13355;0.00;104.99;0.00;104.99;0.00;0.00;58.99;17.23;36.45;180.04;860.75;180.13;910.34;900.21;80.41;0.22
13360;0.00;104.99;0.00;104.99;0.00;0.00;59.02;17.31;36.45;180.04;857.50;180.10;910.07;900.54;80.40;0.23
13365;0.00;105.02;0.00;105.01;0.00;0.00;59.03;17.20;36.46;180.06;854.09;180.07;908.86;899.37;80.40;0.20
13370;0.00;105.01;0.00;105.01;0.00;0.00;59.02;17.23;36.45;180.05;852.44;180.04;907.80;898.62;80.40;0.22
13375;0.00;105.06;0.00;105.31;0.00;0.00;58.99;17.22;36.45;180.05;854.25;180.00;907.63;898.43;80.40;0.23
13380;0.00;105.00;0.00;105.01;0.00;0.00;59.03;17.23;36.45;180.04;858.46;179.94;909.89;899.90;80.41;0.21
13385;0.00;105.00;0.00;105.01;0.00;0.00;59.01;17.22;36.45;180.04;861.90;179.92;910.73;900.55;80.40;0.23
13390;0.00;105.48;0.00;104.18;0.00;0.00;59.01;17.22;36.45;180.05;860.38;179.91;910.69;900.65;80.40;0.23
13395;0.00;105.01;0.00;104.98;0.00;0.00;59.02;17.22;36.45;180.04;853.56;179.91;909.79;900.07;80.41;0.20
13400;0.00;104.99;0.00;105.01;0.00;0.00;59.02;17.23;36.45;180.04;851.51;179.93;907.73;898.57;80.41;0.21
13405;0.00;104.99;0.00;104.99;0.00;0.00;59.04;17.31;36.44;180.04;852.13;179.95;907.95;898.65;80.40;0.23
13410;0.00;104.97;0.00;105.02;0.00;0.00;59.02;17.25;36.45;180.05;855.70;179.98;909.12;899.41;80.40;0.21
13415;0.00;105.00;0.00;105.01;0.00;0.00;59.02;17.20;36.44;180.06;862.36;180.06;910.78;900.18;80.40;0.22
13420;0.00;105.08;0.00;105.24;0.00;0.00;58.98;17.23;36.43;180.08;858.80;180.11;910.38;900.43;80.40;0.23
13425;0.00;105.00;0.00;104.99;0.00;0.00;59.02;17.22;36.43;180.07;854.71;180.13;909.25;899.65;80.40;0.20
13430;0.00;105.01;0.00;105.01;0.00;0.00;59.03;17.22;36.44;180.03;851.06;180.15;908.03;898.82;80.40;0.22
13435;0.00;104.55;0.00;105.97;0.00;0.00;59.00;17.22;36.43;180.02;853.24;180.16;908.24;898.42;80.41;0.23
13440;0.00;104.98;0.00;105.01;0.00;0.00;59.00;17.25;36.43;180.00;857.35;180.15;909.54;899.64;80.41;0.22
13445;0.00;104.99;0.00;104.99;0.00;0.00;59.01;17.22;36.44;180.03;861.00;180.13;910.51;900.35;80.41;0.23
13450;0.00;105.50;0.00;104.99;0.00;0.00;59.02;17.20;36.43;180.06;856.91;180.07;910.68;900.59;80.40;0.23
13455;0.00;105.03;0.00;104.99;0.00;0.00;59.02;17.27;36.44;180.07;853.87;180.03;908.69;899.27;80.40;0.20
13460;0.00;105.03;0.00;104.99;0.00;0.00;59.03;17.22;36.43;180.08;852.14;179.98;907.70;898.53;80.40;0.22
13465;0.00;104.99;0.00;105.02;0.00;0.00;59.02;17.28;36.44;180.06;851.41;179.95;907.63;898.42;80.40;0.23
13470;0.00;104.99;0.00;105.01;0.00;0.00;59.01;17.20;36.44;180.05;858.96;179.89;908.66;899.08;80.40;0.21
13475;0.00;104.98;0.00;105.02;0.00;0.00;59.01;17.27;36.44;180.05;862.18;179.88;910.65;900.49;80.40;0.22
13480;0.00;105.37;0.00;104.71;0.00;0.00;58.95;17.23;36.44;180.04;859.73;179.88;910.48;900.48;80.40;0.23
13485;0.00;105.02;0.00;104.97;0.00;0.00;59.03;17.23;36.45;180.05;853.30;179.89;909.48;899.82;80.40;0.20
13490;0.00;105.00;0.00;105.00;0.00;0.00;59.00;17.20;36.45;180.05;851.22;179.94;907.55;898.94;80.41;0.21
13495;0.00;104.99;0.00;105.00;0.00;0.00;59.02;17.20;36.45;180.05;852.51;179.98;907.96;898.64;80.40;0.23
13500;0.00;104.99;0.00;105.01;0.00;0.00;59.01;17.23;36.46;180.05;856.47;180.02;909.19;899.44;80.40;0.21
13505;0.00;104.99;0.00;104.99;0.00;0.00;59.01;17.23;36.45;180.04;862.09;180.06;910.33;900.22;80.40;0.22
13510;0.00;105.00;0.00;105.01;0.00;0.00;59.02;17.27;36.46;180.04;857.85;180.12;910.15;900.59;80.40;0.23
13515;0.00;105.02;0.00;105.01;0.00;0.00;59.02;17.25;36.46;180.04;854.26;180.14;908.95;899.47;80.41;0.20
13520;0.00;105.02;0.00;105.00;0.00;0.00;59.02;17.27;36.47;180.04;852.62;180.15;907.83;898.65;80.40;0.22
13525;0.00;104.86;0.00;105.42;0.00;0.00;58.98;17.20;36.47;180.04;853.96;180.13;907.53;898.37;80.41;0.23
13530;0.00;104.96;0.00;105.04;0.00;0.00;59.02;17.23;36.47;180.06;858.13;180.11;909.62;899.72;80.41;0.21
13535;0.00;105.00;0.00;105.00;0.00;0.00;59.02;17.22;36.47;180.07;861.63;180.06;910.48;900.34;80.41;0.23
13540;0.00;105.51;0.00;103.79;0.00;0.00;58.99;17.19;36.47;180.08;860.64;180.04;910.48;900.45;80.40;0.23
13545;0.00;105.03;0.00;104.99;0.00;0.00;59.02;17.22;36.47;180.06;853.61;179.96;909.61;899.88;80.40;0.20
13550;0.00;105.00;0.00;105.00;0.00;0.00;59.01;17.22;36.48;180.05;851.60;179.93;907.49;898.37;80.40;0.21
13555;0.00;105.02;0.00;104.99;0.00;0.00;59.06;17.30;36.48;180.03;851.85;179.91;907.67;898.41;80.40;0.23
13560;0.00;105.01;0.00;105.01;0.00;0.00;59.02;17.25;36.48;180.03;859.46;179.90;908.83;899.17;80.40;0.21
13565;0.00;105.00;0.00;105.01;0.00;0.00;59.01;17.22;36.49;180.04;862.33;179.91;910.64;899.98;80.40;0.22
13570;0.00;105.29;0.00;104.86;0.00;0.00;58.94;17.20;36.49;180.05;858.80;179.93;910.32;900.38;80.40;0.22
13575;0.00;105.00;0.00;104.99;0.00;0.00;59.02;17.22;36.49;180.06;854.86;179.97;909.22;899.65;80.40;0.20
13580;0.00;105.01;0.00;105.00;0.00;0.00;59.02;17.23;36.49;180.06;851.04;180.01;907.99;898.76;80.41;0.22
13585;0.00;104.53;0.00;105.96;0.00;0.00;59.02;17.23;36.49;180.06;853.19;180.09;908.10;898.72;80.40;0.23
13590;0.00;104.98;0.00;105.03;0.00;0.00;59.01;17.25;36.50;180.05;857.04;180.12;909.36;899.54;80.40;0.22
13595;0.00;104.99;0.00;105.01;0.00;0.00;59.01;17.25;36.50;180.02;860.96;180.14;910.37;900.23;80.40;0.23
13600;0.00;105.00;0.00;105.00;0.00;0.00;59.04;17.36;36.50;180.01;856.93;180.18;910.56;900.48;80.40;0.23
13605;0.00;105.02;0.00;104.99;0.00;0.00;59.00;17.22;36.49;180.01;853.99;180.17;908.58;899.18;80.40;0.20
13610;0.00;105.00;0.00;104.99;0.00;0.00;59.05;17.22;36.50;180.02;852.16;180.15;907.57;898.42;80.40;0.22
13615;0.00;105.08;0.00;105.27;0.00;0.00;58.99;17.20;36.50;180.08;851.39;180.12;907.51;898.31;80.40;0.23
13620;0.00;105.02;0.00;105.03;0.00;0.00;59.03;17.19;36.50;180.09;858.91;180.04;908.51;898.95;80.40;0.21
13625;0.00;104.99;0.00;104.99;0.00;0.00;59.01;17.22;36.50;180.09;862.12;180.01;910.46;900.32;80.41;0.22
13630;0.00;105.43;0.00;104.56;0.00;0.00;59.01;17.17;36.50;180.08;859.72;179.97;910.24;900.28;80.40;0.23
13635;0.00;105.02;0.00;105.00;0.00;0.00;59.05;17.28;36.51;180.00;853.15;179.93;909.22;899.59;80.40;0.20
13640;0.00;105.02;0.00;105.01;0.00;0.00;59.03;17.22;36.50;179.97;851.18;179.90;907.33;898.70;80.40;0.21
13645;0.00;104.98;0.00;105.00;0.00;0.00;58.99;17.25;36.51;179.97;852.41;179.92;907.74;898.45;80.40;0.23
13650;0.00;105.00;0.00;105.01;0.00;0.00;59.02;17.22;36.51;180.00;856.37;179.93;909.05;899.27;80.40;0.21
13655;0.00;104.99;0.00;105.02;0.00;0.00;58.99;17.22;36.51;180.05;861.89;179.94;910.21;900.09;80.40;0.22
13660;0.00;105.13;0.00;105.19;0.00;0.00;58.98;17.25;36.51;180.07;857.82;180.01;910.10;900.49;80.40;0.23
13665;0.00;105.03;0.00;104.97;0.00;0.00;59.01;17.20;36.51;180.07;854.22;180.05;908.91;899.41;80.41;0.20
13670;0.00;105.01;0.00;104.99;0.00;0.00;59.02;17.22;36.51;180.04;852.46;180.09;907.79;898.62;80.41;0.22
13675;0.00;104.46;0.00;105.93;0.00;0.00;58.98;17.23;36.52;180.02;853.89;180.16;907.53;898.36;80.40;0.23
13680;0.00;105.00;0.00;105.04;0.00;0.00;59.02;17.20;36.51;180.01;858.07;180.18;909.67;899.71;80.40;0.21
13685;0.00;105.01;0.00;104.99;0.00;0.00;59.02;17.27;36.52;180.00;861.76;180.19;910.51;900.35;80.40;0.23
13690;0.00;104.99;0.00;105.01;0.00;0.00;59.06;17.36;36.52;180.02;860.66;180.19;910.48;900.46;80.40;0.23
13695;0.00;105.02;0.00;105.00;0.00;0.00;59.02;17.22;36.52;180.04;853.52;180.15;909.59;899.88;80.40;0.20
13700;0.00;105.00;0.00;105.01;0.00;0.00;59.02;17.25;36.52;180.06;851.47;180.12;907.48;898.34;80.40;0.21
13705;0.00;105.10;0.00;105.29;0.00;0.00;59.02;17.28;36.52;180.07;851.99;180.09;907.66;898.41;80.40;0.23
13710;0.00;105.00;0.00;105.02;0.00;0.00;59.01;17.22;36.52;180.05;855.52;180.04;908.84;899.16;80.40;0.21
13715;0.00;105.00;0.00;105.01;0.00;0.00;59.01;17.25;36.52;180.02;862.27;179.96;910.56;899.97;80.40;0.22
13720;0.00;105.46;0.00;104.26;0.00;0.00;58.99;17.27;36.53;179.99;858.50;179.93;910.18;900.25;80.40;0.23
13725;0.00;105.04;0.00;105.00;0.00;0.00;59.03;17.23;36.53;179.98;854.68;179.92;909.03;899.48;80.40;0.20
13730;0.00;105.01;0.00;105.01;0.00;0.00;59.03;17.27;36.53;180.02;850.99;179.90;907.86;898.62;80.40;0.22
13735;0.00;105.02;0.00;105.00;0.00;0.00;59.06;17.34;36.53;180.05;853.34;179.90;908.07;898.25;80.40;0.23
13740;0.00;104.99;0.00;105.02;0.00;0.00;59.02;17.25;36.53;180.07;857.47;179.94;909.42;899.52;80.40;0.21
13745;0.00;104.99;0.00;105.01;0.00;0.00;59.01;17.25;36.53;180.08;861.09;179.99;910.39;900.25;80.40;0.23
13750;0.00;105.04;0.00;105.25;0.00;0.00;59.01;17.27;36.53;180.05;856.66;180.03;910.55;900.47;80.40;0.23
13755;0.00;105.01;0.00;105.01;0.00;0.00;59.02;17.25;36.53;180.02;853.76;180.09;908.54;899.14;80.40;0.20
13760;0.00;105.00;0.00;105.01;0.00;0.00;59.02;17.23;36.53;180.00;851.83;180.12;907.57;898.42;80.41;0.22
13765;0.00;104.61;0.00;105.88;0.00;0.00;58.99;17.22;36.54;180.01;851.47;180.17;907.57;898.35;80.41;0.23
13770;0.00;104.99;0.00;105.03;0.00;0.00;59.01;17.22;36.53;180.03;859.09;180.18;908.62;899.02;80.40;0.21
13775;0.00;104.98;0.00;104.99;0.00;0.00;59.01;17.20;36.53;180.06;862.26;180.20;910.50;900.36;80.40;0.22
13780;0.00;105.00;0.00;105.01;0.00;0.00;59.06;17.36;36.53;180.06;859.45;180.17;910.25;900.28;80.40;0.23
13785;0.00;105.03;0.00;104.99;0.00;0.00;59.01;17.23;36.53;180.05;855.06;180.15;909.21;899.58;80.40;0.20
13790;0.00;105.01;0.00;105.00;0.00;0.00;59.02;17.22;36.53;180.03;851.11;180.08;907.96;898.71;80.40;0.21
13795;0.00;105.06;0.00;105.31;0.00;0.00;58.99;17.22;36.53;180.02;852.60;180.04;907.84;898.51;80.40;0.23
13800;0.00;104.98;0.00;105.04;0.00;0.00;59.01;17.27;36.53;180.02;856.60;179.99;909.14;899.35;80.40;0.22
13805;0.00;105.00;0.00;105.01;0.00;0.00;58.99;17.22;36.54;180.03;861.89;179.96;910.21;900.09;80.41;0.22
13810;0.00;105.45;0.00;104.49;0.00;0.00;59.02;17.23;36.54;180.04;857.56;179.91;909.94;900.43;80.40;0.23
13815;0.00;105.02;0.00;104.99;0.00;0.00;59.02;17.23;36.54;180.05;854.10;179.90;908.72;899.24;80.40;0.20
13820;0.00;104.99;0.00;105.01;0.00;0.00;59.01;17.22;36.54;180.06;852.32;179.90;907.63;898.45;80.40;0.22
13825;0.00;105.00;0.00;105.00;0.00;0.00;59.05;17.33;36.54;180.06;854.09;179.91;907.42;898.24;80.40;0.23
13830;0.00;105.00;0.00;105.01;0.00;0.00;59.01;17.23;36.54;180.06;858.26;179.96;909.62;898.82;80.41;0.21
13835;0.00;105.00;0.00;104.99;0.00;0.00;59.01;17.22;36.54;180.05;861.87;180.01;910.38;900.26;80.41;0.23
13840;0.00;105.16;0.00;105.10;0.00;0.00;58.98;17.23;36.55;180.04;860.09;180.04;910.27;900.28;80.40;0.23
13845;0.00;105.03;0.00;104.99;0.00;0.00;59.03;17.23;36.55;180.02;853.28;180.09;909.33;899.63;80.40;0.20
13850;0.00;105.01;0.00;105.01;0.00;0.00;59.01;17.25;36.55;180.02;851.33;180.17;907.30;898.17;80.40;0.21
13855;0.00;104.51;0.00;105.95;0.00;0.00;59.03;17.27;36.55;180.03;852.13;180.18;907.61;898.35;80.41;0.23
13860;0.00;104.95;0.00;105.03;0.00;0.00;59.02;17.22;36.55;180.04;855.98;180.21;908.84;899.13;80.40;0.21
13865;0.00;105.01;0.00;105.00;0.00;0.00;59.02;17.25;36.56;180.05;862.05;180.21;910.02;899.93;80.40;0.22
13870;0.00;105.01;0.00;104.98;0.00;0.00;59.05;17.37;36.55;180.05;858.21;180.17;910.01;900.12;80.40;0.23
13875;0.00;105.01;0.00;104.99;0.00;0.00;59.01;17.25;36.55;180.04;854.37;180.14;908.85;899.32;80.40;0.20
13880;0.00;105.02;0.00;105.00;0.00;0.00;59.02;17.25;36.56;180.04;852.61;180.11;907.68;898.49;80.40;0.22
13885;0.00;105.08;0.00;105.31;0.00;0.00;58.99;17.25;36.55;180.04;853.52;180.02;907.35;898.19;80.40;0.23
13890;0.00;104.99;0.00;105.01;0.00;0.00;59.01;17.22;36.56;180.04;857.67;179.98;909.43;899.52;80.40;0.21
13895;0.00;105.00;0.00;104.99;0.00;0.00;59.01;17.25;36.56;180.03;861.46;179.95;910.35;900.21;80.41;0.23
13900;0.00;105.46;0.00;104.42;0.00;0.00;59.01;17.23;36.56;180.04;856.14;179.94;910.42;900.37;80.40;0.23
13905;0.00;105.01;0.00;105.00;0.00;0.00;59.02;17.23;36.56;180.04;853.66;179.95;908.33;899.85;80.40;0.20
13910;0.00;105.03;0.00;105.00;0.00;0.00;59.03;17.17;36.55;180.05;851.70;179.97;907.42;898.29;80.40;0.21
13915;0.00;105.00;0.00;104.99;0.00;0.00;59.03;17.27;36.56;180.05;851.76;179.99;907.53;898.31;80.40;0.23
13920;0.00;104.98;0.00;105.03;0.00;0.00;59.01;17.27;36.56;180.04;859.54;180.04;908.69;899.05;80.41;0.21
13925;0.00;104.99;0.00;105.01;0.00;0.00;59.02;17.23;36.56;180.03;862.28;180.11;910.45;899.83;80.41;0.22
13930;0.00;105.08;0.00;105.22;0.00;0.00;58.97;17.23;36.56;180.01;858.89;180.16;910.09;900.17;80.40;0.23
13935;0.00;105.02;0.00;104.99;0.00;0.00;59.02;17.27;36.56;180.00;854.72;180.18;908.98;899.40;80.40;0.20
13940;0.00;105.01;0.00;104.99;0.00;0.00;59.00;17.23;36.56;180.02;850.99;180.22;907.77;898.54;80.41;0.22
13945;0.00;104.55;0.00;105.91;0.00;0.00;59.00;17.22;36.55;180.04;853.24;180.24;907.95;898.16;80.41;0.23
13950;0.00;104.99;0.00;105.01;0.00;0.00;59.02;17.23;36.56;180.06;857.09;180.24;909.26;899.42;80.40;0.22
13955;0.00;104.98;0.00;104.99;0.00;0.00;59.01;17.22;36.57;180.06;860.99;180.20;910.29;900.15;80.40;0.23
13960;0.00;104.99;0.00;105.01;0.00;0.00;59.05;17.30;36.56;180.05;856.77;180.18;910.48;900.40;80.40;0.23
13965;0.00;105.00;0.00;105.00;0.00;0.00;59.03;17.22;36.56;180.03;853.81;180.10;908.54;899.08;80.40;0.20
13970;0.00;105.01;0.00;105.01;0.00;0.00;58.99;17.25;36.56;180.01;852.08;180.05;907.52;898.37;80.41;0.22
13975;0.00;104.76;0.00;105.62;0.00;0.00;58.97;17.23;36.57;180.01;851.45;180.02;907.50;898.30;80.40;0.23
13980;0.00;105.00;0.00;105.03;0.00;0.00;59.04;17.25;36.56;180.02;859.02;179.95;908.56;898.95;80.40;0.21
13985;0.00;104.99;0.00;105.01;0.00;0.00;59.00;17.19;36.57;180.04;862.18;179.94;910.49;900.34;80.41;0.22
13990;0.00;105.51;0.00;105.00;0.00;0.00;58.99;17.22;36.57;180.07;859.61;179.94;910.27;900.30;80.41;0.23
13995;0.00;105.02;0.00;104.98;0.00;0.00;59.01;17.23;36.57;180.06;855.18;179.95;909.22;899.58;80.40;0.20
14000;0.00;105.03;0.00;104.99;0.00;0.00;59.02;17.20;36.57;180.05;851.10;180.00;907.97;898.69;80.40;0.21
14005;0.00;105.01;0.00;104.99;0.00;0.00;59.04;17.31;36.57;180.03;852.56;180.04;907.73;898.43;80.40;0.23
14010;0.00;105.00;0.00;105.03;0.00;0.00;59.03;17.31;36.58;180.03;856.52;180.10;909.01;899.25;80.40;0.22
14015;0.00;105.00;0.00;104.99;0.00;0.00;59.01;17.23;36.57;180.07;861.78;180.14;910.07;899.98;80.40;0.22
14020;0.00;105.18;0.00;105.05;0.00;0.00;58.97;17.25;36.58;180.08;857.37;180.22;909.75;900.28;80.41;0.23
14025;0.00;105.01;0.00;104.99;0.00;0.00;59.02;17.25;36.58;180.08;853.69;180.25;908.23;899.92;80.41;0.20
14030;0.00;105.01;0.00;105.01;0.00;0.00;58.99;17.22;36.58;180.07;851.76;180.26;907.33;898.18;80.41;0.22
14035;0.00;105.02;0.00;105.19;0.00;0.00;59.00;17.28;36.58;180.05;851.67;180.26;907.40;898.18;80.41;0.23
14040;0.00;105.00;0.00;105.03;0.00;0.00;59.02;17.20;36.58;180.02;859.17;180.24;908.54;898.91;80.40;0.21
14045;0.00;105.00;0.00;105.01;0.00;0.00;59.01;17.22;36.59;180.01;862.27;180.18;910.43;900.29;80.40;0.22
14050;0.00;105.24;0.00;104.92;0.00;0.00;58.96;17.23;36.59;180.02;859.06;180.14;910.17;900.21;80.41;0.23
14055;0.00;105.04;0.00;104.97;0.00;0.00;59.02;17.23;36.58;180.06;855.01;180.10;909.09;899.48;80.41;0.20
14060;0.00;105.01;0.00;105.00;0.00;0.00;59.01;17.23;36.59;180.06;851.06;180.02;907.89;898.64;80.40;0.21
14065;0.00;104.50;0.00;105.94;0.00;0.00;58.98;17.27;36.59;180.05;852.92;180.00;907.82;898.46;80.41;0.23
14070;0.00;104.99;0.00;105.03;0.00;0.00;59.01;17.19;36.59;180.04;856.71;179.97;909.08;899.28;80.40;0.22
14075;0.00;104.99;0.00;105.00;0.00;0.00;59.02;17.22;36.59;180.04;862.22;179.97;910.40;899.96;80.41;0.22
14080;0.00;105.48;0.00;103.82;0.00;0.00;58.98;17.22;36.59;180.05;859.54;179.97;910.20;900.23;80.41;0.23
14085;0.00;105.00;0.00;104.99;0.00;0.00;59.03;17.22;36.59;180.03;853.33;179.99;909.20;899.55;80.40;0.20
14090;0.00;105.00;0.00;104.99;0.00;0.00;59.01;17.23;36.59;180.03;851.26;180.05;907.25;898.68;80.40;0.21
14095;0.00;105.03;0.00;105.01;0.00;0.00;59.03;17.31;36.60;180.04;852.36;180.09;907.63;898.34;80.41;0.23
14100;0.00;104.97;0.00;105.03;0.00;0.00;59.02;17.23;36.60;180.04;856.27;180.14;908.90;899.13;80.40;0.21
14105;0.00;104.99;0.00;105.01;0.00;0.00;58.98;17.25;36.59;180.03;862.10;180.17;910.03;899.94;80.40;0.22
14110;0.00;105.25;0.00;104.98;0.00;0.00;58.98;17.23;36.60;180.04;857.97;180.23;909.96;900.10;80.41;0.23
14115;0.00;105.04;0.00;104.97;0.00;0.00;59.03;17.23;36.60;180.04;854.30;180.24;908.77;899.26;80.40;0.20
14120;0.00;105.02;0.00;104.99;0.00;0.00;59.02;17.27;36.61;180.04;852.56;180.25;907.64;898.45;80.41;0.22
14125;0.00;104.56;0.00;105.94;0.00;0.00;59.02;17.25;36.60;180.03;853.80;180.22;907.34;898.17;80.41;0.23
14130;0.00;104.99;0.00;105.03;0.00;0.00;59.01;17.20;36.61;180.03;857.95;180.19;909.43;899.50;80.40;0.21
14135;0.00;105.02;0.00;104.99;0.00;0.00;59.01;17.23;36.61;180.02;861.66;180.15;910.28;900.15;80.40;0.23
14140;0.00;104.99;0.00;104.99;0.00;0.00;59.03;17.31;36.61;180.02;860.48;180.11;910.28;900.26;80.40;0.23
14145;0.00;105.02;0.00;104.99;0.00;0.00;59.02;17.22;36.61;180.02;853.45;180.04;909.37;899.68;80.40;0.20
14150;0.00;105.01;0.00;105.00;0.00;0.00;59.03;17.25;36.61;180.02;851.54;180.00;907.25;898.14;80.40;0.21
14155;0.00;104.89;0.00;105.44;0.00;0.00;58.97;17.19;36.61;180.03;851.91;179.98;907.43;898.19;80.41;0.23
14160;0.00;104.99;0.00;105.02;0.00;0.00;59.01;17.23;36.62;180.05;855.64;179.97;908.60;898.93;80.41;0.21
14165;0.00;105.00;0.00;105.00;0.00;0.00;58.99;17.19;36.62;180.07;862.16;179.98;909.78;899.73;80.41;0.22
14170;0.00;105.46;0.00;103.78;0.00;0.00;59.01;17.22;36.61;180.07;858.56;180.00;909.90;900.01;80.41;0.23
14175;0.00;105.03;0.00;104.99;0.00;0.00;59.02;17.20;36.62;180.06;854.53;180.04;908.74;899.24;80.41;0.20
14180;0.00;105.01;0.00;104.99;0.00;0.00;59.01;17.19;36.61;180.03;850.98;180.06;907.61;898.40;80.40;0.22
14185;0.00;105.01;0.00;104.99;0.00;0.00;59.03;17.28;36.62;180.02;853.45;180.15;907.94;898.06;80.41;0.23
14190;0.00;104.99;0.00;105.03;0.00;0.00;59.01;17.25;36.62;180.01;857.32;180.19;909.27;899.38;80.41;0.21
14195;0.00;105.02;0.00;105.01;0.00;0.00;59.02;17.22;36.62;180.01;861.17;180.20;910.26;900.11;80.41;0.23
14200;0.00;105.06;0.00;105.26;0.00;0.00;59.01;17.25;36.62;180.04;856.46;180.22;910.38;900.32;80.41;0.23
14205;0.00;105.00;0.00;104.99;0.00;0.00;59.00;17.27;36.62;180.05;853.67;180.24;908.36;899.84;80.41;0.20
14210;0.00;105.01;0.00;105.01;0.00;0.00;59.03;17.23;36.62;180.06;851.89;180.22;907.42;898.29;80.41;0.22
14215;0.00;104.66;0.00;105.83;0.00;0.00;58.99;17.22;36.62;180.06;851.55;180.20;907.47;898.26;80.41;0.23
14220;0.00;105.00;0.00;105.02;0.00;0.00;59.02;17.22;36.62;180.04;859.20;180.18;908.59;898.95;80.41;0.21
14225;0.00;104.99;0.00;105.02;0.00;0.00;58.99;17.22;36.62;180.03;862.23;180.12;910.43;900.30;80.40;0.22
14230;0.00;105.02;0.00;105.00;0.00;0.00;59.00;17.22;36.62;180.01;859.25;180.07;910.13;900.19;80.41;0.23
14235;0.00;105.03;0.00;104.99;0.00;0.00;59.01;17.23;36.62;180.02;854.94;180.05;909.06;899.43;80.41;0.20
14240;0.00;105.01;0.00;104.99;0.00;0.00;59.03;17.23;36.62;180.03;851.04;180.00;907.84;898.60;80.41;0.21
14245;0.00;105.00;0.00;105.01;0.00;0.00;59.02;17.28;36.62;180.04;852.95;179.99;907.80;898.49;80.41;0.23
14250;0.00;104.98;0.00;105.02;0.00;0.00;59.01;17.23;36.63;180.06;856.74;180.00;909.12;899.30;80.41;0.22
14255;0.00;104.99;0.00;105.01;0.00;0.00;59.01;17.23;36.63;180.07;860.68;180.01;910.17;900.05;80.41;0.22
14260;0.00;105.45;0.00;104.31;0.00;0.00;58.98;17.20;36.63;180.06;857.10;180.07;910.42;900.33;80.41;0.23
14265;0.00;105.03;0.00;104.99;0.00;0.00;59.03;17.22;36.64;180.04;853.93;180.11;908.53;899.06;80.41;0.20
14270;0.00;104.98;0.00;105.01;0.00;0.00;59.01;17.28;36.63;180.03;852.11;180.15;907.49;898.33;80.41;0.22
14275;0.00;105.02;0.00;104.99;0.00;0.00;59.04;17.30;36.63;180.02;851.28;180.19;907.37;898.18;80.41;0.23
14280;0.00;104.98;0.00;105.01;0.00;0.00;59.01;17.25;36.63;180.03;858.65;180.24;909.62;898.79;80.41;0.21
14285;0.00;104.97;0.00;105.03;0.00;0.00;59.03;17.25;36.63;180.03;862.09;180.26;910.35;900.22;80.41;0.22
14290;0.00;105.11;0.00;105.21;0.00;0.00;58.98;17.27;36.64;180.04;859.64;180.27;910.19;900.21;80.41;0.23
14295;0.00;105.03;0.00;104.98;0.00;0.00;59.02;17.23;36.64;180.04;853.26;180.26;909.19;899.53;80.41;0.20
14300;0.00;105.01;0.00;105.00;0.00;0.00;59.01;17.28;36.64;180.04;851.19;180.21;907.22;898.66;80.41;0.21
14305;0.00;104.61;0.00;105.90;0.00;0.00;59.01;17.22;36.64;180.03;852.47;180.17;907.59;898.29;80.41;0.23
14310;0.00;104.99;0.00;105.03;0.00;0.00;59.02;17.20;36.64;180.03;856.41;180.14;908.85;899.10;80.41;0.21
14315;0.00;105.03;0.00;105.02;0.00;0.00;59.02;17.22;36.65;180.03;861.96;180.10;909.93;899.84;80.40;0.22
14320;0.00;104.99;0.00;105.00;0.00;0.00;59.06;17.33;36.65;180.03;857.72;180.04;909.73;900.20;80.41;0.23
14325;0.00;105.04;0.00;104.99;0.00;0.00;59.02;17.20;36.65;180.03;854.15;180.02;908.49;899.04;80.41;0.20
14330;0.00;105.01;0.00;104.99;0.00;0.00;59.02;17.23;36.65;180.03;852.39;180.00;907.43;898.24;80.41;0.22
14335;0.00;104.93;0.00;105.42;0.00;0.00;58.98;17.22;36.65;180.03;854.12;180.00;907.20;898.02;80.41;0.23
14340;0.00;105.00;0.00;105.03;0.00;0.00;59.02;17.27;36.65;180.03;858.02;180.02;909.41;899.47;80.41;0.21
14345;0.00;105.00;0.00;105.01;0.00;0.00;59.02;17.22;36.65;180.03;861.69;180.04;910.27;900.11;80.41;0.23
14350;0.00;105.49;0.00;104.03;0.00;0.00;59.01;17.20;36.65;180.04;860.22;180.06;910.23;900.20;80.41;0.23
14355;0.00;105.02;0.00;105.00;0.00;0.00;59.02;17.23;36.65;180.03;853.34;180.15;909.32;899.59;80.41;0.20
14360;0.00;105.02;0.00;105.00;0.00;0.00;59.03;17.20;36.65;180.02;851.29;180.19;907.28;898.14;80.41;0.21
14365;0.00;105.02;0.00;105.01;0.00;0.00;59.02;17.33;36.65;180.01;852.00;180.21;907.57;898.28;80.41;0.23
14370;0.00;104.99;0.00;105.03;0.00;0.00;59.03;17.19;36.66;180.02;855.80;180.24;908.79;899.06;80.41;0.21
14375;0.00;105.00;0.00;105.01;0.00;0.00;59.02;17.23;36.66;180.03;862.12;180.27;909.99;899.88;80.41;0.22
14380;0.00;105.26;0.00;105.01;0.00;0.00;58.96;17.22;36.66;180.05;858.11;180.26;910.02;900.12;80.41;0.23
14385;0.00;105.03;0.00;104.98;0.00;0.00;59.04;17.22;36.66;180.04;854.49;180.25;908.84;899.30;80.41;0.20
14390;0.00;105.01;0.00;105.01;0.00;0.00;59.01;17.23;36.67;180.02;852.72;180.22;907.70;898.49;80.41;0.22
14395;0.00;104.47;0.00;105.91;0.00;0.00;59.02;17.23;36.66;180.01;853.62;180.15;907.30;898.14;80.41;0.23
14400;0.00;104.99;0.00;105.02;0.00;0.00;59.01;17.22;36.67;180.00;857.75;180.11;909.31;899.40;80.41;0.21
14405;0.00;104.99;0.00;104.99;0.00;0.00;59.02;17.25;36.66;179.99;861.49;180.08;910.18;900.05;80.41;0.23
14410;0.00;104.99;0.00;104.99;0.00;0.00;59.03;17.31;36.67;180.02;856.28;180.05;910.21;900.18;80.41;0.23
14415;0.00;105.01;0.00;104.99;0.00;0.00;59.02;17.23;36.67;180.05;853.59;180.01;908.07;899.64;80.41;0.20
14420;0.00;105.03;0.00;104.99;0.00;0.00;59.03;17.22;36.67;180.06;851.61;180.01;907.16;898.05;80.41;0.21
14425;0.00;104.65;0.00;105.83;0.00;0.00;59.02;17.22;36.67;180.05;851.77;180.02;907.28;898.06;80.41;0.23
14430;0.00;104.98;0.00;105.03;0.00;0.00;59.01;17.23;36.67;180.02;859.29;180.03;908.42;898.80;80.41;0.21
14435;0.00;105.01;0.00;105.01;0.00;0.00;59.02;17.23;36.67;180.00;862.18;180.08;910.23;900.10;80.41;0.22
14440;0.00;104.99;0.00;105.00;0.00;0.00;58.99;17.22;36.67;179.99;859.61;180.10;910.04;900.07;80.41;0.23
14445;0.00;105.03;0.00;104.99;0.00;0.00;59.02;17.23;36.67;180.01;853.09;180.14;909.07;899.39;80.41;0.20
14450;0.00;104.99;0.00;105.01;0.00;0.00;59.01;17.23;36.67;180.03;851.14;180.21;907.16;898.54;80.40;0.21
14455;0.00;105.09;0.00;105.28;0.00;0.00;59.01;17.25;36.67;180.06;852.38;180.23;907.60;898.30;80.41;0.23
14460;0.00;105.00;0.00;105.02;0.00;0.00;59.01;17.23;36.67;180.07;856.31;180.25;908.92;899.13;80.41;0.21
14465;0.00;105.01;0.00;105.00;0.00;0.00;58.99;17.27;36.68;180.07;861.77;180.26;910.03;899.92;80.41;0.22
14470;0.00;105.43;0.00;104.48;0.00;0.00;59.00;17.23;36.67;180.05;857.45;180.23;909.85;900.29;80.41;0.23
14475;0.00;105.02;0.00;104.98;0.00;0.00;59.02;17.23;36.67;180.03;854.17;180.22;908.65;899.15;80.41;0.20
14480;0.00;105.01;0.00;104.99;0.00;0.00;59.01;17.25;36.68;180.00;852.45;180.19;907.56;898.37;80.41;0.22
14485;0.00;105.01;0.00;104.99;0.00;0.00;59.03;17.25;36.68;180.01;854.15;180.13;907.36;898.18;80.41;0.23
