Dauer (s);MFC-1 (mln/min);MFC-2 (mln/min);MFC-3 (mln/min);MFC-4 (mln/min);MFC-5 (mln/min);MFC-6 (mln/min);MFC-7 (mln/min);MFC-8 (mln/min);TIC-1 (°C);TIC-2 (°C);TIC-3 (°C);TIC-4 (°C);TIR-1 (°C);TIR-2 (°C);HIR-1 (°C);PIR-1 (bar)
5;0.00;104.99;0.00;104.97;0.00;0.00;59.01;17.22;32.11;180.00;456.58;179.93;460.78;455.25;80.19;0.06
10;0.00;104.99;0.00;104.99;0.00;0.00;58.99;17.22;32.11;180.01;456.29;179.89;459.15;453.72;80.19;0.06
15;0.00;105.03;0.00;104.98;0.00;0.00;58.98;17.20;32.12;180.02;455.95;179.83;458.17;452.79;80.19;0.06
20;0.00;104.99;0.00;104.99;0.00;0.00;58.98;17.19;32.12;180.00;455.19;179.78;457.18;451.90;80.19;0.06
25;0.00;104.97;0.00;104.99;0.00;0.00;59.01;17.22;32.12;179.99;454.77;179.72;455.25;450.10;80.19;0.06
30;0.00;104.98;0.00;104.96;0.00;0.00;59.00;17.22;32.12;179.97;454.34;179.71;454.31;449.19;80.19;0.06
35;0.00;104.97;0.00;104.99;0.00;0.00;59.00;17.22;32.13;179.98;453.92;179.71;453.35;448.30;80.19;0.06
40;0.00;104.99;0.00;104.99;0.00;0.00;58.99;17.22;32.12;179.99;452.98;179.73;452.42;447.44;80.19;0.06
45;0.00;105.00;0.00;104.98;0.00;0.00;58.99;17.20;32.11;180.01;452.49;179.83;450.54;445.68;80.19;0.06
50;0.00;104.98;0.00;104.99;0.00;0.00;58.97;17.20;32.12;180.02;451.99;179.89;449.66;444.86;80.19;0.05
55;0.00;104.99;0.00;104.99;0.00;0.00;59.02;17.22;32.13;180.02;451.49;179.95;448.86;444.07;80.19;0.05
60;0.00;104.95;0.00;104.97;0.00;0.00;59.02;17.22;32.13;180.00;450.52;180.05;448.27;443.44;80.19;0.05
65;0.00;104.99;0.00;104.99;0.00;0.00;58.98;17.19;32.12;179.99;450.05;180.07;448.11;443.00;80.19;0.05
70;0.00;105.00;0.00;105.00;0.00;0.00;58.98;17.22;32.13;179.97;449.59;180.10;448.67;443.31;80.19;0.05
75;0.00;105.01;0.00;104.99;0.00;0.00;59.00;17.20;32.12;180.00;449.19;180.12;449.71;444.04;80.19;0.05
80;0.00;104.98;0.00;104.99;0.00;0.00;58.98;17.19;32.12;180.00;448.55;180.10;451.21;445.18;80.19;0.05
85;0.00;104.98;0.00;104.99;0.00;0.00;58.98;17.22;32.13;180.01;448.34;180.07;455.63;448.74;80.19;0.05
90;0.00;105.01;0.00;104.97;0.00;0.00;59.01;17.22;32.13;180.00;448.21;180.02;458.48;451.19;80.19;0.05
95;0.00;105.00;0.00;104.99;0.00;0.00;58.99;17.20;32.13;180.00;448.18;179.98;461.63;453.89;80.19;0.05
100;0.00;105.01;0.00;105.00;0.00;0.00;58.99;17.22;32.13;179.99;448.43;179.86;464.88;456.73;80.19;0.05
105;0.00;105.00;0.00;104.98;0.00;0.00;58.98;17.22;32.14;179.99;448.68;179.82;471.67;462.72;80.19;0.05
110;0.00;105.01;0.00;104.99;0.00;0.00;59.01;17.20;32.13;179.99;449.05;179.79;474.76;465.64;80.19;0.05
115;0.00;105.00;0.00;104.99;0.00;0.00;59.02;17.20;32.13;179.98;450.02;179.77;477.57;468.25;80.19;0.05
120;0.00;104.98;0.00;104.96;0.00;0.00;58.98;17.20;32.13;179.98;450.59;179.76;481.60;470.55;80.19;0.05
125;0.00;104.98;0.00;104.98;0.00;0.00;58.99;17.22;32.14;179.97;451.17;179.79;482.75;473.70;80.19;0.05
130;0.00;104.98;0.00;104.99;0.00;0.00;58.99;17.22;32.14;179.98;451.83;179.81;483.42;474.55;80.19;0.05
135;0.00;104.99;0.00;104.99;0.00;0.00;59.02;17.20;32.14;180.01;453.17;179.86;483.69;475.02;80.19;0.05
140;0.00;104.98;0.00;104.99;0.00;0.00;58.99;17.23;32.14;180.02;453.82;179.96;483.37;475.18;80.19;0.05
145;0.00;104.98;0.00;105.00;0.00;0.00;59.00;17.22;32.15;180.01;454.45;180.02;482.90;474.81;80.19;0.05
150;0.00;104.98;0.00;104.97;0.00;0.00;59.01;17.22;32.16;179.99;455.02;180.06;482.28;474.38;80.19;0.05
155;0.00;104.98;0.00;104.99;0.00;0.00;59.02;17.22;32.15;179.96;456.08;180.09;481.58;473.82;80.19;0.05
160;0.00;104.99;0.00;104.99;0.00;0.00;59.02;17.19;32.15;179.95;456.54;180.11;479.91;472.47;80.19;0.05
165;0.00;105.01;0.00;105.00;0.00;0.00;59.02;17.23;32.15;179.96;456.94;180.11;478.99;471.68;80.19;0.04
170;0.00;104.97;0.00;104.99;0.00;0.00;58.99;17.23;32.14;180.00;457.28;180.09;478.05;470.88;80.19;0.04
175;0.00;104.99;0.00;104.99;0.00;0.00;58.98;17.22;32.15;180.01;457.84;180.02;477.06;470.02;80.19;0.04
180;0.00;105.00;0.00;104.97;0.00;0.00;59.00;17.17;32.15;180.02;458.04;179.97;475.05;468.25;80.19;0.04
185;0.00;104.99;0.00;105.01;0.00;0.00;59.01;17.22;32.16;180.02;458.20;179.91;474.04;467.32;80.19;0.04
190;0.00;105.01;0.00;104.99;0.00;0.00;59.01;17.20;32.16;179.96;458.31;179.86;472.98;466.41;80.19;0.04
195;0.00;105.02;0.00;104.98;0.00;0.00;58.99;17.20;32.16;179.95;458.41;179.80;471.96;465.46;80.19;0.04
200;0.00;105.00;0.00;105.00;0.00;0.00;58.98;17.22;32.16;179.96;458.40;179.79;469.85;463.58;80.19;0.04
205;0.00;104.99;0.00;105.00;0.00;0.00;59.02;17.22;32.16;179.96;458.35;179.79;468.82;462.62;80.19;0.04
210;0.00;104.99;0.00;104.97;0.00;0.00;58.98;17.23;32.15;180.00;458.27;179.80;467.77;461.69;80.19;0.04
215;0.00;104.98;0.00;105.01;0.00;0.00;59.01;17.20;32.16;180.00;458.00;179.85;466.72;460.73;80.19;0.04
220;0.00;105.00;0.00;104.99;0.00;0.00;58.99;17.20;32.16;179.99;457.81;179.90;464.66;458.84;80.19;0.04
225;0.00;105.02;0.00;104.99;0.00;0.00;59.00;17.20;32.17;179.97;457.59;179.95;463.66;457.89;80.19;0.04
230;0.00;105.00;0.00;104.98;0.00;0.00;59.00;17.19;32.17;179.95;457.08;180.00;462.63;456.95;80.19;0.04
235;0.00;104.99;0.00;104.99;0.00;0.00;58.98;17.22;32.17;179.95;456.81;180.08;460.63;456.04;80.19;0.04
240;0.00;104.98;0.00;104.98;0.00;0.00;58.99;17.19;32.18;179.97;456.49;180.10;459.62;454.17;80.19;0.04
245;0.00;105.01;0.00;104.99;0.00;0.00;59.01;17.20;32.17;180.00;456.14;180.10;458.62;453.24;80.19;0.04
250;0.00;104.98;0.00;104.98;0.00;0.00;58.98;17.22;32.16;179.99;455.39;180.09;457.65;452.35;80.19;0.04
255;0.00;104.99;0.00;104.99;0.00;0.00;59.02;17.19;32.19;179.98;454.99;180.05;455.72;451.43;80.19;0.04
260;0.00;104.98;0.00;104.98;0.00;0.00;58.98;17.20;32.18;179.96;454.59;180.02;454.76;449.64;80.19;0.04
265;0.00;105.00;0.00;104.99;0.00;0.00;59.02;17.20;32.18;179.95;454.16;179.98;453.81;448.75;80.19;0.04
270;0.00;105.00;0.00;104.97;0.00;0.00;59.01;17.20;32.18;179.97;453.23;179.94;452.86;447.89;80.19;0.04
275;0.00;105.00;0.00;104.99;0.00;0.00;59.00;17.20;32.18;179.99;452.75;179.86;451.00;447.00;80.19;0.04
280;0.00;104.99;0.00;104.99;0.00;0.00;58.98;17.17;32.18;180.01;452.25;179.84;450.08;445.27;80.19;0.03
285;0.00;105.01;0.00;104.97;0.00;0.00;59.01;17.17;32.18;180.01;451.78;179.83;449.23;444.45;80.19;0.03
290;0.00;105.00;0.00;104.98;0.00;0.00;59.02;17.20;32.18;180.00;450.77;179.83;448.52;443.74;80.19;0.03
295;0.00;104.99;0.00;105.01;0.00;0.00;59.01;17.22;32.19;179.97;450.29;179.86;447.99;443.00;80.19;0.03
300;0.00;104.98;0.00;104.97;0.00;0.00;59.00;17.22;32.18;179.95;449.83;179.88;448.33;443.12;80.19;0.03
305;0.00;104.99;0.00;105.00;0.00;0.00;59.01;17.22;32.17;179.95;449.42;179.91;449.14;443.65;80.19;0.03
310;0.00;104.99;0.00;104.97;0.00;0.00;59.00;17.20;32.17;179.97;448.71;179.98;450.44;444.61;80.19;0.03
315;0.00;105.01;0.00;104.99;0.00;0.00;59.01;17.20;32.20;179.99;448.45;180.02;454.41;447.77;80.19;0.03
320;0.00;104.99;0.00;105.00;0.00;0.00;59.01;17.20;32.20;180.00;448.28;180.06;456.98;449.97;80.19;0.03
325;0.00;104.99;0.00;104.99;0.00;0.00;58.99;17.20;32.19;180.01;448.20;180.08;459.96;452.43;80.19;0.03
330;0.00;105.01;0.00;104.99;0.00;0.00;58.99;17.23;32.18;180.00;448.34;180.10;463.11;455.22;80.19;0.03
335;0.00;104.97;0.00;105.01;0.00;0.00;59.02;17.22;32.20;179.98;448.55;180.10;469.80;461.16;80.19;0.03
340;0.00;104.98;0.00;105.00;0.00;0.00;58.99;17.20;32.20;179.97;448.87;180.08;473.08;464.13;80.19;0.03
345;0.00;105.03;0.00;104.99;0.00;0.00;58.99;17.22;32.19;179.96;449.29;180.05;476.10;466.94;80.19;0.03
350;0.00;105.02;0.00;104.99;0.00;0.00;58.99;17.22;32.19;179.97;450.28;179.98;480.63;469.38;80.19;0.03
355;0.00;104.98;0.00;104.99;0.00;0.00;59.01;17.22;32.19;179.98;450.87;179.94;482.10;472.99;80.19;0.03
360;0.00;104.99;0.00;104.97;0.00;0.00;58.98;17.22;32.18;179.98;451.51;179.88;483.01;474.08;80.19;0.03
365;0.00;104.99;0.00;104.99;0.00;0.00;58.98;17.23;32.20;179.99;452.79;179.84;483.46;474.72;80.19;0.03
370;0.00;104.97;0.00;105.00;0.00;0.00;58.99;17.20;32.20;179.98;453.45;179.78;483.40;475.03;80.19;0.03
375;0.00;105.02;0.00;104.99;0.00;0.00;59.01;17.20;32.18;179.98;454.09;179.79;483.01;474.87;80.19;0.03
380;0.00;104.99;0.00;105.30;0.00;0.00;59.27;17.31;32.17;179.97;454.69;179.80;482.48;474.50;80.19;0.03
385;0.00;104.98;0.00;105.18;0.00;0.00;59.17;17.28;32.19;179.97;455.80;179.83;481.81;474.01;80.19;0.16
390;0.00;105.30;0.00;104.93;0.00;0.00;59.15;17.27;32.19;179.98;456.26;179.98;480.21;473.41;80.19;0.34
395;0.00;105.17;0.00;104.99;0.00;0.00;59.20;17.28;32.20;179.98;456.71;180.06;479.31;471.98;80.19;0.60
400;0.00;104.55;0.00;104.99;0.00;0.00;58.53;17.00;32.20;179.98;457.10;180.16;478.39;471.19;80.19;0.70
405;0.00;104.89;0.00;104.97;0.00;0.00;58.84;17.14;32.21;179.96;457.07;180.23;477.41;470.34;80.19;0.38
410;0.00;104.99;0.00;104.94;0.00;0.00;58.95;17.19;32.21;179.96;456.92;180.35;475.42;468.59;80.19;0.24
415;0.00;104.99;0.00;104.97;0.00;0.00;58.98;17.22;32.21;179.96;456.82;180.38;474.41;467.70;80.19;0.16
420;0.00;105.05;0.00;104.91;0.00;0.00;59.01;17.20;32.23;179.99;456.79;180.37;473.37;466.77;80.19;0.14
425;0.00;105.03;0.00;104.99;0.00;0.00;59.02;17.23;32.24;179.99;456.63;180.30;472.34;465.83;80.19;0.14
430;0.00;105.02;0.00;104.99;0.00;0.00;59.02;17.22;32.24;179.99;456.37;180.23;470.26;463.95;80.19;0.16
435;0.00;104.94;0.00;105.09;0.00;0.00;59.01;17.22;32.24;179.98;456.14;180.16;469.20;463.01;80.19;0.17
440;0.00;104.99;0.00;104.99;0.00;0.00;59.00;17.20;32.24;179.97;456.03;180.09;468.15;462.05;80.19;0.18
445;0.00;105.00;0.00;104.98;0.00;0.00;58.97;17.23;32.26;179.97;455.70;179.99;467.13;461.09;80.19;0.17
450;0.00;105.05;0.00;104.93;0.00;0.00;58.99;17.20;32.26;179.98;455.27;179.96;465.03;459.21;80.19;0.15
455;0.00;105.01;0.00;104.99;0.00;0.00;59.02;17.25;32.28;179.98;454.86;179.95;464.02;458.25;80.19;0.14
460;0.00;105.00;0.00;105.00;0.00;0.00;59.01;17.22;32.28;179.99;454.42;179.96;462.99;457.33;80.19;0.17
465;0.00;104.92;0.00;105.09;0.00;0.00;59.00;17.23;32.28;179.98;453.57;180.04;460.97;456.38;80.19;0.17
470;0.00;105.00;0.00;104.98;0.00;0.00;59.01;17.22;32.29;179.98;453.32;180.09;459.96;454.49;80.19;0.17
475;0.00;105.00;0.00;104.99;0.00;0.00;58.98;17.19;32.31;179.96;453.02;180.16;458.97;453.59;80.19;0.16
480;0.00;105.05;0.00;104.93;0.00;0.00;59.02;17.20;32.29;179.97;451.86;180.25;457.98;452.66;80.19;0.13
485;0.00;105.04;0.00;105.00;0.00;0.00;59.02;17.20;32.31;179.96;451.28;180.41;456.02;451.76;80.19;0.13
490;0.00;105.00;0.00;104.99;0.00;0.00;59.02;17.20;32.32;179.96;450.64;180.47;455.10;449.98;80.19;0.15
495;0.00;104.93;0.00;105.09;0.00;0.00;59.01;17.22;32.33;179.96;450.12;180.51;454.38;449.23;80.19;0.16
500;0.00;105.01;0.00;104.98;0.00;0.00;58.99;17.19;32.33;179.97;449.54;180.54;453.93;448.71;80.19;0.17
505;0.00;104.99;0.00;104.98;0.00;0.00;58.99;17.20;32.32;179.98;449.11;180.54;454.28;448.51;80.19;0.16
510;0.00;105.04;0.00;104.92;0.00;0.00;58.99;17.22;32.33;179.99;448.52;180.50;455.10;449.22;80.19;0.13
515;0.00;105.02;0.00;104.99;0.00;0.00;59.05;17.22;32.33;179.99;448.04;180.44;456.31;450.15;80.19;0.14
520;0.00;105.00;0.00;105.00;0.00;0.00;59.01;17.20;32.32;179.97;447.30;180.37;458.01;451.44;80.19;0.16
525;0.00;104.94;0.00;105.07;0.00;0.00;59.01;17.22;32.29;179.95;447.23;180.21;462.78;455.38;80.19;0.18
530;0.00;104.99;0.00;104.99;0.00;0.00;59.00;17.22;32.31;179.93;447.38;180.14;465.84;457.90;80.19;0.17
535;0.00;104.97;0.00;104.99;0.00;0.00;58.98;17.20;32.29;179.93;447.64;180.08;469.10;460.78;80.19;0.16
540;0.00;105.05;0.00;104.91;0.00;0.00;59.01;17.23;32.30;179.94;447.94;180.04;472.56;463.81;80.19;0.13
545;0.00;105.03;0.00;105.01;0.00;0.00;59.04;17.23;32.30;179.96;448.27;180.04;478.95;469.66;80.19;0.13
550;0.00;105.01;0.00;105.00;0.00;0.00;59.02;17.23;32.29;179.97;448.56;180.08;481.70;472.28;80.19;0.17
555;0.00;104.93;0.00;105.08;0.00;0.00;59.03;17.22;32.30;179.97;448.95;180.14;483.93;474.47;80.19;0.16
560;0.00;104.99;0.00;104.98;0.00;0.00;59.01;17.19;32.28;179.94;450.37;180.30;485.68;476.28;80.19;0.17
565;0.00;104.99;0.00;104.98;0.00;0.00;58.99;17.19;32.28;179.93;451.23;180.40;487.53;478.46;80.19;0.17
570;0.00;105.08;0.00;104.91;0.00;0.00;58.99;17.20;32.28;179.90;451.91;180.50;487.80;478.94;80.19;0.13
575;0.00;105.04;0.00;104.99;0.00;0.00;59.02;17.23;32.27;179.89;452.50;180.58;487.76;479.09;80.19;0.14
580;0.00;105.01;0.00;104.99;0.00;0.00;59.01;17.25;32.24;179.91;453.41;180.69;487.47;478.99;80.19;0.16
585;0.00;104.93;0.00;105.09;0.00;0.00;59.02;17.22;32.26;179.92;453.87;180.71;486.35;478.24;80.19;0.18
590;0.00;104.99;0.00;104.98;0.00;0.00;58.99;17.22;32.26;179.95;454.48;180.70;485.59;477.66;80.19;0.18
595;0.00;104.98;0.00;104.98;0.00;0.00;58.99;17.19;32.26;179.97;455.65;180.67;484.77;477.00;80.19;0.16
600;0.00;105.04;0.00;104.94;0.00;0.00;58.99;17.22;32.26;179.95;455.96;180.54;482.90;476.25;80.19;0.15
605;0.00;105.03;0.00;105.00;0.00;0.00;59.05;17.22;32.24;179.92;456.23;180.45;481.93;474.60;80.19;0.13
610;0.00;105.03;0.00;104.99;0.00;0.00;59.04;17.23;32.25;179.89;456.30;180.36;480.90;473.70;80.19;0.17
615;0.00;104.92;0.00;105.09;0.00;0.00;59.02;17.22;32.24;179.87;456.50;180.29;479.87;472.81;80.19;0.17
620;0.00;104.98;0.00;104.98;0.00;0.00;58.99;17.22;32.24;179.88;456.79;180.16;477.76;471.87;80.19;0.17
625;0.00;105.00;0.00;104.99;0.00;0.00;58.99;17.20;32.24;179.91;457.04;180.13;476.67;469.96;80.19;0.17
630;0.00;105.07;0.00;104.92;0.00;0.00;59.01;17.23;32.23;179.93;457.00;180.13;475.61;468.98;80.19;0.13
635;0.00;105.03;0.00;105.00;0.00;0.00;59.02;17.25;32.23;179.94;456.75;180.15;474.52;468.02;80.18;0.14
640;0.00;105.01;0.00;104.99;0.00;0.00;59.05;17.22;32.21;179.94;456.45;180.25;472.37;467.03;80.19;0.16
645;0.00;104.96;0.00;105.07;0.00;0.00;59.01;17.20;32.22;179.93;456.25;180.33;471.29;465.07;80.19;0.17
650;0.00;105.00;0.00;104.98;0.00;0.00;59.01;17.20;32.20;179.89;456.22;180.42;470.23;464.08;80.19;0.18
655;0.00;105.01;0.00;104.98;0.00;0.00;58.97;17.25;32.17;179.87;456.02;180.51;469.15;463.10;80.19;0.16
660;0.00;105.05;0.00;104.91;0.00;0.00;59.00;17.23;32.19;179.87;455.64;180.67;467.04;461.15;80.19;0.15
665;0.00;105.00;0.00;105.01;0.00;0.00;59.05;17.22;32.18;179.88;455.26;180.73;465.98;460.17;80.19;0.14
670;0.00;105.00;0.00;105.00;0.00;0.00;59.05;17.23;32.17;179.89;454.79;180.75;464.95;459.23;80.19;0.17
675;0.00;104.93;0.00;105.10;0.00;0.00;58.99;17.19;32.14;179.89;454.11;180.76;463.29;457.71;80.19;0.17
680;0.00;105.00;0.00;105.00;0.00;0.00;59.00;17.20;32.15;179.89;453.95;180.73;462.33;456.80;80.18;0.18
685;0.00;104.98;0.00;104.99;0.00;0.00;58.99;17.22;32.15;179.89;453.38;180.66;461.30;455.85;80.19;0.16
690;0.00;105.07;0.00;104.93;0.00;0.00;58.98;17.19;32.13;179.91;452.77;180.49;459.30;453.98;80.19;0.15
695;0.00;105.02;0.00;105.01;0.00;0.00;59.05;17.23;32.12;179.92;452.23;180.40;458.29;453.05;80.19;0.14
700;0.00;105.02;0.00;104.99;0.00;0.00;59.02;17.23;32.12;179.90;451.61;180.32;457.33;452.12;80.19;0.17
705;0.00;104.95;0.00;105.11;0.00;0.00;58.99;17.20;32.11;179.89;450.66;180.19;456.34;451.21;80.19;0.17
710;0.00;105.00;0.00;104.97;0.00;0.00;59.01;17.22;32.10;179.85;450.38;180.17;454.73;449.62;80.19;0.17
715;0.00;104.99;0.00;104.99;0.00;0.00;59.00;17.17;32.09;179.83;450.06;180.17;454.28;449.09;80.19;0.15
720;0.00;105.05;0.00;104.92;0.00;0.00;59.01;17.23;32.10;179.84;449.45;180.20;454.15;448.84;80.19;0.13
725;0.00;105.03;0.00;105.00;0.00;0.00;59.02;17.22;32.09;179.87;448.33;180.34;454.35;448.88;80.19;0.13
730;0.00;105.01;0.00;104.99;0.00;0.00;59.02;17.25;32.09;179.90;447.85;180.43;456.04;450.01;80.19;0.15
735;0.00;104.94;0.00;105.09;0.00;0.00;59.01;17.22;32.08;179.91;447.55;180.53;457.65;451.25;80.19;0.16
740;0.00;105.00;0.00;104.98;0.00;0.00;58.98;17.23;32.06;179.90;447.49;180.63;459.76;452.97;80.19;0.17
745;0.00;104.98;0.00;104.99;0.00;0.00;58.98;17.20;32.04;179.88;447.56;180.79;462.40;455.09;80.19;0.16
750;0.00;105.03;0.00;104.94;0.00;0.00;58.99;17.20;32.05;179.87;447.47;180.85;468.48;460.37;80.19;0.15
755;0.00;105.03;0.00;105.00;0.00;0.00;59.03;17.22;32.03;179.84;447.55;180.87;471.69;463.15;80.19;0.14
760;0.00;105.02;0.00;105.00;0.00;0.00;59.01;17.23;32.03;179.84;447.89;180.87;474.78;466.00;80.19;0.16
765;0.00;104.94;0.00;105.09;0.00;0.00;59.02;17.22;32.03;179.85;448.34;180.78;480.55;468.76;80.19;0.17
770;0.00;104.98;0.00;104.97;0.00;0.00;58.99;17.22;32.00;179.86;449.01;180.72;482.88;473.58;80.19;0.17
775;0.00;105.00;0.00;104.98;0.00;0.00;58.98;17.19;32.00;179.88;449.80;180.63;484.80;475.51;80.19;0.15
780;0.00;105.04;0.00;104.93;0.00;0.00;59.01;17.20;32.00;179.89;451.01;180.53;486.13;476.94;80.19;0.13
785;0.00;105.02;0.00;105.00;0.00;0.00;59.03;17.19;31.99;179.87;451.63;180.37;487.36;477.95;80.19;0.13
790;0.00;105.01;0.00;105.00;0.00;0.00;59.02;17.22;31.99;179.84;452.05;180.30;487.42;478.78;80.19;0.15
795;0.00;104.93;0.00;105.10;0.00;0.00;59.02;17.20;31.98;179.83;452.52;180.26;487.19;478.75;80.19;0.17
800;0.00;104.98;0.00;104.97;0.00;0.00;59.00;17.22;31.97;179.83;453.92;180.24;486.75;478.51;80.19;0.18
805;0.00;104.99;0.00;104.99;0.00;0.00;58.98;17.22;31.97;179.85;454.59;180.28;485.45;478.10;80.19;0.17
810;0.00;105.05;0.00;104.92;0.00;0.00;59.01;17.23;31.96;179.86;455.05;180.35;484.64;476.92;80.19;0.13
815;0.00;105.01;0.00;104.99;0.00;0.00;59.03;17.22;31.95;179.87;455.43;180.42;483.78;476.19;80.19;0.14
820;0.00;105.02;0.00;105.00;0.00;0.00;59.02;17.23;31.95;179.86;455.72;180.57;482.23;474.92;80.18;0.17
825;0.00;104.92;0.00;105.08;0.00;0.00;58.99;17.22;31.92;179.85;456.07;180.65;481.49;474.25;80.19;0.17
830;0.00;104.98;0.00;104.98;0.00;0.00;59.01;17.20;31.93;179.85;456.45;180.80;479.48;473.39;80.19;0.17
835;0.00;105.02;0.00;104.97;0.00;0.00;58.98;17.20;31.93;179.85;456.79;180.84;478.41;471.55;80.18;0.17
840;0.00;105.04;0.00;104.94;0.00;0.00;58.99;17.22;31.90;179.85;456.84;180.88;477.37;470.60;80.18;0.13
845;0.00;105.02;0.00;105.01;0.00;0.00;59.02;17.25;31.90;179.85;456.74;180.86;476.29;469.64;80.19;0.14
850;0.00;105.01;0.00;104.99;0.00;0.00;59.02;17.25;31.90;179.85;456.50;180.80;474.17;468.69;80.19;0.16
855;0.00;104.92;0.00;105.12;0.00;0.00;59.02;17.48;31.89;179.86;456.37;180.74;473.11;466.73;80.18;0.18
860;0.00;105.01;0.00;104.99;0.00;0.00;59.00;17.23;31.87;179.86;456.41;180.67;472.02;465.77;80.17;0.18
865;0.00;104.99;0.00;104.97;0.00;0.00;58.98;17.20;31.87;179.85;456.34;180.58;470.95;464.79;80.17;0.16
870;0.00;105.07;0.00;104.90;0.00;0.00;59.00;17.23;31.86;179.86;456.01;180.40;468.84;463.82;80.17;0.15
875;0.00;105.02;0.00;104.99;0.00;0.00;59.02;17.25;31.85;179.86;455.69;180.33;467.85;461.91;80.17;0.14
880;0.00;105.01;0.00;104.99;0.00;0.00;59.02;17.22;31.84;179.85;455.28;180.27;467.02;461.12;80.17;0.17
885;0.00;104.96;0.00;105.07;0.00;0.00;59.01;17.20;31.82;179.84;454.74;180.23;466.57;460.57;80.17;0.17
890;0.00;105.02;0.00;104.99;0.00;0.00;58.99;17.20;31.82;179.83;454.74;180.21;467.39;460.84;80.17;0.17
895;0.00;105.00;0.00;104.97;0.00;0.00;59.01;17.25;31.81;179.83;454.76;180.23;468.78;461.86;80.17;0.16
900;0.00;105.06;0.00;104.91;0.00;0.00;59.01;17.22;31.79;179.81;454.55;180.28;470.82;463.43;80.17;0.13
905;0.00;105.03;0.00;105.01;0.00;0.00;59.03;17.20;31.77;179.83;454.44;180.40;473.52;465.62;80.18;0.14
910;0.00;105.01;0.00;105.01;0.00;0.00;59.02;17.23;31.76;179.84;454.50;180.47;480.58;471.51;80.17;0.15
915;0.00;104.93;0.00;105.09;0.00;0.00;59.01;17.20;31.75;179.86;454.81;180.55;484.95;475.25;80.17;0.17
920;0.00;105.00;0.00;105.01;0.00;0.00;59.01;17.19;31.72;179.86;455.47;180.60;489.60;479.38;80.17;0.18
925;0.00;105.01;0.00;104.99;0.00;0.00;58.97;17.20;31.71;179.85;457.34;180.67;494.62;483.69;80.17;0.17
930;0.00;105.05;0.00;104.94;0.00;0.00;58.99;17.22;31.72;179.84;458.18;180.68;504.23;492.43;80.17;0.15
935;0.00;105.03;0.00;105.00;0.00;0.00;59.03;17.23;31.69;179.84;459.22;180.66;508.32;496.41;80.17;0.14
940;0.00;105.01;0.00;104.99;0.00;0.00;59.03;17.23;31.69;179.84;461.17;180.62;511.78;499.73;80.17;0.17
945;0.00;104.93;0.00;105.10;0.00;0.00;59.00;17.20;31.68;179.84;462.35;180.48;516.09;502.45;80.17;0.18
950;0.00;105.01;0.00;104.99;0.00;0.00;59.00;17.20;31.68;179.84;463.75;180.39;517.15;505.74;80.17;0.17
955;0.00;104.99;0.00;104.97;0.00;0.00;58.99;17.20;31.66;179.85;465.21;180.30;517.63;506.52;80.17;0.16
960;0.00;105.06;0.00;104.92;0.00;0.00;58.99;17.20;31.66;179.86;467.92;180.21;517.69;506.86;80.17;0.14
965;0.00;105.03;0.00;104.99;0.00;0.00;59.05;17.20;31.65;179.86;469.08;180.07;516.89;506.86;80.17;0.14
970;0.00;105.01;0.00;105.00;0.00;0.00;59.01;17.22;31.65;179.87;469.86;180.02;516.18;506.13;80.17;0.16
975;0.00;104.94;0.00;105.10;0.00;0.00;59.01;17.23;31.65;179.85;470.55;180.00;515.30;505.49;80.17;0.17
980;0.00;105.00;0.00;104.99;0.00;0.00;59.01;17.20;31.64;179.87;472.50;180.01;514.34;504.75;80.17;0.18
985;0.00;105.00;0.00;104.99;0.00;0.00;58.98;17.17;31.64;179.88;473.52;180.08;512.12;503.89;80.17;0.18
990;0.00;105.07;0.00;104.91;0.00;0.00;59.02;17.25;31.63;179.88;474.21;180.15;510.93;501.95;80.17;0.14
995;0.00;105.02;0.00;105.00;0.00;0.00;59.03;17.25;31.64;179.87;474.77;180.24;509.74;500.93;80.17;0.15
1000;0.00;105.02;0.00;105.01;0.00;0.00;59.03;17.25;31.62;179.87;475.25;180.32;508.49;499.84;80.17;0.17
1005;0.00;104.94;0.00;105.08;0.00;0.00;59.00;17.22;31.63;179.87;475.52;180.47;505.95;497.62;80.17;0.19
1010;0.00;105.00;0.00;104.99;0.00;0.00;59.01;17.19;31.61;179.87;475.95;180.52;504.66;496.48;80.17;0.19
1015;0.00;105.00;0.00;104.97;0.00;0.00;58.98;17.19;31.62;179.87;476.44;180.55;503.39;495.32;80.17;0.17
1020;0.00;105.08;0.00;104.91;0.00;0.00;59.02;17.22;31.60;179.87;476.64;180.52;502.09;494.15;80.17;0.15
1025;0.00;105.01;0.00;104.99;0.00;0.00;59.05;17.23;31.60;179.87;476.62;180.48;499.52;491.85;80.17;0.14
1030;0.00;104.97;0.00;104.99;0.00;0.00;59.02;17.23;31.60;179.89;476.38;180.41;498.22;490.68;80.17;0.18
1035;0.00;104.92;0.00;105.08;0.00;0.00;59.03;17.20;31.59;179.90;476.15;180.33;496.97;489.54;80.17;0.17
1040;0.00;104.98;0.00;105.00;0.00;0.00;58.98;17.17;31.59;179.90;476.22;180.15;495.69;488.37;80.17;0.18
1045;0.00;104.99;0.00;104.99;0.00;0.00;58.99;17.19;31.58;179.91;476.20;180.07;493.18;486.06;80.17;0.18
1050;0.00;105.04;0.00;104.94;0.00;0.00;58.98;17.22;31.58;179.91;475.84;180.01;491.92;484.94;80.17;0.14
1055;0.00;105.02;0.00;104.99;0.00;0.00;59.03;17.19;31.59;179.90;475.49;179.96;490.71;483.80;80.17;0.15
1060;0.00;105.01;0.00;105.00;0.00;0.00;59.03;17.22;31.58;179.89;474.54;179.93;489.52;482.73;80.17;0.17
1065;0.00;104.93;0.00;105.09;0.00;0.00;59.00;17.23;31.59;179.90;474.23;179.95;488.02;481.13;80.17;0.18
1070;0.00;104.99;0.00;104.99;0.00;0.00;59.00;17.20;31.59;179.90;474.17;179.99;488.15;481.01;80.17;0.19
1075;0.00;105.00;0.00;104.98;0.00;0.00;58.99;17.23;31.58;179.90;474.04;180.04;489.08;481.57;80.17;0.17
1080;0.00;105.07;0.00;104.92;0.00;0.00;59.01;17.22;31.57;179.91;473.79;180.19;493.42;482.87;80.17;0.15
1085;0.00;105.02;0.00;105.00;0.00;0.00;59.02;17.23;31.59;179.90;473.75;180.26;496.83;487.62;80.17;0.14
1090;0.00;105.00;0.00;104.99;0.00;0.00;59.03;17.23;31.59;179.90;473.79;180.33;501.03;491.01;80.18;0.18
1095;0.00;104.93;0.00;105.06;0.00;0.00;59.01;17.20;31.59;179.93;474.71;180.38;505.86;495.17;80.17;0.17
1100;0.00;105.00;0.00;104.99;0.00;0.00;59.01;17.19;31.58;179.94;475.75;180.42;517.39;499.97;80.17;0.18
1105;0.00;105.02;0.00;104.99;0.00;0.00;58.98;17.20;31.59;179.94;476.98;180.41;523.65;510.66;80.17;0.18
1110;0.00;105.08;0.00;104.91;0.00;0.00;59.01;17.23;31.59;179.93;478.12;180.38;529.73;516.19;80.17;0.14
1115;0.00;105.02;0.00;104.99;0.00;0.00;59.03;17.20;31.59;179.91;480.76;180.33;535.17;521.25;80.17;0.15
1120;0.00;104.99;0.00;105.00;0.00;0.00;59.01;17.23;31.59;179.90;481.88;180.18;543.56;525.84;80.17;0.17
1125;0.00;104.92;0.00;105.09;0.00;0.00;59.01;17.23;31.59;179.92;483.26;180.10;546.22;532.45;80.17;0.18
1130;0.00;105.00;0.00;105.01;0.00;0.00;59.00;17.22;31.59;179.94;484.94;180.03;547.88;534.47;80.17;0.19
1135;0.00;105.00;0.00;104.98;0.00;0.00;58.99;17.20;31.59;179.94;488.78;179.96;548.81;535.72;80.17;0.18
1140;0.00;105.06;0.00;104.93;0.00;0.00;59.01;17.20;31.59;179.93;490.31;179.87;548.97;536.61;80.17;0.17
1145;0.00;105.02;0.00;105.00;0.00;0.00;59.02;17.23;31.60;179.92;491.83;179.86;548.47;536.46;80.17;0.16
1150;0.00;104.99;0.00;104.97;0.00;0.00;59.04;17.23;31.58;179.91;493.02;179.86;547.73;536.01;80.17;0.18
1155;0.00;104.91;0.00;105.10;0.00;0.00;59.01;17.23;31.58;179.91;495.01;179.92;546.76;535.35;80.17;0.19
1160;0.00;105.00;0.00;104.99;0.00;0.00;59.02;17.19;31.58;179.92;496.24;179.97;544.44;533.57;80.17;0.19
1165;0.00;105.00;0.00;104.98;0.00;0.00;58.99;17.22;31.60;179.93;497.47;180.03;543.16;532.51;80.17;0.18
1170;0.00;105.07;0.00;104.91;0.00;0.00;59.00;17.20;31.57;179.97;498.48;180.10;541.79;531.40;80.17;0.15
1175;0.00;105.02;0.00;104.99;0.00;0.00;59.02;17.20;31.58;179.98;499.74;180.21;540.36;530.19;80.17;0.16
1180;0.00;105.04;0.00;104.99;0.00;0.00;59.02;17.25;31.59;179.98;499.96;180.25;537.46;527.69;80.17;0.17
1185;0.00;104.93;0.00;105.08;0.00;0.00;58.99;17.20;31.60;179.97;500.22;180.27;535.96;526.38;80.17;0.18
1190;0.00;104.99;0.00;104.99;0.00;0.00;58.99;17.22;31.59;179.93;500.71;180.27;534.49;525.05;80.17;0.20
1195;0.00;104.99;0.00;104.98;0.00;0.00;58.98;17.20;31.58;179.92;501.67;180.23;532.97;523.75;80.17;0.19
1200;0.00;105.06;0.00;104.91;0.00;0.00;59.01;17.19;31.60;179.92;501.69;180.18;529.98;521.05;80.17;0.17
1205;0.00;105.03;0.00;104.99;0.00;0.00;59.02;17.25;31.60;179.95;501.64;180.13;528.50;519.73;80.17;0.16
1210;0.00;105.01;0.00;105.00;0.00;0.00;59.02;17.22;31.60;179.99;501.12;180.06;527.00;518.38;80.17;0.19
1215;0.00;104.93;0.00;105.08;0.00;0.00;59.04;17.19;31.59;180.00;501.01;179.94;524.05;517.06;80.18;0.20
1220;0.00;104.98;0.00;105.00;0.00;0.00;59.00;17.20;31.61;179.99;501.09;179.89;522.58;514.38;80.18;0.19
1225;0.00;105.00;0.00;104.99;0.00;0.00;58.98;17.23;31.59;179.97;501.17;179.85;521.15;513.08;80.18;0.18
1230;0.00;105.07;0.00;104.92;0.00;0.00;59.02;17.20;31.60;179.94;500.31;179.82;519.69;511.75;80.18;0.16
1235;0.00;105.05;0.00;104.99;0.00;0.00;59.03;17.23;31.61;179.95;499.85;179.82;516.90;510.44;80.18;0.15
1240;0.00;105.01;0.00;105.01;0.00;0.00;59.02;17.23;31.59;179.96;499.21;179.84;515.72;508.03;80.18;0.19
1245;0.00;104.94;0.00;105.08;0.00;0.00;59.00;17.22;31.60;179.98;498.75;179.88;514.94;507.22;80.18;0.18
1250;0.00;104.98;0.00;105.01;0.00;0.00;59.02;17.20;31.62;180.00;498.67;179.94;514.90;506.94;80.18;0.19
1255;0.00;104.99;0.00;104.98;0.00;0.00;58.98;17.20;31.62;180.00;498.65;180.05;517.70;508.73;80.18;0.19
1260;0.00;105.07;0.00;104.91;0.00;0.00;59.01;17.22;31.62;179.99;498.36;180.09;520.48;510.93;80.18;0.15
1265;0.00;105.01;0.00;104.98;0.00;0.00;59.00;17.20;31.61;179.98;498.27;180.14;524.12;513.89;80.18;0.16
1270;0.00;105.03;0.00;105.01;0.00;0.00;59.03;17.23;31.63;179.98;498.62;180.20;528.68;517.67;80.18;0.18
1275;0.00;104.93;0.00;105.08;0.00;0.00;59.01;17.19;31.62;179.97;499.29;180.20;539.67;527.08;80.19;0.20
1280;0.00;104.99;0.00;104.99;0.00;0.00;59.01;17.23;31.63;179.98;500.47;180.18;545.95;532.58;80.18;0.20
1285;0.00;105.00;0.00;104.99;0.00;0.00;58.99;17.20;31.61;179.99;501.96;180.16;552.29;538.34;80.18;0.18
1290;0.00;105.08;0.00;104.92;0.00;0.00;58.99;17.22;31.63;180.00;504.72;180.04;558.82;544.10;80.18;0.16
1295;0.00;105.05;0.00;105.01;0.00;0.00;59.03;17.20;31.63;180.01;506.26;179.99;569.37;554.14;80.18;0.16
1300;0.00;105.00;0.00;105.01;0.00;0.00;59.03;17.22;31.64;180.01;507.65;179.94;573.06;558.00;80.18;0.19
1305;0.00;104.94;0.00;105.08;0.00;0.00;58.98;17.19;31.63;179.99;509.10;179.87;575.68;560.81;80.18;0.19
1310;0.00;104.97;0.00;104.99;0.00;0.00;58.99;17.23;31.62;179.98;512.71;179.78;577.23;562.77;80.18;0.20
1315;0.00;104.99;0.00;104.99;0.00;0.00;58.95;17.22;31.62;179.97;514.85;179.76;578.13;564.46;80.18;0.20
1320;0.00;105.07;0.00;104.90;0.00;0.00;59.01;17.22;31.63;179.96;516.61;179.76;577.77;564.49;80.19;0.16
1325;0.00;105.03;0.00;104.99;0.00;0.00;59.03;17.25;31.65;179.97;518.10;179.76;577.07;564.16;80.19;0.17
1330;0.00;105.01;0.00;104.99;0.00;0.00;59.02;17.25;31.65;179.99;520.19;179.83;576.09;563.54;80.18;0.19
1335;0.00;104.92;0.00;105.09;0.00;0.00;59.01;17.23;31.63;180.00;521.20;179.88;573.59;561.66;80.18;0.21
1340;0.00;104.98;0.00;104.99;0.00;0.00;59.01;17.20;31.64;180.01;522.40;179.94;572.15;560.51;80.19;0.21
1345;0.00;104.99;0.00;104.98;0.00;0.00;58.98;17.20;31.65;180.01;524.72;179.99;570.66;559.29;80.18;0.20
1350;0.00;105.06;0.00;104.92;0.00;0.00;59.00;17.23;31.65;180.00;525.25;180.09;567.43;557.96;80.18;0.18
1355;0.00;105.02;0.00;104.99;0.00;0.00;59.02;17.23;31.63;179.99;525.65;180.11;565.81;555.17;80.18;0.17
1360;0.00;105.00;0.00;104.99;0.00;0.00;59.03;17.25;31.65;179.99;525.81;180.13;564.12;553.71;80.18;0.20
1365;0.00;104.93;0.00;105.12;0.00;0.00;59.01;17.19;31.66;179.99;526.29;180.12;562.47;552.22;80.18;0.20
1370;0.00;105.00;0.00;105.01;0.00;0.00;59.00;17.22;31.66;180.00;526.77;180.06;559.06;550.72;80.19;0.20
1375;0.00;104.97;0.00;104.99;0.00;0.00;59.01;17.22;31.67;180.01;527.21;180.01;557.41;547.72;80.18;0.21
1380;0.00;105.07;0.00;104.92;0.00;0.00;58.99;17.25;31.67;180.01;527.06;179.96;555.71;546.24;80.18;0.17
1385;0.00;105.04;0.00;104.99;0.00;0.00;59.03;17.19;31.65;180.02;526.39;179.91;554.01;544.73;80.18;0.17
1390;0.00;105.02;0.00;104.99;0.00;0.00;59.04;17.20;31.67;180.02;525.87;179.80;550.72;543.22;80.18;0.19
1395;0.00;104.92;0.00;105.08;0.00;0.00;59.01;17.22;31.66;180.01;525.62;179.77;549.11;540.24;80.18;0.20
1400;0.00;105.00;0.00;105.00;0.00;0.00;59.02;17.22;31.67;180.02;525.59;179.75;547.47;538.75;80.18;0.21
1405;0.00;105.00;0.00;104.99;0.00;0.00;58.97;17.22;31.66;180.01;525.29;179.74;545.89;537.31;80.19;0.20
1410;0.00;105.07;0.00;104.90;0.00;0.00;59.01;17.20;31.69;180.02;524.52;179.75;542.93;534.58;80.19;0.19
1415;0.00;105.04;0.00;105.00;0.00;0.00;59.03;17.23;31.68;180.02;523.85;179.77;541.96;533.57;80.19;0.18
1420;0.00;105.01;0.00;104.99;0.00;0.00;59.02;17.22;31.67;180.01;523.16;179.81;541.74;533.14;80.18;0.20
1425;0.00;104.92;0.00;105.10;0.00;0.00;58.99;17.20;31.67;180.02;522.75;179.90;542.60;533.55;80.18;0.20
1430;0.00;104.99;0.00;105.02;0.00;0.00;59.01;17.23;31.68;180.02;523.10;179.95;547.91;537.52;80.18;0.20
1435;0.00;105.00;0.00;104.97;0.00;0.00;58.98;17.20;31.68;180.03;523.58;180.00;552.21;540.90;80.18;0.19
1440;0.00;105.07;0.00;104.93;0.00;0.00;59.00;17.19;31.70;180.03;523.71;180.03;557.16;545.15;80.18;0.17
1445;0.00;105.04;0.00;105.01;0.00;0.00;59.02;17.20;31.68;180.02;524.60;180.07;562.84;550.01;80.18;0.17
1450;0.00;105.01;0.00;104.99;0.00;0.00;59.02;17.22;31.68;180.01;525.34;180.07;575.25;560.91;80.18;0.19
1455;0.00;104.91;0.00;105.12;0.00;0.00;59.02;17.22;31.69;180.01;526.67;180.05;581.87;566.67;80.18;0.19
1460;0.00;104.99;0.00;105.00;0.00;0.00;58.98;17.19;31.68;180.00;528.48;180.03;588.27;572.61;80.18;0.21
1465;0.00;104.99;0.00;105.00;0.00;0.00;58.99;17.20;31.68;179.99;532.66;179.94;599.47;578.27;80.18;0.21
1470;0.00;105.08;0.00;104.92;0.00;0.00;59.00;17.25;31.70;180.00;534.25;179.89;603.43;587.23;80.17;0.19
1475;0.00;105.04;0.00;104.99;0.00;0.00;59.02;17.20;31.69;180.00;536.00;179.84;606.03;590.20;80.17;0.18
1480;0.00;105.00;0.00;104.99;0.00;0.00;59.01;17.23;31.71;180.00;539.19;179.80;607.58;592.11;80.18;0.20
1485;0.00;104.93;0.00;105.08;0.00;0.00;59.01;17.22;31.70;180.01;540.97;179.75;608.21;593.22;80.17;0.22
1490;0.00;105.00;0.00;105.01;0.00;0.00;59.01;17.23;31.72;180.02;542.95;179.74;607.67;593.55;80.17;0.21
1495;0.00;104.99;0.00;104.99;0.00;0.00;58.99;17.20;31.72;180.04;544.90;179.74;606.75;593.05;80.17;0.21
1500;0.00;105.08;0.00;104.91;0.00;0.00;58.98;17.17;31.69;180.05;547.74;179.76;605.58;592.24;80.17;0.18
1505;0.00;105.04;0.00;104.99;0.00;0.00;59.02;17.22;31.71;180.04;548.71;179.81;602.65;591.22;80.18;0.18
1510;0.00;105.01;0.00;105.00;0.00;0.00;59.00;17.22;31.72;180.03;549.32;179.85;600.98;588.66;80.17;0.22
1515;0.00;104.92;0.00;105.10;0.00;0.00;59.02;17.22;31.71;180.02;550.07;179.90;599.23;587.24;80.17;0.20
1520;0.00;104.99;0.00;105.01;0.00;0.00;58.99;17.17;31.73;180.01;551.98;179.94;597.46;585.71;80.17;0.22
1525;0.00;104.98;0.00;104.98;0.00;0.00;58.98;17.20;31.71;180.02;552.90;180.00;593.78;582.55;80.17;0.22
1530;0.00;105.05;0.00;104.94;0.00;0.00;58.98;17.22;31.72;180.02;553.03;180.01;591.89;580.90;80.17;0.18
1535;0.00;105.03;0.00;104.98;0.00;0.00;59.02;17.22;31.72;180.04;552.96;180.02;589.99;579.22;80.17;0.19
1540;0.00;105.01;0.00;104.99;0.00;0.00;59.02;17.23;31.72;180.04;552.53;180.02;588.13;577.58;80.17;0.21
1545;0.00;104.90;0.00;105.10;0.00;0.00;59.01;17.22;31.74;180.06;552.65;179.97;584.38;574.19;80.18;0.22
1550;0.00;105.00;0.00;105.01;0.00;0.00;58.99;17.22;31.74;180.05;552.93;179.92;582.50;572.55;80.18;0.22
1555;0.00;105.00;0.00;104.98;0.00;0.00;58.99;17.19;31.75;180.04;553.25;179.88;580.63;570.86;80.18;0.21
1560;0.00;105.06;0.00;104.93;0.00;0.00;59.00;17.20;31.75;180.03;552.09;179.78;578.81;569.18;80.17;0.19
1565;0.00;105.02;0.00;104.99;0.00;0.00;59.03;17.20;31.74;180.02;551.38;179.74;575.19;565.88;80.17;0.18
1570;0.00;105.01;0.00;104.99;0.00;0.00;59.04;17.20;31.74;180.01;550.51;179.72;573.41;564.31;80.18;0.21
1575;0.00;104.92;0.00;105.13;0.00;0.00;59.01;17.19;31.75;180.05;550.03;179.70;571.89;562.84;80.18;0.21
1580;0.00;104.99;0.00;105.01;0.00;0.00;59.00;17.23;31.74;180.05;550.01;179.71;570.85;561.75;80.17;0.21
1585;0.00;104.99;0.00;104.98;0.00;0.00;58.97;17.19;31.73;180.07;549.99;179.73;571.34;561.62;80.18;0.22
1590;0.00;105.08;0.00;104.92;0.00;0.00;59.00;17.20;31.75;180.07;549.27;179.76;573.00;562.77;80.18;0.18
1595;0.00;105.02;0.00;104.99;0.00;0.00;59.02;17.22;31.75;180.05;548.74;179.79;575.61;564.78;80.18;0.18
1600;0.00;104.99;0.00;105.00;0.00;0.00;59.02;17.20;31.75;180.04;548.49;179.89;579.10;567.65;80.18;0.20
1605;0.00;104.94;0.00;105.10;0.00;0.00;58.99;17.23;31.74;180.03;549.24;179.93;588.66;575.57;80.17;0.22
1610;0.00;104.97;0.00;105.01;0.00;0.00;59.01;17.23;31.76;180.03;550.45;179.97;594.18;580.46;80.17;0.22
1615;0.00;105.01;0.00;104.99;0.00;0.00;58.98;17.19;31.74;180.03;553.23;180.00;600.19;585.61;80.17;0.21
1620;0.00;105.07;0.00;104.91;0.00;0.00;59.00;17.22;31.75;180.05;554.14;180.02;612.13;591.07;80.17;0.20
1625;0.00;105.03;0.00;105.00;0.00;0.00;59.01;17.22;31.75;180.06;555.42;180.02;617.57;601.44;80.17;0.18
1630;0.00;105.00;0.00;105.01;0.00;0.00;59.01;17.22;31.76;180.07;556.72;179.99;622.13;605.95;80.17;0.22
1635;0.00;104.93;0.00;105.11;0.00;0.00;58.99;17.20;31.77;180.07;560.32;179.96;625.87;609.71;80.17;0.21
1640;0.00;105.00;0.00;105.01;0.00;0.00;59.01;17.22;31.77;180.06;562.44;179.87;630.14;612.59;80.17;0.22
1645;0.00;104.98;0.00;104.97;0.00;0.00;58.98;17.22;31.76;180.04;564.61;179.82;630.80;615.61;80.18;0.23
1650;0.00;105.11;0.00;104.92;0.00;0.00;58.99;17.19;31.76;180.03;566.25;179.76;630.76;616.02;80.18;0.19
1655;0.00;105.04;0.00;104.98;0.00;0.00;59.04;17.23;31.77;180.04;568.63;179.72;630.18;615.88;80.17;0.19
1660;0.00;105.01;0.00;104.99;0.00;0.00;59.01;17.20;31.77;180.06;569.45;179.66;627.91;615.30;80.17;0.21
1665;0.00;104.91;0.00;105.10;0.00;0.00;59.01;17.20;31.77;180.07;570.56;179.66;626.38;613.27;80.18;0.22
1670;0.00;105.00;0.00;105.01;0.00;0.00;59.02;17.20;31.79;180.08;571.73;179.67;624.70;611.93;80.17;0.23
1675;0.00;105.01;0.00;104.97;0.00;0.00;58.98;17.19;31.79;180.06;574.06;179.69;622.94;610.46;80.17;0.23
1680;0.00;105.09;0.00;104.93;0.00;0.00;59.00;17.22;31.78;180.06;574.42;179.76;619.15;607.26;80.17;0.22
1685;0.00;105.02;0.00;104.99;0.00;0.00;59.01;17.23;31.78;180.05;574.58;179.82;617.17;605.59;80.17;0.21
1690;0.00;105.00;0.00;104.99;0.00;0.00;59.05;17.22;31.78;180.06;574.46;179.86;615.21;603.84;80.18;0.23
1695;0.00;104.90;0.00;105.12;0.00;0.00;58.99;17.19;31.79;180.07;574.80;179.96;613.18;602.06;80.18;0.22
1700;0.00;104.98;0.00;105.02;0.00;0.00;59.02;17.17;31.78;180.08;575.24;179.99;609.17;598.50;80.18;0.22
1705;0.00;104.99;0.00;104.97;0.00;0.00;58.98;17.19;31.79;180.07;575.72;180.00;607.14;596.69;80.17;0.23
1710;0.00;105.08;0.00;104.92;0.00;0.00;59.02;17.22;31.80;180.04;575.43;180.00;605.17;594.93;80.18;0.20
1715;0.00;105.03;0.00;105.00;0.00;0.00;59.02;17.20;31.80;180.04;574.02;179.96;603.17;593.12;80.18;0.20
1720;0.00;104.99;0.00;104.99;0.00;0.00;58.99;17.20;31.79;180.05;573.16;179.92;599.29;589.60;80.18;0.21
1725;0.00;104.90;0.00;105.12;0.00;0.00;58.99;17.20;31.79;180.07;572.84;179.87;597.56;587.99;80.18;0.22
1730;0.00;104.97;0.00;105.02;0.00;0.00;59.02;17.22;31.80;180.07;572.85;179.81;596.35;586.75;80.18;0.23
1735;0.00;105.02;0.00;104.99;0.00;0.00;58.99;17.20;31.81;180.07;572.89;179.72;595.91;586.10;80.18;0.23
1740;0.00;105.09;0.00;104.90;0.00;0.00;58.99;17.20;31.82;180.07;572.12;179.69;597.54;587.00;80.18;0.22
1745;0.00;105.04;0.00;104.98;0.00;0.00;59.02;17.22;31.81;180.08;571.43;179.66;599.72;588.66;80.18;0.20
1750;0.00;105.00;0.00;105.00;0.00;0.00;59.02;17.22;31.80;180.07;570.99;179.66;602.87;591.08;80.17;0.22
1755;0.00;104.95;0.00;105.09;0.00;0.00;59.01;17.20;31.81;180.08;571.77;179.68;611.56;594.38;80.18;0.23
1760;0.00;104.98;0.00;105.01;0.00;0.00;59.01;17.20;31.81;180.09;572.89;179.71;616.75;602.86;80.17;0.22
1765;0.00;105.01;0.00;104.99;0.00;0.00;58.98;17.20;31.80;180.09;574.29;179.75;622.47;607.86;80.18;0.23
1770;0.00;105.07;0.00;104.89;0.00;0.00;58.98;17.22;31.81;180.09;576.23;179.80;628.43;613.15;80.18;0.20
1775;0.00;105.02;0.00;104.99;0.00;0.00;59.02;17.20;31.82;180.07;577.46;179.90;639.97;618.40;80.18;0.20
1780;0.00;105.01;0.00;105.01;0.00;0.00;59.02;17.20;31.84;180.06;578.80;179.93;645.16;628.53;80.18;0.22
1785;0.00;104.89;0.00;105.11;0.00;0.00;59.03;17.22;31.82;180.06;580.78;179.96;649.46;632.71;80.18;0.22
1790;0.00;105.00;0.00;105.00;0.00;0.00;59.01;17.23;31.83;180.07;585.41;179.97;652.84;636.20;80.18;0.23
1795;0.00;105.01;0.00;104.98;0.00;0.00;59.00;17.20;31.83;180.06;587.91;179.97;656.17;638.73;80.18;0.24
1800;0.00;105.08;0.00;104.94;0.00;0.00;59.01;17.22;31.83;180.06;589.38;179.95;656.42;641.00;80.18;0.20
1805;0.00;105.01;0.00;105.01;0.00;0.00;59.01;17.22;31.84;180.07;590.69;179.92;656.00;641.05;80.18;0.21
1810;0.00;105.03;0.00;105.00;0.00;0.00;59.01;17.20;31.84;180.08;592.87;179.87;655.06;640.58;80.18;0.23
1815;0.00;104.91;0.00;105.12;0.00;0.00;58.99;17.19;31.83;180.09;594.31;179.78;652.20;638.53;80.18;0.25
1820;0.00;105.00;0.00;105.02;0.00;0.00;59.02;17.19;31.86;180.08;595.93;179.73;650.42;637.13;80.18;0.24
1825;0.00;105.00;0.00;105.00;0.00;0.00;59.00;17.22;31.84;180.06;597.58;179.69;648.54;635.60;80.18;0.24
1830;0.00;105.08;0.00;104.93;0.00;0.00;58.99;17.22;31.86;180.05;598.38;179.64;646.53;633.91;80.18;0.23
1835;0.00;105.02;0.00;104.99;0.00;0.00;59.03;17.22;31.84;180.05;598.30;179.63;642.35;630.32;80.18;0.21
1840;0.00;105.00;0.00;104.98;0.00;0.00;59.02;17.23;31.84;180.06;598.00;179.64;640.18;628.43;80.18;0.25
1845;0.00;104.92;0.00;105.12;0.00;0.00;59.01;17.20;31.85;180.07;598.22;179.66;638.05;626.55;80.18;0.23
1850;0.00;105.02;0.00;105.00;0.00;0.00;59.01;17.22;31.86;180.08;599.33;179.74;635.85;624.61;80.18;0.24
1855;0.00;105.01;0.00;104.99;0.00;0.00;58.99;17.22;31.86;180.08;599.71;179.78;631.53;620.74;80.18;0.25
1860;0.00;105.09;0.00;104.92;0.00;0.00;59.02;17.20;31.85;180.08;598.80;179.84;629.35;618.78;80.18;0.21
1865;0.00;105.01;0.00;105.00;0.00;0.00;59.03;17.20;31.87;180.06;597.78;179.88;627.24;616.87;80.18;0.22
1870;0.00;105.00;0.00;105.01;0.00;0.00;59.01;17.20;31.84;180.05;595.84;179.95;625.11;614.94;80.18;0.24
1875;0.00;104.79;0.00;105.22;0.00;0.00;58.99;17.20;31.86;180.05;595.79;179.97;621.70;611.68;80.18;0.25
1880;0.00;104.99;0.00;105.01;0.00;0.00;59.00;17.22;31.86;180.06;596.08;179.97;621.00;610.76;80.18;0.23
1885;0.00;105.00;0.00;104.99;0.00;0.00;58.98;17.22;31.87;180.08;596.43;179.96;621.50;610.87;80.18;0.24
1890;0.00;105.08;0.00;104.93;0.00;0.00;58.99;17.22;31.87;180.09;594.77;179.94;622.84;611.78;80.18;0.21
1895;0.00;105.02;0.00;105.00;0.00;0.00;59.02;17.22;31.86;180.08;594.29;179.85;628.12;613.49;80.18;0.21
1900;0.00;105.00;0.00;104.99;0.00;0.00;59.02;17.23;31.88;180.07;594.12;179.80;632.07;619.17;80.18;0.23
1905;0.00;104.93;0.00;105.09;0.00;0.00;58.99;17.19;31.89;180.07;595.94;179.73;635.73;622.26;80.18;0.23
1910;0.00;104.99;0.00;105.01;0.00;0.00;59.02;17.23;31.86;180.08;597.52;179.69;645.04;630.32;80.18;0.23
1915;0.00;105.01;0.00;104.98;0.00;0.00;59.00;17.20;31.88;180.07;599.50;179.66;650.54;635.32;80.18;0.24
1920;0.00;105.08;0.00;104.91;0.00;0.00;59.01;17.20;31.88;180.07;600.47;179.65;656.09;640.19;80.18;0.22
1925;0.00;105.03;0.00;104.99;0.00;0.00;59.02;17.23;31.89;180.07;602.39;179.65;661.11;644.90;80.18;0.22
1930;0.00;104.99;0.00;105.01;0.00;0.00;59.03;17.22;31.88;180.07;603.56;179.67;668.76;652.47;80.18;0.23
1935;0.00;104.92;0.00;105.10;0.00;0.00;59.01;17.20;31.91;180.08;605.48;179.70;671.25;655.19;80.18;0.23
1940;0.00;104.98;0.00;105.01;0.00;0.00;59.03;17.25;31.91;180.06;609.78;179.74;672.84;657.08;80.18;0.24
1945;0.00;104.99;0.00;104.97;0.00;0.00;58.99;17.20;31.88;180.06;612.03;179.83;673.41;658.13;80.18;0.25
1950;0.00;105.11;0.00;104.88;0.00;0.00;58.98;17.20;31.89;180.05;613.02;179.87;672.70;658.18;80.18;0.25
1955;0.00;105.04;0.00;105.00;0.00;0.00;59.02;17.22;31.90;180.06;613.77;179.90;671.57;657.45;80.18;0.23
1960;0.00;104.99;0.00;104.99;0.00;0.00;59.02;17.23;31.89;180.07;614.84;179.93;670.08;656.36;80.18;0.25
1965;0.00;104.90;0.00;105.10;0.00;0.00;59.02;17.22;31.89;180.08;615.86;179.95;666.46;654.98;80.18;0.26
1970;0.00;105.00;0.00;105.02;0.00;0.00;58.98;17.19;31.91;180.08;617.02;179.94;664.41;651.74;80.18;0.24
1975;0.00;104.99;0.00;104.98;0.00;0.00;59.00;17.20;31.90;180.09;618.26;179.92;662.33;649.92;80.18;0.26
1980;0.00;105.07;0.00;104.93;0.00;0.00;59.00;17.19;31.89;180.08;618.12;179.89;660.13;648.07;80.18;0.23
1985;0.00;105.02;0.00;105.01;0.00;0.00;59.01;17.23;31.89;180.07;617.54;179.81;655.68;646.11;80.18;0.22
1990;0.00;105.01;0.00;105.01;0.00;0.00;59.01;17.23;31.92;180.06;616.78;179.77;653.41;642.15;80.18;0.26
1995;0.00;104.88;0.00;105.12;0.00;0.00;59.00;17.17;31.91;180.06;616.63;179.73;651.19;640.12;80.18;0.24
2000;0.00;105.00;0.00;105.01;0.00;0.00;59.01;17.20;31.91;180.07;617.02;179.68;648.93;638.14;80.18;0.25
2005;0.00;105.00;0.00;104.99;0.00;0.00;58.98;17.20;31.90;180.08;617.13;179.67;644.72;634.25;80.18;0.26
2010;0.00;105.08;0.00;104.94;0.00;0.00;59.00;17.20;31.92;180.09;616.04;179.68;642.97;632.61;80.18;0.22
2015;0.00;105.01;0.00;105.00;0.00;0.00;59.03;17.25;31.93;180.09;614.78;179.68;641.70;631.35;80.18;0.23
2020;0.00;105.00;0.00;104.99;0.00;0.00;59.02;17.22;31.92;180.09;613.09;179.75;641.40;630.84;80.18;0.25
2025;0.00;104.92;0.00;105.14;0.00;0.00;58.99;17.20;31.91;180.07;613.49;179.78;644.60;632.94;80.18;0.26
2030;0.00;105.00;0.00;105.00;0.00;0.00;58.98;17.23;31.93;180.07;614.23;179.83;647.96;635.50;80.18;0.25
2035;0.00;105.00;0.00;104.98;0.00;0.00;58.98;17.23;31.92;180.07;615.35;179.88;652.16;638.95;80.18;0.25
2040;0.00;105.08;0.00;104.92;0.00;0.00;58.99;17.20;31.93;180.07;616.03;179.95;656.86;643.04;80.18;0.24
2045;0.00;105.01;0.00;104.99;0.00;0.00;59.02;17.22;31.92;180.07;616.62;179.97;667.49;652.41;80.18;0.22
2050;0.00;105.01;0.00;105.00;0.00;0.00;59.02;17.22;31.94;180.08;617.43;179.98;673.22;657.44;80.18;0.25
2055;0.00;104.92;0.00;105.11;0.00;0.00;58.98;17.22;31.95;180.09;619.07;179.97;678.91;662.75;80.18;0.24
2060;0.00;104.98;0.00;105.01;0.00;0.00;59.00;17.22;31.93;180.10;624.10;179.93;689.71;667.96;80.18;0.25
2065;0.00;104.96;0.00;104.99;0.00;0.00;59.00;17.19;31.95;180.09;626.92;179.88;693.63;676.56;80.18;0.26
2070;0.00;105.10;0.00;104.91;0.00;0.00;59.01;17.22;31.94;180.08;628.68;179.84;696.30;679.42;80.18;0.23
2075;0.00;105.04;0.00;105.00;0.00;0.00;59.01;17.22;31.95;180.06;631.39;179.79;697.66;681.15;80.18;0.24
2080;0.00;104.99;0.00;104.99;0.00;0.00;59.00;17.22;31.96;180.06;632.37;179.69;697.53;681.97;80.18;0.26
2085;0.00;104.91;0.00;105.10;0.00;0.00;59.01;17.20;31.97;180.07;633.79;179.67;696.50;681.46;80.18;0.27
2090;0.00;104.98;0.00;105.01;0.00;0.00;59.02;17.19;31.97;180.09;635.38;179.64;695.03;680.46;80.18;0.26
2095;0.00;105.00;0.00;104.99;0.00;0.00;58.99;17.22;31.97;180.09;638.79;179.64;693.28;679.12;80.18;0.27
2100;0.00;105.07;0.00;104.95;0.00;0.00;58.99;17.23;31.96;180.08;639.21;179.68;689.10;677.56;80.18;0.27
2105;0.00;105.02;0.00;104.99;0.00;0.00;59.03;17.22;31.96;180.08;639.37;179.71;686.88;673.87;80.18;0.25
2110;0.00;105.01;0.00;104.99;0.00;0.00;59.03;17.22;31.96;180.08;639.08;179.75;684.52;671.90;80.18;0.27
2115;0.00;104.89;0.00;105.12;0.00;0.00;59.00;17.20;31.97;180.08;638.99;179.80;682.13;669.83;80.18;0.26
2120;0.00;105.02;0.00;105.01;0.00;0.00;59.01;17.22;31.98;180.09;639.24;179.90;677.38;665.59;80.18;0.25
2125;0.00;104.99;0.00;104.99;0.00;0.00;59.01;17.19;31.97;180.08;639.80;179.93;674.94;663.41;80.18;0.27
2130;0.00;105.08;0.00;104.91;0.00;0.00;59.02;17.22;31.98;180.07;639.51;179.96;672.55;661.28;80.18;0.24
2135;0.00;105.03;0.00;105.00;0.00;0.00;59.02;17.22;31.96;180.08;637.40;179.98;670.12;659.09;80.18;0.24
2140;0.00;105.01;0.00;105.00;0.00;0.00;59.02;17.20;31.97;180.08;636.17;179.97;665.68;655.06;80.18;0.26
2145;0.00;104.91;0.00;105.16;0.00;0.00;58.99;17.22;31.98;180.08;635.62;179.95;664.29;653.65;80.18;0.25
2150;0.00;104.98;0.00;105.01;0.00;0.00;58.99;17.20;31.98;180.08;635.42;179.91;664.10;653.15;80.18;0.26
2155;0.00;105.01;0.00;104.99;0.00;0.00;59.01;17.22;31.98;180.08;636.25;179.82;665.26;653.77;80.18;0.27
2160;0.00;105.08;0.00;104.92;0.00;0.00;59.02;17.20;31.98;180.09;635.92;179.77;671.04;658.17;80.18;0.27
2165;0.00;105.02;0.00;104.99;0.00;0.00;59.03;17.23;31.99;180.09;635.84;179.73;675.11;661.66;80.18;0.25
2170;0.00;105.01;0.00;105.00;0.00;0.00;59.03;17.23;31.97;180.06;635.89;179.69;679.86;665.63;80.18;0.26
2175;0.00;104.91;0.00;105.09;0.00;0.00;58.99;17.19;31.98;180.07;637.78;179.65;690.30;670.14;80.18;0.27
2180;0.00;104.98;0.00;105.01;0.00;0.00;59.02;17.22;32.00;180.07;639.57;179.65;695.93;679.86;80.18;0.25
2185;0.00;105.00;0.00;104.99;0.00;0.00;59.00;17.20;31.99;180.07;642.16;179.66;701.39;684.88;80.18;0.27
2190;0.00;105.11;0.00;104.90;0.00;0.00;58.99;17.22;31.98;180.07;645.89;179.69;706.60;689.52;80.18;0.24
2195;0.00;105.02;0.00;104.98;0.00;0.00;59.00;17.22;32.00;180.07;647.38;179.77;713.07;693.42;80.18;0.24
2200;0.00;105.00;0.00;104.99;0.00;0.00;59.03;17.23;32.00;180.07;648.50;179.82;714.33;697.93;80.18;0.26
2205;0.00;104.89;0.00;105.12;0.00;0.00;59.01;17.19;32.01;180.07;649.50;179.87;714.57;698.66;80.18;0.26
2210;0.00;105.01;0.00;105.02;0.00;0.00;59.02;17.22;32.00;180.08;651.93;179.91;713.99;698.61;80.18;0.27
2215;0.00;105.00;0.00;105.00;0.00;0.00;58.99;17.22;32.01;180.08;654.22;179.98;711.27;697.95;80.18;0.28
2220;0.00;105.08;0.00;104.93;0.00;0.00;59.01;17.20;32.01;180.08;655.54;179.99;709.34;695.39;80.18;0.28
2225;0.00;105.01;0.00;105.01;0.00;0.00;59.02;17.20;32.02;180.08;656.20;179.99;707.28;693.72;80.18;0.26
2230;0.00;105.00;0.00;105.01;0.00;0.00;59.01;17.20;32.01;180.06;656.09;179.98;705.00;691.83;80.18;0.28
2235;0.00;104.87;0.00;105.12;0.00;0.00;59.01;17.20;32.00;180.06;655.52;179.91;700.22;687.75;80.18;0.28
2240;0.00;105.01;0.00;105.01;0.00;0.00;59.00;17.20;32.00;180.06;655.17;179.86;697.73;685.58;80.19;0.27
2245;0.00;104.99;0.00;105.00;0.00;0.00;58.96;17.19;32.03;180.08;655.51;179.82;695.28;683.35;80.19;0.28
2250;0.00;105.10;0.00;104.92;0.00;0.00;59.00;17.23;32.02;180.09;655.66;179.73;692.80;681.16;80.19;0.26
2255;0.00;105.02;0.00;104.99;0.00;0.00;59.02;17.19;32.03;180.09;655.00;179.70;687.87;676.78;80.19;0.25
2260;0.00;105.00;0.00;105.00;0.00;0.00;59.01;17.25;32.03;180.09;653.95;179.68;685.87;674.88;80.19;0.28
2265;0.00;104.91;0.00;105.09;0.00;0.00;58.99;17.20;32.01;180.08;652.91;179.67;684.63;673.59;80.19;0.26
2270;0.00;105.01;0.00;105.01;0.00;0.00;59.01;17.22;32.03;180.08;651.83;179.69;684.59;673.25;80.19;0.27
2275;0.00;104.99;0.00;105.00;0.00;0.00;59.01;17.20;32.02;180.09;652.81;179.71;688.40;675.86;80.19;0.28
2280;0.00;105.11;0.00;104.91;0.00;0.00;58.98;17.20;32.03;180.09;653.31;179.75;691.78;678.55;80.19;0.25
2285;0.00;105.01;0.00;104.99;0.00;0.00;59.04;17.23;32.04;180.09;653.70;179.79;695.96;682.03;80.19;0.26
2290;0.00;105.00;0.00;105.00;0.00;0.00;59.01;17.22;32.04;180.09;654.83;179.88;700.52;686.05;80.19;0.28
2295;0.00;104.91;0.00;105.12;0.00;0.00;58.99;17.17;32.04;180.08;655.50;179.92;710.78;695.09;80.19;0.29
2300;0.00;104.99;0.00;105.03;0.00;0.00;59.02;17.23;32.05;180.07;656.58;179.95;716.29;699.89;80.19;0.28
2305;0.00;104.98;0.00;105.00;0.00;0.00;59.05;17.19;32.04;180.06;662.00;179.98;721.84;704.92;80.19;0.29
2310;0.00;105.09;0.00;104.93;0.00;0.00;58.98;17.22;32.03;180.06;664.36;179.99;731.31;709.72;80.19;0.28
2315;0.00;105.03;0.00;104.99;0.00;0.00;59.03;17.20;32.05;180.07;666.41;179.98;734.23;716.92;80.19;0.26
2320;0.00;105.00;0.00;105.01;0.00;0.00;58.99;17.22;32.05;180.07;668.01;179.96;735.82;718.89;80.19;0.29
2325;0.00;104.85;0.00;105.14;0.00;0.00;59.00;17.20;32.05;180.09;669.00;179.92;736.21;719.82;80.19;0.28
2330;0.00;104.98;0.00;105.01;0.00;0.00;59.00;17.23;32.05;180.08;669.66;179.84;734.55;719.86;80.19;0.28
2335;0.00;104.97;0.00;105.00;0.00;0.00;59.03;17.23;32.05;180.09;671.66;179.77;732.88;718.08;80.19;0.29
2340;0.00;105.10;0.00;104.94;0.00;0.00;59.02;17.20;32.06;180.07;673.93;179.73;730.92;716.59;80.19;0.26
2345;0.00;105.03;0.00;104.99;0.00;0.00;59.02;17.20;32.06;180.06;675.67;179.69;728.68;714.78;80.19;0.27
2350;0.00;105.02;0.00;105.01;0.00;0.00;59.02;17.22;32.06;180.07;675.62;179.65;723.78;712.77;80.19;0.29
2355;0.00;104.82;0.00;105.13;0.00;0.00;59.00;17.20;32.05;180.08;674.52;179.64;721.23;708.44;80.19;0.28
2360;0.00;105.00;0.00;105.01;0.00;0.00;59.01;17.20;32.07;180.09;673.36;179.67;718.59;706.18;80.19;0.29
2365;0.00;105.00;0.00;105.00;0.00;0.00;59.01;17.22;32.05;180.08;673.80;179.74;715.98;703.82;80.19;0.30
2370;0.00;105.13;0.00;104.92;0.00;0.00;58.99;17.20;32.07;180.07;673.96;179.79;710.95;699.31;80.19;0.30
2375;0.00;105.01;0.00;104.99;0.00;0.00;59.00;17.23;32.07;180.07;673.62;179.84;708.69;697.22;80.19;0.28
2380;0.00;105.01;0.00;104.99;0.00;0.00;59.02;17.22;32.08;180.08;672.88;179.90;706.79;695.48;80.19;0.30
2385;0.00;104.92;0.00;105.11;0.00;0.00;58.99;17.23;32.07;180.09;670.46;179.98;705.60;694.23;80.19;0.29
2390;0.00;105.01;0.00;105.00;0.00;0.00;59.01;17.22;32.06;180.09;669.62;180.01;706.54;694.44;80.19;0.29
2395;0.00;105.00;0.00;105.01;0.00;0.00;59.01;17.22;32.06;180.10;670.03;180.02;708.78;696.06;80.19;0.31
2400;0.00;105.15;0.00;104.90;0.00;0.00;58.99;17.23;32.05;180.08;671.29;180.02;712.02;698.62;80.19;0.27
2405;0.00;105.04;0.00;105.00;0.00;0.00;59.02;17.22;32.08;180.07;672.90;179.97;715.89;701.92;80.19;0.28
2410;0.00;105.02;0.00;104.99;0.00;0.00;59.02;17.23;32.09;180.06;673.66;179.93;725.26;709.91;80.19;0.30
2415;0.00;104.91;0.00;105.12;0.00;0.00;58.98;17.20;32.08;180.05;674.15;179.88;730.26;714.34;80.19;0.29
2420;0.00;105.01;0.00;105.01;0.00;0.00;59.01;17.19;32.10;180.08;674.81;179.83;735.41;719.10;80.19;0.30
2425;0.00;104.98;0.00;104.99;0.00;0.00;58.99;17.23;32.09;180.09;679.61;179.74;746.07;723.97;80.19;0.31
2430;0.00;105.09;0.00;104.94;0.00;0.00;59.02;17.20;32.08;180.09;682.46;179.71;750.52;732.94;80.19;0.32
2435;0.00;105.04;0.00;104.99;0.00;0.00;59.03;17.20;32.09;180.09;684.87;179.68;753.86;736.31;80.19;0.30
2440;0.00;105.03;0.00;104.99;0.00;0.00;59.02;17.20;32.10;180.08;688.04;179.67;755.71;738.51;80.19;0.32
2445;0.00;104.83;0.00;105.15;0.00;0.00;59.00;17.22;32.10;180.05;688.19;179.69;755.91;739.62;80.18;0.33
2450;0.00;104.99;0.00;105.00;0.00;0.00;59.01;17.22;32.08;180.05;688.45;179.73;754.74;739.16;80.18;0.31
2455;0.00;104.99;0.00;104.99;0.00;0.00;59.00;17.20;32.10;180.05;689.42;179.77;753.03;737.98;80.18;0.33
2460;0.00;105.14;0.00;104.95;0.00;0.00;59.01;17.19;32.10;180.08;693.58;179.82;750.93;736.38;80.18;0.31
2465;0.00;105.04;0.00;105.00;0.00;0.00;59.03;17.20;32.10;180.10;694.45;179.91;746.08;734.48;80.18;0.30
2470;0.00;105.00;0.00;105.01;0.00;0.00;59.01;17.20;32.11;180.11;694.67;179.95;743.41;730.16;80.18;0.34
2475;0.00;104.82;0.00;105.14;0.00;0.00;58.99;17.20;32.11;180.10;693.84;179.97;740.73;727.79;80.18;0.32
2480;0.00;105.00;0.00;105.01;0.00;0.00;59.00;17.22;32.10;180.07;691.79;179.98;737.94;725.41;80.18;0.32
2485;0.00;105.01;0.00;104.99;0.00;0.00;59.00;17.22;32.10;180.06;692.16;179.97;732.45;720.47;80.18;0.34
2490;0.00;105.11;0.00;104.94;0.00;0.00;58.99;17.20;32.11;180.04;692.44;179.95;729.89;718.15;80.18;0.30
2495;0.00;105.03;0.00;105.00;0.00;0.00;59.02;17.22;32.10;180.05;692.13;179.91;727.66;716.13;80.18;0.32
2500;0.00;105.00;0.00;105.01;0.00;0.00;59.02;17.20;32.12;180.09;690.66;179.87;725.99;714.46;80.18;0.34
2505;0.00;104.89;0.00;105.16;0.00;0.00;58.98;17.23;32.11;180.09;689.43;179.78;725.22;713.29;80.18;0.35
2510;0.00;104.99;0.00;105.01;0.00;0.00;58.99;17.22;32.12;180.10;688.77;179.74;726.56;714.15;80.18;0.34
2515;0.00;105.01;0.00;104.99;0.00;0.00;59.00;17.19;32.11;180.07;688.97;179.70;729.04;716.00;80.18;0.35
2520;0.00;105.14;0.00;104.91;0.00;0.00;59.01;17.20;32.12;180.05;691.03;179.65;732.30;718.61;80.18;0.33
2525;0.00;105.04;0.00;104.99;0.00;0.00;59.02;17.25;32.13;180.04;692.02;179.65;740.76;725.80;80.18;0.32
2530;0.00;105.04;0.00;105.01;0.00;0.00;59.01;17.20;32.12;180.05;693.04;179.67;745.43;729.89;80.18;0.36
2535;0.00;104.89;0.00;105.11;0.00;0.00;58.98;17.19;32.13;180.06;693.84;179.70;750.44;734.35;80.18;0.34
2540;0.00;104.98;0.00;105.01;0.00;0.00;59.04;17.20;32.13;180.08;696.44;179.79;755.43;738.98;80.18;0.34
2545;0.00;104.99;0.00;105.01;0.00;0.00;59.01;17.20;32.14;180.09;699.21;179.84;765.09;747.82;80.18;0.36
2550;0.00;105.15;0.00;104.91;0.00;0.00;58.98;17.19;32.15;180.09;702.05;179.89;768.87;751.37;80.18;0.33
2555;0.00;105.04;0.00;105.00;0.00;0.00;59.02;17.22;32.15;180.08;704.20;179.94;771.27;754.02;80.18;0.34
2560;0.00;105.01;0.00;104.98;0.00;0.00;59.01;17.23;32.15;180.07;707.31;180.01;772.33;755.56;80.18;0.37
2565;0.00;104.85;0.00;105.12;0.00;0.00;58.99;17.20;32.15;180.06;707.62;180.03;771.40;755.66;80.18;0.39
2570;0.00;105.00;0.00;105.01;0.00;0.00;59.01;17.20;32.15;180.06;708.15;180.03;769.86;754.66;80.18;0.37
2575;0.00;104.99;0.00;105.02;0.00;0.00;59.01;17.23;32.15;180.06;710.84;180.01;767.82;753.16;80.18;0.38
2580;0.00;105.12;0.00;104.94;0.00;0.00;58.98;17.17;32.15;180.07;711.89;179.93;762.89;751.28;80.18;0.39
2585;0.00;105.04;0.00;105.00;0.00;0.00;59.04;17.23;32.16;180.08;712.43;179.89;760.23;746.91;80.18;0.35
2590;0.00;105.02;0.00;104.99;0.00;0.00;59.02;17.23;32.15;180.08;712.41;179.84;757.42;744.48;80.18;0.39
2595;0.00;104.80;0.00;105.11;0.00;0.00;58.99;17.22;32.16;180.07;710.32;179.79;754.54;741.97;80.18;0.38
2600;0.00;105.00;0.00;105.01;0.00;0.00;59.03;17.22;32.16;180.06;709.83;179.70;748.85;739.47;80.18;0.37
2605;0.00;105.01;0.00;105.01;0.00;0.00;59.03;17.19;32.16;180.06;709.91;179.67;746.36;734.67;80.18;0.39
2610;0.00;105.12;0.00;104.93;0.00;0.00;58.99;17.20;32.17;180.05;710.09;179.66;744.36;732.75;80.18;0.35
2615;0.00;105.03;0.00;104.99;0.00;0.00;59.04;17.23;32.16;180.07;709.03;179.66;743.13;731.42;80.18;0.36
2620;0.00;104.99;0.00;104.99;0.00;0.00;59.00;17.22;32.16;180.08;708.43;179.71;743.47;731.19;80.18;0.39
2625;0.00;104.88;0.00;105.08;0.00;0.00;58.97;17.22;32.16;180.09;707.49;179.77;745.28;732.47;80.18;0.37
2630;0.00;104.98;0.00;105.01;0.00;0.00;59.03;17.20;32.16;180.07;707.32;179.81;747.99;734.59;80.18;0.38
2635;0.00;105.01;0.00;105.01;0.00;0.00;59.02;17.25;32.14;180.06;710.06;179.93;751.54;737.50;80.18;0.39
2640;0.00;105.19;0.00;104.91;0.00;0.00;59.00;17.20;32.16;180.06;711.17;179.97;760.05;744.81;80.18;0.40
2645;0.00;105.03;0.00;104.99;0.00;0.00;59.05;17.23;32.17;180.06;712.44;180.01;764.82;749.03;80.18;0.38
2650;0.00;105.02;0.00;104.99;0.00;0.00;59.01;17.23;32.18;180.06;713.75;180.03;769.52;753.24;80.18;0.41
2655;0.00;104.83;0.00;105.09;0.00;0.00;59.01;17.19;32.18;180.06;715.60;180.04;774.11;757.43;80.18;0.40
2660;0.00;105.00;0.00;105.02;0.00;0.00;59.02;17.20;32.17;180.06;717.59;180.02;781.56;764.58;80.18;0.38
2665;0.00;104.99;0.00;105.02;0.00;0.00;59.02;17.20;32.17;180.05;720.18;179.99;784.09;767.21;80.18;0.41
2670;0.00;105.22;0.00;104.91;0.00;0.00;58.98;17.20;32.19;180.05;722.70;179.94;785.59;768.91;80.18;0.38
2675;0.00;105.03;0.00;104.99;0.00;0.00;59.02;17.22;32.19;180.05;725.69;179.83;785.93;769.71;80.18;0.38
2680;0.00;105.01;0.00;104.99;0.00;0.00;59.02;17.20;32.17;180.05;726.65;179.78;783.96;768.81;80.18;0.41
2685;0.00;104.83;0.00;105.12;0.00;0.00;58.99;17.20;32.18;180.06;726.14;179.73;782.09;767.42;80.18;0.39
2690;0.00;105.02;0.00;105.03;0.00;0.00;59.05;17.23;32.19;180.06;726.87;179.69;779.80;765.62;80.18;0.40
2695;0.00;104.99;0.00;105.01;0.00;0.00;59.02;17.23;32.19;180.05;728.27;179.66;774.56;763.58;80.18;0.41
2700;0.00;105.15;0.00;104.92;0.00;0.00;59.01;17.20;32.19;180.05;728.87;179.66;771.71;758.83;80.18;0.43
2705;0.00;105.04;0.00;105.00;0.00;0.00;59.02;17.22;32.19;180.04;728.71;179.69;768.85;756.34;80.18;0.40
2710;0.00;105.02;0.00;105.00;0.00;0.00;59.03;17.23;32.19;180.05;727.13;179.73;765.96;753.78;80.18;0.42
2715;0.00;104.89;0.00;105.13;0.00;0.00;58.99;17.20;32.19;180.05;724.83;179.83;760.50;751.18;80.18;0.44
2720;0.00;105.01;0.00;105.01;0.00;0.00;59.02;17.20;32.20;180.07;724.20;179.89;758.87;747.28;80.18;0.40
2725;0.00;104.99;0.00;105.01;0.00;0.00;59.03;17.22;32.21;180.08;724.85;179.93;758.65;746.71;80.18;0.42
2730;0.00;105.19;0.00;104.90;0.00;0.00;58.99;17.20;32.20;180.10;726.03;179.98;759.79;747.33;80.18;0.40
2735;0.00;105.03;0.00;104.99;0.00;0.00;59.05;17.23;32.20;180.09;726.20;180.04;765.29;748.99;80.18;0.38
2740;0.00;105.00;0.00;105.00;0.00;0.00;59.01;17.23;32.22;180.08;726.53;180.04;769.15;754.79;80.18;0.43
2745;0.00;104.83;0.00;105.11;0.00;0.00;59.01;17.20;32.21;180.05;726.22;180.04;773.46;758.40;80.18;0.40
2750;0.00;105.00;0.00;104.99;0.00;0.00;58.99;17.23;32.21;180.05;728.26;179.99;777.96;762.46;80.18;0.41
2755;0.00;104.99;0.00;105.02;0.00;0.00;59.02;17.20;32.20;180.06;731.28;179.94;787.54;771.06;80.18;0.42
2760;0.00;105.19;0.00;104.90;0.00;0.00;58.99;17.19;32.23;180.07;733.91;179.90;792.04;775.13;80.18;0.39
2765;0.00;105.04;0.00;104.99;0.00;0.00;59.02;17.23;32.21;180.09;735.60;179.85;795.43;778.41;80.18;0.40
2770;0.00;105.00;0.00;104.99;0.00;0.00;59.03;17.22;32.21;180.08;738.10;179.76;797.54;780.74;80.18;0.43
2775;0.00;104.85;0.00;105.12;0.00;0.00;58.98;17.20;32.22;180.08;737.54;179.73;797.86;782.06;80.18;0.45
2780;0.00;105.02;0.00;105.01;0.00;0.00;59.02;17.20;32.23;180.06;738.12;179.70;796.62;781.40;80.18;0.42
2785;0.00;104.99;0.00;105.01;0.00;0.00;59.03;17.23;32.23;180.05;739.87;179.70;794.83;780.11;80.18;0.44
2790;0.00;105.16;0.00;104.94;0.00;0.00;58.97;17.19;32.24;180.06;742.89;179.73;792.59;778.42;80.18;0.44
2795;0.00;105.06;0.00;105.00;0.00;0.00;59.05;17.27;32.23;180.07;743.09;179.76;787.36;774.11;80.18;0.40
2800;0.00;105.01;0.00;105.00;0.00;0.00;59.02;17.23;32.23;180.08;742.90;179.80;784.56;771.64;80.18;0.45
2805;0.00;104.80;0.00;105.12;0.00;0.00;58.99;17.17;32.24;180.09;739.53;179.85;781.60;769.14;80.18;0.43
2810;0.00;105.00;0.00;105.00;0.00;0.00;59.01;17.23;32.24;180.09;739.53;179.94;776.91;766.72;80.18;0.42
2815;0.00;104.99;0.00;105.03;0.00;0.00;59.03;17.20;32.23;180.08;740.66;179.99;776.22;763.96;80.18;0.43
2820;0.00;105.13;0.00;104.93;0.00;0.00;58.98;17.19;32.23;180.07;741.69;180.02;776.76;764.06;80.18;0.40
2825;0.00;105.04;0.00;105.01;0.00;0.00;59.05;17.22;32.24;180.04;741.79;180.04;778.18;765.00;80.18;0.41
2830;0.00;105.02;0.00;105.00;0.00;0.00;59.01;17.20;32.23;180.05;741.90;180.04;782.86;766.65;80.18;0.44
2835;0.00;104.78;0.00;105.12;0.00;0.00;59.01;17.22;32.25;180.04;740.90;180.03;785.98;771.52;80.18;0.42
2840;0.00;104.98;0.00;105.00;0.00;0.00;59.03;17.20;32.26;180.07;741.13;180.00;789.68;774.64;80.18;0.43
2845;0.00;105.01;0.00;105.03;0.00;0.00;59.05;17.23;32.24;180.09;746.14;179.95;793.79;778.23;80.18;0.44
2850;0.00;105.18;0.00;104.92;0.00;0.00;59.00;17.23;32.24;180.10;748.13;179.87;801.92;785.55;80.18;0.46
2855;0.00;105.06;0.00;105.01;0.00;0.00;59.05;17.22;32.26;180.09;749.45;179.83;805.07;788.49;80.18;0.43
2860;0.00;105.02;0.00;104.99;0.00;0.00;59.02;17.19;32.25;180.06;750.64;179.80;806.93;790.55;80.18;0.46
2865;0.00;104.86;0.00;105.10;0.00;0.00;59.00;17.19;32.26;180.06;750.19;179.75;807.59;791.61;80.18;0.46
2870;0.00;104.98;0.00;105.03;0.00;0.00;59.00;17.23;32.26;180.07;751.07;179.74;806.33;791.37;80.18;0.43
2875;0.00;104.99;0.00;105.01;0.00;0.00;59.03;17.22;32.26;180.08;753.03;179.75;805.26;790.59;80.18;0.46
2880;0.00;105.22;0.00;104.90;0.00;0.00;59.02;17.19;32.26;180.07;755.14;179.75;803.96;789.59;80.18;0.43
2885;0.00;105.03;0.00;105.00;0.00;0.00;59.04;17.22;32.25;180.05;756.10;179.83;800.30;788.27;80.18;0.43
2890;0.00;105.04;0.00;104.99;0.00;0.00;59.01;17.22;32.26;180.05;755.89;179.87;797.97;784.73;80.18;0.45
2895;0.00;104.81;0.00;105.09;0.00;0.00;58.98;17.20;32.26;180.05;754.39;179.90;795.49;782.64;80.18;0.44
2900;0.00;104.99;0.00;105.03;0.00;0.00;58.99;17.23;32.27;180.08;753.13;179.94;793.28;780.75;80.18;0.45
2905;0.00;104.99;0.00;105.03;0.00;0.00;59.02;17.22;32.27;180.09;754.58;179.99;792.26;779.58;80.18;0.45
2910;0.00;105.16;0.00;104.94;0.00;0.00;58.96;17.20;32.27;180.10;755.88;180.00;793.53;780.13;80.18;0.42
2915;0.00;105.04;0.00;104.99;0.00;0.00;59.05;17.23;32.28;180.09;756.26;180.02;795.40;781.55;80.18;0.44
2920;0.00;105.03;0.00;104.99;0.00;0.00;59.02;17.25;32.27;180.07;756.64;180.00;797.60;783.43;80.18;0.47
2925;0.00;104.78;0.00;105.11;0.00;0.00;58.97;17.20;32.26;180.07;755.54;179.97;802.77;787.97;80.18;0.49
2930;0.00;104.98;0.00;105.03;0.00;0.00;59.01;17.19;32.26;180.06;756.07;179.94;805.85;790.70;80.18;0.46
2935;0.00;105.00;0.00;105.04;0.00;0.00;59.02;17.23;32.27;180.08;758.20;179.90;809.34;793.78;80.18;0.47
2940;0.00;105.19;0.00;104.91;0.00;0.00;59.01;17.25;32.29;180.08;763.17;179.83;813.11;797.07;80.18;0.47
2945;0.00;105.04;0.00;104.99;0.00;0.00;59.05;17.22;32.29;180.09;764.40;179.80;818.43;802.15;80.18;0.43
2950;0.00;105.04;0.00;105.00;0.00;0.00;59.02;17.20;32.29;180.08;765.29;179.78;819.29;803.33;80.18;0.49
2955;0.00;104.85;0.00;105.12;0.00;0.00;58.98;17.20;32.30;180.05;764.07;179.76;819.01;803.54;80.18;0.47
2960;0.00;104.99;0.00;105.02;0.00;0.00;59.03;17.22;32.29;180.04;764.90;179.76;816.66;803.02;80.18;0.46
2965;0.00;104.99;0.00;105.02;0.00;0.00;59.03;17.23;32.30;180.03;766.84;179.78;815.50;801.24;80.18;0.47
2970;0.00;105.21;0.00;104.92;0.00;0.00;59.02;17.22;32.30;180.05;768.74;179.80;814.40;800.27;80.18;0.44
2975;0.00;105.04;0.00;104.99;0.00;0.00;59.02;17.22;32.30;180.08;769.29;179.84;813.05;799.16;80.18;0.45
2980;0.00;105.03;0.00;104.99;0.00;0.00;59.02;17.20;32.30;180.09;768.80;179.91;809.29;797.72;80.18;0.48
2985;0.00;104.83;0.00;105.09;0.00;0.00;58.99;17.20;32.30;180.09;767.13;179.95;807.25;794.40;80.18;0.46
2990;0.00;105.01;0.00;105.01;0.00;0.00;59.00;17.23;32.30;180.05;765.64;180.00;805.94;793.20;80.18;0.47
2995;0.00;104.99;0.00;105.03;0.00;0.00;59.03;17.25;32.29;180.04;768.23;180.03;805.76;792.83;80.18;0.48
3000;0.00;105.18;0.00;104.88;0.00;0.00;58.98;17.20;32.30;180.04;769.58;180.05;808.83;794.95;80.18;0.50
3005;0.00;105.04;0.00;104.99;0.00;0.00;59.04;17.22;32.30;180.04;770.24;180.04;811.49;797.02;80.18;0.46
3010;0.00;105.00;0.00;105.00;0.00;0.00;59.03;17.23;32.31;180.05;770.74;180.02;814.27;799.45;80.18;0.50
3015;0.00;104.78;0.00;105.11;0.00;0.00;58.99;17.20;32.30;180.06;770.08;179.97;817.08;801.98;80.18;0.50
3020;0.00;105.00;0.00;105.00;0.00;0.00;59.02;17.22;32.30;180.05;770.88;179.93;823.21;807.54;80.18;0.47
3025;0.00;105.01;0.00;105.03;0.00;0.00;59.02;17.23;32.31;180.05;773.46;179.89;826.76;810.70;80.18;0.49
3030;0.00;105.20;0.00;104.92;0.00;0.00;58.98;17.19;32.32;180.06;778.47;179.85;830.06;813.65;80.18;0.47
3035;0.00;105.03;0.00;105.01;0.00;0.00;59.05;17.23;32.31;180.07;779.65;179.78;833.84;816.09;80.18;0.46
3040;0.00;105.01;0.00;104.99;0.00;0.00;59.03;17.20;32.32;180.07;780.39;179.76;833.87;818.08;80.18;0.52
3045;0.00;104.78;0.00;105.12;0.00;0.00;58.99;17.20;32.33;180.07;780.07;179.75;832.90;817.63;80.18;0.48
3050;0.00;105.01;0.00;105.01;0.00;0.00;59.02;17.19;32.32;180.03;779.55;179.75;831.22;816.54;80.18;0.48
3055;0.00;105.00;0.00;105.03;0.00;0.00;59.03;17.20;32.32;180.02;781.37;179.79;827.75;813.78;80.18;0.49
3060;0.00;105.22;0.00;104.92;0.00;0.00;58.99;17.20;32.32;180.02;783.08;179.82;826.16;812.40;80.18;0.46
3065;0.00;105.03;0.00;105.01;0.00;0.00;59.05;17.23;32.34;180.04;783.41;179.86;824.45;810.87;80.18;0.47
3070;0.00;105.01;0.00;104.99;0.00;0.00;59.03;17.20;32.33;180.06;782.25;179.94;822.40;809.16;80.18;0.51
3075;0.00;104.87;0.00;105.12;0.00;0.00;58.98;17.19;32.33;180.07;780.33;179.97;818.67;805.94;80.18;0.53
3080;0.00;105.01;0.00;105.01;0.00;0.00;59.02;17.20;32.33;180.06;779.10;180.00;817.95;805.18;80.18;0.49
3085;0.00;105.00;0.00;105.03;0.00;0.00;59.02;17.22;32.33;180.05;780.02;180.02;818.46;805.37;80.18;0.50
3090;0.00;105.23;0.00;104.92;0.00;0.00;59.01;17.22;32.34;180.05;783.23;180.03;820.14;806.53;80.18;0.51
3095;0.00;105.06;0.00;105.00;0.00;0.00;59.05;17.22;32.33;180.05;784.00;180.03;825.76;811.12;80.18;0.46
3100;0.00;105.02;0.00;105.01;0.00;0.00;59.03;17.23;32.34;180.05;784.68;180.01;829.12;814.02;80.18;0.52
3105;0.00;104.82;0.00;105.10;0.00;0.00;58.99;17.20;32.32;180.06;784.34;179.98;832.69;817.19;80.18;0.50
3110;0.00;104.99;0.00;105.01;0.00;0.00;59.02;17.22;32.34;180.06;785.65;179.90;840.08;820.43;80.18;0.49
3115;0.00;104.99;0.00;105.03;0.00;0.00;59.03;17.23;32.34;180.06;788.61;179.85;843.85;827.32;80.18;0.52
3120;0.00;105.25;0.00;104.90;0.00;0.00;58.98;17.20;32.35;180.05;791.98;179.82;847.09;830.30;80.18;0.47
3125;0.00;105.05;0.00;105.00;0.00;0.00;59.05;17.20;32.35;180.04;794.90;179.78;849.26;832.47;80.18;0.48
3130;0.00;105.03;0.00;104.99;0.00;0.00;59.04;17.23;32.35;180.04;795.49;179.75;849.57;833.72;80.18;0.51
3135;0.00;104.79;0.00;105.11;0.00;0.00;58.98;17.20;32.35;180.05;795.08;179.74;848.19;832.92;80.18;0.50
3140;0.00;105.03;0.00;105.01;0.00;0.00;58.99;17.22;32.34;180.04;793.81;179.76;846.18;831.51;80.18;0.50
3145;0.00;105.00;0.00;105.04;0.00;0.00;59.04;17.22;32.37;180.04;796.43;179.81;843.97;829.77;80.18;0.51
3150;0.00;105.18;0.00;104.93;0.00;0.00;58.99;17.20;32.36;180.04;797.92;179.85;839.81;826.20;80.18;0.54
3155;0.00;105.02;0.00;104.99;0.00;0.00;59.06;17.27;32.35;180.03;798.07;179.89;837.59;824.23;80.18;0.50
3160;0.00;105.00;0.00;104.99;0.00;0.00;59.03;17.20;32.37;180.06;796.28;179.93;835.12;822.15;80.18;0.53
3165;0.00;104.77;0.00;105.11;0.00;0.00;58.96;17.20;32.37;180.08;794.14;180.00;831.09;820.14;80.18;0.55
3170;0.00;105.00;0.00;105.03;0.00;0.00;59.02;17.22;32.36;180.08;792.97;180.03;830.56;817.89;80.18;0.50
3175;0.00;105.00;0.00;105.03;0.00;0.00;59.01;17.23;32.37;180.07;793.95;180.04;831.29;818.23;80.18;0.52
3180;0.00;105.22;0.00;104.90;0.00;0.00;58.99;17.17;32.37;180.05;797.09;180.05;833.09;819.52;80.18;0.50
3185;0.00;105.04;0.00;105.00;0.00;0.00;59.04;17.25;32.38;180.03;797.77;180.01;838.98;824.32;80.18;0.48
3190;0.00;105.02;0.00;105.00;0.00;0.00;59.03;17.20;32.37;180.01;798.35;179.98;842.58;827.42;80.18;0.55
3195;0.00;104.82;0.00;105.08;0.00;0.00;58.98;17.19;32.38;180.03;798.51;179.95;846.54;830.91;80.18;0.51
3200;0.00;104.99;0.00;105.02;0.00;0.00;58.99;17.20;32.37;180.04;799.66;179.86;850.58;834.52;80.18;0.51
3205;0.00;105.01;0.00;105.04;0.00;0.00;59.03;17.23;32.38;180.05;802.93;179.83;858.74;842.04;80.18;0.52
3210;0.00;105.30;0.00;104.90;0.00;0.00;58.98;17.19;32.38;180.06;806.27;179.79;862.10;845.12;80.18;0.49
3215;0.00;105.03;0.00;104.98;0.00;0.00;59.02;17.22;32.38;180.06;809.23;179.77;864.21;847.29;80.18;0.50
3220;0.00;105.05;0.00;105.00;0.00;0.00;59.03;17.19;32.39;180.05;809.67;179.75;864.22;848.36;80.18;0.54
3225;0.00;104.78;0.00;105.09;0.00;0.00;58.97;17.22;32.39;180.04;809.17;179.76;862.67;847.39;80.18;0.56
3230;0.00;104.98;0.00;105.00;0.00;0.00;59.02;17.22;32.38;180.03;807.76;179.78;860.51;845.80;80.18;0.52
3235;0.00;104.99;0.00;105.04;0.00;0.00;59.02;17.25;32.38;180.02;810.64;179.81;858.01;843.80;80.18;0.53
3240;0.00;105.22;0.00;104.92;0.00;0.00;59.03;17.23;32.38;180.03;811.85;179.88;852.56;839.18;80.18;0.55
3245;0.00;105.04;0.00;104.99;0.00;0.00;59.05;17.23;32.39;180.05;811.73;179.91;849.64;836.65;80.18;0.52
3250;0.00;105.00;0.00;105.01;0.00;0.00;59.05;17.22;32.40;180.05;810.68;179.95;846.57;833.97;80.18;0.55
3255;0.00;104.74;0.00;105.11;0.00;0.00;58.98;17.19;32.40;180.04;806.21;180.01;843.48;831.28;80.18;0.55
3260;0.00;104.99;0.00;105.00;0.00;0.00;59.02;17.22;32.40;180.04;804.93;180.02;839.96;827.87;80.18;0.52
3265;0.00;105.01;0.00;105.03;0.00;0.00;59.05;17.23;32.40;180.03;805.91;180.03;840.16;827.68;80.18;0.54
3270;0.00;105.23;0.00;104.92;0.00;0.00;59.00;17.23;32.40;180.02;807.76;180.02;841.56;828.58;80.18;0.50
3275;0.00;105.04;0.00;104.98;0.00;0.00;59.05;17.23;32.40;180.03;808.84;179.97;846.93;830.34;80.18;0.50
3280;0.00;105.03;0.00;104.99;0.00;0.00;59.04;17.23;32.40;180.05;808.92;179.93;850.36;835.68;80.18;0.53
3285;0.00;104.80;0.00;105.09;0.00;0.00;59.00;17.19;32.40;180.06;808.79;179.89;854.09;839.01;80.18;0.52
3290;0.00;104.99;0.00;105.01;0.00;0.00;59.02;17.23;32.41;180.05;809.55;179.85;858.13;842.51;80.18;0.52
3295;0.00;105.00;0.00;105.03;0.00;0.00;59.05;17.22;32.41;180.05;812.69;179.79;866.21;846.26;80.18;0.53
3300;0.00;105.19;0.00;104.92;0.00;0.00;58.99;17.20;32.40;180.04;816.16;179.77;869.68;853.00;80.18;0.50
3305;0.00;105.03;0.00;104.99;0.00;0.00;59.04;17.22;32.41;180.04;817.83;179.76;871.78;855.25;80.18;0.52
3310;0.00;105.03;0.00;105.00;0.00;0.00;59.03;17.22;32.41;180.04;818.71;179.77;872.46;856.31;80.18;0.55
3315;0.00;104.78;0.00;105.11;0.00;0.00;58.98;17.20;32.41;180.04;817.74;179.81;870.29;855.31;80.18;0.58
3320;0.00;105.01;0.00;105.02;0.00;0.00;59.01;17.22;32.41;180.03;816.29;179.83;868.15;853.78;80.18;0.53
3325;0.00;105.00;0.00;105.04;0.00;0.00;59.04;17.20;32.42;180.04;817.64;179.86;865.92;852.01;80.18;0.54
3330;0.00;105.22;0.00;104.91;0.00;0.00;59.02;17.22;32.42;180.04;820.95;179.93;863.60;850.02;80.18;0.55
3335;0.00;105.04;0.00;105.00;0.00;0.00;59.05;17.22;32.43;180.04;820.63;179.96;858.58;845.67;80.18;0.51
3340;0.00;105.03;0.00;104.99;0.00;0.00;59.02;17.23;32.42;180.03;819.38;180.00;855.71;843.12;80.18;0.57
3345;0.00;104.85;0.00;105.11;0.00;0.00;58.95;17.17;32.43;180.03;814.34;180.02;852.86;840.66;80.18;0.55
3350;0.00;105.01;0.00;105.01;0.00;0.00;59.03;17.25;32.42;180.03;813.66;180.03;849.54;838.65;80.18;0.53
3355;0.00;104.97;0.00;105.03;0.00;0.00;59.03;17.22;32.42;180.04;815.03;180.01;849.83;837.40;80.18;0.55
3360;0.00;105.23;0.00;104.92;0.00;0.00;58.99;17.20;32.42;180.05;817.07;179.98;851.31;838.36;80.18;0.51
3365;0.00;105.02;0.00;104.98;0.00;0.00;59.03;17.22;32.42;180.03;817.74;179.93;853.59;840.09;80.18;0.52
3370;0.00;105.04;0.00;105.00;0.00;0.00;59.03;17.23;32.42;180.03;817.61;179.89;859.37;844.97;80.18;0.55
3375;0.00;104.84;0.00;105.07;0.00;0.00;58.97;17.20;32.43;180.02;817.21;179.85;862.59;847.82;80.18;0.53
3380;0.00;104.99;0.00;105.02;0.00;0.00;59.02;17.23;32.44;180.01;815.75;179.82;866.05;850.89;80.18;0.53
3385;0.00;105.00;0.00;105.04;0.00;0.00;59.05;17.22;32.44;180.01;821.34;179.77;869.82;854.27;80.18;0.54
3390;0.00;105.26;0.00;104.91;0.00;0.00;58.98;17.20;32.44;180.01;824.58;179.76;876.42;860.26;80.18;0.57
3395;0.00;105.03;0.00;104.99;0.00;0.00;59.05;17.22;32.44;180.03;825.83;179.77;878.14;862.11;80.18;0.53
3400;0.00;105.04;0.00;104.99;0.00;0.00;59.04;17.23;32.44;180.05;826.22;179.77;878.40;862.81;80.18;0.57
3405;0.00;104.79;0.00;105.06;0.00;0.00;58.99;17.19;32.45;180.05;824.31;179.83;875.75;862.47;80.18;0.59
3410;0.00;104.99;0.00;105.01;0.00;0.00;59.05;17.22;32.45;180.05;823.34;179.87;873.50;859.63;80.18;0.53
3415;0.00;104.99;0.00;105.05;0.00;0.00;59.05;17.23;32.45;180.04;824.97;179.91;871.35;857.84;80.18;0.55
3420;0.00;105.22;0.00;104.91;0.00;0.00;59.02;17.23;32.45;180.02;828.01;179.94;869.25;855.98;80.18;0.53
3425;0.00;105.04;0.00;104.99;0.00;0.00;59.05;17.25;32.46;180.01;827.35;179.99;864.41;851.76;80.18;0.52
3430;0.00;105.04;0.00;105.00;0.00;0.00;59.06;17.23;32.45;180.01;826.01;180.00;861.65;849.37;80.18;0.58
3435;0.00;104.83;0.00;105.08;0.00;0.00;58.97;17.20;32.46;180.04;824.21;180.01;858.94;847.03;80.18;0.54
3440;0.00;104.98;0.00;105.01;0.00;0.00;59.02;17.22;32.46;180.04;820.41;179.98;856.94;845.21;80.18;0.54
3445;0.00;105.00;0.00;105.04;0.00;0.00;59.03;17.25;32.46;180.05;822.06;179.96;856.73;844.42;80.18;0.54
3450;0.00;105.23;0.00;104.90;0.00;0.00;59.01;17.19;32.47;180.05;824.15;179.93;858.40;845.55;80.18;0.51
3455;0.00;105.06;0.00;104.99;0.00;0.00;59.02;17.23;32.46;180.04;824.35;179.90;860.71;847.31;80.18;0.53
3460;0.00;105.03;0.00;104.99;0.00;0.00;59.03;17.22;32.45;180.03;824.22;179.85;866.04;849.47;80.18;0.56
3465;0.00;104.81;0.00;105.08;0.00;0.00;58.99;17.20;32.47;180.03;823.21;179.83;869.01;854.51;80.18;0.59
3470;0.00;104.99;0.00;105.02;0.00;0.00;59.02;17.22;32.48;180.03;822.03;179.82;872.17;857.33;80.18;0.54
3475;0.00;105.01;0.00;105.05;0.00;0.00;59.04;17.20;32.47;180.04;828.16;179.81;875.56;860.46;80.18;0.55
3480;0.00;105.20;0.00;104.89;0.00;0.00;58.99;17.20;32.47;180.04;831.02;179.82;881.63;865.86;80.18;0.58
3485;0.00;105.05;0.00;104.99;0.00;0.00;59.05;17.25;32.48;180.04;831.88;179.84;882.94;867.40;80.18;0.54
3490;0.00;105.03;0.00;104.99;0.00;0.00;59.04;17.23;32.46;180.05;832.10;179.86;882.92;867.81;80.18;0.58
3495;0.00;104.78;0.00;105.08;0.00;0.00;58.98;17.20;32.49;180.05;829.34;179.91;881.81;867.25;80.18;0.57
3500;0.00;104.99;0.00;105.02;0.00;0.00;59.02;17.23;32.49;180.04;829.11;179.94;877.66;864.21;80.18;0.54
3505;0.00;104.99;0.00;105.04;0.00;0.00;59.02;17.23;32.48;180.03;830.95;179.96;875.58;862.45;80.18;0.56
3510;0.00;105.22;0.00;104.91;0.00;0.00;59.01;17.22;32.49;180.02;833.19;179.98;873.51;860.61;80.18;0.53
3515;0.00;105.03;0.00;105.00;0.00;0.00;59.05;17.23;32.49;180.02;832.54;180.00;868.67;858.59;80.18;0.52
3520;0.00;105.01;0.00;105.00;0.00;0.00;59.06;17.20;32.49;180.05;831.25;180.00;865.89;853.98;80.18;0.55
3525;0.00;104.83;0.00;105.11;0.00;0.00;58.98;17.20;32.49;180.07;828.93;180.00;863.27;851.64;80.18;0.54
3530;0.00;105.01;0.00;105.01;0.00;0.00;59.02;17.22;32.50;180.09;826.04;179.99;861.42;849.96;80.18;0.54
3535;0.00;105.00;0.00;105.03;0.00;0.00;59.05;17.20;32.50;180.09;827.80;179.96;861.60;849.18;80.18;0.55
3540;0.00;105.23;0.00;104.91;0.00;0.00;58.99;17.19;32.50;180.06;829.61;179.93;863.41;850.71;80.18;0.51
3545;0.00;105.04;0.00;104.99;0.00;0.00;59.02;17.22;32.49;180.03;829.76;179.91;865.72;852.55;80.18;0.53
3550;0.00;105.02;0.00;104.99;0.00;0.00;59.05;17.22;32.50;180.02;829.42;179.87;868.24;854.67;80.18;0.57
3555;0.00;104.85;0.00;105.09;0.00;0.00;58.96;17.20;32.50;180.03;827.63;179.86;873.57;859.42;80.18;0.59
3560;0.00;105.00;0.00;105.02;0.00;0.00;59.05;17.22;32.51;180.04;827.25;179.86;876.58;862.12;80.18;0.55
3565;0.00;104.99;0.00;105.05;0.00;0.00;59.05;17.23;32.51;180.06;830.01;179.86;879.95;865.14;80.18;0.55
3570;0.00;105.26;0.00;104.90;0.00;0.00;58.97;17.20;32.50;180.06;835.97;179.89;885.49;867.96;80.18;0.57
3575;0.00;105.04;0.00;105.01;0.00;0.00;59.02;17.22;32.51;180.05;836.62;179.90;886.51;871.40;80.18;0.52
3580;0.00;105.02;0.00;105.03;0.00;0.00;59.03;17.23;32.51;180.05;836.94;179.92;886.25;871.58;80.18;0.58
3585;0.00;104.79;0.00;105.08;0.00;0.00;58.97;17.20;32.53;180.04;833.82;179.94;884.92;870.82;80.18;0.56
3590;0.00;104.99;0.00;105.01;0.00;0.00;59.02;17.22;32.52;180.03;834.16;179.97;880.66;869.37;80.18;0.54
3595;0.00;105.03;0.00;105.05;0.00;0.00;59.06;17.23;32.52;180.04;835.80;179.98;878.48;865.72;80.18;0.57
3600;0.00;105.21;0.00;104.91;0.00;0.00;58.97;17.22;32.52;180.04;837.78;179.99;876.26;863.73;80.18;0.52
3605;0.00;105.03;0.00;105.01;0.00;0.00;59.03;17.22;32.52;180.05;836.61;180.00;873.78;861.62;80.18;0.53
3610;0.00;105.03;0.00;105.00;0.00;0.00;59.05;17.23;32.52;180.05;835.33;179.99;868.24;856.74;80.18;0.56
3615;0.00;104.85;0.00;105.10;0.00;0.00;58.97;17.19;32.53;180.05;832.46;179.97;865.64;854.45;80.18;0.54
3620;0.00;105.01;0.00;105.01;0.00;0.00;59.02;17.23;32.53;180.05;829.90;179.95;863.95;852.83;80.18;0.54
3625;0.00;104.99;0.00;105.04;0.00;0.00;59.03;17.22;32.54;180.06;832.15;179.90;864.52;852.19;80.18;0.55
3630;0.00;105.29;0.00;104.89;0.00;0.00;58.98;17.17;32.54;180.07;833.66;179.88;866.48;854.04;80.18;0.58
3635;0.00;105.03;0.00;105.00;0.00;0.00;59.05;17.23;32.53;180.06;833.57;179.86;868.91;855.97;80.18;0.54
3640;0.00;105.03;0.00;104.99;0.00;0.00;59.04;17.27;32.54;180.04;833.35;179.84;871.58;858.26;80.18;0.57
3645;0.00;104.77;0.00;105.07;0.00;0.00;58.99;17.23;32.53;180.04;831.31;179.84;877.27;860.67;80.18;0.60
3650;0.00;104.98;0.00;105.01;0.00;0.00;59.01;17.20;32.54;180.04;831.87;179.85;880.42;866.07;80.19;0.55
3655;0.00;104.98;0.00;105.04;0.00;0.00;59.06;17.20;32.54;180.06;834.78;179.86;883.79;869.14;80.18;0.56
3660;0.00;105.21;0.00;104.91;0.00;0.00;59.01;17.22;32.54;180.07;840.05;179.92;886.90;871.84;80.19;0.55
3665;0.00;105.06;0.00;105.00;0.00;0.00;59.03;17.20;32.55;180.07;840.58;179.94;889.55;874.79;80.19;0.52
3670;0.00;105.01;0.00;105.00;0.00;0.00;59.05;17.23;32.54;180.07;840.97;179.97;888.97;874.70;80.19;0.59
3675;0.00;104.74;0.00;105.09;0.00;0.00;58.97;17.22;32.54;180.04;840.21;180.00;887.45;873.73;80.19;0.56
3680;0.00;105.00;0.00;105.01;0.00;0.00;59.02;17.22;32.54;180.02;838.57;180.03;885.24;872.12;80.19;0.54
3685;0.00;105.00;0.00;105.04;0.00;0.00;59.03;17.20;32.55;180.02;840.08;180.04;880.37;868.03;80.19;0.55
3690;0.00;105.25;0.00;104.90;0.00;0.00;59.01;17.22;32.56;180.03;841.55;180.03;877.77;865.76;80.19;0.52
3695;0.00;105.02;0.00;104.99;0.00;0.00;59.03;17.23;32.56;180.04;839.78;180.02;874.98;863.32;80.19;0.53
3700;0.00;105.04;0.00;104.99;0.00;0.00;59.04;17.22;32.56;180.03;838.35;179.98;869.04;860.71;80.19;0.56
3705;0.00;104.79;0.00;105.08;0.00;0.00;59.02;17.19;32.57;180.05;835.21;179.95;866.42;855.73;80.19;0.54
3710;0.00;105.00;0.00;105.01;0.00;0.00;59.02;17.23;32.55;180.05;833.44;179.93;864.98;854.25;80.19;0.55
3715;0.00;105.02;0.00;105.04;0.00;0.00;59.05;17.25;32.57;180.03;835.57;179.88;864.89;853.82;80.19;0.55
3720;0.00;105.22;0.00;104.92;0.00;0.00;58.98;17.20;32.58;180.02;836.69;179.86;868.24;856.07;80.19;0.58
3725;0.00;105.02;0.00;104.99;0.00;0.00;59.03;17.25;32.57;180.03;836.49;179.85;870.98;858.20;80.19;0.54
3730;0.00;105.01;0.00;105.00;0.00;0.00;59.06;17.23;32.57;180.04;836.50;179.85;873.91;860.69;80.19;0.58
3735;0.00;104.80;0.00;105.10;0.00;0.00;58.98;17.22;32.57;180.05;834.49;179.86;880.17;863.43;80.19;0.58
3740;0.00;105.01;0.00;105.02;0.00;0.00;59.00;17.20;32.58;180.07;835.79;179.87;883.57;869.35;80.19;0.54
3745;0.00;104.99;0.00;105.04;0.00;0.00;59.05;17.25;32.58;180.07;838.72;179.90;887.08;872.46;80.19;0.56
3750;0.00;105.21;0.00;104.91;0.00;0.00;59.02;17.22;32.58;180.05;843.44;179.93;890.00;875.09;80.19;0.54
3755;0.00;105.04;0.00;104.99;0.00;0.00;59.05;17.23;32.58;180.04;844.00;179.99;892.14;876.93;80.19;0.53
3760;0.00;105.03;0.00;105.01;0.00;0.00;59.03;17.27;32.58;180.03;844.42;180.00;891.33;877.38;80.19;0.59
3765;0.00;104.83;0.00;105.08;0.00;0.00;58.95;17.20;32.59;180.04;843.26;180.02;889.64;876.22;80.19;0.55
3770;0.00;105.00;0.00;105.01;0.00;0.00;59.02;17.23;32.59;180.04;842.60;180.03;887.29;874.45;80.19;0.55
3775;0.00;105.02;0.00;105.04;0.00;0.00;59.05;17.22;32.59;180.05;843.68;180.03;881.72;869.80;80.19;0.56
3780;0.00;105.25;0.00;104.90;0.00;0.00;58.98;17.22;32.59;180.05;844.64;180.02;878.63;867.15;80.19;0.52
3785;0.00;105.05;0.00;104.99;0.00;0.00;59.04;17.23;32.59;180.07;843.71;180.00;875.43;864.26;80.19;0.54
3790;0.00;105.02;0.00;105.00;0.00;0.00;59.02;17.23;32.59;180.07;840.85;179.97;868.96;861.36;80.19;0.57
3795;0.00;104.80;0.00;105.10;0.00;0.00;59.00;17.20;32.60;180.06;837.44;179.95;866.48;856.22;80.19;0.60
3800;0.00;104.99;0.00;104.99;0.00;0.00;59.01;17.20;32.60;180.05;836.52;179.93;865.24;854.87;80.19;0.55
3805;0.00;105.01;0.00;105.04;0.00;0.00;59.05;17.22;32.60;180.04;838.43;179.92;865.44;854.63;80.19;0.56
3810;0.00;105.20;0.00;104.92;0.00;0.00;58.96;17.19;32.60;180.05;839.02;179.89;869.23;855.53;80.19;0.59
3815;0.00;105.02;0.00;104.99;0.00;0.00;59.05;17.22;32.60;180.06;838.82;179.89;872.15;859.63;80.19;0.54
3820;0.00;105.04;0.00;105.01;0.00;0.00;59.03;17.25;32.61;180.08;838.95;179.89;875.39;862.38;80.19;0.58
3825;0.00;104.73;0.00;105.09;0.00;0.00;58.95;17.20;32.61;180.08;837.39;179.91;878.84;865.47;80.19;0.57
3830;0.00;105.02;0.00;105.01;0.00;0.00;59.01;17.19;32.60;180.06;839.30;179.92;886.23;872.08;80.19;0.54
3835;0.00;104.99;0.00;105.05;0.00;0.00;59.04;17.23;32.61;180.05;842.04;179.95;889.95;875.32;80.19;0.57
3840;0.00;105.23;0.00;104.92;0.00;0.00;59.01;17.23;32.61;180.05;845.13;179.97;892.69;877.87;80.19;0.54
3845;0.00;105.04;0.00;105.00;0.00;0.00;59.05;17.25;32.61;180.04;846.87;180.03;894.19;879.50;80.19;0.53
3850;0.00;105.06;0.00;104.98;0.00;0.00;59.04;17.22;32.62;180.05;847.23;180.04;893.15;879.49;80.19;0.56
3855;0.00;104.85;0.00;105.08;0.00;0.00;58.99;17.20;32.62;180.06;845.67;180.05;891.31;878.19;80.19;0.55
3860;0.00;104.97;0.00;105.03;0.00;0.00;59.02;17.23;32.61;180.06;845.91;180.06;888.90;876.32;80.19;0.55
3865;0.00;105.00;0.00;105.04;0.00;0.00;59.05;17.20;32.62;180.06;846.83;180.03;883.04;874.04;80.19;0.56
3870;0.00;105.28;0.00;104.88;0.00;0.00;59.00;17.23;32.62;180.07;847.35;180.00;879.86;868.64;80.19;0.52
3875;0.00;105.02;0.00;104.99;0.00;0.00;59.03;17.20;32.62;180.06;846.35;179.95;876.59;865.75;80.19;0.54
3880;0.00;105.01;0.00;104.99;0.00;0.00;59.05;17.22;32.62;180.05;843.24;179.89;873.28;862.71;80.19;0.57
3885;0.00;104.78;0.00;105.10;0.00;0.00;58.98;17.22;32.62;180.06;840.16;179.87;867.53;857.57;80.19;0.60
3890;0.00;105.01;0.00;105.00;0.00;0.00;59.03;17.22;32.64;180.06;839.58;179.85;866.31;856.21;80.19;0.55
3895;0.00;104.99;0.00;105.04;0.00;0.00;59.04;17.25;32.63;180.09;840.10;179.84;866.54;856.01;80.19;0.56
3900;0.00;105.22;0.00;104.91;0.00;0.00;58.99;17.19;32.63;180.10;841.41;179.86;870.51;856.95;80.19;0.58
3905;0.00;105.05;0.00;104.99;0.00;0.00;59.05;17.20;32.63;180.09;841.23;179.89;873.47;861.14;80.19;0.52
3910;0.00;105.01;0.00;105.00;0.00;0.00;59.05;17.23;32.63;180.07;841.35;179.92;876.77;863.93;80.19;0.58
3915;0.00;104.78;0.00;105.11;0.00;0.00;58.98;17.20;32.64;180.05;840.21;179.96;880.26;867.05;80.19;0.56
3920;0.00;104.99;0.00;105.01;0.00;0.00;59.02;17.20;32.64;180.06;842.30;180.05;887.74;870.32;80.19;0.54
3925;0.00;105.00;0.00;105.04;0.00;0.00;59.05;17.19;32.63;180.07;845.05;180.08;891.34;876.93;80.19;0.57
3930;0.00;105.22;0.00;104.91;0.00;0.00;59.03;17.23;32.64;180.10;847.59;180.12;893.81;879.29;80.19;0.53
3935;0.00;105.04;0.00;104.99;0.00;0.00;59.06;17.19;32.64;180.11;849.08;180.15;894.92;880.64;80.19;0.53
3940;0.00;105.02;0.00;105.00;0.00;0.00;59.04;17.22;32.64;180.10;849.22;180.14;893.50;880.23;80.19;0.56
3945;0.00;104.83;0.00;105.07;0.00;0.00;58.97;17.19;32.64;180.10;847.66;180.13;891.54;878.76;80.19;0.55
3950;0.00;105.01;0.00;105.01;0.00;0.00;59.04;17.23;32.65;180.08;847.55;180.10;888.99;876.80;80.19;0.55
3955;0.00;104.98;0.00;105.04;0.00;0.00;59.05;17.22;32.65;180.06;848.94;180.03;883.14;874.46;80.19;0.56
3960;0.00;105.28;0.00;104.90;0.00;0.00;58.99;17.19;32.65;180.06;849.07;179.99;879.97;869.01;80.19;0.59
3965;0.00;105.03;0.00;104.99;0.00;0.00;59.05;17.22;32.65;180.06;848.07;179.95;876.72;866.13;80.19;0.54
3970;0.00;105.02;0.00;105.00;0.00;0.00;59.05;17.23;32.65;180.08;844.73;179.92;873.47;863.22;80.19;0.57
3975;0.00;104.78;0.00;105.09;0.00;0.00;58.97;17.17;32.65;180.09;842.13;179.89;868.19;860.49;80.19;0.60
3980;0.00;105.03;0.00;105.02;0.00;0.00;59.01;17.20;32.66;180.09;841.82;179.88;867.37;857.43;80.19;0.55
3985;0.00;105.00;0.00;105.04;0.00;0.00;59.05;17.23;32.66;180.10;842.67;179.90;868.66;857.91;80.19;0.55
3990;0.00;105.22;0.00;104.92;0.00;0.00;58.99;17.22;32.66;180.09;843.49;179.94;870.90;859.52;80.19;0.52
3995;0.00;105.03;0.00;105.01;0.00;0.00;59.05;17.20;32.66;180.07;843.32;179.96;873.82;861.86;80.19;0.53
4000;0.00;105.03;0.00;104.99;0.00;0.00;59.04;17.25;32.66;180.07;843.26;180.04;877.07;864.56;80.19;0.57
4005;0.00;104.80;0.00;105.08;0.00;0.00;58.99;17.22;32.67;180.07;842.35;180.08;883.95;870.62;80.19;0.59
4010;0.00;104.99;0.00;105.01;0.00;0.00;59.03;17.20;32.67;180.08;843.76;180.11;887.60;873.98;80.19;0.55
4015;0.00;104.99;0.00;105.03;0.00;0.00;59.06;17.23;32.67;180.09;848.59;180.14;891.09;877.09;80.19;0.56
4020;0.00;105.20;0.00;104.89;0.00;0.00;58.98;17.22;32.67;180.08;850.10;180.16;895.19;879.56;80.19;0.59
4025;0.00;105.05;0.00;105.01;0.00;0.00;59.03;17.25;32.67;180.08;850.68;180.16;895.26;881.59;80.19;0.55
4030;0.00;105.04;0.00;104.98;0.00;0.00;59.02;17.25;32.67;180.08;850.98;180.15;894.23;881.08;80.19;0.58
4035;0.00;104.78;0.00;105.08;0.00;0.00;59.01;17.22;32.68;180.09;849.24;180.12;892.43;879.80;80.19;0.57
4040;0.00;104.99;0.00;105.01;0.00;0.00;59.03;17.22;32.68;180.08;849.69;180.06;887.28;875.70;80.19;0.54
4045;0.00;105.01;0.00;105.06;0.00;0.00;59.06;17.25;32.68;180.08;850.20;180.03;884.31;873.11;80.19;0.57
4050;0.00;105.23;0.00;104.92;0.00;0.00;58.98;17.20;32.68;180.09;850.65;179.99;881.19;870.40;80.19;0.53
4055;0.00;105.05;0.00;105.01;0.00;0.00;59.03;17.22;32.70;180.09;848.54;179.95;877.99;867.56;80.19;0.53
4060;0.00;105.03;0.00;104.99;0.00;0.00;59.05;17.25;32.68;180.10;846.83;179.94;871.69;861.90;80.19;0.56
4065;0.00;104.82;0.00;105.08;0.00;0.00;58.96;17.19;32.70;180.10;844.25;179.93;869.23;859.62;80.19;0.54
4070;0.00;104.99;0.00;105.02;0.00;0.00;59.02;17.20;32.69;180.10;843.63;179.94;868.12;858.36;80.19;0.54
4075;0.00;105.00;0.00;105.04;0.00;0.00;59.03;17.23;32.69;180.10;844.25;179.97;870.02;858.24;80.19;0.55
4080;0.00;105.29;0.00;104.89;0.00;0.00;59.00;17.19;32.69;180.10;844.94;179.99;872.53;861.17;80.19;0.52
4085;0.00;105.04;0.00;104.99;0.00;0.00;59.01;17.20;32.70;180.11;844.87;180.02;875.61;863.66;80.19;0.54
4090;0.00;105.03;0.00;104.99;0.00;0.00;59.03;17.20;32.70;180.10;844.83;180.10;878.94;866.51;80.19;0.57
4095;0.00;104.80;0.00;105.10;0.00;0.00;58.98;17.19;32.70;180.11;844.37;180.12;885.93;872.62;80.19;0.59
4100;0.00;104.99;0.00;105.03;0.00;0.00;59.02;17.23;32.70;180.11;845.98;180.14;889.44;875.87;80.19;0.55
4105;0.00;104.98;0.00;105.05;0.00;0.00;59.04;17.23;32.71;180.10;848.28;180.15;892.58;878.68;80.19;0.56
4110;0.00;105.22;0.00;104.92;0.00;0.00;58.96;17.20;32.71;180.10;851.65;180.16;894.74;880.77;80.19;0.57
4115;0.00;105.03;0.00;105.00;0.00;0.00;59.02;17.25;32.73;180.09;852.14;180.15;895.25;881.99;80.19;0.52
4120;0.00;105.02;0.00;104.99;0.00;0.00;59.03;17.25;32.72;180.09;852.30;180.14;893.92;881.18;80.19;0.59
4125;0.00;104.85;0.00;105.11;0.00;0.00;58.97;17.17;32.72;180.09;850.67;180.11;891.90;879.67;80.19;0.56
4130;0.00;105.00;0.00;105.02;0.00;0.00;59.00;17.22;32.72;180.09;851.03;180.06;886.61;877.68;80.19;0.54
4135;0.00;105.00;0.00;105.05;0.00;0.00;59.05;17.20;32.73;180.10;851.34;180.03;883.61;872.76;80.19;0.57
4140;0.00;105.27;0.00;104.91;0.00;0.00;58.97;17.17;32.73;180.11;851.55;180.01;880.48;869.94;80.19;0.53
4145;0.00;105.04;0.00;104.98;0.00;0.00;59.01;17.20;32.72;180.12;849.22;179.99;877.28;867.10;80.19;0.53
4150;0.00;105.02;0.00;105.01;0.00;0.00;59.04;17.22;32.72;180.12;847.40;179.98;871.22;861.67;80.19;0.56
4155;0.00;104.82;0.00;105.09;0.00;0.00;58.97;17.23;32.73;180.12;845.09;179.98;869.22;859.74;80.19;0.54
4160;0.00;104.99;0.00;105.02;0.00;0.00;59.02;17.20;32.72;180.09;844.49;180.00;868.54;858.84;80.19;0.54
4165;0.00;104.99;0.00;105.04;0.00;0.00;59.06;17.20;32.73;180.08;845.40;180.03;871.21;859.07;80.19;0.55
4170;0.00;105.26;0.00;104.88;0.00;0.00;59.01;17.23;32.74;180.07;846.01;180.06;873.99;862.56;80.19;0.58
4175;0.00;105.03;0.00;105.00;0.00;0.00;59.05;17.25;32.74;180.09;846.06;180.09;877.24;865.26;80.19;0.54
4180;0.00;105.03;0.00;104.99;0.00;0.00;59.05;17.23;32.74;180.12;846.06;180.11;880.72;868.23;80.19;0.57
4185;0.00;104.78;0.00;105.09;0.00;0.00;58.98;17.20;32.74;180.14;846.04;180.16;887.71;871.36;80.19;0.59
4190;0.00;105.00;0.00;105.01;0.00;0.00;59.03;17.22;32.75;180.14;847.74;180.17;890.98;877.38;80.19;0.55
4195;0.00;104.99;0.00;105.06;0.00;0.00;59.03;17.25;32.75;180.13;851.03;180.18;894.72;880.90;80.19;0.55
4200;0.00;105.28;0.00;104.91;0.00;0.00;58.99;17.19;32.74;180.11;852.86;180.17;895.59;881.92;80.19;0.53
4205;0.00;105.02;0.00;104.99;0.00;0.00;59.03;17.23;32.75;180.11;853.16;180.16;895.30;882.30;80.19;0.54
4210;0.00;105.03;0.00;105.01;0.00;0.00;59.02;17.22;32.75;180.09;852.97;180.12;892.95;880.74;80.19;0.56
4215;0.00;104.83;0.00;105.08;0.00;0.00;59.00;17.19;32.75;180.10;851.67;180.07;889.34;879.44;80.19;0.56
4220;0.00;104.98;0.00;105.01;0.00;0.00;59.03;17.19;32.75;180.11;851.84;180.05;887.27;876.14;80.19;0.55
4225;0.00;104.99;0.00;105.05;0.00;0.00;59.06;17.23;32.75;180.12;852.09;180.02;882.76;872.25;80.19;0.57
4230;0.00;105.26;0.00;104.90;0.00;0.00;58.98;17.17;32.76;180.12;851.49;179.99;877.99;870.14;80.19;0.55
4235;0.00;105.03;0.00;104.99;0.00;0.00;59.03;17.23;32.76;180.11;849.50;179.98;875.56;865.93;80.19;0.54
4240;0.00;105.02;0.00;104.99;0.00;0.00;59.04;17.22;32.77;180.11;848.17;179.98;871.24;861.99;80.19;0.58
4245;0.00;104.76;0.00;105.09;0.00;0.00;58.97;17.20;32.77;180.13;845.42;180.00;869.01;859.61;80.19;0.57
4250;0.00;104.99;0.00;105.02;0.00;0.00;59.02;17.20;32.77;180.14;845.58;180.01;869.04;859.32;80.19;0.54
4255;0.00;104.99;0.00;105.04;0.00;0.00;59.06;17.23;32.78;180.15;845.99;180.05;871.28;860.67;80.19;0.56
4260;0.00;105.21;0.00;104.91;0.00;0.00;58.97;17.20;32.77;180.12;846.92;180.09;875.51;864.01;80.19;0.57
4265;0.00;105.03;0.00;104.99;0.00;0.00;59.02;17.23;32.79;180.09;847.24;180.14;878.11;866.07;80.19;0.53
4270;0.00;105.02;0.00;104.99;0.00;0.00;59.02;17.25;32.78;180.10;847.44;180.17;883.31;870.64;80.19;0.58
4275;0.00;104.78;0.00;105.09;0.00;0.00;58.97;17.19;32.78;180.10;847.20;180.19;888.30;875.18;80.19;0.54
4280;0.00;105.00;0.00;105.00;0.00;0.00;59.02;17.22;32.79;180.12;849.89;180.19;892.72;877.30;80.19;0.54
4285;0.00;105.00;0.00;105.04;0.00;0.00;59.05;17.23;32.78;180.12;852.64;180.19;894.31;880.77;80.19;0.56
4290;0.00;105.18;0.00;104.89;0.00;0.00;58.98;17.20;32.79;180.12;853.48;180.17;895.58;882.38;80.19;0.52
4295;0.00;105.02;0.00;105.00;0.00;0.00;59.04;17.23;32.78;180.11;853.94;180.13;894.37;881.88;80.19;0.53
4300;0.00;105.03;0.00;105.01;0.00;0.00;59.05;17.22;32.79;180.10;852.99;180.11;893.09;880.99;80.19;0.58
4305;0.00;104.83;0.00;105.09;0.00;0.00;58.98;17.22;32.79;180.11;852.35;180.06;889.59;878.24;80.19;0.54
4310;0.00;105.00;0.00;105.02;0.00;0.00;59.03;17.20;32.78;180.11;852.44;180.02;885.35;874.69;80.19;0.54
4315;0.00;105.01;0.00;105.04;0.00;0.00;59.05;17.25;32.79;180.14;852.49;180.00;883.13;872.76;80.19;0.56
4320;0.00;105.24;0.00;104.91;0.00;0.00;58.99;17.19;32.79;180.15;852.21;179.99;878.42;868.61;80.19;0.52
4325;0.00;105.04;0.00;104.99;0.00;0.00;59.01;17.25;32.79;180.14;850.24;179.99;873.73;864.40;80.19;0.53
4330;0.00;105.02;0.00;104.99;0.00;0.00;59.06;17.22;32.80;180.11;847.53;180.00;870.14;862.56;80.19;0.57
4335;0.00;104.83;0.00;105.09;0.00;0.00;58.96;17.17;32.80;180.10;846.16;180.02;869.28;860.04;80.19;0.54
4340;0.00;104.99;0.00;105.01;0.00;0.00;59.02;17.23;32.80;180.10;845.96;180.06;869.87;859.94;80.19;0.55
4345;0.00;105.00;0.00;105.04;0.00;0.00;59.03;17.23;32.81;180.12;846.93;180.10;871.19;860.84;80.19;0.55
4350;0.00;105.21;0.00;104.91;0.00;0.00;58.97;17.19;32.80;180.12;847.57;180.12;876.69;865.17;80.19;0.58
4355;0.00;105.03;0.00;105.01;0.00;0.00;59.03;17.23;32.80;180.12;847.84;180.15;880.27;868.10;80.19;0.54
4360;0.00;105.00;0.00;105.01;0.00;0.00;59.03;17.23;32.80;180.11;848.16;180.17;883.77;871.25;80.19;0.57
4365;0.00;104.78;0.00;105.11;0.00;0.00;58.98;17.19;32.79;180.12;848.46;180.20;890.05;874.20;80.19;0.58
4370;0.00;105.00;0.00;105.01;0.00;0.00;59.03;17.22;32.80;180.12;850.10;180.20;892.70;879.48;80.19;0.54
4375;0.00;104.99;0.00;105.05;0.00;0.00;59.04;17.22;32.81;180.12;851.91;180.20;894.56;881.33;80.19;0.56
4380;0.00;105.25;0.00;104.91;0.00;0.00;59.01;17.20;32.82;180.12;854.23;180.19;895.35;882.28;80.19;0.54
4385;0.00;105.04;0.00;104.99;0.00;0.00;59.05;17.23;32.82;180.12;854.41;180.15;893.73;881.55;80.19;0.52
4390;0.00;105.01;0.00;105.01;0.00;0.00;59.05;17.25;32.81;180.13;854.18;180.12;891.77;880.10;80.19;0.59
4395;0.00;104.81;0.00;105.08;0.00;0.00;59.00;17.22;32.82;180.11;852.92;180.09;889.37;878.11;80.19;0.55
4400;0.00;104.99;0.00;105.03;0.00;0.00;59.00;17.20;32.82;180.12;852.72;180.03;886.64;875.83;80.19;0.54
4405;0.00;104.98;0.00;105.05;0.00;0.00;59.05;17.25;32.82;180.11;852.61;180.00;880.60;870.64;80.19;0.55
4410;0.00;105.19;0.00;104.95;0.00;0.00;59.00;17.22;32.83;180.10;852.30;179.98;877.50;867.87;80.19;0.52
4415;0.00;105.03;0.00;104.99;0.00;0.00;59.05;17.23;32.83;180.12;849.65;179.98;874.44;865.05;80.19;0.53
4420;0.00;105.03;0.00;104.99;0.00;0.00;59.02;17.23;32.83;180.14;847.74;179.99;869.92;862.60;80.19;0.56
4425;0.00;104.76;0.00;105.09;0.00;0.00;58.97;17.22;32.84;180.16;846.31;180.01;869.33;860.00;80.19;0.59
4430;0.00;104.99;0.00;105.02;0.00;0.00;59.01;17.22;32.84;180.16;846.23;180.03;870.10;860.30;80.19;0.54
4435;0.00;104.98;0.00;105.06;0.00;0.00;59.06;17.23;32.84;180.11;847.49;180.07;872.03;861.68;80.19;0.55
4440;0.00;105.24;0.00;104.92;0.00;0.00;59.02;17.20;32.84;180.09;848.13;180.14;878.29;866.63;80.19;0.58
4445;0.00;105.02;0.00;104.98;0.00;0.00;59.01;17.22;32.85;180.08;848.50;180.16;881.81;869.64;80.19;0.54
4450;0.00;105.04;0.00;105.01;0.00;0.00;59.03;17.22;32.84;180.10;848.87;180.20;885.20;872.65;80.19;0.57
4455;0.00;104.85;0.00;105.12;0.00;0.00;58.97;17.20;32.86;180.12;849.27;180.24;888.26;875.53;80.19;0.57
4460;0.00;105.00;0.00;105.01;0.00;0.00;59.05;17.22;32.84;180.15;850.94;180.24;893.18;880.16;80.19;0.54
4465;0.00;104.99;0.00;105.04;0.00;0.00;59.06;17.22;32.85;180.17;852.59;180.25;894.58;881.56;80.19;0.57
4470;0.00;105.28;0.00;104.89;0.00;0.00;58.99;17.19;32.86;180.16;854.58;180.23;894.87;882.13;80.19;0.54
4475;0.00;105.02;0.00;104.99;0.00;0.00;59.03;17.22;32.85;180.13;854.63;180.18;892.60;881.83;80.19;0.53
4480;0.00;105.01;0.00;105.01;0.00;0.00;59.03;17.23;32.86;180.10;854.22;180.13;890.48;879.13;80.19;0.55
4485;0.00;104.82;0.00;105.08;0.00;0.00;58.98;17.19;32.86;180.09;853.00;180.09;887.96;877.05;80.19;0.54
4490;0.00;104.99;0.00;105.02;0.00;0.00;59.02;17.22;32.86;180.10;852.67;180.05;885.19;874.63;80.19;0.54
4495;0.00;104.99;0.00;105.04;0.00;0.00;59.05;17.22;32.86;180.10;852.45;179.98;879.15;869.43;80.19;0.55
4500;0.00;105.19;0.00;104.94;0.00;0.00;59.01;17.20;32.86;180.12;852.03;179.96;876.20;866.78;80.19;0.52
4505;0.00;105.03;0.00;104.99;0.00;0.00;59.06;17.23;32.86;180.14;850.86;179.96;873.49;864.29;80.19;0.53
4510;0.00;105.02;0.00;105.00;0.00;0.00;59.03;17.27;32.87;180.15;847.57;179.98;871.30;862.20;80.19;0.56
4515;0.00;104.78;0.00;105.09;0.00;0.00;58.98;17.20;32.86;180.15;846.51;180.01;870.12;860.64;80.19;0.59
4520;0.00;104.99;0.00;105.01;0.00;0.00;59.00;17.19;32.87;180.13;846.63;180.05;871.43;861.42;80.19;0.54
4525;0.00;104.99;0.00;105.04;0.00;0.00;59.05;17.23;32.88;180.11;848.17;180.10;873.78;863.20;80.19;0.55
4530;0.00;105.23;0.00;104.92;0.00;0.00;58.98;17.20;32.88;180.09;848.87;180.19;880.34;865.68;80.19;0.58
4535;0.00;105.04;0.00;105.00;0.00;0.00;59.04;17.22;32.88;180.10;849.32;180.22;883.88;871.62;80.19;0.52
4540;0.00;105.02;0.00;104.98;0.00;0.00;59.05;17.25;32.88;180.11;849.69;180.25;886.93;874.39;80.19;0.58
4545;0.00;104.80;0.00;105.07;0.00;0.00;59.01;17.17;32.88;180.15;850.25;180.26;889.49;876.80;80.19;0.56
4550;0.00;104.99;0.00;105.01;0.00;0.00;59.05;17.22;32.88;180.16;851.77;180.24;893.10;880.39;80.19;0.54
4555;0.00;105.02;0.00;105.06;0.00;0.00;59.03;17.25;32.88;180.15;853.10;180.21;893.77;881.19;80.19;0.57
4560;0.00;105.21;0.00;104.93;0.00;0.00;58.98;17.17;32.90;180.10;854.41;180.18;893.49;881.23;80.19;0.53
4565;0.00;105.04;0.00;104.99;0.00;0.00;59.03;17.22;32.89;180.08;854.53;180.09;892.32;880.51;80.19;0.53
4570;0.00;105.00;0.00;104.99;0.00;0.00;59.02;17.22;32.90;180.08;853.75;180.05;888.13;877.23;80.19;0.56
4575;0.00;104.76;0.00;105.09;0.00;0.00;58.98;17.20;32.89;180.09;852.62;180.00;885.48;875.03;80.19;0.54
4580;0.00;105.01;0.00;105.03;0.00;0.00;59.01;17.20;32.90;180.13;852.14;179.96;882.68;872.63;80.19;0.54
4585;0.00;105.01;0.00;105.05;0.00;0.00;59.06;17.25;32.90;180.15;851.93;179.93;877.34;870.13;80.19;0.55
4590;0.00;105.22;0.00;104.92;0.00;0.00;59.01;17.20;32.90;180.16;851.50;179.94;874.96;865.63;80.19;0.58
4595;0.00;105.03;0.00;104.98;0.00;0.00;59.05;17.25;32.91;180.13;850.38;179.96;873.05;863.80;80.19;0.53
4600;0.00;105.03;0.00;104.99;0.00;0.00;59.03;17.23;32.91;180.10;847.53;179.99;871.79;862.51;80.19;0.57
4605;0.00;104.84;0.00;105.09;0.00;0.00;58.98;17.20;32.90;180.08;846.87;180.10;872.31;862.45;80.19;0.59
4610;0.00;105.01;0.00;105.02;0.00;0.00;59.02;17.23;32.90;180.09;847.30;180.15;874.21;863.87;80.19;0.54
4615;0.00;104.99;0.00;105.04;0.00;0.00;59.05;17.23;32.91;180.12;848.97;180.23;879.26;865.81;80.19;0.55
4620;0.00;105.22;0.00;104.92;0.00;0.00;58.97;17.19;32.90;180.14;849.81;180.26;881.85;869.95;80.19;0.52
4625;0.00;105.05;0.00;105.01;0.00;0.00;59.03;17.22;32.90;180.15;850.47;180.30;886.44;874.00;80.19;0.54
4630;0.00;105.02;0.00;105.01;0.00;0.00;59.03;17.20;32.92;180.14;850.70;180.31;888.31;875.91;80.19;0.57
4635;0.00;104.84;0.00;105.08;0.00;0.00;59.01;17.17;32.91;180.12;850.79;180.29;890.94;877.56;80.19;0.58
4640;0.00;105.01;0.00;105.01;0.00;0.00;59.03;17.25;32.91;180.10;852.55;180.26;891.42;879.22;80.19;0.54
4645;0.00;105.02;0.00;105.05;0.00;0.00;59.03;17.25;32.92;180.10;853.31;180.19;891.29;879.39;80.19;0.57
4650;0.00;105.25;0.00;104.91;0.00;0.00;58.99;17.20;32.92;180.11;854.21;180.10;889.50;878.17;80.19;0.56
4655;0.00;105.02;0.00;104.99;0.00;0.00;59.04;17.25;32.92;180.13;853.63;180.06;888.07;877.10;80.19;0.53
4660;0.00;105.01;0.00;105.01;0.00;0.00;59.05;17.23;32.93;180.14;852.89;179.98;884.47;874.18;80.19;0.58
4665;0.00;104.84;0.00;105.08;0.00;0.00;58.97;17.20;32.92;180.14;851.21;179.92;880.57;870.79;80.19;0.58
4670;0.00;105.00;0.00;105.00;0.00;0.00;59.05;17.23;32.92;180.14;850.91;179.90;878.82;869.22;80.19;0.54
4675;0.00;105.01;0.00;105.04;0.00;0.00;59.05;17.22;32.93;180.14;850.85;179.91;876.18;866.67;80.19;0.56
4680;0.00;105.23;0.00;104.92;0.00;0.00;59.01;17.22;32.92;180.13;850.62;179.95;874.80;865.16;80.19;0.51
4685;0.00;105.05;0.00;105.00;0.00;0.00;59.02;17.22;32.95;180.12;849.47;180.02;874.48;864.76;80.19;0.53
4690;0.00;105.01;0.00;104.99;0.00;0.00;59.02;17.22;32.94;180.12;847.79;180.07;874.78;864.76;80.18;0.57
4695;0.00;104.76;0.00;105.09;0.00;0.00;58.98;17.19;32.95;180.12;847.68;180.16;876.71;866.17;80.18;0.53
4700;0.00;104.99;0.00;105.01;0.00;0.00;59.01;17.27;32.95;180.12;848.94;180.25;880.45;869.14;80.18;0.54
4705;0.00;104.99;0.00;105.04;0.00;0.00;59.07;17.22;32.94;180.12;850.98;180.28;882.68;871.05;80.18;0.56
4710;0.00;105.19;0.00;104.94;0.00;0.00;58.98;17.19;32.95;180.12;851.69;180.33;886.82;874.63;80.18;0.52
4715;0.00;105.03;0.00;105.00;0.00;0.00;59.02;17.22;32.94;180.13;852.07;180.34;889.08;876.90;80.18;0.52
4720;0.00;105.04;0.00;104.99;0.00;0.00;59.03;17.23;32.95;180.12;851.39;180.30;889.35;877.37;80.18;0.57
4725;0.00;104.79;0.00;105.08;0.00;0.00;58.99;17.20;32.95;180.12;851.26;180.27;888.61;877.17;80.18;0.54
4730;0.00;105.01;0.00;105.01;0.00;0.00;59.00;17.19;32.95;180.12;852.08;180.19;887.05;876.04;80.18;0.54
4735;0.00;105.00;0.00;105.05;0.00;0.00;59.05;17.23;32.96;180.11;852.86;180.10;884.97;875.28;80.18;0.55
4740;0.00;105.32;0.00;104.89;0.00;0.00;58.98;17.20;32.96;180.10;853.05;180.05;883.65;873.22;80.18;0.52
4745;0.00;105.01;0.00;104.99;0.00;0.00;59.03;17.27;32.96;180.10;852.00;179.97;880.41;870.49;80.18;0.54
4750;0.00;105.02;0.00;104.99;0.00;0.00;59.02;17.25;32.96;180.13;849.96;179.92;877.02;868.96;80.18;0.57
4755;0.00;104.82;0.00;105.08;0.00;0.00;58.99;17.20;32.97;180.14;848.90;179.90;875.76;866.37;80.18;0.54
4760;0.00;105.01;0.00;105.02;0.00;0.00;59.04;17.23;32.97;180.14;849.01;179.90;874.88;865.26;80.18;0.54
4765;0.00;105.01;0.00;105.05;0.00;0.00;59.05;17.22;32.97;180.14;849.68;179.94;876.30;866.01;80.18;0.55
4770;0.00;105.25;0.00;104.90;0.00;0.00;59.01;17.19;32.99;180.13;850.09;180.02;877.47;866.85;80.18;0.53
4775;0.00;105.03;0.00;104.99;0.00;0.00;59.04;17.25;32.98;180.13;849.99;180.05;880.02;868.92;80.18;0.53
4780;0.00;105.00;0.00;105.01;0.00;0.00;59.01;17.23;32.99;180.11;849.33;180.16;882.37;871.08;80.18;0.56
4785;0.00;104.83;0.00;105.08;0.00;0.00;58.99;17.20;32.97;180.10;849.56;180.24;883.58;872.18;80.18;0.55
4790;0.00;104.99;0.00;105.00;0.00;0.00;59.01;17.20;32.98;180.11;850.41;180.28;886.17;874.43;80.18;0.54
4795;0.00;105.01;0.00;105.06;0.00;0.00;59.05;17.27;32.97;180.12;852.11;180.34;888.33;876.43;80.18;0.57
4800;0.00;105.26;0.00;104.89;0.00;0.00;58.99;17.20;32.99;180.14;853.20;180.35;888.88;877.01;80.18;0.55
4805;0.00;105.03;0.00;104.99;0.00;0.00;59.04;17.22;32.99;180.15;852.90;180.34;888.41;876.99;80.18;0.53
4810;0.00;105.03;0.00;105.01;0.00;0.00;59.03;17.22;32.97;180.14;852.29;180.28;886.21;875.40;80.18;0.58
4815;0.00;104.85;0.00;105.11;0.00;0.00;58.98;17.17;32.98;180.11;851.22;180.20;883.14;872.93;80.18;0.57
4820;0.00;105.00;0.00;105.01;0.00;0.00;58.99;17.22;33.00;180.10;851.35;180.14;881.64;871.67;80.18;0.54
4825;0.00;105.00;0.00;105.04;0.00;0.00;59.05;17.22;32.99;180.11;851.45;180.05;879.26;869.44;80.18;0.56
4830;0.00;105.23;0.00;104.91;0.00;0.00;59.02;17.20;33.00;180.14;851.34;179.95;877.39;867.61;80.18;0.57
4835;0.00;105.03;0.00;104.99;0.00;0.00;59.05;17.22;32.99;180.15;849.99;179.92;876.51;866.78;80.18;0.53
4840;0.00;105.01;0.00;104.99;0.00;0.00;59.06;17.22;33.00;180.15;849.08;179.88;875.55;865.83;80.18;0.58
4845;0.00;104.80;0.00;105.09;0.00;0.00;58.97;17.19;33.00;180.14;848.21;179.89;876.25;866.18;80.18;0.57
4850;0.00;104.98;0.00;105.02;0.00;0.00;59.02;17.22;33.01;180.13;849.27;179.92;877.37;866.99;80.18;0.54
4855;0.00;105.00;0.00;105.05;0.00;0.00;59.06;17.22;33.01;180.13;850.01;179.99;880.78;869.64;80.18;0.56
4860;0.00;105.18;0.00;104.93;0.00;0.00;58.98;17.20;33.00;180.13;851.25;180.08;884.44;871.14;80.18;0.57
4865;0.00;105.04;0.00;104.99;0.00;0.00;59.05;17.22;33.00;180.14;851.38;180.15;885.94;874.25;80.18;0.54
4870;0.00;105.01;0.00;104.98;0.00;0.00;59.03;17.20;33.01;180.16;851.30;180.21;886.73;875.14;80.18;0.57
4875;0.00;104.79;0.00;105.09;0.00;0.00;58.99;17.20;33.00;180.15;850.93;180.28;886.96;875.56;80.18;0.56
4880;0.00;105.00;0.00;105.02;0.00;0.00;59.01;17.20;33.01;180.15;851.68;180.35;886.62;875.51;80.18;0.53
4885;0.00;105.00;0.00;105.04;0.00;0.00;59.06;17.23;33.02;180.14;852.37;180.36;886.13;875.15;80.18;0.57
4890;0.00;105.23;0.00;104.91;0.00;0.00;59.00;17.23;33.02;180.11;853.02;180.34;885.19;874.42;80.18;0.53
4895;0.00;105.06;0.00;104.99;0.00;0.00;59.02;17.20;33.02;180.11;852.06;180.27;883.74;873.23;80.18;0.52
4900;0.00;105.02;0.00;104.99;0.00;0.00;59.04;17.23;33.02;180.10;850.81;180.20;879.68;869.86;80.18;0.55
4905;0.00;104.82;0.00;105.08;0.00;0.00;58.96;17.20;33.02;180.10;849.75;180.13;877.82;868.28;80.18;0.54
4910;0.00;105.01;0.00;105.02;0.00;0.00;59.01;17.22;33.03;180.14;849.81;180.07;876.67;867.14;80.18;0.54
4915;0.00;105.01;0.00;105.04;0.00;0.00;59.04;17.20;33.02;180.15;850.17;179.96;876.77;866.65;80.18;0.55
4920;0.00;105.22;0.00;104.89;0.00;0.00;59.01;17.19;33.03;180.17;850.47;179.92;877.58;867.28;80.18;0.58
4925;0.00;105.03;0.00;104.99;0.00;0.00;59.02;17.20;33.03;180.17;850.16;179.90;878.50;868.01;80.18;0.53
4930;0.00;105.00;0.00;105.00;0.00;0.00;59.05;17.22;33.03;180.13;848.92;179.91;879.45;868.86;80.18;0.56
4935;0.00;104.80;0.00;105.11;0.00;0.00;58.98;17.19;33.03;180.10;849.09;179.96;882.02;869.82;80.18;0.59
4940;0.00;104.99;0.00;105.01;0.00;0.00;59.01;17.23;33.03;180.09;850.03;180.01;883.77;872.52;80.18;0.54
4945;0.00;105.00;0.00;105.04;0.00;0.00;59.05;17.20;33.04;180.11;851.12;180.06;885.47;874.00;80.18;0.56
4950;0.00;105.20;0.00;104.94;0.00;0.00;58.97;17.19;33.03;180.13;852.59;180.19;886.78;875.20;80.18;0.55
4955;0.00;105.02;0.00;105.00;0.00;0.00;59.04;17.23;33.04;180.16;852.46;180.24;886.86;875.65;80.18;0.52
4960;0.00;105.03;0.00;104.99;0.00;0.00;59.03;17.22;33.05;180.18;851.90;180.28;885.67;874.84;80.18;0.58
4965;0.00;104.78;0.00;105.09;0.00;0.00;59.00;17.19;33.04;180.17;850.96;180.31;884.06;873.64;80.18;0.55
4970;0.00;105.01;0.00;105.01;0.00;0.00;59.02;17.22;33.05;180.14;851.19;180.33;882.47;872.30;80.18;0.54
4975;0.00;105.00;0.00;105.04;0.00;0.00;59.03;17.22;33.06;180.11;851.45;180.31;880.02;870.04;80.18;0.55
4980;0.00;105.22;0.00;104.91;0.00;0.00;59.02;17.22;33.05;180.09;851.68;180.28;879.05;869.11;80.18;0.52
4985;0.00;105.06;0.00;105.00;0.00;0.00;59.02;17.23;33.05;180.10;850.40;180.23;878.05;868.19;80.18;0.53
4990;0.00;105.01;0.00;104.99;0.00;0.00;59.02;17.23;33.07;180.12;849.19;180.12;876.62;866.87;80.18;0.55
4995;0.00;104.83;0.00;105.07;0.00;0.00;58.97;17.19;33.06;180.14;848.54;180.06;876.64;866.78;80.18;0.53
5000;0.00;104.99;0.00;105.02;0.00;0.00;59.01;17.22;33.06;180.15;848.89;180.00;877.49;867.38;80.18;0.54
5005;0.00;105.00;0.00;105.06;0.00;0.00;59.02;17.22;33.07;180.15;850.49;179.92;879.14;868.56;80.18;0.55
5010;0.00;105.30;0.00;104.90;0.00;0.00;58.98;17.22;33.06;180.13;851.10;179.89;882.80;871.60;80.18;0.58
5015;0.00;105.04;0.00;104.99;0.00;0.00;59.04;17.25;33.07;180.12;851.15;179.90;884.11;872.81;80.18;0.53
5020;0.00;105.01;0.00;104.99;0.00;0.00;59.02;17.20;33.07;180.11;850.98;179.92;884.83;873.62;80.18;0.57
5025;0.00;104.80;0.00;105.09;0.00;0.00;58.98;17.22;33.06;180.12;850.52;180.00;885.13;874.04;80.18;0.57
5030;0.00;105.00;0.00;105.02;0.00;0.00;59.03;17.23;33.07;180.13;851.24;180.06;885.36;874.41;80.18;0.53
5035;0.00;105.00;0.00;105.06;0.00;0.00;59.06;17.23;33.07;180.14;851.92;180.12;885.26;874.37;80.18;0.56
5040;0.00;105.19;0.00;104.92;0.00;0.00;58.97;17.20;33.07;180.15;852.53;180.18;884.81;874.02;80.18;0.53
5045;0.00;105.04;0.00;104.99;0.00;0.00;59.02;17.20;33.08;180.14;851.94;180.29;882.24;873.23;80.18;0.52
5050;0.00;105.02;0.00;105.01;0.00;0.00;59.03;17.20;33.08;180.13;850.97;180.32;880.43;870.52;80.18;0.55
5055;0.00;104.75;0.00;105.11;0.00;0.00;58.98;17.20;33.08;180.12;849.86;180.35;878.69;869.06;80.18;0.54
5060;0.00;105.01;0.00;105.03;0.00;0.00;59.01;17.22;33.08;180.13;849.96;180.35;877.58;868.00;80.18;0.54
5065;0.00;105.02;0.00;105.05;0.00;0.00;59.06;17.22;33.08;180.14;850.31;180.29;877.36;867.41;80.18;0.55
5070;0.00;105.24;0.00;104.91;0.00;0.00;59.00;17.16;33.08;180.15;850.65;180.26;877.86;867.72;80.18;0.51
5075;0.00;105.02;0.00;104.99;0.00;0.00;59.05;17.22;33.09;180.15;850.32;180.19;878.47;868.15;80.18;0.53
5080;0.00;105.02;0.00;105.01;0.00;0.00;59.06;17.23;33.10;180.15;848.99;180.07;879.09;868.66;80.18;0.56
5085;0.00;104.82;0.00;105.08;0.00;0.00;58.98;17.20;33.09;180.14;849.03;180.01;880.93;870.28;80.18;0.58
5090;0.00;105.01;0.00;105.00;0.00;0.00;59.02;17.25;33.09;180.13;849.82;179.97;882.38;871.50;80.18;0.54
5095;0.00;104.98;0.00;105.04;0.00;0.00;59.05;17.23;33.10;180.10;850.80;179.95;884.03;872.88;80.18;0.55
5100;0.00;105.27;0.00;104.90;0.00;0.00;59.01;17.25;33.11;180.11;852.24;179.93;885.36;874.04;80.18;0.56
5105;0.00;105.05;0.00;104.99;0.00;0.00;59.02;17.23;33.10;180.14;852.12;179.95;885.91;874.82;80.18;0.52
5110;0.00;105.02;0.00;104.99;0.00;0.00;59.03;17.23;33.10;180.16;851.69;179.99;885.05;874.29;80.18;0.58
5115;0.00;104.80;0.00;105.09;0.00;0.00;58.98;17.20;33.11;180.17;850.77;180.03;883.79;873.39;80.18;0.55
5120;0.00;104.98;0.00;105.01;0.00;0.00;59.02;17.20;33.13;180.16;851.06;180.14;881.54;872.39;80.18;0.53
5125;0.00;105.00;0.00;105.04;0.00;0.00;59.05;17.22;33.11;180.14;851.39;180.19;880.65;870.61;80.18;0.57
5130;0.00;105.19;0.00;104.93;0.00;0.00;58.99;17.19;33.11;180.12;851.74;180.24;879.83;869.83;80.18;0.52
5135;0.00;105.01;0.00;105.01;0.00;0.00;59.04;17.25;33.12;180.10;850.56;180.28;878.94;869.03;80.18;0.52
5140;0.00;105.04;0.00;104.99;0.00;0.00;59.02;17.25;33.11;180.11;849.38;180.30;877.26;867.54;80.18;0.55
5145;0.00;104.76;0.00;105.10;0.00;0.00;58.96;17.22;33.12;180.12;848.78;180.30;877.05;867.29;80.18;0.53
5150;0.00;104.98;0.00;105.01;0.00;0.00;59.05;17.22;33.12;180.16;849.10;180.28;877.66;867.66;80.18;0.54
5155;0.00;105.00;0.00;105.05;0.00;0.00;59.05;17.20;33.13;180.16;850.50;180.21;878.91;868.56;80.18;0.55
5160;0.00;105.22;0.00;104.91;0.00;0.00;59.00;17.20;33.12;180.16;851.04;180.15;881.97;871.04;80.18;0.58
5165;0.00;105.05;0.00;105.00;0.00;0.00;59.02;17.20;33.12;180.15;851.00;180.10;883.04;872.04;80.18;0.53
5170;0.00;105.02;0.00;104.99;0.00;0.00;59.03;17.23;33.13;180.12;850.77;180.06;883.63;872.67;80.18;0.57
5175;0.00;104.84;0.00;105.08;0.00;0.00;58.97;17.22;33.13;180.12;850.28;180.00;883.89;873.06;80.18;0.57
5180;0.00;105.01;0.00;105.03;0.00;0.00;59.03;17.20;33.14;180.13;850.98;179.98;884.40;873.60;80.18;0.53
5185;0.00;105.00;0.00;105.04;0.00;0.00;59.06;17.23;33.14;180.13;851.69;179.97;884.52;873.74;80.18;0.56
5190;0.00;105.27;0.00;104.90;0.00;0.00;59.00;17.22;33.14;180.13;852.43;179.99;884.29;873.59;80.18;0.53
5195;0.00;105.03;0.00;105.00;0.00;0.00;59.05;17.22;33.15;180.11;851.77;180.04;882.19;873.02;80.18;0.52
5200;0.00;105.00;0.00;105.00;0.00;0.00;59.02;17.22;33.13;180.12;850.75;180.08;880.58;870.67;80.18;0.55
5205;0.00;104.85;0.00;105.08;0.00;0.00;58.95;17.20;33.15;180.13;849.86;180.13;879.09;869.42;80.18;0.53
5210;0.00;104.99;0.00;105.01;0.00;0.00;59.02;17.22;33.17;180.15;850.12;180.17;878.15;868.51;80.18;0.54
5215;0.00;104.99;0.00;105.04;0.00;0.00;59.05;17.22;33.15;180.15;850.49;180.25;877.99;868.07;80.18;0.55
5220;0.00;105.27;0.00;104.89;0.00;0.00;58.99;17.19;33.16;180.15;850.78;180.27;878.38;868.25;80.18;0.58
5225;0.00;105.04;0.00;105.00;0.00;0.00;59.05;17.23;33.16;180.14;850.44;180.29;878.77;868.55;80.18;0.53
5230;0.00;105.03;0.00;105.01;0.00;0.00;59.03;17.23;33.18;180.13;849.05;180.29;879.16;868.89;80.18;0.56
5235;0.00;104.78;0.00;105.11;0.00;0.00;58.97;17.20;33.17;180.13;849.14;180.26;880.55;870.10;80.18;0.58
5240;0.00;104.98;0.00;105.01;0.00;0.00;59.03;17.19;33.16;180.14;849.88;180.23;881.83;871.12;80.18;0.54
5245;0.00;105.00;0.00;105.05;0.00;0.00;59.05;17.27;33.17;180.14;850.70;180.19;883.22;872.30;80.18;0.56
5250;0.00;105.19;0.00;104.94;0.00;0.00;58.97;17.20;33.17;180.14;852.01;180.09;884.42;873.33;80.18;0.55
5255;0.00;105.03;0.00;105.00;0.00;0.00;59.05;17.22;33.17;180.13;851.84;180.05;884.89;874.01;80.18;0.52
5260;0.00;105.01;0.00;104.99;0.00;0.00;59.02;17.20;33.17;180.13;851.28;180.01;884.11;873.53;80.18;0.58
5265;0.00;104.76;0.00;105.11;0.00;0.00;58.98;17.20;33.17;180.12;850.50;179.98;883.03;872.75;80.18;0.54
5270;0.00;104.99;0.00;105.02;0.00;0.00;59.02;17.23;33.17;180.13;850.98;179.97;882.05;871.96;80.18;0.53
5275;0.00;105.00;0.00;105.05;0.00;0.00;59.03;17.25;33.18;180.13;851.35;179.98;880.73;870.66;80.19;0.55
5280;0.00;105.24;0.00;104.92;0.00;0.00;58.98;17.23;33.18;180.13;851.69;180.01;880.11;870.08;80.18;0.51
5285;0.00;105.04;0.00;104.98;0.00;0.00;59.02;17.25;33.19;180.14;850.56;180.05;879.33;869.41;80.18;0.53
5290;0.00;105.03;0.00;104.99;0.00;0.00;59.02;17.22;33.18;180.13;849.38;180.13;877.79;868.69;80.18;0.56
5295;0.00;104.83;0.00;105.08;0.00;0.00;58.98;17.17;33.18;180.13;849.00;180.18;877.59;867.82;80.18;0.58
5300;0.00;104.99;0.00;105.03;0.00;0.00;59.02;17.20;33.18;180.13;849.35;180.21;878.06;868.09;80.18;0.54
5305;0.00;104.99;0.00;105.04;0.00;0.00;59.05;17.23;33.19;180.13;850.67;180.24;879.13;868.87;80.18;0.55
5310;0.00;105.27;0.00;104.89;0.00;0.00;59.01;17.20;33.19;180.14;851.02;180.27;881.61;869.91;80.18;0.58
5315;0.00;105.04;0.00;105.00;0.00;0.00;59.04;17.22;33.19;180.15;850.89;180.26;882.39;871.62;80.18;0.51
5320;0.00;105.00;0.00;104.99;0.00;0.00;59.05;17.20;33.18;180.15;850.55;180.25;882.77;872.07;80.18;0.57
5325;0.00;104.83;0.00;105.07;0.00;0.00;58.99;17.22;33.21;180.13;850.16;180.21;882.95;872.34;80.18;0.55
5330;0.00;105.00;0.00;105.02;0.00;0.00;59.01;17.22;33.19;180.13;850.83;180.13;883.53;872.62;80.18;0.53
5335;0.00;105.00;0.00;105.04;0.00;0.00;59.05;17.25;33.22;180.13;851.52;180.10;883.81;873.13;80.18;0.57
5340;0.00;105.21;0.00;104.92;0.00;0.00;59.01;17.17;33.22;180.15;852.21;180.05;883.73;873.09;80.18;0.52
5345;0.00;105.02;0.00;105.00;0.00;0.00;59.02;17.23;33.20;180.17;851.53;179.99;883.11;872.66;80.18;0.52
5350;0.00;105.00;0.00;105.01;0.00;0.00;59.06;17.23;33.21;180.18;850.47;179.97;880.63;870.73;80.18;0.55
5355;0.00;104.78;0.00;105.11;0.00;0.00;58.97;17.17;33.21;180.18;849.85;179.96;879.41;869.71;80.18;0.53
5360;0.00;105.02;0.00;105.01;0.00;0.00;59.02;17.25;33.21;180.13;849.96;179.97;878.69;868.99;80.18;0.54
5365;0.00;104.99;0.00;105.05;0.00;0.00;59.07;17.23;33.22;180.12;850.71;180.02;878.51;868.68;80.18;0.55
5370;0.00;105.21;0.00;104.92;0.00;0.00;59.01;17.20;33.21;180.10;850.92;180.06;878.96;868.84;80.19;0.58
5375;0.00;105.04;0.00;104.99;0.00;0.00;59.03;17.23;33.22;180.10;850.56;180.10;879.19;869.02;80.18;0.53
5380;0.00;105.04;0.00;104.99;0.00;0.00;59.03;17.20;33.22;180.15;850.03;180.14;879.32;869.16;80.18;0.57
5385;0.00;104.85;0.00;105.11;0.00;0.00;58.97;17.20;33.24;180.17;849.29;180.21;879.62;869.44;80.18;0.57
5390;0.00;105.00;0.00;105.02;0.00;0.00;59.01;17.20;33.22;180.17;849.96;180.23;881.32;870.81;80.18;0.53
5395;0.00;104.99;0.00;105.04;0.00;0.00;59.05;17.22;33.23;180.16;850.75;180.25;882.55;871.79;80.18;0.56
5400;0.00;105.25;0.00;104.92;0.00;0.00;59.01;17.20;33.23;180.12;851.77;180.26;883.52;872.66;80.18;0.53
5405;0.00;105.06;0.00;105.00;0.00;0.00;59.02;17.23;33.23;180.10;851.53;180.22;883.80;873.14;80.18;0.52
5410;0.00;105.02;0.00;104.99;0.00;0.00;59.03;17.22;33.25;180.12;850.83;180.20;883.16;872.73;80.18;0.54
5415;0.00;104.83;0.00;105.09;0.00;0.00;58.96;17.19;33.24;180.14;850.27;180.16;882.35;872.14;80.19;0.53
5420;0.00;105.01;0.00;105.03;0.00;0.00;59.03;17.20;33.23;180.17;850.92;180.11;881.67;871.59;80.19;0.54
5425;0.00;105.01;0.00;105.06;0.00;0.00;59.05;17.27;33.25;180.17;851.30;180.02;880.93;870.84;80.18;0.55
5430;0.00;105.22;0.00;104.92;0.00;0.00;59.01;17.20;33.26;180.15;851.46;179.96;880.23;870.56;80.18;0.54
5435;0.00;105.03;0.00;105.00;0.00;0.00;59.03;17.23;33.25;180.13;851.11;179.94;879.69;869.74;80.18;0.53
5440;0.00;105.02;0.00;105.01;0.00;0.00;59.04;17.22;33.26;180.11;849.74;179.93;878.54;868.79;80.18;0.58
5445;0.00;104.78;0.00;105.10;0.00;0.00;58.99;17.19;33.25;180.12;849.21;179.95;878.12;868.33;80.18;0.56
5450;0.00;105.01;0.00;105.02;0.00;0.00;59.02;17.23;33.26;180.15;849.90;179.97;878.38;868.47;80.18;0.54
5455;0.00;105.03;0.00;105.04;0.00;0.00;59.06;17.22;33.26;180.15;850.37;180.03;879.72;869.42;80.18;0.56
5460;0.00;105.18;0.00;104.94;0.00;0.00;58.99;17.20;33.26;180.16;851.04;180.10;881.19;870.61;80.18;0.56
5465;0.00;105.03;0.00;105.00;0.00;0.00;59.02;17.22;33.26;180.16;850.69;180.17;881.66;871.06;80.18;0.52
5470;0.00;105.02;0.00;104.99;0.00;0.00;59.02;17.23;33.27;180.16;850.26;180.20;882.05;871.55;80.18;0.57
5475;0.00;104.81;0.00;105.09;0.00;0.00;59.00;17.19;33.28;180.13;849.90;180.24;882.24;871.84;80.18;0.58
5480;0.00;104.99;0.00;105.03;0.00;0.00;59.02;17.20;33.28;180.12;850.78;180.26;882.76;872.04;80.18;0.53
5485;0.00;105.00;0.00;105.05;0.00;0.00;59.05;17.23;33.27;180.13;851.27;180.25;883.02;872.49;80.18;0.56
5490;0.00;105.24;0.00;104.92;0.00;0.00;58.99;17.20;33.26;180.15;851.98;180.22;883.04;872.54;80.18;0.51
5495;0.00;105.01;0.00;105.01;0.00;0.00;59.02;17.22;33.28;180.18;851.41;180.16;881.97;872.26;80.18;0.52
5500;0.00;105.03;0.00;105.00;0.00;0.00;59.03;17.23;33.28;180.16;849.98;180.14;881.14;871.14;80.18;0.57
5505;0.00;104.83;0.00;105.08;0.00;0.00;58.98;17.19;33.28;180.14;849.82;180.06;879.57;869.84;80.19;0.53
5510;0.00;105.00;0.00;105.03;0.00;0.00;59.03;17.23;33.28;180.11;850.19;179.99;878.94;869.16;80.18;0.53
5515;0.00;104.99;0.00;105.06;0.00;0.00;59.05;17.23;33.28;180.10;850.86;179.96;878.97;869.09;80.18;0.55
5520;0.00;105.27;0.00;104.91;0.00;0.00;58.99;17.22;33.28;180.12;851.04;179.92;879.29;869.21;80.18;0.51
5525;0.00;105.01;0.00;104.99;0.00;0.00;59.03;17.22;33.28;180.15;850.47;179.91;879.43;869.31;80.18;0.52
5530;0.00;105.02;0.00;104.99;0.00;0.00;59.03;17.23;33.29;180.16;849.27;179.94;879.41;869.34;80.18;0.56
5535;0.00;104.82;0.00;105.08;0.00;0.00;58.97;17.20;33.27;180.15;849.20;179.96;879.71;869.58;80.18;0.53
5540;0.00;104.99;0.00;105.01;0.00;0.00;59.03;17.22;33.29;180.13;849.98;180.01;880.83;870.47;80.18;0.54
5545;0.00;104.99;0.00;105.05;0.00;0.00;59.03;17.27;33.28;180.12;851.13;180.09;882.31;871.06;80.18;0.55
5550;0.00;105.22;0.00;104.91;0.00;0.00;59.00;17.19;33.30;180.13;851.61;180.12;882.89;872.17;80.19;0.52
5555;0.00;105.04;0.00;104.99;0.00;0.00;59.02;17.22;33.30;180.14;851.40;180.19;883.12;872.53;80.18;0.53
5560;0.00;105.01;0.00;105.01;0.00;0.00;59.02;17.23;33.30;180.15;850.28;180.24;882.32;872.07;80.18;0.56
5565;0.00;104.77;0.00;105.10;0.00;0.00;58.98;17.20;33.29;180.15;850.25;180.26;881.84;871.72;80.18;0.54
5570;0.00;105.00;0.00;105.01;0.00;0.00;59.01;17.20;33.30;180.15;850.55;180.26;881.17;871.12;80.18;0.54
5575;0.00;104.99;0.00;105.05;0.00;0.00;59.05;17.22;33.30;180.14;851.23;180.23;880.91;870.81;80.18;0.55
5580;0.00;105.22;0.00;104.92;0.00;0.00;59.02;17.20;33.30;180.14;851.41;180.17;880.75;870.63;80.18;0.53
5585;0.00;105.03;0.00;105.00;0.00;0.00;59.03;17.22;33.30;180.13;851.05;180.12;880.01;870.02;80.18;0.53
5590;0.00;105.01;0.00;104.99;0.00;0.00;59.03;17.23;33.31;180.13;849.74;180.04;878.93;869.16;80.18;0.58
5595;0.00;104.81;0.00;105.09;0.00;0.00;58.98;17.19;33.33;180.15;849.39;179.96;878.49;868.84;80.18;0.55
5600;0.00;105.00;0.00;105.01;0.00;0.00;59.00;17.22;33.31;180.16;849.65;179.94;878.71;868.82;80.18;0.54
5605;0.00;105.00;0.00;105.04;0.00;0.00;59.03;17.22;33.30;180.15;850.49;179.88;879.81;869.56;80.18;0.56
5610;0.00;105.17;0.00;104.94;0.00;0.00;58.98;17.22;33.32;180.13;851.07;179.88;880.96;870.51;80.18;0.54
5615;0.00;105.04;0.00;104.99;0.00;0.00;59.04;17.20;33.33;180.12;850.64;179.90;881.27;870.82;80.18;0.52
5620;0.00;105.02;0.00;104.99;0.00;0.00;59.05;17.23;33.31;180.12;850.13;179.94;881.43;871.11;80.18;0.57
5625;0.00;104.80;0.00;105.08;0.00;0.00;59.00;17.20;33.31;180.14;849.84;180.01;881.53;871.27;80.18;0.57
5630;0.00;104.99;0.00;105.01;0.00;0.00;59.02;17.25;33.32;180.16;850.72;180.10;881.75;871.45;80.18;0.54
5635;0.00;104.99;0.00;105.04;0.00;0.00;59.05;17.27;33.33;180.17;851.15;180.13;882.39;871.94;80.18;0.56
5640;0.00;105.25;0.00;104.91;0.00;0.00;58.99;17.20;33.34;180.16;851.82;180.21;882.52;872.10;80.19;0.58
5645;0.00;105.04;0.00;105.00;0.00;0.00;59.05;17.22;33.31;180.14;851.25;180.25;881.66;871.91;80.19;0.52
5650;0.00;105.03;0.00;104.99;0.00;0.00;59.04;17.22;33.33;180.14;850.65;180.26;880.95;871.00;80.18;0.57
5655;0.00;104.82;0.00;105.08;0.00;0.00;58.97;17.20;33.33;180.13;849.82;180.25;879.64;869.90;80.18;0.53
5660;0.00;105.00;0.00;105.03;0.00;0.00;59.05;17.20;33.33;180.14;850.24;180.22;879.17;869.55;80.18;0.53
5665;0.00;105.01;0.00;105.05;0.00;0.00;59.04;17.22;33.34;180.15;850.95;180.19;879.23;869.34;80.18;0.55
5670;0.00;105.24;0.00;104.91;0.00;0.00;59.02;17.22;33.35;180.15;851.08;180.11;879.51;869.45;80.19;0.51
5675;0.00;105.03;0.00;104.99;0.00;0.00;59.03;17.20;33.34;180.16;850.49;180.04;879.54;869.49;80.19;0.52
5680;0.00;105.04;0.00;105.00;0.00;0.00;59.04;17.22;33.35;180.16;849.30;180.00;879.43;869.43;80.18;0.56
5685;0.00;104.86;0.00;105.11;0.00;0.00;58.98;17.19;33.35;180.15;849.27;179.95;879.55;869.52;80.19;0.53
5690;0.00;105.00;0.00;105.02;0.00;0.00;59.02;17.23;33.34;180.14;850.01;179.91;880.54;870.27;80.19;0.53
5695;0.00;104.99;0.00;105.04;0.00;0.00;59.05;17.23;33.35;180.13;851.12;179.91;881.23;870.84;80.18;0.55
5700;0.00;105.21;0.00;104.93;0.00;0.00;59.01;17.20;33.36;180.12;851.52;179.92;882.41;871.82;80.18;0.51
5705;0.00;105.03;0.00;105.00;0.00;0.00;59.02;17.20;33.35;180.12;851.25;179.96;882.62;872.14;80.18;0.53
5710;0.00;105.01;0.00;104.99;0.00;0.00;59.03;17.23;33.35;180.15;850.14;180.02;881.90;872.00;80.18;0.56
5715;0.00;104.78;0.00;105.11;0.00;0.00;58.98;17.20;33.36;180.16;850.20;180.04;881.50;871.44;80.18;0.53
5720;0.00;105.02;0.00;105.01;0.00;0.00;59.02;17.23;33.37;180.17;850.52;180.11;881.03;871.01;80.19;0.54
5725;0.00;105.00;0.00;105.05;0.00;0.00;59.05;17.23;33.36;180.16;851.22;180.17;880.92;870.81;80.18;0.55
5730;0.00;105.16;0.00;104.92;0.00;0.00;58.99;17.19;33.38;180.13;851.37;180.20;880.77;870.68;80.18;0.52
5735;0.00;105.06;0.00;105.01;0.00;0.00;59.05;17.22;33.37;180.12;851.02;180.22;880.07;870.11;80.19;0.53
5740;0.00;105.02;0.00;105.00;0.00;0.00;59.01;17.22;33.35;180.11;849.70;180.23;879.00;869.25;80.18;0.55
5745;0.00;104.81;0.00;105.08;0.00;0.00;58.98;17.20;33.36;180.12;849.46;180.20;878.63;868.94;80.18;0.54
5750;0.00;105.00;0.00;105.01;0.00;0.00;59.02;17.25;33.38;180.14;849.73;180.18;878.72;868.88;80.19;0.54
5755;0.00;105.00;0.00;105.04;0.00;0.00;59.06;17.23;33.37;180.15;850.53;180.11;879.70;869.55;80.19;0.57
5760;0.00;105.26;0.00;104.88;0.00;0.00;59.01;17.19;33.37;180.15;851.01;180.04;880.68;869.97;80.19;0.54
5765;0.00;105.07;0.00;104.99;0.00;0.00;59.05;17.22;33.38;180.14;850.84;180.01;880.94;870.60;80.20;0.53
5770;0.00;105.02;0.00;104.99;0.00;0.00;59.01;17.22;33.38;180.13;849.90;179.94;881.04;870.81;80.20;0.57
5775;0.00;104.83;0.00;105.08;0.00;0.00;58.97;17.20;33.40;180.12;849.81;179.90;881.21;871.02;80.20;0.56
5780;0.00;105.01;0.00;105.01;0.00;0.00;59.04;17.23;33.39;180.13;850.69;179.89;881.45;871.24;80.20;0.54
5785;0.00;105.00;0.00;105.04;0.00;0.00;59.03;17.22;33.39;180.13;851.16;179.89;882.16;871.77;80.20;0.56
5790;0.00;105.22;0.00;104.90;0.00;0.00;59.01;17.20;33.39;180.15;851.74;179.92;882.35;871.98;80.20;0.56
5795;0.00;105.02;0.00;105.00;0.00;0.00;59.02;17.22;33.38;180.15;851.14;179.97;882.06;871.79;80.20;0.52
5800;0.00;105.00;0.00;104.98;0.00;0.00;59.05;17.23;33.39;180.13;850.53;180.01;880.84;870.92;80.20;0.57
5805;0.00;104.84;0.00;105.08;0.00;0.00;58.95;17.22;33.39;180.12;849.85;180.09;879.61;869.90;80.20;0.58
5810;0.00;104.99;0.00;105.01;0.00;0.00;59.03;17.20;33.39;180.12;850.31;180.16;879.31;869.58;80.20;0.53
5815;0.00;105.00;0.00;105.04;0.00;0.00;59.05;17.22;33.39;180.12;850.61;180.19;879.27;869.39;80.20;0.56
5820;0.00;105.22;0.00;104.92;0.00;0.00;59.01;17.19;33.39;180.12;851.08;180.23;879.48;869.48;80.20;0.51
5825;0.00;105.03;0.00;105.00;0.00;0.00;59.03;17.23;33.40;180.13;850.48;180.24;879.38;869.46;80.19;0.52
5830;0.00;105.01;0.00;105.00;0.00;0.00;59.04;17.22;33.40;180.13;849.28;180.24;879.25;869.30;80.20;0.57
5835;0.00;104.77;0.00;105.09;0.00;0.00;59.01;17.20;33.40;180.13;849.30;180.20;879.29;869.38;80.19;0.53
5840;0.00;104.99;0.00;105.01;0.00;0.00;59.02;17.22;33.40;180.13;850.06;180.14;880.25;870.07;80.19;0.53
5845;0.00;105.02;0.00;105.03;0.00;0.00;59.05;17.27;33.40;180.12;851.10;180.10;880.92;870.59;80.19;0.55
5850;0.00;105.20;0.00;104.95;0.00;0.00;58.99;17.22;33.41;180.12;851.44;180.02;882.05;871.54;80.19;0.51
5855;0.00;105.02;0.00;105.00;0.00;0.00;59.03;17.22;33.41;180.11;851.12;179.94;882.24;871.85;80.19;0.52
5860;0.00;105.04;0.00;105.00;0.00;0.00;59.01;17.20;33.41;180.11;850.05;179.89;881.95;871.71;80.20;0.56
5865;0.00;104.80;0.00;105.08;0.00;0.00;58.99;17.22;33.41;180.11;849.98;179.87;881.27;871.23;80.20;0.53
5870;0.00;104.99;0.00;105.02;0.00;0.00;59.04;17.20;33.42;180.11;850.52;179.86;880.91;870.92;80.20;0.54
5875;0.00;105.00;0.00;105.06;0.00;0.00;59.05;17.23;33.41;180.14;851.27;179.89;880.88;870.85;80.20;0.55
5880;0.00;105.27;0.00;104.91;0.00;0.00;58.97;17.19;33.42;180.16;851.34;179.92;880.77;870.68;80.20;0.52
5885;0.00;105.05;0.00;104.99;0.00;0.00;59.05;17.23;33.43;180.15;851.00;179.98;880.06;870.13;80.20;0.53
5890;0.00;105.02;0.00;105.01;0.00;0.00;59.02;17.22;33.42;180.14;849.69;180.06;879.04;869.30;80.20;0.56
5895;0.00;104.84;0.00;105.08;0.00;0.00;58.97;17.22;33.43;180.10;849.53;180.11;878.66;869.01;80.20;0.54
5900;0.00;105.00;0.00;105.02;0.00;0.00;59.04;17.23;33.43;180.09;849.82;180.18;878.76;868.94;80.20;0.54
5905;0.00;105.00;0.00;105.04;0.00;0.00;59.05;17.23;33.43;180.09;850.59;180.23;879.67;869.54;80.20;0.55
5910;0.00;105.22;0.00;104.90;0.00;0.00;59.01;17.20;33.45;180.11;850.99;180.26;880.14;869.92;80.20;0.53
5915;0.00;105.03;0.00;105.01;0.00;0.00;59.02;17.20;33.43;180.13;850.80;180.25;880.69;870.44;80.20;0.53
5920;0.00;105.02;0.00;105.01;0.00;0.00;59.02;17.23;33.44;180.14;849.80;180.22;880.68;870.56;80.20;0.57
5925;0.00;104.77;0.00;105.10;0.00;0.00;58.99;17.22;33.45;180.14;849.76;180.15;880.80;870.61;80.20;0.55
5930;0.00;105.01;0.00;105.01;0.00;0.00;59.02;17.20;33.45;180.11;850.16;180.11;881.08;870.90;80.20;0.54
5935;0.00;105.00;0.00;105.04;0.00;0.00;59.06;17.23;33.45;180.09;851.08;180.01;881.75;871.45;80.20;0.56
5940;0.00;105.22;0.00;104.92;0.00;0.00;59.02;17.17;33.46;180.09;851.60;179.93;881.97;871.67;80.20;0.55
5945;0.00;105.03;0.00;104.99;0.00;0.00;59.04;17.25;33.44;180.11;851.00;179.89;881.74;871.51;80.20;0.52
5950;0.00;105.03;0.00;104.99;0.00;0.00;59.01;17.25;33.45;180.12;850.35;179.85;880.64;870.73;80.20;0.57
5955;0.00;104.78;0.00;105.10;0.00;0.00;58.98;17.22;33.45;180.13;849.82;179.85;879.62;869.88;80.20;0.57
5960;0.00;105.02;0.00;105.03;0.00;0.00;59.02;17.23;33.46;180.13;850.31;179.88;879.38;869.64;80.20;0.53
5965;0.00;105.01;0.00;105.04;0.00;0.00;59.05;17.23;33.45;180.13;850.63;179.91;879.48;869.56;80.20;0.56
5970;0.00;105.19;0.00;104.93;0.00;0.00;58.98;17.19;33.44;180.12;851.10;179.98;879.71;869.68;80.20;0.58
5975;0.00;105.06;0.00;105.00;0.00;0.00;59.02;17.22;33.46;180.12;850.49;180.07;879.51;869.66;80.20;0.52
5980;0.00;105.02;0.00;104.98;0.00;0.00;59.05;17.23;33.47;180.12;849.91;180.11;879.33;869.44;80.20;0.57
5985;0.00;104.84;0.00;105.08;0.00;0.00;59.01;17.22;33.47;180.12;849.37;180.18;879.32;869.43;80.20;0.53
5990;0.00;104.98;0.00;105.02;0.00;0.00;59.02;17.20;33.47;180.11;850.11;180.21;880.13;869.65;80.20;0.53
5995;0.00;104.99;0.00;105.05;0.00;0.00;59.05;17.27;33.48;180.10;851.11;180.22;880.71;870.46;80.20;0.55
6000;0.00;105.25;0.00;104.91;0.00;0.00;58.99;17.20;33.49;180.09;851.37;180.21;881.65;871.26;80.20;0.51
6005;0.00;105.03;0.00;105.00;0.00;0.00;59.03;17.19;33.47;180.09;850.99;180.17;881.72;871.45;80.20;0.52
6010;0.00;105.02;0.00;104.99;0.00;0.00;59.04;17.22;33.49;180.11;849.90;180.14;881.46;871.30;80.20;0.56
6015;0.00;104.83;0.00;105.08;0.00;0.00;58.97;17.20;33.50;180.12;849.87;180.07;880.81;870.87;80.20;0.53
6020;0.00;104.99;0.00;105.01;0.00;0.00;59.02;17.25;33.49;180.13;850.42;179.99;880.64;870.67;80.20;0.53
6025;0.00;105.00;0.00;105.04;0.00;0.00;59.05;17.22;33.49;180.13;851.22;179.92;880.70;870.68;80.20;0.55
6030;0.00;105.24;0.00;104.92;0.00;0.00;58.99;17.22;33.50;180.12;851.46;179.89;880.73;870.66;80.20;0.51
6035;0.00;105.05;0.00;105.01;0.00;0.00;59.02;17.23;33.50;180.11;850.92;179.86;880.14;870.22;80.20;0.53
6040;0.00;105.01;0.00;105.01;0.00;0.00;59.05;17.20;33.50;180.10;849.60;179.86;879.21;869.87;80.20;0.56
6045;0.00;104.76;0.00;105.09;0.00;0.00;58.98;17.17;33.50;180.10;849.45;179.87;878.90;869.21;80.20;0.53
6050;0.00;104.98;0.00;105.01;0.00;0.00;59.02;17.19;33.50;180.11;849.89;179.91;879.00;869.18;80.20;0.54
6055;0.00;104.98;0.00;105.06;0.00;0.00;59.06;17.25;33.50;180.13;850.71;179.98;879.81;869.73;80.20;0.55
6060;0.00;105.20;0.00;104.92;0.00;0.00;58.98;17.20;33.50;180.12;850.99;180.01;880.21;870.04;80.20;0.52
6065;0.00;105.04;0.00;104.99;0.00;0.00;59.02;17.19;33.50;180.11;850.77;180.09;880.60;870.41;80.20;0.53
6070;0.00;105.03;0.00;104.99;0.00;0.00;59.03;17.23;33.50;180.09;849.74;180.15;880.45;870.40;80.20;0.55
6075;0.00;104.81;0.00;105.08;0.00;0.00;58.98;17.22;33.51;180.09;849.80;180.19;880.40;870.40;80.20;0.54
6080;0.00;105.00;0.00;105.01;0.00;0.00;59.03;17.20;33.52;180.09;850.19;180.20;880.78;870.68;80.20;0.54
6085;0.00;104.99;0.00;105.06;0.00;0.00;59.06;17.23;33.51;180.12;851.04;180.18;881.43;871.20;80.20;0.55
6090;0.00;105.24;0.00;104.91;0.00;0.00;59.00;17.22;33.51;180.13;851.47;180.14;881.66;871.39;80.20;0.53
6095;0.00;105.05;0.00;104.99;0.00;0.00;59.02;17.23;33.52;180.13;851.23;180.11;881.39;871.25;80.20;0.53
6100;0.00;105.01;0.00;104.99;0.00;0.00;59.04;17.22;33.51;180.12;850.10;180.05;880.40;870.55;80.20;0.57
6105;0.00;104.76;0.00;105.09;0.00;0.00;58.97;17.20;33.53;180.10;849.81;179.97;879.54;870.16;80.20;0.55
6110;0.00;104.99;0.00;105.02;0.00;0.00;59.03;17.22;33.53;180.09;850.35;179.95;879.42;869.68;80.20;0.54
6115;0.00;105.00;0.00;105.05;0.00;0.00;59.05;17.23;33.53;180.08;850.69;179.89;879.67;869.72;80.20;0.56
6120;0.00;105.22;0.00;104.92;0.00;0.00;59.01;17.23;33.52;180.10;851.08;179.87;879.91;869.87;80.20;0.55
6125;0.00;105.03;0.00;104.98;0.00;0.00;59.04;17.22;33.53;180.12;850.47;179.87;879.84;869.85;80.20;0.52
6130;0.00;105.03;0.00;104.99;0.00;0.00;59.05;17.23;33.53;180.13;849.79;179.89;879.43;869.59;80.20;0.57
6135;0.00;104.80;0.00;105.11;0.00;0.00;58.99;17.22;33.53;180.13;849.46;179.94;879.32;869.50;80.20;0.57
6140;0.00;105.00;0.00;105.01;0.00;0.00;59.01;17.23;33.53;180.11;850.18;180.00;879.61;869.67;80.20;0.53
6145;0.00;105.00;0.00;105.04;0.00;0.00;59.03;17.20;33.54;180.10;850.62;180.04;880.53;870.38;80.20;0.56
6150;0.00;105.18;0.00;104.92;0.00;0.00;58.98;17.20;33.53;180.09;851.28;180.11;881.31;871.01;80.20;0.51
6155;0.00;105.03;0.00;105.00;0.00;0.00;59.03;17.25;33.56;180.10;850.83;180.18;881.28;871.14;80.20;0.52
6160;0.00;105.03;0.00;105.00;0.00;0.00;59.02;17.25;33.54;180.11;850.38;180.20;881.00;870.94;80.20;0.57
6165;0.00;104.78;0.00;105.11;0.00;0.00;58.98;17.20;33.56;180.11;849.81;180.22;880.47;870.58;80.20;0.53
6170;0.00;105.01;0.00;105.02;0.00;0.00;59.04;17.23;33.54;180.12;850.40;180.22;880.48;870.49;80.20;0.53
6175;0.00;104.98;0.00;105.04;0.00;0.00;59.07;17.25;33.55;180.11;851.24;180.20;880.60;870.57;80.20;0.55
6180;0.00;105.24;0.00;104.90;0.00;0.00;58.98;17.20;33.54;180.12;851.39;180.13;880.71;870.63;80.20;0.51
6185;0.00;105.04;0.00;104.99;0.00;0.00;59.02;17.25;33.55;180.11;850.83;180.08;880.17;870.26;80.20;0.52
6190;0.00;105.04;0.00;104.99;0.00;0.00;59.03;17.23;33.56;180.10;849.59;180.02;879.72;869.92;80.20;0.56
6195;0.00;104.84;0.00;105.09;0.00;0.00;58.98;17.25;33.57;180.09;849.49;179.98;879.02;869.33;80.20;0.53
6200;0.00;104.99;0.00;105.01;0.00;0.00;59.01;17.22;33.56;180.09;849.99;179.93;879.16;869.33;80.20;0.53
6205;0.00;105.00;0.00;105.06;0.00;0.00;59.05;17.20;33.55;180.10;850.78;179.90;879.88;869.55;80.20;0.55
6210;0.00;105.27;0.00;104.91;0.00;0.00;58.97;17.19;33.56;180.12;851.09;179.90;880.28;870.16;80.20;0.58
6215;0.00;105.04;0.00;104.99;0.00;0.00;59.05;17.25;33.56;180.13;850.83;179.91;880.41;870.29;80.20;0.53
6220;0.00;105.02;0.00;104.99;0.00;0.00;59.04;17.23;33.54;180.12;849.54;179.93;880.27;870.26;80.20;0.56
6225;0.00;104.79;0.00;105.11;0.00;0.00;58.99;17.20;33.57;180.09;849.66;179.99;880.11;870.15;80.20;0.57
6230;0.00;104.99;0.00;105.03;0.00;0.00;59.03;17.22;33.57;180.08;850.13;180.04;880.44;870.42;80.20;0.53
6235;0.00;105.00;0.00;105.04;0.00;0.00;59.04;17.22;33.57;180.07;850.69;180.08;880.88;870.76;80.20;0.56
6240;0.00;105.18;0.00;104.93;0.00;0.00;58.98;17.19;33.58;180.10;851.31;180.12;881.25;871.06;80.20;0.53
6245;0.00;105.01;0.00;105.01;0.00;0.00;59.03;17.23;33.57;180.11;850.97;180.17;880.94;871.11;80.20;0.52
6250;0.00;105.01;0.00;105.01;0.00;0.00;59.03;17.25;33.58;180.12;850.18;180.18;880.31;870.44;80.20;0.57
6255;0.00;104.79;0.00;105.11;0.00;0.00;58.97;17.22;33.58;180.12;849.68;180.17;879.73;870.00;80.20;0.53
6260;0.00;104.98;0.00;105.01;0.00;0.00;59.02;17.25;33.58;180.10;850.31;180.16;879.49;869.75;80.20;0.53
6265;0.00;105.00;0.00;105.04;0.00;0.00;59.05;17.23;33.59;180.09;850.76;180.11;879.82;869.88;80.20;0.54
6270;0.00;105.21;0.00;104.92;0.00;0.00;59.02;17.22;33.58;180.08;851.18;180.07;879.96;869.96;80.20;0.51
6275;0.00;105.02;0.00;105.01;0.00;0.00;59.02;17.23;33.59;180.09;850.89;180.03;879.89;869.92;80.20;0.52
6280;0.00;105.02;0.00;104.99;0.00;0.00;59.02;17.23;33.59;180.10;849.45;179.97;879.61;869.72;80.20;0.56
6285;0.00;104.76;0.00;105.11;0.00;0.00;58.98;17.20;33.60;180.11;849.45;179.94;879.19;869.40;80.20;0.58
6290;0.00;104.99;0.00;105.03;0.00;0.00;59.02;17.23;33.61;180.12;849.86;179.92;879.48;869.60;80.20;0.54
6295;0.00;104.99;0.00;105.04;0.00;0.00;59.03;17.25;33.60;180.13;850.40;179.91;880.08;870.03;80.20;0.55
6300;0.00;105.22;0.00;104.91;0.00;0.00;59.00;17.20;33.61;180.12;851.19;179.94;880.66;870.49;80.20;0.56
6305;0.00;105.06;0.00;104.99;0.00;0.00;59.05;17.22;33.60;180.10;850.90;179.96;880.97;870.83;80.20;0.51
6310;0.00;105.02;0.00;104.99;0.00;0.00;59.05;17.22;33.61;180.09;850.30;180.00;880.64;870.65;80.20;0.57
6315;0.00;104.85;0.00;105.08;0.00;0.00;58.98;17.20;33.62;180.09;849.89;180.04;880.28;870.40;80.20;0.54
6320;0.00;104.99;0.00;105.03;0.00;0.00;59.02;17.22;33.61;180.11;850.34;180.12;880.27;870.28;80.20;0.53
6325;0.00;105.02;0.00;105.04;0.00;0.00;59.04;17.23;33.61;180.11;850.83;180.15;880.52;870.50;80.20;0.54
6330;0.00;105.27;0.00;104.89;0.00;0.00;58.99;17.19;33.61;180.12;851.36;180.17;880.62;870.56;80.20;0.51
6335;0.00;105.02;0.00;104.99;0.00;0.00;59.02;17.20;33.61;180.11;850.62;180.19;880.41;870.44;80.20;0.52
6340;0.00;105.01;0.00;104.99;0.00;0.00;59.02;17.22;33.61;180.11;849.70;180.19;879.37;870.08;80.20;0.55
6345;0.00;104.80;0.00;105.09;0.00;0.00;58.98;17.17;33.62;180.10;849.50;180.17;879.01;869.33;80.20;0.58
6350;0.00;104.99;0.00;105.01;0.00;0.00;59.02;17.22;33.62;180.10;849.81;180.13;879.06;869.31;80.20;0.54
6355;0.00;104.99;0.00;105.04;0.00;0.00;59.04;17.22;33.63;180.08;850.88;180.08;879.43;869.54;80.20;0.55
6360;0.00;105.19;0.00;104.94;0.00;0.00;58.97;17.22;33.63;180.08;851.06;180.00;880.24;870.15;80.20;0.58
6365;0.00;105.05;0.00;105.01;0.00;0.00;59.02;17.27;33.63;180.08;850.76;179.96;880.27;870.22;80.20;0.53
6370;0.00;105.05;0.00;105.00;0.00;0.00;59.03;17.23;33.62;180.11;850.25;179.93;880.07;870.10;80.20;0.57
6375;0.00;104.76;0.00;105.09;0.00;0.00;58.98;17.20;33.62;180.13;849.67;179.89;879.83;869.98;80.20;0.56
6380;0.00;105.01;0.00;105.01;0.00;0.00;59.02;17.23;33.63;180.14;850.15;179.90;880.24;870.25;80.20;0.53
6385;0.00;104.97;0.00;105.03;0.00;0.00;59.03;17.25;33.64;180.13;850.71;179.92;880.70;870.61;80.20;0.56
6390;0.00;105.20;0.00;104.92;0.00;0.00;59.00;17.19;33.63;180.10;851.36;179.95;881.07;870.90;80.20;0.52
6395;0.00;105.04;0.00;104.99;0.00;0.00;59.02;17.22;33.64;180.09;850.81;180.03;881.08;870.96;80.20;0.52
6400;0.00;105.04;0.00;104.99;0.00;0.00;59.00;17.22;33.63;180.08;849.98;180.07;880.14;870.31;80.20;0.54
6405;0.00;104.77;0.00;105.12;0.00;0.00;58.99;17.22;33.64;180.08;849.66;180.13;879.66;869.95;80.20;0.53
6410;0.00;105.00;0.00;105.03;0.00;0.00;59.03;17.22;33.65;180.11;849.91;180.17;879.49;869.76;80.20;0.53
6415;0.00;105.00;0.00;105.04;0.00;0.00;59.05;17.20;33.65;180.13;850.83;180.22;879.93;869.80;80.20;0.55
6420;0.00;105.22;0.00;104.90;0.00;0.00;59.01;17.22;33.65;180.14;851.15;180.24;880.06;870.07;80.20;0.57
6425;0.00;105.04;0.00;104.99;0.00;0.00;59.04;17.22;33.66;180.13;850.85;180.23;879.97;870.00;80.20;0.53
6430;0.00;105.01;0.00;104.98;0.00;0.00;59.01;17.22;33.65;180.10;849.45;180.21;879.63;869.81;80.20;0.56
6435;0.00;104.83;0.00;105.09;0.00;0.00;58.97;17.22;33.66;180.08;849.53;180.14;879.28;869.55;80.20;0.58
6440;0.00;105.01;0.00;105.03;0.00;0.00;59.01;17.27;33.66;180.08;849.95;180.10;879.59;869.71;80.20;0.53
6445;0.00;104.99;0.00;105.03;0.00;0.00;59.04;17.23;33.65;180.08;850.48;180.06;880.12;870.12;80.20;0.56
6450;0.00;105.24;0.00;104.90;0.00;0.00;59.02;17.19;33.65;180.11;851.15;180.02;880.61;870.50;80.20;0.53
6455;0.00;105.03;0.00;105.00;0.00;0.00;59.02;17.25;33.66;180.12;850.83;179.95;880.69;870.65;80.20;0.51
6460;0.00;105.01;0.00;105.00;0.00;0.00;59.04;17.17;33.66;180.13;850.10;179.94;880.33;870.42;80.20;0.57
6465;0.00;104.85;0.00;105.08;0.00;0.00;58.95;17.20;33.66;180.11;849.65;179.94;879.93;870.15;80.20;0.53
6470;0.00;105.00;0.00;105.01;0.00;0.00;59.02;17.23;33.65;180.09;850.32;179.96;879.83;870.05;80.20;0.53
6475;0.00;104.99;0.00;105.04;0.00;0.00;59.05;17.25;33.66;180.07;850.83;179.98;880.28;870.31;80.20;0.54
6480;0.00;105.24;0.00;104.89;0.00;0.00;58.98;17.19;33.66;180.07;851.29;180.02;880.43;870.41;80.20;0.51
6485;0.00;105.04;0.00;105.01;0.00;0.00;59.03;17.25;33.67;180.08;851.01;180.06;880.30;870.32;80.20;0.52
6490;0.00;105.01;0.00;104.99;0.00;0.00;59.03;17.23;33.68;180.10;849.61;180.13;879.84;870.02;80.20;0.55
6495;0.00;104.81;0.00;105.08;0.00;0.00;58.98;17.22;33.67;180.12;849.54;180.16;879.09;869.43;80.20;0.58
6500;0.00;104.97;0.00;105.02;0.00;0.00;59.02;17.23;33.68;180.13;849.88;180.19;879.21;869.45;80.20;0.54
6505;0.00;104.99;0.00;105.05;0.00;0.00;59.05;17.23;33.68;180.13;850.33;180.20;879.61;869.70;80.20;0.55
6510;0.00;105.26;0.00;104.91;0.00;0.00;59.01;17.22;33.69;180.11;851.00;180.19;880.08;870.04;80.20;0.57
6515;0.00;105.05;0.00;104.99;0.00;0.00;59.02;17.23;33.67;180.09;850.77;180.16;880.28;870.26;80.20;0.51
6520;0.00;105.01;0.00;104.99;0.00;0.00;59.03;17.23;33.68;180.06;849.54;180.14;880.04;870.14;80.20;0.56
6525;0.00;104.78;0.00;105.11;0.00;0.00;59.00;17.22;33.68;180.07;849.66;180.07;879.73;869.97;80.20;0.57
6530;0.00;105.00;0.00;105.01;0.00;0.00;59.02;17.22;33.68;180.09;850.08;180.04;879.99;870.08;80.20;0.53
6535;0.00;105.01;0.00;105.06;0.00;0.00;59.06;17.25;33.69;180.11;850.60;180.00;880.42;870.37;80.20;0.56
6540;0.00;105.22;0.00;104.90;0.00;0.00;59.00;17.20;33.68;180.14;851.18;180.00;880.76;870.64;80.20;0.53
6545;0.00;105.04;0.00;104.99;0.00;0.00;59.02;17.22;33.70;180.14;850.83;179.98;880.50;870.71;80.20;0.51
6550;0.00;105.00;0.00;104.99;0.00;0.00;59.02;17.22;33.70;180.12;850.06;179.97;879.99;870.17;80.20;0.57
6555;0.00;104.78;0.00;105.11;0.00;0.00;58.99;17.22;33.69;180.10;849.61;179.97;879.56;869.83;80.20;0.53
6560;0.00;105.02;0.00;105.01;0.00;0.00;59.02;17.20;33.70;180.07;850.27;180.00;879.41;869.70;80.20;0.53
6565;0.00;104.98;0.00;105.04;0.00;0.00;59.04;17.25;33.70;180.07;850.74;180.06;879.94;869.97;80.20;0.54
6570;0.00;105.21;0.00;104.91;0.00;0.00;58.99;17.19;33.71;180.08;851.18;180.09;880.15;870.11;80.20;0.51
6575;0.00;105.02;0.00;105.00;0.00;0.00;59.02;17.20;33.70;180.12;850.90;180.12;880.07;870.11;80.20;0.52
6580;0.00;105.02;0.00;105.00;0.00;0.00;59.04;17.23;33.71;180.13;849.52;180.17;879.76;869.90;80.20;0.55
6585;0.00;104.85;0.00;105.08;0.00;0.00;58.99;17.22;33.71;180.12;849.53;180.19;879.27;869.55;80.20;0.58
6590;0.00;104.98;0.00;105.01;0.00;0.00;59.01;17.20;33.71;180.11;849.91;180.20;879.51;869.67;80.20;0.54
6595;0.00;104.98;0.00;105.05;0.00;0.00;59.05;17.22;33.72;180.11;850.42;180.20;879.97;870.01;80.20;0.55
6600;0.00;105.24;0.00;104.92;0.00;0.00;59.00;17.19;33.71;180.11;851.15;180.15;880.43;870.36;80.20;0.56
6605;0.00;105.04;0.00;105.00;0.00;0.00;59.04;17.23;33.72;180.11;850.84;180.14;880.52;870.52;80.20;0.51
6610;0.00;105.00;0.00;104.99;0.00;0.00;59.03;17.23;33.71;180.11;850.22;180.10;880.15;870.28;80.20;0.57
6615;0.00;104.83;0.00;105.08;0.00;0.00;58.99;17.22;33.72;180.10;849.81;180.07;879.79;870.02;80.20;0.54
6620;0.00;104.99;0.00;105.02;0.00;0.00;59.02;17.20;33.72;180.11;850.22;180.01;879.89;869.93;80.20;0.53
6625;0.00;105.01;0.00;105.05;0.00;0.00;59.06;17.23;33.71;180.09;850.72;179.98;880.23;870.25;80.20;0.54
6630;0.00;105.27;0.00;104.87;0.00;0.00;58.97;17.20;33.72;180.08;851.27;179.97;880.43;870.41;80.20;0.51
6635;0.00;105.05;0.00;104.99;0.00;0.00;59.05;17.23;33.74;180.08;850.61;179.97;880.37;870.37;80.20;0.52
6640;0.00;104.99;0.00;104.99;0.00;0.00;59.03;17.22;33.74;180.09;849.69;179.98;879.51;870.12;80.20;0.55
6645;0.00;104.78;0.00;105.11;0.00;0.00;58.98;17.20;33.74;180.11;849.52;180.00;879.19;869.50;80.20;0.53
6650;0.00;104.99;0.00;105.02;0.00;0.00;59.00;17.27;33.74;180.13;849.83;180.03;879.20;869.48;80.20;0.54
6655;0.00;104.99;0.00;105.04;0.00;0.00;59.05;17.22;33.73;180.12;850.84;180.10;879.53;869.68;80.20;0.55
6660;0.00;105.19;0.00;104.92;0.00;0.00;58.98;17.20;33.74;180.10;851.08;180.13;880.20;870.17;80.20;0.58
6665;0.00;105.03;0.00;104.99;0.00;0.00;59.02;17.23;33.74;180.08;850.79;180.16;880.20;870.22;80.20;0.53
6670;0.00;105.01;0.00;104.99;0.00;0.00;59.02;17.23;33.75;180.10;850.32;180.18;879.93;870.07;80.20;0.56
6675;0.00;104.78;0.00;105.09;0.00;0.00;58.99;17.22;33.75;180.10;849.68;180.20;879.65;869.87;80.20;0.56
6680;0.00;105.00;0.00;105.01;0.00;0.00;59.03;17.20;33.75;180.10;850.11;180.19;879.83;869.98;80.20;0.53
6685;0.00;104.99;0.00;105.06;0.00;0.00;59.05;17.23;33.75;180.11;850.61;180.18;880.24;870.29;80.20;0.56
6690;0.00;105.18;0.00;104.93;0.00;0.00;58.98;17.20;33.75;180.11;851.22;180.15;880.55;870.51;80.20;0.52
6695;0.00;105.04;0.00;105.00;0.00;0.00;59.03;17.23;33.75;180.11;850.72;180.09;880.29;870.56;80.20;0.52
6700;0.00;105.03;0.00;105.00;0.00;0.00;59.05;17.22;33.76;180.10;849.87;180.06;879.81;870.03;80.20;0.54
6705;0.00;104.78;0.00;105.09;0.00;0.00;58.97;17.19;33.76;180.09;849.59;180.04;879.44;869.73;80.20;0.53
6710;0.00;104.99;0.00;105.01;0.00;0.00;59.05;17.23;33.76;180.10;850.27;180.00;879.35;869.63;80.20;0.53
6715;0.00;104.99;0.00;105.06;0.00;0.00;59.04;17.23;33.77;180.10;850.80;179.97;879.92;869.75;80.20;0.54
6720;0.00;105.21;0.00;104.91;0.00;0.00;58.99;17.22;33.78;180.10;851.15;179.98;880.13;870.12;80.20;0.57
6725;0.00;105.05;0.00;104.98;0.00;0.00;59.02;17.23;33.78;180.11;850.86;179.98;880.04;870.10;80.20;0.52
6730;0.00;105.01;0.00;105.00;0.00;0.00;59.02;17.23;33.77;180.13;849.52;180.00;879.71;869.90;80.20;0.56
6735;0.00;104.74;0.00;105.12;0.00;0.00;58.97;17.20;33.78;180.14;849.57;180.05;879.21;869.62;80.20;0.58
6740;0.00;105.01;0.00;105.03;0.00;0.00;59.03;17.22;33.77;180.14;849.96;180.08;879.43;869.63;80.20;0.54
6745;0.00;105.01;0.00;105.04;0.00;0.00;59.04;17.22;33.78;180.09;850.46;180.12;879.87;869.93;80.20;0.55
6750;0.00;105.26;0.00;104.90;0.00;0.00;59.02;17.25;33.77;180.07;851.10;180.16;880.42;870.38;80.20;0.55
6755;0.00;105.04;0.00;105.00;0.00;0.00;59.05;17.20;33.78;180.07;850.57;180.19;880.40;870.40;80.20;0.52
6760;0.00;105.00;0.00;104.99;0.00;0.00;59.03;17.22;33.80;180.08;849.79;180.21;879.86;870.05;80.20;0.54
6765;0.00;104.80;0.00;105.09;0.00;0.00;59.00;17.20;33.78;180.10;849.57;180.21;879.59;869.84;80.20;0.53
6770;0.00;104.99;0.00;105.01;0.00;0.00;59.02;17.23;33.79;180.14;849.86;180.20;879.61;869.84;80.20;0.53
6775;0.00;104.98;0.00;105.04;0.00;0.00;59.05;17.25;33.80;180.13;850.87;180.16;880.21;870.01;80.20;0.54
6780;0.00;105.21;0.00;104.92;0.00;0.00;58.98;17.22;33.79;180.11;851.19;180.14;880.40;870.39;80.20;0.57
6785;0.00;105.03;0.00;105.01;0.00;0.00;59.04;17.22;33.78;180.09;850.89;180.09;880.26;870.30;80.20;0.52
6790;0.00;105.04;0.00;104.99;0.00;0.00;59.02;17.25;33.79;180.08;849.59;180.03;879.91;870.07;80.20;0.56
6795;0.00;104.76;0.00;105.10;0.00;0.00;58.97;17.19;33.79;180.09;849.58;180.00;879.22;869.55;80.20;0.58
6800;0.00;104.99;0.00;105.02;0.00;0.00;59.02;17.22;33.79;180.11;849.94;179.99;879.33;869.58;80.20;0.54
6805;0.00;104.99;0.00;105.05;0.00;0.00;59.05;17.20;33.80;180.12;850.40;179.98;879.66;869.81;80.20;0.55
6810;0.00;105.22;0.00;104.93;0.00;0.00;59.01;17.25;33.77;180.11;851.04;179.98;880.03;870.07;80.20;0.56
6815;0.00;105.04;0.00;104.99;0.00;0.00;59.02;17.22;33.79;180.10;850.70;180.00;880.05;870.16;80.20;0.51
6820;0.00;105.02;0.00;105.00;0.00;0.00;59.03;17.22;33.80;180.09;850.04;180.02;879.72;869.92;80.20;0.57
6825;0.00;104.83;0.00;105.09;0.00;0.00;58.98;17.17;33.80;180.08;849.71;180.04;879.43;869.72;80.20;0.54
6830;0.00;105.01;0.00;105.02;0.00;0.00;59.02;17.22;33.80;180.10;850.16;180.10;879.70;869.68;80.20;0.53
6835;0.00;104.99;0.00;105.03;0.00;0.00;59.06;17.23;33.80;180.11;850.68;180.13;880.12;870.16;80.20;0.54
6840;0.00;105.27;0.00;104.90;0.00;0.00;58.99;17.25;33.81;180.13;851.22;180.17;880.43;870.39;80.20;0.51
6845;0.00;105.04;0.00;104.99;0.00;0.00;59.06;17.22;33.81;180.14;850.59;180.19;880.40;870.41;80.20;0.52
6850;0.00;105.02;0.00;105.01;0.00;0.00;59.05;17.23;33.81;180.13;849.71;180.20;879.63;870.22;80.20;0.55
6855;0.00;104.82;0.00;105.09;0.00;0.00;59.01;17.20;33.81;180.11;849.60;180.20;879.33;869.67;80.20;0.53
6860;0.00;104.99;0.00;105.03;0.00;0.00;59.03;17.22;33.81;180.09;849.90;180.19;879.35;869.64;80.20;0.54
6865;0.00;104.99;0.00;105.04;0.00;0.00;59.05;17.27;33.81;180.08;850.93;180.17;879.63;869.80;80.20;0.55
6870;0.00;105.18;0.00;104.93;0.00;0.00;58.99;17.23;33.81;180.09;851.11;180.12;880.08;870.15;80.20;0.58
6875;0.00;105.04;0.00;105.01;0.00;0.00;59.02;17.22;33.81;180.11;850.77;180.08;879.94;870.06;80.20;0.53
6880;0.00;105.03;0.00;105.00;0.00;0.00;59.03;17.25;33.82;180.14;850.27;180.05;879.56;869.80;80.20;0.56
6885;0.00;104.77;0.00;105.09;0.00;0.00;58.99;17.22;33.83;180.14;849.63;180.01;879.18;869.54;80.20;0.56
6890;0.00;104.98;0.00;105.03;0.00;0.00;59.03;17.20;33.82;180.13;850.04;179.98;879.35;869.58;80.20;0.53
6895;0.00;104.99;0.00;105.06;0.00;0.00;59.05;17.23;33.83;180.12;850.51;179.97;879.80;869.87;80.20;0.56
6900;0.00;105.22;0.00;104.94;0.00;0.00;59.02;17.22;33.82;180.08;851.14;179.97;880.18;870.18;80.21;0.52
6905;0.00;105.04;0.00;104.99;0.00;0.00;59.02;17.22;33.84;180.07;850.61;180.00;880.25;870.25;80.21;0.52
6910;0.00;105.02;0.00;104.99;0.00;0.00;59.03;17.22;33.83;180.07;849.77;180.02;879.66;869.90;80.21;0.54
6915;0.00;104.76;0.00;105.12;0.00;0.00;58.98;17.22;33.83;180.10;849.55;180.06;879.40;869.70;80.21;0.53
6920;0.00;104.99;0.00;105.02;0.00;0.00;59.01;17.20;33.83;180.16;850.30;180.10;879.42;869.71;80.21;0.53
6925;0.00;105.00;0.00;105.04;0.00;0.00;59.05;17.23;33.85;180.16;850.85;180.16;880.11;869.89;80.21;0.54
6930;0.00;105.20;0.00;104.92;0.00;0.00;59.00;17.22;33.84;180.15;851.19;180.18;880.30;870.31;80.20;0.57
6935;0.00;105.04;0.00;105.00;0.00;0.00;59.03;17.23;33.85;180.12;850.91;180.19;880.16;870.25;80.20;0.52
6940;0.00;105.02;0.00;105.01;0.00;0.00;59.02;17.22;33.85;180.08;849.57;180.20;879.79;869.99;80.21;0.56
6945;0.00;104.85;0.00;105.08;0.00;0.00;58.97;17.20;33.85;180.09;849.63;180.18;879.13;869.65;80.21;0.58
6950;0.00;104.99;0.00;105.01;0.00;0.00;59.03;17.23;33.85;180.10;850.01;180.16;879.26;869.53;80.21;0.54
6955;0.00;105.03;0.00;105.04;0.00;0.00;59.08;17.23;33.85;180.11;850.44;180.13;879.62;869.75;80.21;0.55
6960;0.00;105.37;0.00;104.91;0.00;0.00;59.01;17.25;33.86;180.11;851.02;180.11;879.97;870.01;80.21;0.54
6965;0.00;105.03;0.00;105.00;0.00;0.00;59.05;17.22;33.86;180.11;850.64;180.04;879.91;870.03;80.21;0.52
6970;0.00;105.01;0.00;104.99;0.00;0.00;59.04;17.20;33.86;180.10;849.93;180.01;879.55;869.79;80.21;0.57
6975;0.00;104.82;0.00;105.11;0.00;0.00;58.97;17.25;33.86;180.09;849.50;180.00;879.28;869.58;80.21;0.54
6980;0.00;104.98;0.00;105.03;0.00;0.00;59.04;17.23;33.86;180.10;850.20;179.99;879.28;869.56;80.21;0.53
6985;0.00;104.98;0.00;105.05;0.00;0.00;59.05;17.25;33.87;180.11;850.68;180.00;880.02;870.05;80.21;0.54
6990;0.00;105.19;0.00;104.89;0.00;0.00;58.98;17.20;33.87;180.11;851.19;180.01;880.32;870.29;80.21;0.51
6995;0.00;105.04;0.00;104.98;0.00;0.00;59.03;17.23;33.87;180.12;850.94;180.03;880.28;870.33;80.21;0.52
7000;0.00;105.03;0.00;105.01;0.00;0.00;59.02;17.23;33.87;180.12;849.60;180.09;879.97;870.13;80.21;0.55
7005;0.00;104.79;0.00;105.08;0.00;0.00;58.97;17.22;33.88;180.11;849.58;180.12;879.35;869.66;80.21;0.58
7010;0.00;104.98;0.00;105.02;0.00;0.00;59.03;17.23;33.87;180.11;849.92;180.15;879.44;869.68;80.21;0.54
7015;0.00;105.00;0.00;105.06;0.00;0.00;59.03;17.23;33.88;180.09;850.99;180.17;879.75;869.90;80.21;0.55
7020;0.00;105.20;0.00;104.92;0.00;0.00;58.98;17.20;33.88;180.09;851.08;180.18;880.23;870.15;80.21;0.57
7025;0.00;105.01;0.00;105.01;0.00;0.00;59.03;17.22;33.89;180.10;850.75;180.19;880.11;870.21;80.20;0.51
7030;0.00;104.99;0.00;104.99;0.00;0.00;59.03;17.22;33.89;180.11;850.15;180.18;879.75;869.96;80.20;0.57
7035;0.00;104.78;0.00;105.11;0.00;0.00;59.00;17.19;33.89;180.11;849.68;180.16;879.38;869.70;80.21;0.54
7040;0.00;104.99;0.00;105.01;0.00;0.00;59.02;17.23;33.89;180.11;850.10;180.11;879.54;869.62;80.21;0.53
7045;0.00;104.99;0.00;105.04;0.00;0.00;59.03;17.27;33.90;180.12;850.56;180.09;879.91;870.01;80.21;0.56
7050;0.00;105.18;0.00;104.92;0.00;0.00;58.98;17.19;33.90;180.13;851.14;180.07;880.20;870.23;80.21;0.51
7055;0.00;105.04;0.00;104.99;0.00;0.00;59.05;17.22;33.90;180.13;850.51;180.04;880.21;870.26;80.21;0.52
7060;0.00;105.03;0.00;105.00;0.00;0.00;59.02;17.22;33.90;180.11;849.64;180.00;879.55;869.84;80.21;0.55
7065;0.00;104.86;0.00;105.11;0.00;0.00;58.98;17.23;33.89;180.09;849.54;179.99;879.34;869.66;80.21;0.53
7070;0.00;104.99;0.00;105.00;0.00;0.00;59.02;17.20;33.90;180.09;849.86;179.99;879.44;869.70;80.21;0.53
7075;0.00;104.99;0.00;105.04;0.00;0.00;59.05;17.20;33.91;180.12;850.87;180.01;879.78;869.93;80.20;0.55
7080;0.00;105.25;0.00;104.92;0.00;0.00;58.98;17.22;33.90;180.15;851.15;180.04;880.35;870.35;80.21;0.58
7085;0.00;105.03;0.00;104.99;0.00;0.00;59.06;17.23;33.91;180.15;850.84;180.07;880.23;870.29;80.21;0.53
7090;0.00;105.01;0.00;104.99;0.00;0.00;59.05;17.22;33.91;180.14;850.33;180.09;879.84;870.05;80.21;0.56
7095;0.00;104.82;0.00;105.08;0.00;0.00;58.95;17.22;33.91;180.12;849.66;180.17;879.43;869.76;80.21;0.57
7100;0.00;104.99;0.00;105.02;0.00;0.00;59.03;17.23;33.90;180.09;850.05;180.21;879.44;869.69;80.21;0.53
7105;0.00;104.99;0.00;105.04;0.00;0.00;59.06;17.23;33.91;180.08;850.53;180.22;879.80;869.93;80.21;0.56
7110;0.00;105.27;0.00;104.90;0.00;0.00;58.98;17.20;33.91;180.10;851.00;180.23;880.13;870.15;80.21;0.52
7115;0.00;105.03;0.00;104.99;0.00;0.00;59.02;17.25;33.91;180.12;850.60;180.21;879.92;870.23;80.21;0.51
7120;0.00;105.02;0.00;105.00;0.00;0.00;59.02;17.23;33.92;180.14;849.82;180.19;879.52;869.79;80.21;0.54
7125;0.00;104.80;0.00;105.09;0.00;0.00;59.00;17.19;33.92;180.15;849.52;180.17;879.21;869.57;80.21;0.53
7130;0.00;105.00;0.00;105.02;0.00;0.00;59.05;17.23;33.93;180.14;850.25;180.15;879.23;869.54;80.21;0.53
7135;0.00;104.99;0.00;105.04;0.00;0.00;59.05;17.23;33.93;180.12;850.74;180.09;879.93;869.72;80.21;0.54
7140;0.00;105.25;0.00;104.90;0.00;0.00;58.97;17.22;33.92;180.10;851.14;180.07;880.13;870.18;80.21;0.51
7145;0.00;105.03;0.00;104.99;0.00;0.00;59.02;17.22;33.93;180.08;850.85;180.04;880.10;870.18;80.21;0.52
7150;0.00;105.03;0.00;104.99;0.00;0.00;59.03;17.22;33.92;180.07;849.54;180.02;879.78;869.98;80.21;0.56
7155;0.00;104.81;0.00;105.09;0.00;0.00;58.99;17.22;33.93;180.09;849.59;180.01;879.23;869.58;80.21;0.58
7160;0.00;104.99;0.00;105.03;0.00;0.00;59.02;17.23;33.92;180.11;849.97;180.03;879.39;869.65;80.21;0.54
7165;0.00;105.00;0.00;105.06;0.00;0.00;59.06;17.23;33.94;180.14;850.45;180.04;879.77;869.90;80.21;0.55
7170;0.00;105.27;0.00;104.89;0.00;0.00;58.98;17.19;33.93;180.13;851.05;180.09;880.11;870.17;80.21;0.54
7175;0.00;105.05;0.00;104.99;0.00;0.00;59.05;17.22;33.94;180.12;850.71;180.12;880.00;870.13;80.21;0.51
7180;0.00;105.03;0.00;104.99;0.00;0.00;59.02;17.23;33.94;180.09;850.01;180.16;879.59;869.85;80.21;0.57
7185;0.00;104.78;0.00;105.09;0.00;0.00;58.99;17.22;33.95;180.08;849.72;180.17;879.29;869.63;80.21;0.55
7190;0.00;105.00;0.00;105.03;0.00;0.00;59.02;17.22;33.94;180.08;850.13;180.20;879.40;869.53;80.21;0.53
7195;0.00;105.00;0.00;105.04;0.00;0.00;59.03;17.22;33.96;180.10;850.59;180.20;879.79;869.91;80.21;0.56
7200;0.00;105.19;0.00;104.91;0.00;0.00;59.01;17.19;33.95;180.11;851.17;180.20;880.07;870.12;80.21;0.52
7205;0.00;105.03;0.00;104.99;0.00;0.00;59.01;17.23;33.96;180.14;850.53;180.19;880.11;870.16;80.21;0.52
7210;0.00;104.99;0.00;105.01;0.00;0.00;59.02;17.22;33.95;180.13;849.70;180.15;879.39;869.68;80.21;0.55
7215;0.00;104.76;0.00;105.09;0.00;0.00;58.95;17.23;33.97;180.11;849.55;180.12;879.14;869.51;80.21;0.53
7220;0.00;105.02;0.00;105.00;0.00;0.00;59.02;17.22;33.96;180.07;849.85;180.10;879.23;869.51;80.21;0.53
7225;0.00;105.00;0.00;105.04;0.00;0.00;59.03;17.23;33.96;180.08;850.88;180.05;879.57;869.72;80.21;0.55
7230;0.00;105.23;0.00;104.91;0.00;0.00;59.01;17.19;33.96;180.10;851.11;180.04;880.18;870.20;80.21;0.58
7235;0.00;105.04;0.00;104.99;0.00;0.00;59.05;17.23;33.97;180.11;850.80;180.03;880.08;870.19;80.21;0.53
7240;0.00;105.02;0.00;105.01;0.00;0.00;59.02;17.22;33.97;180.11;850.30;180.03;879.74;869.96;80.21;0.56
7245;0.00;104.77;0.00;105.11;0.00;0.00;58.98;17.22;33.96;180.09;849.65;180.04;879.39;869.71;80.21;0.57
7250;0.00;104.97;0.00;105.02;0.00;0.00;59.02;17.22;33.98;180.09;850.06;180.06;879.49;869.73;80.21;0.53
7255;0.00;104.98;0.00;105.05;0.00;0.00;59.04;17.25;33.97;180.08;850.55;180.09;879.88;869.98;80.21;0.56
7260;0.00;105.22;0.00;104.92;0.00;0.00;58.97;17.20;33.97;180.09;851.06;180.11;880.18;870.25;80.21;0.53
7265;0.00;105.01;0.00;105.00;0.00;0.00;59.03;17.20;33.97;180.10;850.68;180.15;880.00;870.32;80.21;0.51
7270;0.00;105.03;0.00;105.00;0.00;0.00;59.02;17.25;33.97;180.12;849.88;180.18;879.53;869.84;80.21;0.54
7275;0.00;104.84;0.00;105.09;0.00;0.00;58.97;17.22;33.98;180.13;849.58;180.20;879.17;869.56;80.21;0.53
7280;0.00;105.00;0.00;105.02;0.00;0.00;59.01;17.23;33.98;180.11;850.23;180.21;879.14;869.48;80.21;0.53
7285;0.00;104.98;0.00;105.05;0.00;0.00;59.05;17.22;33.98;180.09;850.74;180.22;879.69;869.60;80.21;0.54
7290;0.00;105.21;0.00;104.91;0.00;0.00;58.99;17.20;33.98;180.08;851.12;180.21;879.86;869.96;80.21;0.51
7295;0.00;105.03;0.00;104.97;0.00;0.00;59.02;17.23;34.00;180.08;850.81;180.19;879.78;869.93;80.21;0.52
7300;0.00;105.00;0.00;105.00;0.00;0.00;59.04;17.20;33.97;180.10;849.51;180.14;879.47;869.72;80.21;0.55
7305;0.00;104.76;0.00;105.10;0.00;0.00;58.98;17.20;33.99;180.11;849.55;180.12;878.99;869.36;80.21;0.58
7310;0.00;105.00;0.00;105.03;0.00;0.00;59.02;17.20;33.99;180.12;849.92;180.10;879.19;869.47;80.21;0.54
7315;0.00;105.01;0.00;105.04;0.00;0.00;59.04;17.28;33.99;180.12;850.37;180.08;879.62;869.77;80.21;0.55
7320;0.00;105.17;0.00;104.92;0.00;0.00;58.98;17.22;33.99;180.12;851.05;180.05;880.05;870.11;80.21;0.56
7325;0.00;105.05;0.00;105.01;0.00;0.00;59.04;17.22;34.00;180.11;850.71;180.03;880.09;870.21;80.21;0.51
7330;0.00;105.02;0.00;104.99;0.00;0.00;59.01;17.23;34.00;180.09;850.11;180.03;879.74;869.99;80.21;0.57
7335;0.00;104.83;0.00;105.08;0.00;0.00;58.98;17.20;34.00;180.07;849.78;180.04;879.42;869.76;80.21;0.54
7340;0.00;105.02;0.00;105.03;0.00;0.00;59.04;17.22;34.00;180.08;850.20;180.08;879.55;869.68;80.21;0.53
7345;0.00;104.99;0.00;105.04;0.00;0.00;59.02;17.25;34.00;180.10;850.67;180.11;879.90;870.02;80.21;0.54
7350;0.00;105.18;0.00;104.88;0.00;0.00;59.00;17.22;34.02;180.13;851.21;180.14;880.12;870.20;80.21;0.51
7355;0.00;105.04;0.00;104.98;0.00;0.00;59.03;17.22;34.02;180.16;850.51;180.17;880.02;870.15;80.21;0.52
7360;0.00;105.02;0.00;104.99;0.00;0.00;59.02;17.27;34.02;180.15;849.63;180.22;879.19;869.91;80.21;0.55
7365;0.00;104.78;0.00;105.09;0.00;0.00;58.98;17.17;34.02;180.12;849.56;180.23;878.89;869.32;80.21;0.57
7370;0.00;104.99;0.00;105.01;0.00;0.00;59.03;17.23;34.02;180.09;849.85;180.24;878.92;869.31;80.21;0.54
7375;0.00;104.99;0.00;105.04;0.00;0.00;59.05;17.23;34.03;180.07;850.86;180.23;879.26;869.50;80.21;0.55
7380;0.00;105.21;0.00;104.92;0.00;0.00;59.01;17.20;34.03;180.09;850.99;180.21;879.79;869.75;80.21;0.58
7385;0.00;105.04;0.00;104.99;0.00;0.00;59.04;17.23;34.03;180.10;850.65;180.18;879.71;869.86;80.21;0.53
7390;0.00;105.02;0.00;105.01;0.00;0.00;59.02;17.23;34.04;180.14;850.09;180.15;879.41;869.68;80.21;0.56
7395;0.00;104.75;0.00;105.11;0.00;0.00;58.98;17.23;34.05;180.14;849.64;180.13;879.15;869.51;80.21;0.55
7400;0.00;105.00;0.00;105.03;0.00;0.00;59.01;17.25;34.03;180.13;850.07;180.07;879.47;869.70;80.21;0.53
7405;0.00;105.01;0.00;105.03;0.00;0.00;59.06;17.23;34.04;180.13;850.58;180.05;879.92;870.02;80.21;0.56
7410;0.00;105.23;0.00;104.89;0.00;0.00;58.98;17.22;34.05;180.10;851.18;180.04;880.24;870.28;80.21;0.52
7415;0.00;105.03;0.00;104.99;0.00;0.00;59.03;17.22;34.05;180.11;850.62;180.04;880.28;870.32;80.21;0.52
7420;0.00;105.00;0.00;105.01;0.00;0.00;59.03;17.23;34.05;180.11;849.77;180.05;879.53;869.83;80.21;0.54
7425;0.00;104.80;0.00;105.10;0.00;0.00;58.99;17.19;34.05;180.11;849.60;180.07;879.19;869.57;80.21;0.53
7430;0.00;105.00;0.00;105.01;0.00;0.00;59.04;17.22;34.05;180.10;849.85;180.09;879.13;869.49;80.21;0.53
7435;0.00;105.00;0.00;105.05;0.00;0.00;59.08;17.23;34.05;180.11;850.80;180.15;879.34;869.61;80.21;0.54
7440;0.00;105.22;0.00;104.92;0.00;0.00;58.95;17.19;34.06;180.12;851.08;180.18;879.79;869.90;80.21;0.57
7445;0.00;105.04;0.00;104.99;0.00;0.00;59.02;17.23;34.05;180.12;850.75;180.19;879.65;869.83;80.21;0.52
7450;0.00;105.02;0.00;104.99;0.00;0.00;59.02;17.22;34.05;180.09;849.46;180.21;879.27;869.58;80.21;0.56
7455;0.00;104.76;0.00;105.09;0.00;0.00;58.98;17.14;34.05;180.08;849.55;180.22;878.80;869.32;80.21;0.57
7460;0.00;104.98;0.00;105.01;0.00;0.00;59.02;17.22;34.06;180.08;849.94;180.22;879.04;869.35;80.21;0.53
7465;0.00;105.00;0.00;105.05;0.00;0.00;59.05;17.23;34.07;180.09;850.41;180.20;879.50;869.67;80.21;0.56
7470;0.00;105.23;0.00;104.91;0.00;0.00;58.99;17.23;34.08;180.12;850.93;180.19;879.90;869.95;80.21;0.53
7475;0.00;105.02;0.00;104.98;0.00;0.00;59.04;17.22;34.08;180.12;850.58;180.14;879.92;870.13;80.21;0.51
7480;0.00;105.02;0.00;105.00;0.00;0.00;59.05;17.19;34.07;180.12;849.82;180.12;879.57;869.85;80.21;0.54
7485;0.00;104.82;0.00;105.09;0.00;0.00;58.99;17.20;34.07;180.11;849.53;180.10;879.33;869.67;80.21;0.53
7490;0.00;105.01;0.00;105.02;0.00;0.00;59.02;17.22;34.07;180.11;850.27;180.08;879.35;869.68;80.21;0.53
7495;0.00;105.00;0.00;105.04;0.00;0.00;59.04;17.22;34.08;180.11;850.81;180.05;880.03;869.86;80.21;0.54
7500;0.00;105.18;0.00;104.93;0.00;0.00;58.97;17.20;34.07;180.12;851.20;180.04;880.21;870.28;80.21;0.51
7505;0.00;105.03;0.00;105.00;0.00;0.00;59.02;17.20;34.08;180.11;850.89;180.04;880.08;870.21;80.21;0.52
7510;0.00;105.01;0.00;105.01;0.00;0.00;59.03;17.22;34.08;180.10;849.56;180.05;879.67;869.94;80.21;0.55
7515;0.00;104.80;0.00;105.10;0.00;0.00;58.98;17.20;34.10;180.08;849.60;180.08;878.96;869.38;80.21;0.58
7520;0.00;105.00;0.00;105.01;0.00;0.00;59.02;17.20;34.09;180.09;849.92;180.11;879.04;869.40;80.21;0.54
7525;0.00;104.98;0.00;105.04;0.00;0.00;59.06;17.23;34.08;180.09;850.37;180.14;879.36;869.59;80.21;0.55
7530;0.00;105.21;0.00;104.92;0.00;0.00;58.99;17.22;34.08;180.11;850.94;180.19;879.70;869.85;80.21;0.55
7535;0.00;105.03;0.00;105.01;0.00;0.00;59.04;17.27;34.09;180.12;850.56;180.20;879.66;869.88;80.21;0.51
7540;0.00;105.02;0.00;104.99;0.00;0.00;59.03;17.23;34.09;180.14;849.93;180.22;879.36;869.64;80.21;0.57
7545;0.00;104.75;0.00;105.11;0.00;0.00;58.98;17.19;34.10;180.13;849.45;180.22;879.11;869.48;80.21;0.54
7550;0.00;105.01;0.00;105.02;0.00;0.00;59.01;17.22;34.10;180.12;850.14;180.21;879.17;869.49;80.21;0.53
7555;0.00;105.01;0.00;105.05;0.00;0.00;59.05;17.25;34.10;180.09;850.66;180.19;879.96;870.04;80.21;0.54
7560;0.00;105.23;0.00;104.90;0.00;0.00;59.02;17.20;34.10;180.08;851.16;180.17;880.24;870.27;80.21;0.51
7565;0.00;105.04;0.00;104.99;0.00;0.00;59.02;17.25;34.11;180.11;850.89;180.14;880.22;870.30;80.21;0.52
7570;0.00;105.01;0.00;105.00;0.00;0.00;59.03;17.17;34.11;180.14;849.64;180.08;879.49;870.12;80.21;0.55
7575;0.00;104.82;0.00;105.09;0.00;0.00;58.97;17.19;34.10;180.16;849.63;180.05;879.23;869.61;80.21;0.58
7580;0.00;104.99;0.00;105.03;0.00;0.00;59.02;17.22;34.10;180.17;849.95;180.03;879.28;869.61;80.21;0.54
7585;0.00;105.01;0.00;105.03;0.00;0.00;59.08;17.19;34.11;180.13;850.99;180.02;879.55;869.77;80.21;0.55
7590;0.00;105.22;0.00;104.90;0.00;0.00;59.01;17.22;34.11;180.10;851.03;180.02;879.90;869.96;80.21;0.57
7595;0.00;105.04;0.00;105.01;0.00;0.00;59.03;17.22;34.11;180.08;850.66;180.04;879.63;869.86;80.21;0.51
7600;0.00;105.01;0.00;105.00;0.00;0.00;59.03;17.20;34.12;180.07;850.04;180.07;879.25;869.58;80.21;0.56
7605;0.00;104.84;0.00;105.08;0.00;0.00;59.01;17.20;34.11;180.11;849.62;180.11;878.93;869.35;80.21;0.54
7610;0.00;104.99;0.00;105.01;0.00;0.00;59.02;17.20;34.11;180.14;850.04;180.18;879.21;869.29;80.21;0.53
7615;0.00;104.98;0.00;105.03;0.00;0.00;59.05;17.23;34.11;180.15;850.53;180.20;879.67;869.81;80.21;0.56
7620;0.00;105.19;0.00;104.94;0.00;0.00;58.98;17.20;34.12;180.14;851.11;180.22;880.02;870.10;80.21;0.51
7625;0.00;105.04;0.00;104.99;0.00;0.00;59.03;17.23;34.12;180.10;850.49;180.24;880.10;870.19;80.21;0.52
7630;0.00;105.00;0.00;105.00;0.00;0.00;59.03;17.22;34.12;180.09;849.68;180.24;879.50;869.82;80.21;0.54
7635;0.00;104.78;0.00;105.10;0.00;0.00;58.98;17.20;34.12;180.09;849.57;180.23;879.27;869.64;80.21;0.53
7640;0.00;104.98;0.00;105.01;0.00;0.00;59.02;17.25;34.13;180.14;849.89;180.21;879.33;869.66;80.21;0.53
7645;0.00;104.99;0.00;105.06;0.00;0.00;59.08;17.25;34.12;180.15;850.92;180.15;879.60;869.83;80.21;0.55
7650;0.00;105.21;0.00;104.93;0.00;0.00;58.98;17.22;34.13;180.15;851.12;180.12;880.08;870.18;80.21;0.58
7655;0.00;105.03;0.00;104.99;0.00;0.00;59.04;17.23;34.13;180.14;850.78;180.09;879.90;870.07;80.21;0.53
7660;0.00;105.03;0.00;105.01;0.00;0.00;59.02;17.27;34.14;180.10;850.25;180.06;879.48;869.81;80.21;0.56
7665;0.00;104.77;0.00;105.11;0.00;0.00;58.98;17.22;34.15;180.09;849.64;180.00;879.09;869.50;80.21;0.56
7670;0.00;105.02;0.00;105.01;0.00;0.00;59.02;17.23;34.15;180.08;850.00;179.99;879.11;869.44;80.21;0.53
7675;0.00;104.99;0.00;105.04;0.00;0.00;59.05;17.27;34.14;180.08;850.46;179.99;879.48;869.69;80.21;0.56
7680;0.00;105.23;0.00;104.92;0.00;0.00;58.99;17.20;34.14;180.13;851.07;180.00;879.78;869.91;80.21;0.52
7685;0.00;105.02;0.00;105.01;0.00;0.00;59.02;17.23;34.14;180.15;850.49;180.04;879.63;869.98;80.21;0.51
7690;0.00;105.02;0.00;104.99;0.00;0.00;59.03;17.22;34.15;180.16;849.72;180.08;879.27;869.62;80.21;0.54
7695;0.00;104.83;0.00;105.09;0.00;0.00;58.99;17.25;34.15;180.16;849.49;180.12;879.06;869.46;80.21;0.53
7700;0.00;105.00;0.00;105.01;0.00;0.00;59.02;17.22;34.15;180.13;850.23;180.15;879.15;869.49;80.21;0.53
7705;0.00;104.99;0.00;105.05;0.00;0.00;59.06;17.27;34.14;180.11;850.78;180.21;879.88;869.71;80.21;0.54
7710;0.00;105.25;0.00;104.89;0.00;0.00;58.99;17.19;34.16;180.09;851.12;180.22;880.09;870.19;80.21;0.57
7715;0.00;105.04;0.00;104.99;0.00;0.00;59.02;17.23;34.14;180.10;850.83;180.23;880.00;870.16;80.21;0.52
7720;0.00;105.03;0.00;105.00;0.00;0.00;59.02;17.20;34.15;180.13;849.55;180.22;879.65;869.92;80.21;0.56
7725;0.00;104.83;0.00;105.10;0.00;0.00;58.99;17.22;34.16;180.14;849.63;180.18;879.07;869.64;80.21;0.58
7730;0.00;104.99;0.00;105.03;0.00;0.00;59.01;17.23;34.16;180.12;849.97;180.15;879.20;869.53;80.21;0.54
7735;0.00;105.01;0.00;105.04;0.00;0.00;59.05;17.22;34.18;180.12;850.42;180.11;879.49;869.74;80.21;0.55
7740;0.00;105.20;0.00;104.91;0.00;0.00;58.97;17.17;34.16;180.13;850.95;180.04;879.81;869.95;80.21;0.54
7745;0.00;105.02;0.00;105.01;0.00;0.00;59.01;17.22;34.17;180.13;850.57;180.02;879.64;869.87;80.21;0.51
7750;0.00;105.01;0.00;105.01;0.00;0.00;59.02;17.23;34.18;180.15;849.89;180.00;879.27;869.61;80.21;0.57
7755;0.00;104.78;0.00;105.09;0.00;0.00;58.98;17.20;34.18;180.11;849.47;180.00;878.97;869.39;80.21;0.53
7760;0.00;105.00;0.00;105.01;0.00;0.00;59.03;17.23;34.18;180.10;850.15;180.01;879.02;869.39;80.21;0.53
7765;0.00;105.00;0.00;105.04;0.00;0.00;59.06;17.23;34.18;180.09;850.66;180.03;879.75;869.89;80.21;0.54
7770;0.00;105.20;0.00;104.92;0.00;0.00;59.00;17.20;34.19;180.09;851.13;180.06;880.04;870.13;80.21;0.51
7775;0.00;105.02;0.00;104.99;0.00;0.00;59.04;17.20;34.18;180.13;850.83;180.09;880.01;870.16;80.21;0.52
7780;0.00;105.01;0.00;104.98;0.00;0.00;59.04;17.22;34.18;180.14;849.57;180.17;879.68;869.95;80.21;0.55
7785;0.00;104.78;0.00;105.11;0.00;0.00;59.00;17.20;34.18;180.14;849.59;180.20;879.09;869.50;80.21;0.57
7790;0.00;105.02;0.00;105.02;0.00;0.00;59.02;17.22;34.19;180.12;849.94;180.23;879.16;869.53;80.21;0.54
7795;0.00;104.99;0.00;105.06;0.00;0.00;59.06;17.23;34.18;180.08;850.39;180.25;879.49;869.76;80.21;0.55
7800;0.00;105.21;0.00;104.90;0.00;0.00;58.98;17.23;34.19;180.07;851.01;180.25;879.93;869.95;80.21;0.57
7805;0.00;105.05;0.00;104.99;0.00;0.00;59.05;17.22;34.21;180.09;850.64;180.24;879.70;869.94;80.22;0.51
7810;0.00;105.02;0.00;104.99;0.00;0.00;59.04;17.23;34.18;180.12;849.99;180.22;879.31;869.64;80.22;0.57
7815;0.00;104.84;0.00;105.09;0.00;0.00;58.96;17.20;34.20;180.17;849.63;180.20;878.96;869.40;80.22;0.54
7820;0.00;104.99;0.00;105.01;0.00;0.00;59.01;17.22;34.20;180.17;850.05;180.12;879.18;869.33;80.22;0.53
7825;0.00;105.01;0.00;105.04;0.00;0.00;59.05;17.25;34.20;180.15;850.54;180.08;879.59;869.77;80.22;0.54
7830;0.00;105.26;0.00;104.88;0.00;0.00;58.98;17.22;34.19;180.13;851.09;180.04;879.89;870.00;80.22;0.51
7835;0.00;105.04;0.00;105.00;0.00;0.00;59.02;17.25;34.20;180.09;850.40;180.01;879.91;870.06;80.22;0.52
7840;0.00;105.01;0.00;105.01;0.00;0.00;59.05;17.20;34.20;180.09;849.59;179.98;879.29;869.92;80.22;0.55
7845;0.00;104.80;0.00;105.09;0.00;0.00;58.99;17.23;34.20;180.10;849.52;179.98;879.10;869.53;80.22;0.53
7850;0.00;105.00;0.00;105.01;0.00;0.00;59.02;17.19;34.20;180.12;849.86;179.99;879.22;869.57;80.22;0.53
7855;0.00;105.01;0.00;105.04;0.00;0.00;59.05;17.25;34.21;180.16;850.91;180.02;879.53;869.77;80.22;0.55
7860;0.00;105.19;0.00;104.93;0.00;0.00;58.98;17.22;34.21;180.16;851.07;180.09;880.05;870.16;80.22;0.58
7865;0.00;105.02;0.00;104.99;0.00;0.00;59.03;17.25;34.22;180.16;850.72;180.13;879.89;870.08;80.22;0.53
7870;0.00;105.00;0.00;104.99;0.00;0.00;59.02;17.23;34.21;180.12;850.18;180.17;879.50;869.80;80.22;0.56
7875;0.00;104.81;0.00;105.12;0.00;0.00;58.98;17.20;34.22;180.10;849.65;180.23;879.10;869.51;80.22;0.56
7880;0.00;104.99;0.00;105.01;0.00;0.00;59.01;17.23;34.21;180.09;850.01;180.24;879.13;869.47;80.22;0.53
7885;0.00;104.99;0.00;105.06;0.00;0.00;59.03;17.23;34.22;180.09;850.47;180.25;879.47;869.69;80.22;0.56
7890;0.00;105.22;0.00;104.92;0.00;0.00;59.02;17.22;34.22;180.14;851.07;180.24;879.75;869.89;80.22;0.52
7895;0.00;105.05;0.00;104.99;0.00;0.00;59.04;17.25;34.22;180.15;850.45;180.19;879.77;869.93;80.22;0.51
7900;0.00;105.01;0.00;105.01;0.00;0.00;59.05;17.22;34.22;180.15;849.61;180.15;879.15;869.54;80.22;0.54
7905;0.00;104.77;0.00;105.12;0.00;0.00;58.98;17.25;34.23;180.13;849.48;180.11;878.92;869.36;80.22;0.53
7910;0.00;105.00;0.00;105.03;0.00;0.00;59.02;17.25;34.23;180.10;849.77;180.07;878.98;869.39;80.22;0.53
7915;0.00;104.98;0.00;105.04;0.00;0.00;59.05;17.25;34.24;180.09;850.76;180.00;879.76;869.59;80.22;0.54
7920;0.00;105.24;0.00;104.89;0.00;0.00;58.98;17.19;34.25;180.09;851.06;179.98;879.96;870.09;80.22;0.57
7925;0.00;105.03;0.00;105.01;0.00;0.00;59.03;17.25;34.23;180.11;850.73;179.97;879.88;870.06;80.22;0.52
7930;0.00;105.01;0.00;105.01;0.00;0.00;59.03;17.25;34.24;180.14;849.52;179.96;879.56;869.85;80.22;0.56
7935;0.00;104.82;0.00;105.08;0.00;0.00;58.99;17.22;34.24;180.13;849.63;179.99;879.01;869.59;80.22;0.57
7940;0.00;105.01;0.00;105.00;0.00;0.00;59.02;17.23;34.25;180.12;850.01;180.02;879.19;869.53;80.22;0.53
7945;0.00;105.00;0.00;105.03;0.00;0.00;59.05;17.22;34.25;180.12;850.47;180.05;879.54;869.76;80.22;0.56
7950;0.00;105.19;0.00;104.92;0.00;0.00;58.98;17.20;34.24;180.13;850.93;180.10;879.80;869.96;80.22;0.53
7955;0.00;105.04;0.00;105.01;0.00;0.00;59.05;17.25;34.25;180.13;850.52;180.18;879.58;870.00;80.22;0.51
7960;0.00;105.03;0.00;104.99;0.00;0.00;59.04;17.23;34.25;180.11;849.74;180.22;879.13;869.53;80.22;0.57
7965;0.00;104.79;0.00;105.09;0.00;0.00;58.99;17.20;34.24;180.10;849.45;180.24;878.82;869.30;80.22;0.53
7970;0.00;105.00;0.00;105.01;0.00;0.00;59.02;17.22;34.25;180.09;850.11;180.26;878.85;869.28;80.22;0.53
7975;0.00;104.99;0.00;105.04;0.00;0.00;59.05;17.23;34.24;180.10;850.62;180.25;879.58;869.75;80.22;0.54
7980;0.00;105.22;0.00;104.92;0.00;0.00;58.97;17.17;34.25;180.11;851.04;180.23;879.84;869.96;80.22;0.51
7985;0.00;105.03;0.00;104.99;0.00;0.00;59.03;17.23;34.26;180.12;850.73;180.20;879.79;869.98;80.22;0.52
7990;0.00;105.00;0.00;104.99;0.00;0.00;59.04;17.20;34.25;180.12;849.49;180.10;879.52;869.80;80.22;0.55
7995;0.00;104.84;0.00;105.12;0.00;0.00;58.98;17.20;34.25;180.10;849.56;180.06;879.05;869.47;80.22;0.57
8000;0.00;105.00;0.00;105.01;0.00;0.00;59.03;17.22;34.25;180.09;849.92;180.02;879.21;869.54;80.22;0.54
8005;0.00;105.01;0.00;105.04;0.00;0.00;59.03;17.23;34.26;180.09;850.39;179.99;879.59;869.80;80.22;0.55
8010;0.00;105.24;0.00;104.91;0.00;0.00;58.99;17.20;34.27;180.10;850.96;179.95;879.93;870.06;80.22;0.56
8015;0.00;105.02;0.00;104.99;0.00;0.00;59.02;17.20;34.26;180.11;850.61;179.94;879.78;870.01;80.22;0.51
8020;0.00;105.03;0.00;105.01;0.00;0.00;59.03;17.23;34.27;180.13;849.93;179.96;879.36;869.73;80.22;0.57
8025;0.00;104.84;0.00;105.09;0.00;0.00;58.97;17.17;34.26;180.11;849.47;179.98;879.03;869.47;80.22;0.54
8030;0.00;105.00;0.00;105.02;0.00;0.00;59.02;17.22;34.27;180.11;850.11;180.06;878.98;869.39;80.22;0.53
8035;0.00;104.98;0.00;105.04;0.00;0.00;59.03;17.23;34.27;180.10;850.56;180.11;879.54;869.77;80.22;0.54
8040;0.00;105.27;0.00;104.90;0.00;0.00;58.98;17.19;34.28;180.11;851.07;180.16;879.78;869.95;80.22;0.51
8045;0.00;105.03;0.00;104.99;0.00;0.00;59.05;17.22;34.27;180.12;850.33;180.20;879.73;869.94;80.22;0.52
8050;0.00;105.03;0.00;104.99;0.00;0.00;59.02;17.27;34.28;180.13;849.48;180.25;879.04;869.72;80.22;0.55
8055;0.00;104.82;0.00;105.08;0.00;0.00;58.99;17.19;34.28;180.13;849.49;180.25;878.86;869.29;80.22;0.57
8060;0.00;104.99;0.00;105.03;0.00;0.00;59.05;17.23;34.28;180.11;849.82;180.24;878.99;869.37;80.22;0.54
8065;0.00;104.99;0.00;105.06;0.00;0.00;59.06;17.27;34.28;180.08;850.89;180.22;879.37;869.62;80.22;0.55
8070;0.00;105.19;0.00;104.94;0.00;0.00;58.98;17.19;34.28;180.08;850.99;180.14;879.96;869.92;80.22;0.58
8075;0.00;105.05;0.00;104.99;0.00;0.00;59.03;17.19;34.29;180.09;850.64;180.11;879.80;870.00;80.22;0.53
8080;0.00;105.01;0.00;104.99;0.00;0.00;59.05;17.23;34.29;180.09;850.11;180.07;879.42;869.73;80.22;0.56
8085;0.00;104.78;0.00;105.11;0.00;0.00;58.98;17.20;34.28;180.11;849.66;180.04;879.07;869.49;80.22;0.55
8090;0.00;105.01;0.00;105.02;0.00;0.00;59.05;17.23;34.29;180.12;850.06;179.98;879.22;869.52;80.22;0.53
8095;0.00;105.02;0.00;105.05;0.00;0.00;59.04;17.22;34.29;180.12;850.54;179.97;879.56;869.74;80.22;0.56
8100;0.00;105.22;0.00;104.92;0.00;0.00;58.98;17.19;34.30;180.09;851.09;179.97;879.77;869.95;80.22;0.51
8105;0.00;105.03;0.00;105.00;0.00;0.00;59.02;17.25;34.29;180.08;850.40;179.99;879.78;869.95;80.22;0.52
8110;0.00;105.02;0.00;104.99;0.00;0.00;59.02;17.22;34.30;180.08;849.56;180.04;879.04;869.46;80.22;0.54
8115;0.00;104.80;0.00;105.09;0.00;0.00;58.99;17.19;34.30;180.08;849.47;180.07;878.80;869.28;80.22;0.53
8120;0.00;105.00;0.00;105.03;0.00;0.00;59.00;17.20;34.30;180.09;849.77;180.11;878.89;869.28;80.22;0.53
8125;0.00;105.01;0.00;105.04;0.00;0.00;59.04;17.25;34.31;180.10;850.74;180.18;879.24;869.52;80.22;0.55
8130;0.00;105.22;0.00;104.92;0.00;0.00;59.01;17.20;34.31;180.12;850.98;180.20;879.81;869.95;80.22;0.57
8135;0.00;105.03;0.00;104.99;0.00;0.00;59.02;17.23;34.30;180.12;850.64;180.22;879.73;869.93;80.22;0.52
8140;0.00;105.04;0.00;104.99;0.00;0.00;59.03;17.23;34.32;180.11;850.12;180.23;879.40;869.73;80.22;0.56
8145;0.00;104.76;0.00;105.11;0.00;0.00;59.00;17.20;34.32;180.10;849.60;180.21;879.11;869.50;80.22;0.56
8150;0.00;105.00;0.00;105.03;0.00;0.00;59.02;17.22;34.31;180.09;849.97;180.19;879.26;869.57;80.22;0.53
8155;0.00;105.00;0.00;105.06;0.00;0.00;59.04;17.22;34.31;180.08;850.46;180.16;879.65;869.83;80.22;0.56
8160;0.00;105.22;0.00;104.90;0.00;0.00;58.98;17.25;34.32;180.08;851.08;180.11;879.95;870.08;80.22;0.52
8165;0.00;105.03;0.00;104.98;0.00;0.00;59.03;17.22;34.33;180.09;850.48;180.04;879.67;870.12;80.22;0.51
8170;0.00;105.02;0.00;104.99;0.00;0.00;59.03;17.23;34.32;180.11;849.67;179.99;879.21;869.62;80.22;0.54
8175;0.00;104.85;0.00;105.09;0.00;0.00;59.00;17.19;34.32;180.12;849.49;179.96;878.89;869.38;80.22;0.53
8180;0.00;104.99;0.00;105.02;0.00;0.00;59.02;17.22;34.33;180.11;850.16;179.95;878.89;869.30;80.22;0.53
8185;0.00;105.00;0.00;105.03;0.00;0.00;59.05;17.27;34.32;180.11;850.68;179.94;879.48;869.48;80.22;0.54
8190;0.00;105.17;0.00;104.88;0.00;0.00;58.99;17.19;34.33;180.10;851.00;179.95;879.69;869.86;80.22;0.57
8195;0.00;105.01;0.00;105.01;0.00;0.00;59.02;17.22;34.33;180.10;850.67;179.97;879.61;869.82;80.22;0.52
8200;0.00;105.01;0.00;104.99;0.00;0.00;59.05;17.19;34.33;180.08;849.41;180.01;879.28;869.61;80.22;0.56
8205;0.00;104.78;0.00;105.09;0.00;0.00;58.97;17.19;34.33;180.10;849.51;180.09;878.86;869.37;80.22;0.58
8210;0.00;105.01;0.00;104.99;0.00;0.00;59.01;17.22;34.34;180.10;849.89;180.13;879.09;869.43;80.22;0.54
8215;0.00;105.00;0.00;105.05;0.00;0.00;59.03;17.22;34.35;180.11;850.36;180.17;879.50;869.73;80.22;0.55
8220;0.00;105.19;0.00;104.93;0.00;0.00;58.98;17.22;34.34;180.09;850.88;180.19;879.88;870.00;80.22;0.54
8225;0.00;105.03;0.00;104.99;0.00;0.00;59.05;17.23;34.34;180.08;850.50;180.21;879.77;869.99;80.22;0.51
8230;0.00;105.01;0.00;104.99;0.00;0.00;59.05;17.23;34.34;180.08;849.76;180.21;879.41;869.75;80.22;0.57
8235;0.00;104.78;0.00;105.09;0.00;0.00;59.02;17.22;34.34;180.08;849.47;180.18;879.11;869.55;80.22;0.53
8240;0.00;104.98;0.00;105.01;0.00;0.00;59.03;17.22;34.35;180.09;850.13;180.11;879.12;869.51;80.22;0.53
8245;0.00;105.01;0.00;105.04;0.00;0.00;59.07;17.22;34.35;180.09;850.63;180.07;879.69;869.89;80.22;0.54
8250;0.00;105.21;0.00;104.93;0.00;0.00;58.98;17.22;34.36;180.09;851.07;180.03;879.86;870.03;80.22;0.51
8255;0.00;105.03;0.00;105.01;0.00;0.00;59.03;17.22;34.36;180.09;850.74;179.99;879.76;869.98;80.22;0.52
8260;0.00;105.01;0.00;105.01;0.00;0.00;59.05;17.23;34.35;180.09;849.46;179.93;879.41;869.73;80.22;0.55
8265;0.00;104.78;0.00;105.09;0.00;0.00;59.02;17.22;34.35;180.10;849.50;179.92;878.77;869.26;80.22;0.57
8270;0.00;104.99;0.00;105.02;0.00;0.00;59.02;17.22;34.36;180.10;849.83;179.92;878.88;869.29;80.22;0.54
8275;0.00;105.00;0.00;105.04;0.00;0.00;59.05;17.25;34.37;180.13;850.27;179.93;879.23;869.51;80.22;0.55
8280;0.00;105.21;0.00;104.91;0.00;0.00;59.01;17.19;34.36;180.13;850.84;179.99;879.59;869.76;80.22;0.56
8285;0.00;105.03;0.00;105.00;0.00;0.00;59.04;17.22;34.37;180.11;850.49;180.03;879.59;869.80;80.22;0.51
8290;0.00;105.02;0.00;105.00;0.00;0.00;59.03;17.27;34.36;180.09;849.85;180.08;879.25;869.62;80.22;0.57
8295;0.00;104.84;0.00;105.07;0.00;0.00;58.98;17.22;34.38;180.05;849.61;180.11;879.01;869.44;80.22;0.54
8300;0.00;104.99;0.00;105.01;0.00;0.00;59.01;17.22;34.37;180.05;850.06;180.18;879.37;869.45;80.22;0.53
8305;0.00;105.01;0.00;105.04;0.00;0.00;59.05;17.23;34.37;180.07;850.53;180.21;879.82;869.98;80.22;0.54
8310;0.00;105.24;0.00;104.89;0.00;0.00;58.97;17.22;34.37;180.09;851.09;180.22;880.12;870.23;80.22;0.51
8315;0.00;105.05;0.00;105.01;0.00;0.00;59.05;17.23;34.38;180.11;850.38;180.21;880.11;870.26;80.22;0.52
8320;0.00;105.00;0.00;105.00;0.00;0.00;59.02;17.23;34.38;180.12;849.57;180.17;879.35;870.07;80.22;0.55
8325;0.00;104.78;0.00;105.12;0.00;0.00;58.98;17.19;34.38;180.11;849.55;180.13;879.08;869.53;80.22;0.57
8330;0.00;105.02;0.00;105.02;0.00;0.00;59.02;17.23;34.38;180.09;849.84;180.09;879.08;869.51;80.22;0.53
8335;0.00;105.01;0.00;105.05;0.00;0.00;59.06;17.22;34.38;180.06;850.84;180.05;879.33;869.64;80.22;0.55
8340;0.00;105.18;0.00;104.91;0.00;0.00;58.96;17.20;34.39;180.06;850.94;179.97;879.67;869.83;80.22;0.58
8345;0.00;105.02;0.00;105.00;0.00;0.00;59.02;17.25;34.39;180.08;850.56;179.94;879.45;869.77;80.22;0.52
8350;0.00;105.00;0.00;105.01;0.00;0.00;59.01;17.25;34.38;180.10;850.03;179.92;879.05;869.48;80.22;0.56
8355;0.00;104.81;0.00;105.09;0.00;0.00;58.98;17.22;34.38;180.12;849.53;179.93;878.71;869.23;80.22;0.55
8360;0.00;105.01;0.00;105.01;0.00;0.00;59.03;17.23;34.39;180.12;849.93;179.95;878.95;869.31;80.22;0.53
8365;0.00;105.00;0.00;105.04;0.00;0.00;59.05;17.23;34.39;180.11;850.42;179.98;879.40;869.61;80.22;0.56
8370;0.00;105.19;0.00;104.94;0.00;0.00;58.97;17.17;34.39;180.07;851.01;180.02;879.74;869.90;80.22;0.52
8375;0.00;105.02;0.00;104.99;0.00;0.00;59.05;17.22;34.39;180.06;850.39;180.11;879.85;870.01;80.22;0.51
8380;0.00;105.02;0.00;105.00;0.00;0.00;59.03;17.22;34.40;180.05;849.64;180.16;879.31;869.68;80.22;0.54
8385;0.00;104.78;0.00;105.10;0.00;0.00;58.96;17.19;34.40;180.06;849.49;180.19;879.09;869.52;80.22;0.53
8390;0.00;104.99;0.00;105.01;0.00;0.00;59.02;17.22;34.39;180.08;850.24;180.22;879.14;869.55;80.22;0.53
8395;0.00;105.00;0.00;105.05;0.00;0.00;59.06;17.25;34.41;180.09;850.74;180.24;879.76;869.71;80.22;0.54
8400;0.00;105.23;0.00;104.92;0.00;0.00;58.99;17.20;34.40;180.10;851.08;180.23;879.87;870.05;80.22;0.57
8405;0.00;105.05;0.00;104.99;0.00;0.00;59.04;17.23;34.40;180.10;850.73;180.20;879.70;869.93;80.22;0.52
8410;0.00;105.00;0.00;105.00;0.00;0.00;59.01;17.22;34.40;180.08;849.44;180.16;879.26;869.64;80.22;0.55
8415;0.00;104.87;0.00;105.08;0.00;0.00;58.98;17.22;34.41;180.07;849.49;180.07;878.58;869.09;80.22;0.57
8420;0.00;104.99;0.00;105.02;0.00;0.00;59.03;17.20;34.41;180.05;849.83;180.03;878.67;869.11;80.22;0.54
8425;0.00;104.97;0.00;105.04;0.00;0.00;59.05;17.22;34.41;180.05;850.24;179.98;878.99;869.32;80.22;0.55
8430;0.00;105.24;0.00;104.92;0.00;0.00;59.00;17.20;34.41;180.08;850.76;179.91;879.34;869.56;80.22;0.55
8435;0.00;105.06;0.00;105.01;0.00;0.00;59.03;17.19;34.41;180.10;850.40;179.90;879.35;869.63;80.22;0.51
8440;0.00;105.03;0.00;105.01;0.00;0.00;59.03;17.22;34.41;180.12;849.73;179.91;879.10;869.47;80.22;0.57
8445;0.00;104.81;0.00;105.07;0.00;0.00;58.95;17.22;34.41;180.10;849.59;179.92;878.92;869.35;80.22;0.54
8450;0.00;105.00;0.00;105.01;0.00;0.00;59.02;17.22;34.42;180.07;850.04;180.00;879.39;869.42;80.22;0.53
8455;0.00;105.00;0.00;105.04;0.00;0.00;59.04;17.25;34.41;180.06;850.56;180.04;879.85;870.01;80.22;0.54
8460;0.00;105.26;0.00;104.89;0.00;0.00;58.97;17.22;34.43;180.04;851.09;180.08;880.16;870.26;80.22;0.51
8465;0.00;105.03;0.00;104.99;0.00;0.00;59.05;17.23;34.42;180.06;850.39;180.14;880.13;870.28;80.22;0.52
8470;0.00;105.03;0.00;104.99;0.00;0.00;59.05;17.23;34.42;180.09;849.59;180.23;879.34;870.08;80.22;0.54
8475;0.00;104.81;0.00;105.10;0.00;0.00;58.99;17.20;34.43;180.11;849.53;180.23;879.01;869.50;80.22;0.52
8480;0.00;105.00;0.00;105.03;0.00;0.00;59.05;17.22;34.43;180.13;849.83;180.24;878.99;869.43;80.22;0.53
8485;0.00;105.01;0.00;105.04;0.00;0.00;59.05;17.25;34.44;180.12;850.75;180.21;879.18;869.52;80.22;0.55
8490;0.00;105.19;0.00;104.91;0.00;0.00;58.97;17.22;34.44;180.09;850.92;180.16;879.49;869.73;80.22;0.58
8495;0.00;105.03;0.00;105.00;0.00;0.00;59.04;17.23;34.45;180.06;850.53;180.11;879.28;869.58;80.22;0.52
8500;0.00;105.03;0.00;105.00;0.00;0.00;59.05;17.22;34.44;180.03;849.97;180.06;878.92;869.34;80.22;0.56
8505;0.00;104.78;0.00;105.12;0.00;0.00;58.99;17.20;34.45;180.04;849.46;179.96;878.61;869.10;80.22;0.56
8510;0.00;105.01;0.00;105.01;0.00;0.00;59.03;17.19;34.45;180.06;849.86;179.93;878.84;869.22;80.22;0.53
8515;0.00;105.01;0.00;105.04;0.00;0.00;59.04;17.22;34.45;180.08;850.29;179.90;879.31;869.56;80.22;0.56
8520;0.00;105.23;0.00;104.92;0.00;0.00;58.98;17.19;34.45;180.12;850.77;179.89;879.74;869.88;80.22;0.53
8525;0.00;105.04;0.00;104.98;0.00;0.00;59.03;17.22;34.45;180.13;850.38;179.90;879.72;870.03;80.22;0.51
8530;0.00;105.01;0.00;104.99;0.00;0.00;59.03;17.22;34.46;180.13;849.66;179.94;879.42;869.77;80.22;0.57
8535;0.00;104.82;0.00;105.08;0.00;0.00;58.98;17.22;34.45;180.10;849.46;179.99;879.23;869.61;80.22;0.53
8540;0.00;104.98;0.00;105.02;0.00;0.00;59.02;17.22;34.45;180.05;850.17;180.04;879.26;869.65;80.22;0.53
8545;0.00;104.99;0.00;105.05;0.00;0.00;59.05;17.23;34.46;180.05;850.68;180.14;879.83;870.04;80.22;0.54
8550;0.00;105.25;0.00;104.91;0.00;0.00;58.98;17.20;34.46;180.05;851.08;180.19;879.98;870.13;80.22;0.51
8555;0.00;105.04;0.00;104.99;0.00;0.00;59.03;17.23;34.47;180.08;850.75;180.22;879.79;870.04;80.22;0.52
8560;0.00;105.01;0.00;105.00;0.00;0.00;59.02;17.27;34.46;180.10;849.44;180.26;879.37;869.74;80.22;0.55
8565;0.00;104.83;0.00;105.08;0.00;0.00;59.00;17.20;34.46;180.09;849.47;180.24;878.64;869.17;80.22;0.57
8570;0.00;104.99;0.00;105.03;0.00;0.00;59.02;17.25;34.46;180.10;849.79;180.22;878.73;869.16;80.22;0.54
8575;0.00;105.00;0.00;105.06;0.00;0.00;59.06;17.20;34.45;180.09;850.82;180.18;879.07;869.39;80.22;0.55
8580;0.00;105.18;0.00;104.89;0.00;0.00;58.97;17.16;34.46;180.07;850.83;180.09;879.55;869.63;80.22;0.57
8585;0.00;105.04;0.00;105.00;0.00;0.00;59.03;17.22;34.47;180.06;850.44;180.03;879.43;869.71;80.22;0.51
8590;0.00;105.01;0.00;105.01;0.00;0.00;59.03;17.20;34.47;180.04;849.82;179.98;879.13;869.50;80.22;0.56
8595;0.00;104.80;0.00;105.09;0.00;0.00;58.98;17.25;34.46;180.05;849.56;179.94;878.88;869.35;80.22;0.54
8600;0.00;104.99;0.00;105.02;0.00;0.00;59.02;17.25;34.47;180.06;849.99;179.88;879.24;869.36;80.22;0.53
8605;0.00;104.99;0.00;105.04;0.00;0.00;59.05;17.27;34.48;180.08;850.48;179.89;879.69;869.86;80.22;0.56
8610;0.00;105.22;0.00;104.92;0.00;0.00;58.96;17.19;34.48;180.10;851.04;179.89;879.98;870.11;80.22;0.51
8615;0.00;105.03;0.00;105.01;0.00;0.00;59.03;17.23;34.48;180.10;850.35;179.95;879.98;870.16;80.22;0.51
8620;0.00;105.02;0.00;105.00;0.00;0.00;59.04;17.23;34.47;180.09;849.54;180.00;879.30;869.71;80.22;0.54
8625;0.00;104.77;0.00;105.11;0.00;0.00;58.98;17.22;34.48;180.08;849.47;180.05;879.01;869.48;80.22;0.53
8630;0.00;105.00;0.00;105.01;0.00;0.00;59.05;17.23;34.49;180.07;849.76;180.10;879.05;869.47;80.22;0.53
8635;0.00;105.00;0.00;105.04;0.00;0.00;59.03;17.23;34.49;180.08;850.69;180.20;879.29;869.61;80.22;0.54
8640;0.00;105.23;0.00;104.91;0.00;0.00;58.99;17.20;34.48;180.07;850.95;180.24;879.74;869.92;80.22;0.57
8645;0.00;105.06;0.00;104.99;0.00;0.00;59.05;17.23;34.50;180.07;850.57;180.26;879.60;869.84;80.22;0.52
8650;0.00;105.01;0.00;105.01;0.00;0.00;59.02;17.20;34.49;180.06;849.36;180.26;879.23;869.59;80.22;0.56
8655;0.00;104.85;0.00;105.08;0.00;0.00;58.96;17.20;34.49;180.06;849.48;180.22;878.76;869.34;80.22;0.57
8660;0.00;105.00;0.00;105.03;0.00;0.00;59.01;17.22;34.50;180.06;849.85;180.17;878.99;869.36;80.22;0.52
8665;0.00;104.98;0.00;105.03;0.00;0.00;59.03;17.22;34.50;180.08;850.29;180.12;879.37;869.61;80.22;0.55
8670;0.00;105.24;0.00;104.91;0.00;0.00;58.98;17.20;34.50;180.09;850.79;180.06;879.71;869.89;80.22;0.54
8675;0.00;105.04;0.00;105.01;0.00;0.00;59.05;17.22;34.50;180.09;850.42;179.96;879.61;869.88;80.22;0.51
8680;0.00;105.01;0.00;105.00;0.00;0.00;59.03;17.23;34.50;180.07;849.70;179.92;879.29;869.67;80.22;0.57
8685;0.00;104.83;0.00;105.09;0.00;0.00;58.99;17.20;34.50;180.08;849.40;179.89;879.04;869.48;80.22;0.53
8690;0.00;105.01;0.00;105.03;0.00;0.00;58.99;17.20;34.51;180.08;850.06;179.88;879.03;869.45;80.22;0.53
8695;0.00;104.98;0.00;105.03;0.00;0.00;59.05;17.25;34.51;180.08;850.57;179.89;879.69;869.90;80.22;0.54
8700;0.00;105.18;0.00;104.94;0.00;0.00;58.97;17.22;34.50;180.07;851.04;179.92;879.92;870.10;80.22;0.51
8705;0.00;105.04;0.00;105.00;0.00;0.00;59.02;17.22;34.50;180.05;850.28;179.97;879.84;870.07;80.22;0.52
8710;0.00;105.02;0.00;104.99;0.00;0.00;59.04;17.22;34.52;180.04;849.47;180.07;879.08;869.85;80.22;0.55
8715;0.00;104.78;0.00;105.12;0.00;0.00;58.98;17.22;34.52;180.04;849.50;180.12;878.85;869.34;80.22;0.57
8720;0.00;105.00;0.00;105.02;0.00;0.00;58.99;17.20;34.52;180.05;849.80;180.17;878.90;869.35;80.22;0.54
8725;0.00;105.02;0.00;105.05;0.00;0.00;59.05;17.22;34.52;180.08;850.81;180.22;879.19;869.50;80.22;0.55
8730;0.00;105.19;0.00;104.92;0.00;0.00;58.95;17.20;34.51;180.08;850.86;180.26;879.57;869.72;80.22;0.58
8735;0.00;105.03;0.00;105.00;0.00;0.00;59.02;17.20;34.52;180.07;850.50;180.26;879.37;869.68;80.22;0.52
8740;0.00;105.02;0.00;105.00;0.00;0.00;59.03;17.22;34.52;180.06;849.91;180.25;879.02;869.43;80.22;0.56
8745;0.00;104.78;0.00;105.11;0.00;0.00;58.98;17.20;34.53;180.06;849.51;180.18;878.73;869.22;80.22;0.55
8750;0.00;105.00;0.00;105.01;0.00;0.00;59.01;17.23;34.52;180.06;849.92;180.13;878.98;869.34;80.22;0.53
8755;0.00;105.00;0.00;105.04;0.00;0.00;59.03;17.23;34.53;180.07;850.36;180.07;879.42;869.66;80.22;0.56
8760;0.00;105.19;0.00;104.91;0.00;0.00;59.00;17.20;34.53;180.10;850.98;180.01;879.77;869.94;80.22;0.52
8765;0.00;105.06;0.00;104.99;0.00;0.00;59.02;17.20;34.54;180.11;850.38;179.90;879.88;870.03;80.22;0.51
8770;0.00;105.02;0.00;104.99;0.00;0.00;59.02;17.23;34.53;180.10;849.59;179.88;879.29;869.69;80.22;0.54
8775;0.00;104.78;0.00;105.10;0.00;0.00;58.98;17.20;34.54;180.07;849.45;179.85;879.06;869.52;80.22;0.53
8780;0.00;104.98;0.00;105.03;0.00;0.00;59.02;17.22;34.55;180.02;850.16;179.86;879.12;869.52;80.22;0.53
8785;0.00;104.96;0.00;105.06;0.00;0.00;59.05;17.27;34.54;180.02;850.68;179.90;879.71;869.70;80.22;0.54
8790;0.00;105.24;0.00;104.91;0.00;0.00;59.00;17.19;34.54;180.05;851.02;179.94;879.86;870.05;80.22;0.51
8795;0.00;105.04;0.00;104.99;0.00;0.00;59.03;17.22;34.55;180.10;850.68;179.99;879.69;869.96;80.22;0.52
8800;0.00;105.01;0.00;104.97;0.00;0.00;59.02;17.25;34.54;180.11;849.41;180.04;879.31;869.69;80.22;0.55
8805;0.00;104.84;0.00;105.09;0.00;0.00;58.98;17.20;34.55;180.10;849.48;180.15;878.67;869.20;80.22;0.57
8810;0.00;105.02;0.00;105.01;0.00;0.00;59.01;17.20;34.56;180.08;849.81;180.19;878.81;869.25;80.21;0.54
8815;0.00;104.99;0.00;105.03;0.00;0.00;59.05;17.23;34.55;180.03;850.25;180.23;879.16;869.45;80.21;0.55
8820;0.00;105.24;0.00;104.89;0.00;0.00;58.98;17.23;34.56;180.01;850.79;180.24;879.45;869.69;80.21;0.56
8825;0.00;105.03;0.00;104.99;0.00;0.00;59.04;17.22;34.56;180.02;850.39;180.23;879.45;869.71;80.21;0.51
8830;0.00;105.02;0.00;105.00;0.00;0.00;59.02;17.22;34.56;180.05;849.72;180.20;879.11;869.51;80.21;0.56
8835;0.00;104.82;0.00;105.09;0.00;0.00;58.99;17.20;34.56;180.10;849.57;180.16;878.90;869.36;80.21;0.54
8840;0.00;105.01;0.00;105.01;0.00;0.00;59.03;17.25;34.56;180.11;850.00;180.05;879.30;869.38;80.21;0.53
8845;0.00;105.00;0.00;105.04;0.00;0.00;59.05;17.27;34.56;180.10;850.51;180.00;879.71;869.92;80.21;0.54
8850;0.00;105.18;0.00;104.92;0.00;0.00;58.98;17.20;34.56;180.09;851.05;179.95;880.01;870.15;80.21;0.51
8855;0.00;105.03;0.00;104.99;0.00;0.00;59.03;17.25;34.57;180.05;850.32;179.90;879.99;870.17;80.21;0.51
8860;0.00;105.03;0.00;104.99;0.00;0.00;59.03;17.25;34.57;180.03;849.54;179.87;879.24;869.67;80.21;0.54
8865;0.00;104.77;0.00;105.09;0.00;0.00;58.98;17.22;34.57;180.03;849.50;179.87;878.95;869.43;80.21;0.53
8870;0.00;105.00;0.00;105.01;0.00;0.00;59.01;17.20;34.58;180.06;849.79;179.90;878.94;869.38;80.21;0.53
8875;0.00;104.99;0.00;105.06;0.00;0.00;59.05;17.23;34.57;180.07;850.72;179.98;879.14;869.51;80.21;0.54
8880;0.00;105.19;0.00;104.92;0.00;0.00;58.97;17.25;34.57;180.08;850.90;180.03;879.47;869.71;80.21;0.57
8885;0.00;105.04;0.00;104.99;0.00;0.00;59.03;17.23;34.58;180.08;850.49;180.09;879.29;869.60;80.21;0.52
8890;0.00;105.00;0.00;105.01;0.00;0.00;59.03;17.20;34.58;180.07;849.98;180.14;878.92;869.34;80.21;0.56
8895;0.00;104.77;0.00;105.12;0.00;0.00;58.98;17.17;34.58;180.07;849.44;180.23;878.55;869.11;80.21;0.57
8900;0.00;104.99;0.00;105.02;0.00;0.00;59.01;17.23;34.58;180.06;849.81;180.25;878.82;869.23;80.21;0.53
8905;0.00;105.00;0.00;105.04;0.00;0.00;59.03;17.27;34.59;180.06;850.29;180.26;879.28;869.54;80.21;0.56
8910;0.00;105.23;0.00;104.91;0.00;0.00;59.00;17.22;34.59;180.06;850.78;180.25;879.70;869.87;80.21;0.54
8915;0.00;105.04;0.00;105.01;0.00;0.00;59.02;17.27;34.59;180.06;850.39;180.18;879.71;870.02;80.21;0.51
8920;0.00;105.01;0.00;105.00;0.00;0.00;59.03;17.20;34.58;180.06;849.65;180.15;879.38;869.75;80.21;0.57
8925;0.00;104.84;0.00;105.08;0.00;0.00;59.01;17.20;34.59;180.05;849.45;180.09;879.16;869.60;80.21;0.53
8930;0.00;104.99;0.00;105.02;0.00;0.00;59.02;17.25;34.59;180.05;850.15;179.99;879.20;869.61;80.21;0.53
8935;0.00;104.98;0.00;105.05;0.00;0.00;59.03;17.25;34.59;180.05;850.65;179.94;879.73;869.96;80.21;0.54
8940;0.00;105.26;0.00;104.89;0.00;0.00;58.98;17.22;34.59;180.05;851.07;179.90;879.88;870.06;80.21;0.51
8945;0.00;105.03;0.00;104.99;0.00;0.00;59.02;17.22;34.59;180.05;850.70;179.87;879.68;869.96;80.21;0.52
8950;0.00;105.00;0.00;105.00;0.00;0.00;59.03;17.22;34.59;180.06;849.41;179.87;879.26;869.65;80.21;0.55
8955;0.00;104.80;0.00;105.11;0.00;0.00;58.99;17.20;34.58;180.06;849.43;179.89;878.54;869.08;80.21;0.57
8960;0.00;104.99;0.00;105.02;0.00;0.00;59.01;17.23;34.60;180.06;849.76;179.93;878.64;869.10;80.21;0.54
8965;0.00;105.01;0.00;105.04;0.00;0.00;59.06;17.22;34.60;180.06;850.75;179.97;878.97;869.31;80.21;0.55
8970;0.00;105.18;0.00;104.93;0.00;0.00;58.98;17.20;34.59;180.06;850.80;180.07;879.51;869.58;80.21;0.58
8975;0.00;105.01;0.00;105.03;0.00;0.00;59.02;17.20;34.59;180.03;850.40;180.12;879.40;869.68;80.21;0.53
8980;0.00;105.02;0.00;104.99;0.00;0.00;59.03;17.27;34.59;180.02;849.86;180.17;879.10;869.49;80.21;0.56
8985;0.00;104.78;0.00;105.11;0.00;0.00;59.00;17.20;34.60;180.04;849.54;180.21;878.89;869.35;80.21;0.55
8990;0.00;104.98;0.00;105.01;0.00;0.00;59.03;17.20;34.60;180.06;849.95;180.25;879.29;869.59;80.21;0.53
8995;0.00;105.00;0.00;105.05;0.00;0.00;59.03;17.22;34.60;180.08;850.45;180.24;879.67;869.89;80.21;0.56
9000;0.00;105.22;0.00;104.94;0.00;0.00;59.02;17.20;34.61;180.07;851.06;180.22;879.96;870.13;80.21;0.52
9005;0.00;105.04;0.00;105.00;0.00;0.00;59.03;17.25;34.61;180.06;850.38;180.15;879.97;870.17;80.21;0.51
9010;0.00;105.02;0.00;105.00;0.00;0.00;59.05;17.22;34.61;180.05;849.58;180.10;879.22;869.66;80.21;0.54
9015;0.00;104.86;0.00;105.08;0.00;0.00;58.98;17.20;34.61;180.05;849.47;180.04;878.92;869.42;80.21;0.53
9020;0.00;104.99;0.00;105.02;0.00;0.00;59.02;17.20;34.60;180.04;850.16;179.99;878.91;869.36;80.21;0.53
9025;0.00;105.01;0.00;105.04;0.00;0.00;59.03;17.22;34.61;180.03;850.63;179.92;879.38;869.47;80.21;0.54
9030;0.00;105.27;0.00;104.89;0.00;0.00;58.97;17.23;34.62;180.03;850.96;179.90;879.50;869.73;80.21;0.51
9035;0.00;105.03;0.00;104.99;0.00;0.00;59.02;17.17;34.61;180.03;850.57;179.90;879.32;869.64;80.21;0.52
9040;0.00;105.03;0.00;104.99;0.00;0.00;59.03;17.22;34.62;180.05;849.33;179.90;878.93;869.37;80.21;0.55
9045;0.00;104.81;0.00;105.09;0.00;0.00;58.98;17.19;34.61;180.06;849.41;179.96;878.46;869.00;80.21;0.57
9050;0.00;105.01;0.00;105.03;0.00;0.00;59.03;17.22;34.62;180.04;849.75;180.00;878.70;869.12;80.21;0.54
9055;0.00;105.01;0.00;105.03;0.00;0.00;59.05;17.22;34.61;180.03;850.21;180.05;879.10;869.40;80.21;0.55
9060;0.00;105.19;0.00;104.92;0.00;0.00;58.99;17.22;34.62;180.02;850.79;180.14;879.52;869.71;80.21;0.55
9065;0.00;105.03;0.00;104.99;0.00;0.00;59.04;17.23;34.61;180.02;850.41;180.17;879.61;869.85;80.21;0.51
9070;0.00;105.04;0.00;105.01;0.00;0.00;59.06;17.23;34.62;180.03;849.75;180.21;879.30;869.68;80.21;0.56
9075;0.00;104.80;0.00;105.10;0.00;0.00;59.00;17.22;34.62;180.05;849.63;180.23;879.07;869.51;80.21;0.54
9080;0.00;105.01;0.00;105.02;0.00;0.00;59.02;17.23;34.62;180.07;850.07;180.21;879.36;869.50;80.21;0.53
9085;0.00;105.00;0.00;105.04;0.00;0.00;59.03;17.22;34.63;180.08;850.52;180.18;879.71;869.96;80.21;0.54
9090;0.00;105.20;0.00;104.93;0.00;0.00;58.98;17.20;34.62;180.08;851.08;180.14;879.93;870.12;80.21;0.51
9095;0.00;105.02;0.00;105.00;0.00;0.00;59.02;17.23;34.64;180.05;850.30;180.09;879.84;870.07;80.21;0.51
9100;0.00;105.03;0.00;105.00;0.00;0.00;59.03;17.22;34.63;180.03;849.50;179.99;878.95;869.45;80.21;0.54
9105;0.00;104.78;0.00;105.12;0.00;0.00;58.99;17.22;34.63;180.02;849.44;179.95;878.67;869.20;80.21;0.52
9110;0.00;105.00;0.00;105.03;0.00;0.00;59.02;17.25;34.63;180.03;849.72;179.91;878.67;869.17;80.21;0.53
9115;0.00;105.01;0.00;105.04;0.00;0.00;59.05;17.27;34.63;180.05;850.64;179.87;878.91;869.31;80.21;0.54
9120;0.00;105.22;0.00;104.92;0.00;0.00;58.99;17.20;34.64;180.07;850.83;179.88;879.41;869.63;80.21;0.57
9125;0.00;105.03;0.00;105.00;0.00;0.00;59.02;17.20;34.63;180.09;850.46;179.90;879.31;869.61;80.21;0.52
9130;0.00;105.03;0.00;104.99;0.00;0.00;59.02;17.19;34.64;180.09;849.29;179.92;879.04;869.44;80.21;0.56
9135;0.00;104.85;0.00;105.07;0.00;0.00;59.01;17.25;34.63;180.07;849.43;180.01;878.82;869.27;80.21;0.57
9140;0.00;104.99;0.00;105.01;0.00;0.00;59.02;17.22;34.63;180.04;849.84;180.06;879.13;869.49;80.21;0.52
9145;0.00;105.00;0.00;105.04;0.00;0.00;59.05;17.23;34.64;180.02;850.33;180.11;879.59;869.83;80.21;0.55
9150;0.00;105.24;0.00;104.91;0.00;0.00;58.99;17.23;34.64;180.01;850.81;180.16;879.96;870.11;80.21;0.53
9155;0.00;105.05;0.00;104.99;0.00;0.00;59.02;17.23;34.65;180.02;850.41;180.23;879.84;870.07;80.21;0.51
9160;0.00;105.02;0.00;104.99;0.00;0.00;59.06;17.22;34.64;180.05;849.72;180.25;879.41;869.81;80.21;0.57
9165;0.00;104.80;0.00;105.09;0.00;0.00;59.00;17.19;34.65;180.09;849.44;180.25;879.07;869.57;80.21;0.53
9170;0.00;105.01;0.00;105.01;0.00;0.00;59.02;17.23;34.65;180.09;850.07;180.20;879.02;869.49;80.21;0.53
9175;0.00;105.00;0.00;105.06;0.00;0.00;59.04;17.22;34.65;180.08;850.54;180.15;879.46;869.75;80.21;0.54
9180;0.00;105.18;0.00;104.92;0.00;0.00;58.98;17.22;34.65;180.06;850.98;180.11;879.58;869.82;80.21;0.51
9185;0.00;105.05;0.00;104.99;0.00;0.00;59.05;17.23;34.65;180.01;850.14;180.05;879.44;869.74;80.21;0.52
9190;0.00;105.01;0.00;105.00;0.00;0.00;59.05;17.20;34.66;180.00;849.34;179.95;878.68;869.49;80.21;0.55
9195;0.00;104.77;0.00;105.11;0.00;0.00;58.99;17.20;34.67;180.01;849.36;179.91;878.53;869.06;80.21;0.57
9200;0.00;105.00;0.00;105.01;0.00;0.00;59.02;17.22;34.66;180.02;849.69;179.88;878.69;869.13;80.21;0.53
9205;0.00;105.01;0.00;105.06;0.00;0.00;59.05;17.27;34.66;180.06;850.68;179.87;879.06;869.38;80.21;0.55
9210;0.00;105.22;0.00;104.92;0.00;0.00;59.02;17.20;34.66;180.07;850.81;179.89;879.65;869.83;80.21;0.58
9215;0.00;105.04;0.00;105.00;0.00;0.00;59.05;17.20;34.65;180.09;850.42;179.92;879.54;869.80;80.21;0.52
9220;0.00;105.02;0.00;105.01;0.00;0.00;59.03;17.22;34.66;180.07;849.92;179.97;879.23;869.61;80.21;0.56
9225;0.00;104.84;0.00;105.08;0.00;0.00;58.99;17.22;34.66;180.05;849.52;180.08;878.97;869.42;80.21;0.55
9230;0.00;104.97;0.00;105.01;0.00;0.00;59.01;17.23;34.67;180.03;849.92;180.13;879.23;869.59;80.21;0.53
9235;0.00;104.98;0.00;105.03;0.00;0.00;59.05;17.27;34.66;180.01;850.40;180.18;879.61;869.85;80.21;0.56
9240;0.00;105.26;0.00;104.90;0.00;0.00;58.95;17.20;34.67;180.02;850.80;180.22;879.88;870.08;80.21;0.52
9245;0.00;105.04;0.00;104.99;0.00;0.00;59.04;17.20;34.67;180.05;850.36;180.26;879.59;870.11;80.21;0.51
9250;0.00;105.02;0.00;104.99;0.00;0.00;59.02;17.23;34.68;180.07;849.56;180.25;879.14;869.58;80.21;0.54
9255;0.00;104.81;0.00;105.11;0.00;0.00;58.98;17.16;34.67;180.09;849.40;180.23;878.83;869.33;80.21;0.53
9260;0.00;105.00;0.00;105.02;0.00;0.00;59.03;17.23;34.67;180.07;850.06;180.19;878.76;869.26;80.21;0.53
9265;0.00;105.02;0.00;105.04;0.00;0.00;59.05;17.20;34.67;180.05;850.52;180.09;879.30;869.59;80.21;0.54
9270;0.00;105.20;0.00;104.89;0.00;0.00;58.99;17.23;34.67;180.03;850.90;180.02;879.46;869.72;80.21;0.51
9275;0.00;105.02;0.00;105.00;0.00;0.00;59.02;17.22;34.67;180.00;850.51;179.97;879.39;869.66;80.21;0.52
9280;0.00;105.01;0.00;104.99;0.00;0.00;59.03;17.23;34.68;180.00;849.30;179.88;879.08;869.48;80.21;0.55
9285;0.00;104.78;0.00;105.09;0.00;0.00;59.00;17.20;34.68;180.02;849.37;179.86;878.68;869.17;80.21;0.57
9290;0.00;104.99;0.00;105.00;0.00;0.00;59.03;17.23;34.68;180.04;849.72;179.85;878.89;869.31;80.21;0.54
9295;0.00;104.99;0.00;105.04;0.00;0.00;59.05;17.25;34.68;180.09;850.82;179.85;879.34;869.62;80.21;0.55
9300;0.00;105.18;0.00;104.92;0.00;0.00;58.96;17.19;34.67;180.09;850.83;179.91;879.86;869.91;80.21;0.57
9305;0.00;105.03;0.00;104.99;0.00;0.00;59.03;17.23;34.69;180.07;850.44;179.95;879.74;869.98;80.21;0.51
9310;0.00;105.01;0.00;104.99;0.00;0.00;59.05;17.25;34.68;180.05;849.81;180.01;879.39;869.76;80.21;0.56
9315;0.00;104.75;0.00;105.11;0.00;0.00;59.00;17.20;34.68;180.01;849.57;180.06;879.06;869.54;80.21;0.54
9320;0.00;104.98;0.00;105.02;0.00;0.00;59.02;17.20;34.69;180.01;849.97;180.17;879.20;869.56;80.21;0.53
9325;0.00;104.99;0.00;105.04;0.00;0.00;59.05;17.27;34.68;180.03;850.44;180.20;879.51;869.79;80.21;0.56
9330;0.00;105.24;0.00;104.90;0.00;0.00;58.99;17.22;34.69;180.05;850.98;180.23;879.69;869.94;80.21;0.52
9335;0.00;105.04;0.00;104.99;0.00;0.00;59.05;17.22;34.69;180.05;850.24;180.23;879.65;869.90;80.21;0.51
9340;0.00;105.02;0.00;105.01;0.00;0.00;59.05;17.25;34.69;180.04;849.43;180.21;878.91;869.39;80.21;0.54
9345;0.00;104.83;0.00;105.09;0.00;0.00;58.99;17.16;34.70;180.03;849.35;180.16;878.68;869.21;80.21;0.53
9350;0.00;105.00;0.00;105.01;0.00;0.00;59.00;17.22;34.70;180.02;850.05;180.12;878.76;869.23;80.21;0.53
9355;0.00;105.03;0.00;105.05;0.00;0.00;59.03;17.28;34.71;180.01;850.60;180.01;879.49;869.43;80.21;0.54
9360;0.00;105.23;0.00;104.89;0.00;0.00;59.00;17.22;34.70;180.01;850.89;179.96;879.68;869.88;80.21;0.57
9365;0.00;105.03;0.00;105.01;0.00;0.00;59.05;17.25;34.71;180.02;850.51;179.91;879.59;869.86;80.21;0.52
9370;0.00;105.02;0.00;104.98;0.00;0.00;59.05;17.23;34.70;180.05;849.33;179.87;879.31;869.68;80.21;0.55
9375;0.00;104.79;0.00;105.08;0.00;0.00;58.99;17.20;34.71;180.07;849.44;179.83;878.90;869.37;80.21;0.57
9380;0.00;105.00;0.00;105.03;0.00;0.00;59.02;17.23;34.71;180.08;849.83;179.83;879.06;869.47;80.21;0.54
9385;0.00;105.01;0.00;105.06;0.00;0.00;59.05;17.25;34.70;180.08;850.27;179.86;879.43;869.71;80.21;0.55
9390;0.00;105.18;0.00;104.93;0.00;0.00;58.98;17.23;34.72;180.05;850.79;179.93;879.69;869.93;80.21;0.55
9395;0.00;105.06;0.00;104.98;0.00;0.00;59.03;17.23;34.71;180.03;850.39;179.99;879.49;869.83;80.21;0.51
9400;0.00;104.99;0.00;105.01;0.00;0.00;59.03;17.23;34.71;180.02;849.70;180.04;879.08;869.53;80.21;0.56
9405;0.00;104.75;0.00;105.11;0.00;0.00;58.98;17.23;34.71;180.04;849.56;180.09;878.76;869.30;80.21;0.54
9410;0.00;105.00;0.00;105.01;0.00;0.00;59.02;17.19;34.71;180.05;849.97;180.17;878.98;869.24;80.21;0.53
9415;0.00;105.01;0.00;105.04;0.00;0.00;59.08;17.22;34.72;180.07;850.45;180.21;879.35;869.63;80.21;0.54
9420;0.00;105.23;0.00;104.90;0.00;0.00;58.98;17.25;34.71;180.07;850.95;180.22;879.59;869.81;80.21;0.51
9425;0.00;105.03;0.00;104.99;0.00;0.00;59.03;17.19;34.72;180.06;850.15;180.21;879.55;869.81;80.21;0.51
9430;0.00;105.01;0.00;105.01;0.00;0.00;59.03;17.25;34.72;180.04;849.38;180.16;878.91;869.38;80.21;0.54
9435;0.00;104.87;0.00;105.09;0.00;0.00;58.97;17.17;34.72;180.02;849.37;180.12;878.74;869.25;80.21;0.52
9440;0.00;105.01;0.00;105.01;0.00;0.00;59.02;17.23;34.72;180.00;849.70;180.07;878.87;869.32;80.21;0.53
9445;0.00;105.01;0.00;105.04;0.00;0.00;59.06;17.23;34.72;180.02;850.68;179.96;879.18;869.52;80.21;0.54
9450;0.00;105.24;0.00;104.91;0.00;0.00;58.98;17.20;34.73;180.05;850.87;179.92;879.67;869.91;80.21;0.57
9455;0.00;105.03;0.00;105.00;0.00;0.00;59.04;17.22;34.73;180.07;850.50;179.88;879.53;869.84;80.21;0.52
9460;0.00;105.02;0.00;104.99;0.00;0.00;59.02;17.23;34.73;180.07;849.33;179.85;879.16;869.60;80.21;0.56
9465;0.00;104.81;0.00;105.09;0.00;0.00;58.99;17.22;34.73;180.07;849.47;179.84;878.73;869.34;80.21;0.57
9470;0.00;105.00;0.00;105.02;0.00;0.00;59.00;17.20;34.74;180.06;849.85;179.85;878.89;869.31;80.21;0.52
9475;0.00;105.00;0.00;105.03;0.00;0.00;59.06;17.20;34.74;180.04;850.30;179.89;879.22;869.52;80.21;0.55
9480;0.00;105.21;0.00;104.91;0.00;0.00;58.99;17.22;34.74;180.01;850.70;179.93;879.49;869.73;80.21;0.53
9485;0.00;105.04;0.00;105.00;0.00;0.00;59.02;17.23;34.74;180.00;850.26;180.03;879.24;869.61;80.21;0.51
9490;0.00;105.01;0.00;105.01;0.00;0.00;59.05;17.25;34.74;180.01;849.55;180.08;878.83;869.34;80.21;0.57
9495;0.00;104.85;0.00;105.09;0.00;0.00;58.97;17.19;34.74;180.03;849.29;180.13;878.61;869.14;80.21;0.53
9500;0.00;105.00;0.00;105.01;0.00;0.00;59.02;17.23;34.75;180.04;849.97;180.19;878.69;869.16;80.21;0.53
9505;0.00;105.00;0.00;105.04;0.00;0.00;59.06;17.23;34.75;180.05;850.47;180.19;879.41;869.66;80.22;0.54
9510;0.00;105.24;0.00;104.89;0.00;0.00;58.99;17.25;34.75;180.04;850.93;180.19;879.67;869.85;80.22;0.51
9515;0.00;105.03;0.00;105.00;0.00;0.00;59.05;17.23;34.75;180.01;850.12;180.17;879.62;869.87;80.22;0.51
9520;0.00;105.03;0.00;105.00;0.00;0.00;59.02;17.25;34.75;180.01;849.36;180.08;878.96;869.69;80.22;0.55
9525;0.00;104.81;0.00;105.10;0.00;0.00;58.99;17.19;34.75;180.01;849.42;180.03;878.80;869.30;80.22;0.57
9530;0.00;105.00;0.00;105.02;0.00;0.00;59.03;17.23;34.76;180.02;849.76;179.97;878.91;869.35;80.22;0.53
9535;0.00;105.01;0.00;105.05;0.00;0.00;59.05;17.23;34.76;180.05;850.76;179.92;879.22;869.56;80.22;0.55
9540;0.00;105.21;0.00;104.92;0.00;0.00;58.98;17.19;34.75;180.06;850.85;179.85;879.61;869.85;80.22;0.58
9545;0.00;105.07;0.00;104.99;0.00;0.00;59.04;17.22;34.75;180.06;850.47;179.83;879.40;869.71;80.22;0.52
9550;0.00;105.02;0.00;105.00;0.00;0.00;59.05;17.23;34.76;180.03;849.90;179.83;878.99;869.45;80.22;0.56
9555;0.00;104.78;0.00;105.10;0.00;0.00;58.98;17.23;34.76;180.01;849.47;179.87;878.65;869.18;80.22;0.56
9560;0.00;104.97;0.00;105.00;0.00;0.00;59.03;17.19;34.75;179.99;849.85;179.91;878.77;869.20;80.22;0.52
9565;0.00;105.01;0.00;105.04;0.00;0.00;59.05;17.25;34.77;179.99;850.29;179.96;879.13;869.44;80.22;0.56
9570;0.00;105.21;0.00;104.91;0.00;0.00;59.01;17.17;34.77;180.02;850.67;180.00;879.42;869.68;80.22;0.52
9575;0.00;105.05;0.00;104.99;0.00;0.00;59.02;17.22;34.77;180.04;850.22;180.10;879.24;869.72;80.22;0.51
9580;0.00;105.02;0.00;105.00;0.00;0.00;59.02;17.27;34.77;180.04;849.49;180.14;878.90;869.34;80.22;0.57
9585;0.00;104.89;0.00;105.11;0.00;0.00;58.99;17.20;34.78;180.05;849.32;180.17;878.67;869.18;80.22;0.53
9590;0.00;104.99;0.00;105.01;0.00;0.00;59.03;17.23;34.77;180.04;850.02;180.18;878.75;869.21;80.22;0.53
9595;0.00;105.01;0.00;105.03;0.00;0.00;59.04;17.25;34.78;180.03;850.54;180.16;879.47;869.73;80.22;0.54
9600;0.00;105.22;0.00;104.90;0.00;0.00;58.99;17.25;34.78;180.03;850.95;180.14;879.71;869.90;80.22;0.51
9605;0.00;105.06;0.00;105.00;0.00;0.00;59.05;17.19;34.77;180.03;850.58;180.09;879.62;869.87;80.22;0.52
9610;0.00;105.03;0.00;104.99;0.00;0.00;59.02;17.25;34.78;180.03;849.36;180.00;879.28;869.66;80.22;0.55
9615;0.00;104.82;0.00;105.09;0.00;0.00;58.99;17.17;34.79;180.02;849.42;179.94;878.76;869.26;80.22;0.57
9620;0.00;104.98;0.00;105.02;0.00;0.00;59.02;17.22;34.79;180.02;849.77;179.90;878.87;869.31;80.22;0.54
9625;0.00;105.03;0.00;105.06;0.00;0.00;59.04;17.23;34.79;180.03;850.79;179.87;879.18;869.52;80.22;0.55
9630;0.00;105.20;0.00;104.93;0.00;0.00;58.97;17.19;34.79;180.04;850.80;179.84;879.56;869.72;80.22;0.58
9635;0.00;105.03;0.00;104.99;0.00;0.00;59.05;17.23;34.79;180.03;850.41;179.85;879.34;869.67;80.22;0.52
9640;0.00;105.00;0.00;105.01;0.00;0.00;59.03;17.25;34.79;180.03;849.80;179.87;878.95;869.41;80.22;0.56
9645;0.00;104.81;0.00;105.11;0.00;0.00;58.98;17.22;34.79;180.03;849.46;179.90;878.63;869.18;80.22;0.55
9650;0.00;105.01;0.00;105.00;0.00;0.00;59.03;17.22;34.80;180.03;849.86;179.98;878.86;869.28;80.22;0.53
9655;0.00;105.01;0.00;105.03;0.00;0.00;59.06;17.25;34.79;180.03;850.35;180.03;879.27;869.56;80.22;0.56
9660;0.00;105.19;0.00;104.92;0.00;0.00;59.01;17.23;34.80;180.01;850.92;180.08;879.58;869.81;80.22;0.52
9665;0.00;105.03;0.00;105.01;0.00;0.00;59.03;17.22;34.79;180.00;850.22;180.14;879.63;869.87;80.22;0.51
9670;0.00;105.02;0.00;105.00;0.00;0.00;59.03;17.27;34.80;180.00;849.47;180.17;879.05;869.51;80.22;0.54
9675;0.00;104.78;0.00;105.11;0.00;0.00;58.94;17.20;34.80;180.01;849.38;180.17;878.85;869.36;80.22;0.53
9680;0.00;104.99;0.00;105.01;0.00;0.00;59.01;17.25;34.80;180.04;850.09;180.16;878.93;869.38;80.22;0.53
9685;0.00;104.99;0.00;105.04;0.00;0.00;59.06;17.27;34.80;180.04;850.62;180.09;879.56;869.57;80.22;0.54
9690;0.00;105.25;0.00;104.92;0.00;0.00;59.01;17.19;34.81;180.02;850.94;180.04;879.68;869.93;80.22;0.50
9695;0.00;105.06;0.00;105.00;0.00;0.00;59.01;17.22;34.80;180.01;850.53;180.00;879.55;869.85;80.22;0.52
9700;0.00;105.02;0.00;105.01;0.00;0.00;59.05;17.23;34.80;180.00;849.33;179.94;879.14;869.59;80.22;0.55
9705;0.00;104.84;0.00;105.08;0.00;0.00;58.98;17.20;34.80;180.02;849.42;179.86;878.60;869.16;80.22;0.57
9710;0.00;105.00;0.00;105.03;0.00;0.00;58.99;17.20;34.81;180.02;849.77;179.83;878.77;869.22;80.22;0.54
9715;0.00;105.00;0.00;105.03;0.00;0.00;59.05;17.23;34.80;180.02;850.22;179.81;879.13;869.46;80.22;0.55
9720;0.00;105.24;0.00;104.89;0.00;0.00;58.97;17.17;34.80;180.01;850.74;179.82;879.44;869.70;80.22;0.56
9725;0.00;105.03;0.00;105.01;0.00;0.00;59.03;17.22;34.80;180.00;850.31;179.85;879.35;869.69;80.22;0.51
9730;0.00;105.02;0.00;105.01;0.00;0.00;59.02;17.25;34.81;179.99;849.70;179.88;879.03;869.47;80.22;0.56
9735;0.00;104.80;0.00;105.08;0.00;0.00;59.01;17.22;34.81;179.99;849.54;179.93;878.79;869.32;80.22;0.54
9740;0.00;105.00;0.00;105.01;0.00;0.00;59.02;17.23;34.81;179.99;849.95;180.02;879.18;869.33;80.22;0.53
9745;0.00;104.99;0.00;105.04;0.00;0.00;59.06;17.25;34.81;180.00;850.46;180.06;879.59;869.84;80.22;0.56
9750;0.00;105.20;0.00;104.91;0.00;0.00;58.98;17.27;34.82;180.03;851.02;180.10;879.87;870.06;80.22;0.51
9755;0.00;105.03;0.00;105.00;0.00;0.00;59.04;17.22;34.81;180.03;850.24;180.14;879.85;870.07;80.22;0.51
9760;0.00;105.03;0.00;105.01;0.00;0.00;59.03;17.23;34.82;180.01;849.45;180.14;879.08;869.58;80.22;0.54
9765;0.00;104.77;0.00;105.11;0.00;0.00;58.98;17.20;34.82;179.99;849.43;180.13;878.81;869.36;80.22;0.52
9770;0.00;105.01;0.00;105.01;0.00;0.00;59.05;17.23;34.82;179.97;849.74;180.09;878.87;869.35;80.22;0.53
9775;0.00;105.00;0.00;105.04;0.00;0.00;59.06;17.23;34.82;179.98;850.68;180.01;879.11;869.51;80.22;0.54
9780;0.00;105.22;0.00;104.90;0.00;0.00;58.99;17.20;34.81;180.00;850.89;179.95;879.52;869.80;80.22;0.57
9785;0.00;105.04;0.00;105.01;0.00;0.00;59.04;17.22;34.83;180.01;850.50;179.90;879.31;869.67;80.22;0.52
9790;0.00;105.01;0.00;105.00;0.00;0.00;59.03;17.22;34.83;180.03;849.26;179.85;878.91;869.39;80.22;0.55
9795;0.00;104.85;0.00;105.08;0.00;0.00;58.97;17.22;34.83;180.03;849.38;179.81;878.48;869.13;80.22;0.57
9800;0.00;104.98;0.00;105.01;0.00;0.00;59.01;17.22;34.83;180.01;849.75;179.80;878.74;869.16;80.22;0.54
9805;0.00;104.99;0.00;105.03;0.00;0.00;59.03;17.23;34.83;179.99;850.23;179.82;879.16;869.47;80.22;0.55
9810;0.00;105.22;0.00;104.90;0.00;0.00;58.99;17.20;34.84;179.99;850.73;179.87;879.56;869.77;80.22;0.54
9815;0.00;105.06;0.00;105.00;0.00;0.00;59.05;17.25;34.83;180.00;850.30;179.92;879.53;869.87;80.22;0.51
9820;0.00;105.06;0.00;104.99;0.00;0.00;59.04;17.22;34.84;180.01;849.65;179.97;879.23;869.64;80.22;0.56
9825;0.00;104.83;0.00;105.06;0.00;0.00;58.99;17.22;34.84;180.02;849.36;180.02;878.98;869.48;80.22;0.54
9830;0.00;104.99;0.00;105.04;0.00;0.00;59.03;17.23;34.84;180.02;850.03;180.10;879.29;869.48;80.22;0.53
9835;0.00;105.00;0.00;105.04;0.00;0.00;59.06;17.23;34.84;180.01;850.53;180.13;879.62;869.88;80.22;0.54
9840;0.00;105.28;0.00;104.89;0.00;0.00;58.98;17.19;34.84;180.01;851.02;180.14;879.78;870.01;80.22;0.51
9845;0.00;105.06;0.00;104.98;0.00;0.00;59.04;17.23;34.85;180.01;850.16;180.14;879.65;869.95;80.22;0.51
9850;0.00;105.01;0.00;105.01;0.00;0.00;59.05;17.23;34.84;180.00;849.39;180.10;878.82;869.69;80.22;0.54
9855;0.00;104.80;0.00;105.08;0.00;0.00;58.99;17.22;34.85;180.00;849.37;180.07;878.57;869.16;80.22;0.52
9860;0.00;104.99;0.00;105.01;0.00;0.00;59.02;17.23;34.84;180.00;849.68;180.02;878.65;869.16;80.22;0.53
9865;0.00;105.00;0.00;105.04;0.00;0.00;59.05;17.23;34.85;180.01;850.66;179.93;878.96;869.34;80.22;0.54
9870;0.00;105.22;0.00;104.92;0.00;0.00;59.01;17.27;34.85;180.00;850.81;179.88;879.45;869.73;80.22;0.57
9875;0.00;105.02;0.00;105.01;0.00;0.00;59.02;17.22;34.85;180.00;850.42;179.85;879.38;869.69;80.22;0.52
9880;0.00;105.03;0.00;105.01;0.00;0.00;59.01;17.22;34.85;180.00;849.28;179.83;879.08;869.50;80.22;0.55
9885;0.00;104.87;0.00;105.07;0.00;0.00;58.98;17.20;34.85;180.00;849.44;179.83;878.80;869.30;80.22;0.57
9890;0.00;104.98;0.00;105.02;0.00;0.00;59.02;17.25;34.85;180.01;849.85;179.85;879.05;869.46;80.22;0.52
9895;0.00;104.98;0.00;105.04;0.00;0.00;59.05;17.25;34.85;180.02;850.30;179.88;879.46;869.75;80.22;0.55
9900;0.00;105.26;0.00;104.90;0.00;0.00;58.99;17.20;34.85;180.01;850.76;179.91;879.80;870.00;80.22;0.54
9905;0.00;105.07;0.00;104.99;0.00;0.00;59.04;17.23;34.86;179.99;850.35;179.99;879.60;869.91;80.22;0.51
9910;0.00;105.04;0.00;104.98;0.00;0.00;59.05;17.22;34.85;179.99;849.60;180.04;879.18;869.64;80.22;0.56
9915;0.00;104.81;0.00;105.09;0.00;0.00;59.01;17.22;34.87;179.99;849.37;180.08;878.87;869.40;80.22;0.53
9920;0.00;105.00;0.00;105.02;0.00;0.00;59.03;17.20;34.86;180.00;850.03;180.12;878.85;869.34;80.22;0.53
9925;0.00;105.00;0.00;105.05;0.00;0.00;59.05;17.23;34.87;180.01;850.49;180.13;879.42;869.70;80.22;0.54
9930;0.00;105.16;0.00;104.92;0.00;0.00;58.98;17.20;34.86;180.02;850.97;180.12;879.58;869.84;80.22;0.51
9935;0.00;105.02;0.00;105.01;0.00;0.00;59.03;17.23;34.87;180.02;850.11;180.10;879.47;869.79;80.22;0.51
9940;0.00;105.01;0.00;105.01;0.00;0.00;59.03;17.20;34.87;180.03;849.33;180.03;878.75;869.57;80.22;0.54
9945;0.00;104.76;0.00;105.11;0.00;0.00;58.98;17.17;34.87;180.02;849.37;179.98;878.62;869.16;80.22;0.57
9950;0.00;104.99;0.00;105.01;0.00;0.00;59.02;17.27;34.87;180.02;849.69;179.95;878.77;869.24;80.22;0.53
9955;0.00;104.98;0.00;105.04;0.00;0.00;59.05;17.23;34.88;180.02;850.75;179.91;879.13;869.50;80.22;0.55
9960;0.00;105.23;0.00;104.91;0.00;0.00;59.00;17.20;34.87;180.01;850.87;179.87;879.70;869.93;80.22;0.57
9965;0.00;105.07;0.00;105.00;0.00;0.00;59.01;17.23;34.88;179.99;850.45;179.85;879.57;869.86;80.23;0.52
9970;0.00;105.02;0.00;104.99;0.00;0.00;59.05;17.22;34.88;179.97;849.94;179.84;879.21;869.64;80.23;0.56
9975;0.00;104.85;0.00;105.10;0.00;0.00;58.95;17.20;34.88;179.98;849.52;179.88;878.90;869.41;80.23;0.57
9980;0.00;105.00;0.00;105.03;0.00;0.00;59.02;17.23;34.88;180.00;849.89;179.91;878.97;869.41;80.23;0.52
9985;0.00;105.01;0.00;105.04;0.00;0.00;59.04;17.23;34.89;180.01;850.35;179.95;879.29;869.62;80.23;0.56
9990;0.00;105.28;0.00;104.89;0.00;0.00;58.99;17.22;34.89;180.04;850.72;179.99;879.54;869.80;80.23;0.53
9995;0.00;105.05;0.00;105.01;0.00;0.00;59.03;17.22;34.88;180.04;850.25;180.07;879.24;869.80;80.23;0.51
10000;0.00;105.00;0.00;105.01;0.00;0.00;59.03;17.27;34.89;180.02;849.46;180.11;878.81;869.33;80.23;0.57
10005;0.00;104.81;0.00;105.11;0.00;0.00;59.01;17.19;34.88;179.98;849.29;180.12;878.53;869.11;80.23;0.53
10010;0.00;105.01;0.00;105.01;0.00;0.00;59.03;17.25;34.89;179.96;850.00;180.13;878.59;869.11;80.23;0.53
10015;0.00;105.00;0.00;105.04;0.00;0.00;59.04;17.25;34.89;179.97;850.49;180.11;879.34;869.61;80.23;0.54
10020;0.00;105.21;0.00;104.93;0.00;0.00;58.95;17.20;34.89;179.99;850.93;180.09;879.60;869.81;80.23;0.51
10025;0.00;105.03;0.00;104.99;0.00;0.00;59.03;17.22;34.90;180.03;850.57;180.05;879.54;869.81;80.23;0.52
10030;0.00;105.02;0.00;104.99;0.00;0.00;59.02;17.23;34.90;180.02;849.35;179.96;878.89;869.63;80.23;0.55
10035;0.00;104.77;0.00;105.11;0.00;0.00;59.00;17.20;34.89;180.02;849.41;179.93;878.75;869.25;80.23;0.57
10040;0.00;104.99;0.00;105.03;0.00;0.00;59.03;17.23;34.89;180.02;849.77;179.89;878.88;869.34;80.23;0.53
10045;0.00;105.01;0.00;105.05;0.00;0.00;59.06;17.25;34.89;179.99;850.77;179.86;879.21;869.55;80.23;0.55
10050;0.00;105.23;0.00;104.91;0.00;0.00;59.00;17.20;34.89;179.97;850.83;179.83;879.57;869.76;80.23;0.58
10055;0.00;105.04;0.00;104.98;0.00;0.00;59.03;17.23;34.90;179.97;850.38;179.84;879.34;869.69;80.23;0.52
10060;0.00;105.02;0.00;105.01;0.00;0.00;59.04;17.22;34.91;180.00;849.82;179.86;878.94;869.40;80.23;0.56
10065;0.00;104.84;0.00;105.08;0.00;0.00;58.95;17.19;34.90;180.02;849.46;179.91;878.60;869.16;80.23;0.55
10070;0.00;105.00;0.00;105.02;0.00;0.00;59.03;17.22;34.90;180.04;849.84;179.96;878.80;869.25;80.23;0.53
10075;0.00;105.02;0.00;105.03;0.00;0.00;59.03;17.28;34.90;180.03;850.31;180.00;879.23;869.52;80.23;0.56
10080;0.00;105.27;0.00;104.89;0.00;0.00;58.98;17.17;34.90;179.99;850.90;180.04;879.53;869.77;80.23;0.52
10085;0.00;105.02;0.00;105.00;0.00;0.00;59.05;17.23;34.90;179.98;850.18;180.11;879.35;869.83;80.23;0.51
10090;0.00;105.02;0.00;105.01;0.00;0.00;59.05;17.25;34.91;179.98;849.40;180.12;879.00;869.48;80.23;0.53
10095;0.00;104.82;0.00;105.08;0.00;0.00;59.00;17.19;34.91;179.98;849.32;180.12;878.82;869.33;80.23;0.53
10100;0.00;105.00;0.00;105.01;0.00;0.00;59.02;17.23;34.92;180.00;850.04;180.12;878.90;869.37;80.23;0.53
10105;0.00;104.99;0.00;105.04;0.00;0.00;59.03;17.25;34.91;180.01;850.56;180.08;879.60;869.85;80.23;0.54
10110;0.00;105.20;0.00;104.92;0.00;0.00;58.98;17.22;34.91;180.01;850.94;180.05;879.77;869.99;80.23;0.51
10115;0.00;105.02;0.00;105.01;0.00;0.00;59.03;17.23;34.91;180.01;850.55;180.01;879.63;869.92;80.23;0.52
10120;0.00;105.03;0.00;104.99;0.00;0.00;59.00;17.23;34.92;179.99;849.31;179.94;879.26;869.67;80.23;0.55
10125;0.00;104.76;0.00;105.10;0.00;0.00;58.98;17.17;34.92;179.98;849.39;179.90;878.69;869.24;80.23;0.57
10130;0.00;105.01;0.00;105.02;0.00;0.00;59.03;17.22;34.92;179.97;849.75;179.88;878.84;869.31;80.23;0.53
10135;0.00;104.99;0.00;105.05;0.00;0.00;59.05;17.27;34.91;179.97;850.78;179.86;879.18;869.53;80.23;0.55
10140;0.00;105.22;0.00;104.91;0.00;0.00;59.01;17.20;34.92;179.99;850.76;179.86;879.55;869.74;80.23;0.57
10145;0.00;105.03;0.00;104.99;0.00;0.00;59.03;17.23;34.92;180.00;850.36;179.88;879.38;869.72;80.23;0.52
10150;0.00;105.02;0.00;104.99;0.00;0.00;59.05;17.25;34.92;180.00;849.73;179.90;879.02;869.48;80.23;0.56
10155;0.00;104.82;0.00;105.09;0.00;0.00;58.97;17.22;34.93;180.00;849.48;179.97;878.72;869.26;80.23;0.55
10160;0.00;105.00;0.00;105.00;0.00;0.00;59.01;17.22;34.93;180.00;849.90;180.01;878.99;869.42;80.23;0.52
10165;0.00;105.00;0.00;105.04;0.00;0.00;59.05;17.22;34.93;180.00;850.34;180.04;879.39;869.68;80.23;0.56
10170;0.00;105.22;0.00;104.91;0.00;0.00;58.98;17.20;34.93;179.98;850.94;180.06;879.68;869.91;80.23;0.52
10175;0.00;105.03;0.00;104.99;0.00;0.00;59.02;17.28;34.93;179.98;850.20;180.09;879.68;869.96;80.23;0.51
10180;0.00;105.03;0.00;105.01;0.00;0.00;59.03;17.22;34.93;179.99;849.41;180.09;879.04;869.53;80.23;0.53
10185;0.00;104.80;0.00;105.09;0.00;0.00;58.99;17.17;34.93;180.00;849.33;180.08;878.82;869.35;80.23;0.53
10190;0.00;104.99;0.00;105.01;0.00;0.00;59.03;17.23;34.93;180.01;850.08;180.06;878.88;869.37;80.23;0.53
10195;0.00;104.99;0.00;105.05;0.00;0.00;59.05;17.25;34.93;180.00;850.56;180.01;879.54;869.57;80.23;0.54
10200;0.00;105.20;0.00;104.92;0.00;0.00;58.94;17.19;34.93;179.99;850.92;179.99;879.69;869.94;80.23;0.51
10205;0.00;105.03;0.00;105.00;0.00;0.00;59.03;17.23;34.93;179.97;850.50;179.96;879.55;869.85;80.23;0.52
10210;0.00;105.02;0.00;105.00;0.00;0.00;59.02;17.20;34.93;179.99;849.28;179.92;879.17;869.60;80.23;0.55
10215;0.00;104.87;0.00;105.11;0.00;0.00;58.98;17.22;34.93;180.00;849.40;179.91;878.67;869.21;80.23;0.57
10220;0.00;104.99;0.00;105.02;0.00;0.00;59.00;17.22;34.93;180.03;849.73;179.90;878.82;869.29;80.23;0.54
10225;0.00;104.99;0.00;105.04;0.00;0.00;59.04;17.27;34.94;180.03;850.19;179.90;879.19;869.55;80.23;0.55
10230;0.00;105.25;0.00;104.90;0.00;0.00;59.01;17.20;34.94;180.02;850.76;179.93;879.63;869.79;80.23;0.57
10235;0.00;105.04;0.00;105.00;0.00;0.00;59.03;17.19;34.94;180.00;850.32;179.95;879.46;869.80;80.23;0.51
10240;0.00;105.02;0.00;105.00;0.00;0.00;59.04;17.20;34.94;179.99;849.73;179.98;879.12;869.57;80.23;0.56
10245;0.00;104.84;0.00;105.09;0.00;0.00;58.99;17.25;34.95;179.98;849.52;180.01;878.86;869.38;80.23;0.54
10250;0.00;104.99;0.00;105.01;0.00;0.00;59.01;17.27;34.95;179.98;849.94;180.07;879.12;869.53;80.23;0.53
10255;0.00;104.98;0.00;105.05;0.00;0.00;59.05;17.23;34.95;179.98;850.42;180.11;879.48;869.78;80.23;0.56
10260;0.00;105.28;0.00;104.89;0.00;0.00;58.95;17.20;34.95;180.00;850.98;180.12;879.71;869.94;80.23;0.52
10265;0.00;105.05;0.00;105.00;0.00;0.00;59.03;17.25;34.95;180.01;850.18;180.13;879.66;869.93;80.23;0.51
10270;0.00;105.00;0.00;105.00;0.00;0.00;59.06;17.20;34.94;180.01;849.42;180.12;878.91;869.42;80.23;0.54
10275;0.00;104.78;0.00;105.11;0.00;0.00;58.98;17.20;34.96;180.00;849.35;180.10;878.64;869.21;80.23;0.53
10280;0.00;105.00;0.00;105.03;0.00;0.00;59.02;17.20;34.95;179.98;850.05;180.07;878.68;869.21;80.23;0.53
10285;0.00;104.98;0.00;105.04;0.00;0.00;59.07;17.23;34.96;179.98;850.54;180.00;879.33;869.38;80.23;0.54
10290;0.00;105.18;0.00;104.92;0.00;0.00;58.98;17.20;34.95;179.97;850.86;179.95;879.50;869.77;80.23;0.57
10295;0.00;105.01;0.00;104.99;0.00;0.00;59.02;17.23;34.96;179.99;850.46;179.92;879.36;869.69;80.23;0.52
10300;0.00;105.01;0.00;105.00;0.00;0.00;59.06;17.25;34.96;180.00;849.27;179.90;879.03;869.48;80.23;0.55
10305;0.00;104.80;0.00;105.09;0.00;0.00;58.98;17.20;34.96;180.00;849.39;179.87;878.65;869.17;80.23;0.57
10310;0.00;105.00;0.00;105.03;0.00;0.00;59.02;17.28;34.97;180.01;849.77;179.88;878.87;869.29;80.23;0.54
10315;0.00;105.00;0.00;105.06;0.00;0.00;59.06;17.22;34.97;180.02;850.20;179.89;879.27;869.56;80.23;0.55
10320;0.00;105.22;0.00;104.91;0.00;0.00;58.99;17.23;34.97;180.02;850.74;179.94;879.57;869.81;80.23;0.55
10325;0.00;105.05;0.00;104.99;0.00;0.00;59.03;17.27;34.97;180.02;850.33;179.98;879.47;869.80;80.23;0.51
10330;0.00;105.01;0.00;104.99;0.00;0.00;59.04;17.25;34.97;180.01;849.65;180.03;879.11;869.53;80.23;0.56
10335;0.00;104.83;0.00;105.08;0.00;0.00;58.97;17.23;34.98;180.00;849.54;180.06;878.83;869.35;80.23;0.54
10340;0.00;105.01;0.00;105.03;0.00;0.00;59.02;17.20;34.97;180.01;849.96;180.13;879.08;869.31;80.23;0.53
10345;0.00;105.01;0.00;105.04;0.00;0.00;59.06;17.23;34.99;180.01;850.44;180.15;879.42;869.71;80.23;0.56
10350;0.00;105.24;0.00;104.90;0.00;0.00;58.98;17.19;34.99;179.99;850.97;180.15;879.62;869.88;80.23;0.51
10355;0.00;105.03;0.00;105.00;0.00;0.00;59.02;17.23;34.98;179.99;850.15;180.14;879.57;869.85;80.23;0.51
10360;0.00;105.02;0.00;105.00;0.00;0.00;59.04;17.23;34.99;180.00;849.37;180.11;878.86;869.37;80.23;0.54
10365;0.00;104.81;0.00;105.10;0.00;0.00;58.98;17.20;34.99;180.00;849.36;180.08;878.68;869.21;80.23;0.52
10370;0.00;104.99;0.00;105.02;0.00;0.00;59.02;17.27;34.99;180.02;849.66;180.04;878.78;869.25;80.23;0.53
10375;0.00;104.98;0.00;105.03;0.00;0.00;59.04;17.25;34.98;180.03;850.66;179.96;879.09;869.45;80.23;0.54
10380;0.00;105.19;0.00;104.89;0.00;0.00;58.97;17.20;34.98;180.02;850.88;179.92;879.59;869.82;80.23;0.57
10385;0.00;105.02;0.00;105.00;0.00;0.00;59.02;17.23;34.99;180.00;850.45;179.89;879.42;869.73;80.23;0.52
10390;0.00;105.02;0.00;104.99;0.00;0.00;59.04;17.25;34.99;179.97;849.28;179.86;879.05;869.50;80.23;0.55
10395;0.00;104.80;0.00;105.10;0.00;0.00;59.02;17.17;34.99;179.97;849.42;179.84;878.62;869.24;80.23;0.57
10400;0.00;105.03;0.00;105.01;0.00;0.00;59.02;17.22;34.99;179.98;849.81;179.85;878.83;869.27;80.23;0.54
10405;0.00;104.99;0.00;105.05;0.00;0.00;59.08;17.23;34.99;180.02;850.25;179.88;879.20;869.52;80.23;0.55
10410;0.00;105.22;0.00;104.92;0.00;0.00;58.98;17.20;35.00;180.02;850.71;179.95;879.51;869.77;80.23;0.54
10415;0.00;105.05;0.00;105.00;0.00;0.00;59.03;17.20;35.00;180.02;850.29;179.99;879.36;869.72;80.23;0.51
10420;0.00;105.02;0.00;105.00;0.00;0.00;59.04;17.22;35.00;180.00;849.56;180.05;878.99;869.46;80.23;0.56
10425;0.00;104.85;0.00;105.08;0.00;0.00;58.98;17.27;35.00;179.95;849.32;180.08;878.74;869.27;80.23;0.53
10430;0.00;105.00;0.00;105.01;0.00;0.00;59.02;17.27;35.00;179.96;850.00;180.15;878.77;869.26;80.23;0.53
10435;0.00;105.00;0.00;105.03;0.00;0.00;59.06;17.23;35.00;179.97;850.50;180.15;879.42;869.71;80.23;0.54
10440;0.00;105.25;0.00;104.92;0.00;0.00;58.98;17.22;35.00;179.99;850.98;180.16;879.63;869.87;80.23;0.51
10445;0.00;105.03;0.00;105.00;0.00;0.00;59.02;17.23;35.01;180.03;850.08;180.16;879.52;869.82;80.23;0.51
10450;0.00;105.02;0.00;105.00;0.00;0.00;59.03;17.23;35.01;180.04;849.34;180.10;878.76;869.60;80.23;0.54
10455;0.00;104.83;0.00;105.08;0.00;0.00;58.99;17.22;35.01;180.02;849.36;180.06;878.60;869.16;80.23;0.52
10460;0.00;104.99;0.00;105.04;0.00;0.00;59.03;17.22;35.01;179.99;849.70;180.01;878.74;869.21;80.23;0.53
10465;0.00;104.99;0.00;105.03;0.00;0.00;59.05;17.16;35.01;179.95;850.68;179.96;879.06;869.43;80.23;0.54
10470;0.00;105.19;0.00;104.92;0.00;0.00;58.97;17.20;35.01;179.95;850.80;179.87;879.54;869.79;80.23;0.57
10475;0.00;105.05;0.00;105.01;0.00;0.00;59.05;17.22;35.01;179.95;850.35;179.85;879.36;869.70;80.23;0.52
10480;0.00;105.00;0.00;104.98;0.00;0.00;59.04;17.27;35.02;179.99;849.75;179.83;879.03;869.46;80.23;0.56
10485;0.00;104.78;0.00;105.11;0.00;0.00;59.02;17.22;35.01;180.01;849.45;179.84;878.73;869.26;80.23;0.55
10490;0.00;105.01;0.00;105.03;0.00;0.00;59.04;17.23;35.02;180.02;849.86;179.87;879.00;869.41;80.23;0.52
10495;0.00;105.00;0.00;105.03;0.00;0.00;59.05;17.27;35.01;180.01;850.35;179.91;879.40;869.68;80.23;0.56
10500;0.00;105.21;0.00;104.92;0.00;0.00;59.01;17.22;35.02;179.99;850.93;179.95;879.66;869.91;80.23;0.52
10505;0.00;105.02;0.00;105.00;0.00;0.00;59.02;17.19;35.02;179.97;850.18;180.05;879.38;869.92;80.23;0.51
10510;0.00;105.02;0.00;105.02;0.00;0.00;59.03;17.22;35.02;179.96;849.44;180.09;878.97;869.47;80.23;0.53
10515;0.00;104.77;0.00;105.12;0.00;0.00;58.98;17.23;35.02;179.96;849.33;180.13;878.72;869.28;80.23;0.53
10520;0.00;105.00;0.00;105.01;0.00;0.00;59.01;17.23;35.02;179.97;850.05;180.16;878.78;869.29;80.23;0.53
10525;0.00;105.02;0.00;105.04;0.00;0.00;59.03;17.25;35.02;179.99;850.55;180.18;879.37;869.46;80.23;0.54
10530;0.00;105.24;0.00;104.90;0.00;0.00;58.99;17.20;35.02;179.99;850.89;180.17;879.54;869.80;80.23;0.50
10535;0.00;105.05;0.00;104.99;0.00;0.00;59.02;17.27;35.03;179.99;850.46;180.14;879.43;869.75;80.24;0.52
10540;0.00;105.01;0.00;104.99;0.00;0.00;59.04;17.22;35.02;179.98;849.26;180.06;879.08;869.52;80.24;0.55
10545;0.00;104.84;0.00;105.09;0.00;0.00;58.99;17.23;35.03;179.97;849.39;180.01;878.64;869.18;80.24;0.57
10550;0.00;105.01;0.00;105.03;0.00;0.00;59.02;17.22;35.02;179.97;849.74;179.96;878.85;869.28;80.24;0.54
10555;0.00;105.01;0.00;105.04;0.00;0.00;59.05;17.25;35.02;179.99;850.20;179.91;879.23;869.56;80.24;0.55
10560;0.00;105.25;0.00;104.87;0.00;0.00;58.98;17.19;35.03;180.01;850.72;179.85;879.52;869.80;80.24;0.56
10565;0.00;105.03;0.00;104.99;0.00;0.00;59.02;17.23;35.04;180.02;850.30;179.84;879.43;869.75;80.24;0.50
10570;0.00;105.00;0.00;105.00;0.00;0.00;59.02;17.23;35.03;180.02;849.63;179.84;879.06;869.52;80.24;0.56
10575;0.00;104.81;0.00;105.11;0.00;0.00;58.99;17.20;35.04;179.99;849.53;179.86;878.79;869.33;80.24;0.54
10580;0.00;104.99;0.00;105.01;0.00;0.00;59.01;17.23;35.03;179.97;849.96;179.93;879.11;869.32;80.24;0.53
10585;0.00;104.99;0.00;105.04;0.00;0.00;59.04;17.25;35.03;179.97;850.45;179.97;879.44;869.74;80.24;0.54
10590;0.00;105.19;0.00;104.92;0.00;0.00;59.00;17.22;35.03;179.97;850.98;180.02;879.69;869.92;80.24;0.51
10595;0.00;105.03;0.00;104.99;0.00;0.00;59.03;17.22;35.03;180.00;850.11;180.06;879.60;869.88;80.24;0.51
10600;0.00;105.03;0.00;105.00;0.00;0.00;59.02;17.23;35.04;180.01;849.33;180.14;878.81;869.36;80.24;0.54
10605;0.00;104.78;0.00;105.10;0.00;0.00;58.98;17.23;35.03;180.01;849.35;180.17;878.58;869.17;80.24;0.52
10610;0.00;104.98;0.00;105.03;0.00;0.00;59.02;17.23;35.03;179.97;849.67;180.19;878.68;869.20;80.24;0.53
10615;0.00;104.98;0.00;105.06;0.00;0.00;59.05;17.28;35.04;179.96;850.65;180.16;878.98;869.39;80.24;0.54
10620;0.00;105.23;0.00;104.91;0.00;0.00;59.01;17.23;35.05;179.96;850.77;180.13;879.46;869.73;80.24;0.57
10625;0.00;105.03;0.00;104.98;0.00;0.00;59.02;17.25;35.04;179.96;850.35;180.08;879.34;869.65;80.24;0.52
10630;0.00;105.01;0.00;105.00;0.00;0.00;59.01;17.20;35.05;179.98;849.79;180.03;879.01;869.44;80.24;0.56
10635;0.00;104.87;0.00;105.11;0.00;0.00;58.98;17.20;35.04;180.01;849.41;179.93;878.73;869.25;80.24;0.56
10640;0.00;105.01;0.00;105.02;0.00;0.00;59.03;17.22;35.05;180.02;849.82;179.88;879.01;869.40;80.24;0.52
10645;0.00;104.98;0.00;105.03;0.00;0.00;59.04;17.25;35.05;180.03;850.31;179.85;879.41;869.70;80.24;0.55
10650;0.00;105.21;0.00;104.92;0.00;0.00;58.99;17.23;35.05;180.01;850.70;179.82;879.73;869.96;80.24;0.53
10655;0.00;105.05;0.00;105.00;0.00;0.00;59.03;17.28;35.05;179.99;850.24;179.83;879.49;870.01;80.24;0.51
10660;0.00;105.05;0.00;104.99;0.00;0.00;59.03;17.25;35.05;179.97;849.47;179.85;879.06;869.56;80.24;0.56
10665;0.00;104.87;0.00;105.08;0.00;0.00;58.99;17.20;35.05;179.97;849.36;179.89;878.79;869.35;80.24;0.53
10670;0.00;104.99;0.00;105.01;0.00;0.00;59.02;17.23;35.05;179.98;850.06;179.93;878.82;869.33;80.24;0.53
10675;0.00;104.99;0.00;105.05;0.00;0.00;59.03;17.23;35.05;179.99;850.57;180.04;879.35;869.69;80.24;0.54
10680;0.00;105.25;0.00;104.90;0.00;0.00;58.97;17.20;35.06;179.99;850.91;180.10;879.52;869.77;80.24;0.50
10685;0.00;105.04;0.00;105.00;0.00;0.00;59.03;17.25;35.06;179.99;850.49;180.15;879.35;869.69;80.24;0.52
10690;0.00;105.03;0.00;105.01;0.00;0.00;59.01;17.28;35.06;179.98;849.24;180.23;878.97;869.41;80.24;0.55
10695;0.00;104.82;0.00;105.09;0.00;0.00;58.97;17.19;35.06;179.98;849.35;180.24;878.46;869.02;80.24;0.57
10700;0.00;105.01;0.00;105.01;0.00;0.00;59.03;17.23;35.06;179.98;849.70;180.24;878.64;869.12;80.24;0.54
10705;0.00;105.00;0.00;105.04;0.00;0.00;59.06;17.22;35.06;180.00;850.16;180.21;879.02;869.39;80.24;0.55
10710;0.00;105.21;0.00;104.94;0.00;0.00;58.98;17.20;35.07;179.99;850.70;180.11;879.44;869.68;80.24;0.56
10715;0.00;105.04;0.00;105.01;0.00;0.00;59.02;17.25;35.07;179.99;850.25;180.04;879.38;869.73;80.24;0.51
10720;0.00;105.02;0.00;104.99;0.00;0.00;59.03;17.25;35.07;179.99;849.61;179.99;879.07;869.51;80.24;0.56
10725;0.00;104.80;0.00;105.09;0.00;0.00;58.99;17.20;35.07;179.99;849.56;179.93;878.86;869.35;80.24;0.54
10730;0.00;105.01;0.00;104.99;0.00;0.00;59.03;17.23;35.07;179.99;850.00;179.83;879.19;869.38;80.24;0.53
10735;0.00;104.98;0.00;105.04;0.00;0.00;59.06;17.22;35.07;180.00;850.47;179.80;879.58;869.85;80.24;0.54
10740;0.00;105.19;0.00;104.92;0.00;0.00;59.01;17.23;35.06;180.01;851.00;179.78;879.80;870.01;80.24;0.51
10745;0.00;105.05;0.00;104.99;0.00;0.00;59.03;17.25;35.07;180.02;850.09;179.79;879.70;869.97;80.24;0.51
10750;0.00;105.02;0.00;104.99;0.00;0.00;59.03;17.22;35.07;180.02;849.33;179.85;878.87;869.73;80.24;0.54
10755;0.00;104.77;0.00;105.10;0.00;0.00;58.98;17.20;35.07;180.00;849.36;179.90;878.63;869.21;80.24;0.52
10760;0.00;104.98;0.00;105.03;0.00;0.00;59.02;17.28;35.07;179.98;849.68;179.96;878.72;869.23;80.24;0.53
10765;0.00;104.99;0.00;105.04;0.00;0.00;59.08;17.22;35.08;179.96;850.71;180.03;879.01;869.41;80.24;0.54
10770;0.00;105.22;0.00;104.90;0.00;0.00;58.99;17.19;35.08;179.96;850.79;180.14;879.46;869.73;80.24;0.57
10775;0.00;105.03;0.00;104.99;0.00;0.00;59.05;17.23;35.09;179.98;850.33;180.18;879.26;869.62;80.24;0.52
10780;0.00;105.03;0.00;105.01;0.00;0.00;59.02;17.20;35.08;180.02;849.72;180.21;878.94;869.40;80.24;0.56
10785;0.00;104.85;0.00;105.10;0.00;0.00;58.96;17.20;35.08;180.03;849.41;180.21;878.65;869.22;80.24;0.55
10790;0.00;104.99;0.00;105.00;0.00;0.00;59.02;17.23;35.08;180.03;849.83;180.19;879.01;869.42;80.24;0.52
10795;0.00;104.99;0.00;105.03;0.00;0.00;59.05;17.23;35.08;180.02;850.32;180.14;879.44;869.73;80.24;0.56
10800;0.00;105.25;0.00;104.92;0.00;0.00;58.99;17.22;35.08;180.00;850.94;180.09;879.77;869.98;80.24;0.52
10805;0.00;105.04;0.00;105.00;0.00;0.00;59.02;17.20;35.09;179.98;850.18;179.97;879.78;870.03;80.24;0.51
10810;0.00;105.02;0.00;104.99;0.00;0.00;59.02;17.25;35.09;179.97;849.41;179.91;879.13;869.62;80.24;0.53
10815;0.00;104.83;0.00;105.09;0.00;0.00;58.99;17.20;35.08;179.98;849.36;179.86;878.90;869.45;80.24;0.52
10820;0.00;104.98;0.00;105.03;0.00;0.00;59.03;17.20;35.09;180.02;850.13;179.82;879.00;869.46;80.24;0.53
10825;0.00;105.00;0.00;105.04;0.00;0.00;59.06;17.23;35.08;180.03;850.64;179.80;879.63;869.67;80.24;0.54
10830;0.00;105.20;0.00;104.92;0.00;0.00;58.98;17.22;35.09;180.04;850.93;179.81;879.72;869.97;80.24;0.57
10835;0.00;105.03;0.00;104.99;0.00;0.00;59.03;17.22;35.09;180.03;850.47;179.84;879.53;869.87;80.24;0.52
10840;0.00;105.00;0.00;105.00;0.00;0.00;59.03;17.20;35.09;179.99;849.26;179.88;879.11;869.56;80.24;0.55
10845;0.00;104.78;0.00;105.10;0.00;0.00;58.96;17.19;35.09;179.97;849.39;179.99;878.60;869.27;80.24;0.57
10850;0.00;105.00;0.00;105.00;0.00;0.00;59.02;17.23;35.09;179.97;849.76;180.05;878.79;869.26;80.23;0.54
10855;0.00;105.01;4.24;105.04;0.00;0.00;59.05;17.23;35.10;179.98;850.22;180.10;879.16;869.50;80.23;0.55
10860;0.00;105.13;0.39;104.92;0.00;0.00;58.99;17.17;35.09;180.03;850.66;180.15;879.50;869.75;80.23;0.54
10865;0.00;105.02;0.00;104.99;0.00;0.00;59.03;17.25;35.10;180.04;850.20;180.20;879.35;869.73;80.23;0.50
10870;0.00;105.04;0.00;104.98;0.00;0.00;59.04;17.19;35.10;180.03;849.48;180.21;879.03;869.51;80.23;0.56
10875;0.00;104.78;0.00;105.11;0.00;0.00;58.99;17.22;35.10;179.99;849.26;180.19;878.84;869.38;80.23;0.53
10880;0.00;105.00;0.00;105.01;0.00;0.00;59.01;17.20;35.10;179.97;849.99;180.12;878.95;869.41;80.23;0.53
10885;0.00;105.01;0.00;105.04;0.00;0.00;59.05;17.22;35.10;179.97;850.51;180.07;879.73;869.96;80.23;0.54
10890;0.00;105.22;0.00;104.91;0.00;0.00;58.99;17.23;35.10;179.97;850.97;180.02;879.93;870.14;80.23;0.51
10895;0.00;105.02;0.00;104.99;0.00;0.00;59.02;17.22;35.11;180.00;850.56;179.96;879.83;870.11;80.23;0.51
10900;0.00;105.01;0.00;105.01;0.00;0.00;59.04;17.22;35.10;180.01;849.33;179.86;879.46;869.86;80.23;0.54
10905;0.00;104.85;0.00;105.12;0.00;0.00;58.97;17.23;35.10;180.02;849.43;179.82;878.86;869.42;80.23;0.57
10910;0.00;105.00;0.00;105.03;0.00;0.00;59.03;17.19;35.11;180.01;849.78;179.81;878.97;869.45;80.23;0.53
10915;0.00;104.99;0.00;105.03;0.00;0.00;59.05;17.22;35.11;180.00;850.24;179.81;879.25;869.64;80.23;0.55
10920;0.00;105.23;0.00;104.91;0.00;0.00;58.99;17.19;35.11;179.98;850.75;179.86;879.54;869.82;80.23;0.57
10925;0.00;105.04;0.00;104.99;0.00;0.00;59.03;17.25;35.11;179.97;850.30;179.90;879.28;869.67;80.23;0.51
10930;0.00;105.02;0.00;104.99;0.00;0.00;59.03;17.22;35.11;179.98;849.61;179.96;878.84;869.39;80.23;0.56
10935;0.00;104.83;0.00;105.09;0.00;0.00;58.99;17.22;35.12;180.02;849.47;180.02;878.56;869.15;80.23;0.54
10940;0.00;104.98;0.00;105.01;0.00;0.00;59.02;17.22;35.12;180.04;849.90;180.11;878.87;869.11;80.23;0.53
10945;0.00;104.97;0.00;105.04;0.00;0.00;59.05;17.22;35.11;180.05;850.36;180.16;879.29;869.60;80.23;0.54
10950;0.00;105.28;0.00;104.88;0.00;0.00;58.97;17.20;35.12;180.04;850.91;180.18;879.58;869.81;80.23;0.51
10955;0.00;105.05;0.00;105.00;0.00;0.00;59.03;17.23;35.12;179.97;850.03;180.19;879.55;869.85;80.23;0.51
10960;0.00;104.99;0.00;104.99;0.00;0.00;59.02;17.19;35.12;179.96;849.29;180.16;878.95;869.70;80.23;0.54
10965;0.00;104.79;0.00;105.10;0.00;0.00;58.98;17.22;35.12;179.96;849.34;180.13;878.84;869.36;80.23;0.52
10970;0.00;104.99;0.00;105.01;0.00;0.00;59.02;17.22;35.13;180.00;849.69;180.09;879.01;869.45;80.23;0.53
10975;0.00;105.01;0.00;105.04;0.00;0.00;59.06;17.23;35.12;180.02;850.75;179.99;879.36;869.70;80.23;0.54
10980;0.00;105.20;0.00;104.92;0.00;0.00;58.96;17.16;35.12;180.04;850.85;179.93;879.81;870.05;80.23;0.57
10985;0.00;105.03;0.00;105.00;0.00;0.00;59.03;17.25;35.12;180.04;850.42;179.89;879.58;869.91;80.23;0.52
10990;0.00;105.02;0.00;105.01;0.00;0.00;59.03;17.20;35.13;179.99;849.82;179.87;879.18;869.64;80.23;0.56
10995;0.00;104.78;0.00;105.10;0.00;0.00;58.99;17.22;35.12;179.98;849.48;179.84;878.80;869.37;80.23;0.56
11000;0.00;105.01;0.00;105.01;0.00;0.00;59.01;17.22;35.12;179.96;849.88;179.85;878.96;869.40;80.23;0.52
11005;0.00;105.00;0.00;105.05;0.00;0.00;59.05;17.22;35.13;179.95;850.33;179.86;879.30;869.62;80.23;0.56
11010;0.00;105.21;0.00;104.91;0.00;0.00;58.98;17.22;35.13;179.99;850.93;179.90;879.55;869.81;80.24;0.52
11015;0.00;105.06;0.00;104.99;0.00;0.00;59.02;17.20;35.13;180.02;850.11;180.00;879.52;869.82;80.24;0.51
11020;0.00;105.00;0.00;105.00;0.00;0.00;59.03;17.23;35.13;180.03;849.36;180.04;878.85;869.37;80.24;0.53
11025;0.00;104.85;0.00;105.08;0.00;0.00;58.98;17.19;35.14;180.03;849.29;180.09;878.67;869.23;80.24;0.53
11030;0.00;104.97;0.00;105.03;0.00;0.00;59.03;17.22;35.13;180.00;850.05;180.12;878.78;869.28;80.24;0.53
11035;0.00;105.00;0.00;105.05;0.00;0.00;59.05;17.20;35.13;179.98;850.61;180.17;879.56;869.52;80.24;0.54
11040;0.00;105.25;0.00;104.90;0.00;0.00;58.98;17.25;35.13;179.97;850.87;180.18;879.74;869.99;80.24;0.57
11045;0.00;105.04;0.00;105.00;0.00;0.00;59.03;17.25;35.13;179.97;850.45;180.16;879.63;869.94;80.24;0.52
11050;0.00;105.02;0.00;104.99;0.00;0.00;59.02;17.23;35.14;180.01;849.28;180.14;879.28;869.71;80.24;0.55
11055;0.00;104.86;0.00;105.08;0.00;0.00;58.97;17.19;35.14;180.03;849.45;180.05;878.87;869.48;80.24;0.57
11060;0.00;105.00;0.00;105.00;0.00;0.00;59.02;17.23;35.14;180.03;849.85;180.01;879.07;869.52;80.24;0.54
11065;0.00;105.00;0.00;105.04;0.00;0.00;59.03;17.25;35.14;180.03;850.32;179.96;879.41;869.76;80.24;0.55
11070;0.00;105.25;0.00;104.90;0.00;0.00;58.99;17.14;35.14;180.01;850.72;179.91;879.72;869.96;80.24;0.53
11075;0.00;105.02;0.00;105.00;0.00;0.00;59.02;17.22;35.15;180.00;850.23;179.85;879.39;869.80;80.24;0.51
11080;0.00;105.01;0.00;105.01;0.00;0.00;59.02;17.19;35.14;179.99;849.47;179.86;878.98;869.49;80.24;0.56
11085;0.00;104.82;0.00;105.10;0.00;0.00;58.98;17.22;35.14;179.98;849.32;179.88;878.71;869.27;80.24;0.53
11090;0.00;104.98;0.00;105.02;0.00;0.00;59.01;17.23;35.15;180.00;850.03;179.95;878.77;869.28;80.24;0.53
11095;0.00;104.99;0.00;105.04;0.00;0.00;59.05;17.23;35.14;180.02;850.54;179.98;879.45;869.77;80.24;0.54
11100;0.00;105.27;0.00;104.87;0.00;0.00;58.97;17.19;35.15;180.03;850.95;180.02;879.67;869.92;80.24;0.50
11105;0.00;105.03;0.00;104.99;0.00;0.00;59.06;17.25;35.15;180.02;850.51;180.08;879.55;869.86;80.24;0.51
11110;0.00;105.02;0.00;104.99;0.00;0.00;59.02;17.20;35.14;180.01;849.29;180.15;879.21;869.64;80.24;0.55
11115;0.00;104.82;0.00;105.10;0.00;0.00;59.01;17.19;35.15;180.00;849.41;180.17;878.74;869.29;80.24;0.57
11120;0.00;105.00;0.00;105.01;0.00;0.00;59.05;17.23;35.15;180.02;849.78;180.17;878.95;869.39;80.24;0.54
11125;0.00;104.99;0.00;105.04;0.00;0.00;59.03;17.23;35.15;180.06;850.24;180.17;879.32;869.64;80.24;0.55
11130;0.00;105.22;0.00;104.93;0.00;0.00;58.93;17.19;35.16;180.06;850.74;180.15;879.61;869.87;80.24;0.56
11135;0.00;105.02;0.00;105.00;0.00;0.00;59.02;17.22;35.16;180.05;850.25;180.11;879.40;869.78;80.24;0.51
11140;0.00;105.01;0.00;105.01;0.00;0.00;59.02;17.20;35.17;180.02;849.58;180.07;879.00;869.50;80.24;0.56
11145;0.00;104.77;0.00;105.10;0.00;0.00;58.98;17.20;35.16;179.99;849.27;180.03;878.73;869.28;80.24;0.53
11150;0.00;104.98;0.00;105.01;0.00;0.00;59.03;17.22;35.15;179.99;849.96;179.95;879.05;869.28;80.24;0.53
11155;0.00;104.99;0.00;105.03;0.00;0.00;59.03;17.22;35.17;180.01;850.47;179.93;879.43;869.75;80.24;0.54
11160;0.00;105.22;0.00;104.91;0.00;0.00;58.99;17.22;35.16;180.03;850.96;179.91;879.68;869.92;80.24;0.51
11165;0.00;105.04;0.00;104.99;0.00;0.00;59.03;17.27;35.16;180.04;850.04;179.90;879.58;869.89;80.24;0.51
11170;0.00;105.01;0.00;105.01;0.00;0.00;59.03;17.22;35.17;180.04;849.30;179.92;878.88;869.69;80.24;0.54
11175;0.00;104.84;0.00;105.08;0.00;0.00;58.98;17.19;35.16;180.04;849.38;179.95;878.73;869.28;80.24;0.57
11180;0.00;105.00;0.00;105.01;0.00;0.00;59.03;17.19;35.17;180.03;849.75;179.97;878.87;869.35;80.24;0.53
11185;0.00;105.01;0.00;105.03;0.00;0.00;59.03;17.23;35.16;180.01;850.77;180.01;879.19;869.57;80.24;0.55
11190;0.00;105.26;0.00;104.89;0.00;0.00;58.97;17.20;35.17;180.00;850.80;180.07;879.58;869.80;80.24;0.57
11195;0.00;105.02;0.00;104.97;0.00;0.00;59.03;17.23;35.17;179.99;850.32;180.10;879.33;869.71;80.24;0.52
11200;0.00;105.03;0.00;105.00;0.00;0.00;59.04;17.22;35.17;179.99;849.66;180.12;878.92;869.43;80.24;0.56
11205;0.00;104.83;0.00;105.10;0.00;0.00;58.98;17.20;35.18;180.02;849.48;180.14;878.61;869.18;80.24;0.54
11210;0.00;104.99;0.00;105.02;0.00;0.00;59.02;17.22;35.17;180.03;849.86;180.14;878.85;869.29;80.24;0.52
11215;0.00;105.00;0.00;105.06;0.00;0.00;59.03;17.22;35.18;180.03;850.34;180.12;879.24;869.57;80.24;0.56
11220;0.00;105.20;0.00;104.92;0.00;0.00;58.97;17.20;35.18;180.04;850.91;180.10;879.52;869.78;80.24;0.51
11225;0.00;105.05;0.00;104.99;0.00;0.00;59.05;17.23;35.18;180.03;850.02;180.04;879.49;869.79;80.24;0.51
11230;0.00;105.01;0.00;104.99;0.00;0.00;59.05;17.22;35.18;180.02;849.28;180.00;878.89;869.40;80.24;0.54
11235;0.00;104.82;0.00;105.10;0.00;0.00;59.01;17.22;35.18;180.01;849.31;179.97;878.76;869.29;80.25;0.52
11240;0.00;105.00;0.00;105.04;0.00;0.00;59.04;17.25;35.18;180.00;849.65;179.95;878.93;869.39;80.25;0.53
11245;0.00;105.00;0.00;105.04;0.00;0.00;59.05;17.25;35.18;180.02;850.66;179.92;879.30;869.65;80.25;0.54
11250;0.00;105.17;0.00;104.88;0.00;0.00;58.98;17.23;35.18;180.04;850.88;179.92;879.82;870.07;80.25;0.57
11255;0.00;105.03;0.00;104.99;0.00;0.00;59.04;17.28;35.19;180.06;850.42;179.92;879.66;869.98;80.25;0.52
11260;0.00;105.02;0.00;104.99;0.00;0.00;59.02;17.19;35.18;180.04;849.84;179.94;879.24;869.70;80.25;0.55
11265;0.00;104.80;0.00;105.09;0.00;0.00;58.98;17.22;35.18;180.02;849.48;179.99;878.87;869.43;80.25;0.56
11270;0.00;104.99;0.00;105.01;0.00;0.00;59.03;17.19;35.18;180.00;849.87;180.02;878.97;869.43;80.25;0.52
11275;0.00;105.00;0.00;105.04;0.00;0.00;59.04;17.25;35.18;180.00;850.31;180.04;879.29;869.65;80.25;0.56
11280;0.00;105.19;0.00;104.92;0.00;0.00;58.98;17.22;35.19;180.02;850.62;180.07;879.54;869.81;80.25;0.52
11285;0.00;105.04;0.00;104.99;0.00;0.00;59.03;17.25;35.18;180.04;850.10;180.11;879.19;869.81;80.25;0.51
11290;0.00;105.02;0.00;104.99;0.00;0.00;59.03;17.25;35.19;180.06;849.31;180.12;878.81;869.35;80.25;0.53
11295;0.00;104.79;0.00;105.09;0.00;0.00;58.99;17.22;35.18;180.06;849.26;180.11;878.61;869.19;80.25;0.53
11300;0.00;104.99;0.00;105.02;0.00;0.00;59.03;17.23;35.19;180.03;850.02;180.11;878.74;869.25;80.25;0.53
11305;0.00;105.01;0.00;105.04;0.00;0.00;59.05;17.25;35.19;180.01;850.58;180.08;879.57;869.52;80.25;0.54
11310;0.00;105.22;0.00;104.91;0.00;0.00;58.98;17.22;35.19;179.99;850.90;180.06;879.78;870.00;80.25;0.50
11315;0.00;105.03;0.00;105.00;0.00;0.00;59.02;17.22;35.19;180.00;850.45;180.04;879.65;869.95;80.25;0.52
11320;0.00;105.02;0.00;105.00;0.00;0.00;59.02;17.23;35.19;180.02;849.29;180.01;879.32;869.73;80.25;0.55
11325;0.00;104.77;0.00;105.10;0.00;0.00;58.98;17.20;35.19;180.03;849.45;179.96;878.84;869.39;80.25;0.57
11330;0.00;105.02;0.00;105.01;0.00;0.00;59.02;17.22;35.19;180.04;849.84;179.95;879.03;869.49;80.24;0.54
11335;0.00;104.98;0.00;105.05;0.00;0.00;59.07;17.25;35.20;180.03;850.32;179.93;879.37;869.73;80.24;0.55
11340;0.00;105.22;0.00;104.92;0.00;0.00;59.01;17.20;35.20;180.02;850.75;179.93;879.66;869.92;80.24;0.54
11345;0.00;105.07;0.00;105.01;0.00;0.00;59.02;17.25;35.20;180.01;850.25;179.94;879.31;869.72;80.24;0.51
11350;0.00;105.02;0.00;105.00;0.00;0.00;59.03;17.25;35.20;179.99;849.49;179.96;878.85;869.40;80.23;0.56
11355;0.00;104.86;0.00;105.07;0.00;0.00;59.01;17.19;35.20;179.98;849.29;179.99;878.55;869.15;80.23;0.53
11360;0.00;104.97;0.00;105.03;0.00;0.00;59.02;17.23;35.20;179.99;849.98;180.05;878.55;869.09;80.23;0.53
11365;0.00;104.99;0.00;105.04;0.00;0.00;59.04;17.23;35.20;180.00;850.45;180.08;879.16;869.50;80.23;0.54
11370;0.00;105.24;0.00;104.89;0.00;0.00;58.98;17.23;35.21;180.02;850.89;180.11;879.36;869.66;80.23;0.50
11375;0.00;105.03;0.00;104.99;0.00;0.00;59.02;17.22;35.21;180.04;850.44;180.13;879.29;869.62;80.23;0.51
11380;0.00;105.02;0.00;105.01;0.00;0.00;59.05;17.20;35.21;180.04;849.21;180.15;878.99;869.44;80.23;0.55
11385;0.00;104.83;0.00;105.10;0.00;0.00;58.99;17.22;35.21;180.03;849.35;180.14;878.59;869.16;80.23;0.57
11390;0.00;105.01;0.00;105.00;0.00;0.00;59.02;17.25;35.22;180.01;849.71;180.13;878.86;869.30;80.23;0.53
11395;0.00;105.02;0.00;105.04;0.00;0.00;59.04;17.23;35.22;179.98;850.20;180.11;879.28;869.60;80.23;0.55
11400;0.00;105.27;0.00;104.89;0.00;0.00;58.98;17.19;35.22;179.98;850.78;180.05;879.77;869.89;80.23;0.56
11405;0.00;105.02;0.00;105.01;0.00;0.00;59.06;17.25;35.22;179.99;850.30;180.01;879.54;869.88;80.23;0.50
11410;0.00;105.01;0.00;105.01;0.00;0.00;59.02;17.25;35.22;180.00;849.67;179.98;879.15;869.61;80.23;0.56
11415;0.00;104.81;0.00;105.08;0.00;0.00;59.00;17.25;35.22;180.01;849.57;179.97;878.82;869.39;80.23;0.54
11420;0.00;104.98;0.00;105.02;0.00;0.00;59.01;17.23;35.22;180.01;849.98;179.93;879.00;869.32;80.23;0.53
11425;0.00;105.00;0.00;105.03;0.00;0.00;59.05;17.27;35.23;180.01;850.46;179.93;879.29;869.63;80.23;0.54
11430;0.00;105.18;0.00;104.88;0.00;0.00;58.99;17.25;35.23;180.02;850.96;179.93;879.43;869.72;80.23;0.51
11435;0.00;105.05;0.00;104.99;0.00;0.00;59.02;17.22;35.23;180.03;849.98;179.95;879.28;869.63;80.23;0.51
11440;0.00;105.02;0.00;105.00;0.00;0.00;59.05;17.25;35.23;180.03;849.21;179.99;878.50;869.39;80.23;0.54
11445;0.00;104.80;0.00;105.09;0.00;0.00;59.01;17.20;35.23;180.02;849.28;180.02;878.37;868.98;80.23;0.52
11450;0.00;104.98;0.00;105.01;0.00;0.00;59.02;17.22;35.23;179.98;849.60;180.05;878.58;869.08;80.23;0.53
11455;0.00;105.00;0.00;105.03;0.00;0.00;59.03;17.27;35.23;179.98;850.67;180.08;878.97;869.35;80.23;0.54
11460;0.00;105.19;0.00;104.92;0.00;0.00;58.99;17.22;35.23;179.98;850.77;180.12;879.58;869.80;80.23;0.57
11465;0.00;105.04;0.00;105.00;0.00;0.00;59.03;17.22;35.23;179.99;850.30;180.12;879.42;869.74;80.23;0.52
11470;0.00;105.02;0.00;105.01;0.00;0.00;59.03;17.22;35.24;180.02;849.69;180.12;879.09;869.55;80.23;0.56
11475;0.00;104.81;0.00;105.11;0.00;0.00;59.01;17.19;35.24;180.04;849.49;180.10;878.83;869.37;80.23;0.55
11480;0.00;104.97;0.00;105.01;0.00;0.00;59.02;17.25;35.24;180.05;849.92;180.07;879.10;869.50;80.23;0.52
11485;0.00;104.99;0.00;105.04;0.00;0.00;59.05;17.23;35.25;180.04;850.41;180.04;879.43;869.73;80.23;0.56
11490;0.00;105.18;0.00;104.92;0.00;0.00;58.97;17.22;35.25;180.00;850.99;180.01;879.63;869.90;80.23;0.52
11495;0.00;105.03;0.00;104.99;0.00;0.00;59.05;17.27;35.24;179.97;850.12;179.94;879.52;869.83;80.23;0.51
11500;0.00;105.01;0.00;105.01;0.00;0.00;59.03;17.22;35.25;179.96;849.33;179.92;878.69;869.25;80.23;0.54
11505;0.00;104.79;0.00;105.11;0.00;0.00;58.99;17.23;35.25;179.97;849.30;179.89;878.46;869.05;80.23;0.52
11510;0.00;105.01;0.00;105.03;0.00;0.00;59.02;17.20;35.25;180.02;849.61;179.88;878.53;869.07;80.23;0.53
11515;0.00;105.00;0.00;105.05;0.00;0.00;59.06;17.23;35.25;180.04;850.62;179.90;879.23;869.25;80.23;0.54
11520;0.00;105.23;0.00;104.92;0.00;0.00;59.00;17.27;35.25;180.05;850.82;179.91;879.41;869.67;80.23;0.57
11525;0.00;105.03;0.00;104.99;0.00;0.00;59.00;17.27;35.26;180.03;850.35;179.94;879.27;869.63;80.23;0.52
11530;0.00;105.02;0.00;104.99;0.00;0.00;58.99;17.22;35.26;180.00;849.21;179.99;878.95;869.41;80.23;0.55
11535;0.00;104.76;0.00;105.12;0.00;0.00;58.99;17.25;35.26;179.98;849.41;180.06;878.64;869.22;80.23;0.57
11540;0.00;105.01;0.00;105.03;0.00;0.00;59.02;17.22;35.26;179.97;849.80;180.10;878.92;869.34;80.23;0.52
11545;0.00;105.01;0.00;105.06;0.00;0.00;59.04;17.20;35.25;179.97;850.29;180.13;879.30;869.63;80.23;0.55
11550;0.00;105.22;0.00;104.90;0.00;0.00;58.98;17.19;35.26;179.99;850.68;180.13;879.64;869.86;80.23;0.53
11555;0.00;105.06;0.00;104.99;0.00;0.00;59.02;17.20;35.26;180.01;850.17;180.13;879.30;869.89;80.23;0.51
11560;0.00;105.02;0.00;105.00;0.00;0.00;59.01;17.22;35.27;180.02;849.43;180.11;878.91;869.42;80.23;0.56
11565;0.00;104.84;0.00;105.10;0.00;0.00;58.98;17.23;35.27;180.02;849.29;180.08;878.65;869.21;80.23;0.53
11570;0.00;104.99;0.00;105.03;0.00;0.00;59.02;17.23;35.27;180.01;850.02;180.04;878.71;869.22;80.23;0.53
11575;0.00;105.00;0.00;105.03;0.00;0.00;59.05;17.23;35.27;180.00;850.55;179.96;879.36;869.67;80.23;0.54
11580;0.00;105.24;0.00;104.91;0.00;0.00;59.00;17.20;35.27;180.00;850.91;179.92;879.55;869.81;80.23;0.50
11585;0.00;105.04;0.00;104.99;0.00;0.00;59.02;17.22;35.27;179.99;850.45;179.89;879.41;869.76;80.23;0.51
11590;0.00;105.03;0.00;105.00;0.00;0.00;59.02;17.23;35.27;179.99;849.22;179.86;879.08;869.53;80.23;0.55
11595;0.00;104.85;0.00;105.08;0.00;0.00;58.97;17.22;35.27;179.99;849.38;179.86;878.65;869.19;80.23;0.57
11600;0.00;105.00;0.00;105.02;0.00;0.00;59.02;17.22;35.27;180.00;849.74;179.86;878.85;869.32;80.23;0.53
11605;0.00;105.00;0.00;105.05;0.00;0.00;59.06;17.25;35.28;180.01;850.21;179.88;879.23;869.57;80.23;0.55
11610;0.00;105.22;0.00;104.92;0.00;0.00;58.99;17.20;35.28;180.01;850.73;179.94;879.57;869.83;80.23;0.55
11615;0.00;105.07;0.00;105.01;0.00;0.00;59.02;17.22;35.28;180.00;850.23;179.98;879.35;869.72;80.23;0.50
11620;0.00;105.02;0.00;104.99;0.00;0.00;59.03;17.23;35.28;179.99;849.49;180.01;878.92;869.44;80.23;0.56
11625;0.00;104.84;0.00;105.08;0.00;0.00;58.98;17.20;35.28;180.00;849.26;180.05;878.65;869.23;80.24;0.53
11630;0.00;105.00;0.00;105.02;0.00;0.00;59.01;17.22;35.28;180.01;849.95;180.11;878.69;869.22;80.24;0.53
11635;0.00;105.01;0.00;105.04;0.00;0.00;59.04;17.25;35.28;180.02;850.46;180.11;879.37;869.68;80.23;0.54
11640;0.00;105.26;0.00;104.87;0.00;0.00;58.98;17.23;35.28;180.03;850.93;180.11;879.61;869.85;80.23;0.51
11645;0.00;105.03;0.00;104.99;0.00;0.00;59.03;17.25;35.28;180.02;849.94;180.10;879.49;869.82;80.23;0.51
11650;0.00;105.00;0.00;105.00;0.00;0.00;59.03;17.22;35.29;180.01;849.23;180.05;878.78;869.60;80.23;0.54
11655;0.00;104.81;0.00;105.09;0.00;0.00;58.99;17.23;35.29;180.00;849.33;180.01;878.66;869.22;80.23;0.57
11660;0.00;104.97;0.00;105.02;0.00;0.00;59.03;17.22;35.29;179.98;849.70;179.97;878.82;869.33;80.23;0.53
11665;0.00;105.01;0.00;105.04;0.00;0.00;59.04;17.25;35.29;179.98;850.74;179.93;879.21;869.57;80.23;0.55
11670;0.00;105.26;0.00;104.89;0.00;0.00;58.97;17.22;35.29;179.99;850.79;179.87;879.63;869.82;80.23;0.57
11675;0.00;105.06;0.00;104.99;0.00;0.00;59.04;17.20;35.29;180.00;850.29;179.85;879.43;869.76;80.23;0.52
11680;0.00;105.03;0.00;104.99;0.00;0.00;59.04;17.23;35.30;180.00;849.63;179.85;879.02;869.50;80.23;0.56
11685;0.00;104.80;0.00;105.08;0.00;0.00;58.98;17.20;35.30;180.00;849.47;179.86;878.70;869.28;80.23;0.54
11690;0.00;105.01;0.00;105.03;0.00;0.00;59.04;17.22;35.30;179.99;849.87;179.90;878.96;869.39;80.23;0.52
11695;0.00;104.99;0.00;105.04;0.00;0.00;59.05;17.27;35.30;180.00;850.37;179.93;879.35;869.66;80.23;0.56
11700;0.00;105.20;0.00;104.92;0.00;0.00;58.96;17.20;35.30;180.01;850.95;179.97;879.61;869.85;80.23;0.51
11705;0.00;105.04;0.00;104.99;0.00;0.00;59.03;17.20;35.30;180.01;850.03;180.04;879.55;869.85;80.23;0.51
11710;0.00;105.00;0.00;105.00;0.00;0.00;59.02;17.23;35.30;180.00;849.26;180.07;878.84;869.35;80.23;0.54
11715;0.00;104.81;0.00;105.10;0.00;0.00;58.98;17.22;35.30;179.98;849.31;180.10;878.66;869.21;80.23;0.52
11720;0.00;105.02;0.00;105.00;0.00;0.00;59.01;17.23;35.30;179.98;849.64;180.11;878.78;869.28;80.24;0.53
11725;0.00;105.01;0.00;105.03;0.00;0.00;59.05;17.25;35.31;179.99;850.67;180.10;879.12;869.50;80.23;0.54
11730;0.00;105.17;0.00;104.94;0.00;0.00;58.97;17.20;35.31;180.02;850.81;180.08;879.57;869.84;80.23;0.57
11735;0.00;105.03;0.00;105.01;0.00;0.00;59.02;17.23;35.30;180.03;850.35;180.05;879.41;869.75;80.23;0.52
11740;0.00;105.03;0.00;105.00;0.00;0.00;59.02;17.20;35.31;180.02;849.75;180.02;879.01;869.48;80.23;0.55
11745;0.00;104.78;0.00;105.10;0.00;0.00;58.98;17.19;35.32;180.02;849.42;179.95;878.68;869.25;80.23;0.56
11750;0.00;104.97;0.00;105.01;0.00;0.00;59.03;17.22;35.32;180.01;849.84;179.92;878.91;869.34;80.23;0.52
11755;0.00;105.01;0.00;105.05;0.00;0.00;59.05;17.27;35.32;179.99;850.31;179.89;879.29;869.61;80.23;0.56
11760;0.00;105.23;0.00;104.91;0.00;0.00;58.98;17.22;35.32;179.97;850.61;179.88;879.56;869.83;80.23;0.52
11765;0.00;105.06;0.00;104.99;0.00;0.00;59.02;17.23;35.32;179.97;850.09;179.88;879.29;869.85;80.24;0.51
11770;0.00;105.03;0.00;105.00;0.00;0.00;59.04;17.25;35.31;179.98;849.31;179.90;878.89;869.42;80.23;0.53
11775;0.00;104.83;0.00;105.09;0.00;0.00;58.98;17.19;35.32;179.99;849.29;179.92;878.73;869.27;80.23;0.52
11780;0.00;105.01;0.00;105.01;0.00;0.00;59.03;17.22;35.33;180.01;850.06;179.96;878.86;869.33;80.23;0.53
11785;0.00;105.01;0.00;105.04;0.00;0.00;59.04;17.25;35.32;180.01;850.62;180.03;879.61;869.59;80.23;0.54
11790;0.00;105.23;0.00;104.90;0.00;0.00;59.01;17.19;35.33;180.02;850.93;180.06;879.76;870.01;80.24;0.50
11795;0.00;105.01;0.00;104.98;0.00;0.00;59.04;17.22;35.33;180.03;850.45;180.08;879.59;869.92;80.24;0.51
11800;0.00;105.04;0.00;105.01;0.00;0.00;59.03;17.22;35.32;180.02;849.26;180.10;879.18;869.65;80.24;0.55
11805;0.00;104.85;0.00;105.08;0.00;0.00;58.99;17.19;35.33;179.99;849.41;180.11;878.67;869.25;80.24;0.57
11810;0.00;104.98;0.00;105.02;0.00;0.00;59.03;17.23;35.33;179.96;849.79;180.10;878.85;869.32;80.24;0.54
11815;0.00;104.99;0.00;105.04;0.00;0.00;59.05;17.23;35.33;179.97;850.26;180.09;879.15;869.54;80.24;0.55
11820;0.00;105.28;0.00;104.89;0.00;0.00;58.96;17.17;35.33;179.99;850.69;180.05;879.44;869.74;80.23;0.54
11825;0.00;105.04;0.00;104.99;0.00;0.00;59.01;17.22;35.33;180.01;850.17;179.99;879.18;869.59;80.24;0.51
11830;0.00;105.05;0.00;105.00;0.00;0.00;59.05;17.23;35.33;180.02;849.41;179.94;878.78;869.32;80.23;0.56
11835;0.00;104.82;0.00;105.10;0.00;0.00;58.98;17.20;35.34;180.02;849.24;179.91;878.57;869.14;80.23;0.53
11840;0.00;105.02;0.00;105.01;0.00;0.00;59.02;17.23;35.34;180.00;849.98;179.87;878.64;869.17;80.24;0.53
11845;0.00;105.01;0.00;105.04;0.00;0.00;59.05;17.27;35.33;179.98;850.50;179.86;879.38;869.68;80.23;0.54
11850;0.00;105.18;0.00;104.94;0.00;0.00;58.97;17.20;35.34;179.98;850.91;179.86;879.60;869.85;80.24;0.51
11855;0.00;105.03;0.00;105.01;0.00;0.00;59.02;17.25;35.34;180.01;850.45;179.88;879.48;869.81;80.24;0.51
11860;0.00;105.04;0.00;105.01;0.00;0.00;59.02;17.22;35.34;180.02;849.21;179.94;879.17;869.60;80.24;0.54
11865;0.00;104.78;0.00;105.11;0.00;0.00;58.98;17.23;35.34;180.03;849.36;179.99;878.75;869.31;80.23;0.57
11870;0.00;104.98;0.00;105.02;0.00;0.00;59.01;17.23;35.34;180.03;849.75;180.03;879.00;869.45;80.24;0.53
11875;0.00;104.97;0.00;105.05;0.00;0.00;59.05;17.27;35.34;180.01;850.24;180.08;879.38;869.72;80.24;0.55
11880;0.00;105.22;0.00;104.91;0.00;0.00;58.98;17.22;35.35;179.99;850.76;180.14;879.74;869.98;80.24;0.56
11885;0.00;105.03;0.00;104.99;0.00;0.00;59.02;17.22;35.34;179.97;850.26;180.16;879.53;869.90;80.24;0.50
11890;0.00;105.02;0.00;104.99;0.00;0.00;59.03;17.23;35.35;179.97;849.54;180.17;879.12;869.61;80.23;0.56
11895;0.00;104.85;0.00;105.09;0.00;0.00;59.00;17.20;35.35;180.01;849.55;180.17;878.81;869.39;80.24;0.54
11900;0.00;105.00;0.00;105.04;0.00;0.00;59.01;17.23;35.35;180.03;849.95;180.11;879.09;869.34;80.24;0.53
11905;0.00;105.00;0.00;105.04;0.00;0.00;59.07;17.30;35.35;180.03;850.43;180.07;879.41;869.73;80.24;0.54
11910;0.00;105.26;0.00;104.90;0.00;0.00;58.97;17.23;35.36;180.03;850.93;180.02;879.59;869.86;80.24;0.51
11915;0.00;105.04;0.00;104.99;0.00;0.00;59.05;17.23;35.35;179.99;849.93;179.98;879.46;869.80;80.24;0.51
11920;0.00;105.03;0.00;105.02;0.00;0.00;59.05;17.23;35.36;179.97;849.21;179.89;878.77;869.58;80.25;0.54
11925;0.00;104.81;0.00;105.08;0.00;0.00;59.00;17.23;35.36;179.96;849.30;179.86;878.66;869.22;80.25;0.57
11930;0.00;104.99;0.00;105.02;0.00;0.00;59.02;17.23;35.36;179.97;849.67;179.84;878.87;869.33;80.25;0.53
11935;0.00;104.97;0.00;105.04;0.00;0.00;59.05;17.23;35.36;180.02;850.77;179.83;879.26;869.61;80.25;0.55
11940;0.00;105.20;0.00;104.92;0.00;0.00;58.98;17.20;35.36;180.04;850.79;179.87;879.76;869.89;80.25;0.57
11945;0.00;105.03;0.00;104.99;0.00;0.00;59.03;17.23;35.36;180.05;850.32;179.91;879.57;869.89;80.25;0.52
11950;0.00;105.03;0.00;105.01;0.00;0.00;59.05;17.19;35.36;180.01;849.69;179.96;879.16;869.63;80.25;0.56
11955;0.00;104.79;0.00;105.09;0.00;0.00;59.00;17.20;35.36;179.98;849.50;180.01;878.86;869.42;80.24;0.55
11960;0.00;105.01;0.00;105.02;0.00;0.00;59.02;17.23;35.36;179.96;849.93;180.10;879.11;869.54;80.24;0.52
11965;0.00;105.02;0.00;105.04;0.00;0.00;59.04;17.22;35.36;179.95;850.43;180.14;879.47;869.80;80.25;0.56
11970;0.00;105.20;0.00;104.94;0.00;0.00;58.98;17.19;35.36;179.99;850.99;180.17;879.70;869.97;80.25;0.52
11975;0.00;105.04;0.00;105.01;0.00;0.00;59.04;17.20;35.37;180.01;850.06;180.18;879.60;869.92;80.25;0.51
11980;0.00;105.01;0.00;105.00;0.00;0.00;59.05;17.23;35.37;180.03;849.28;180.16;878.81;869.37;80.25;0.54
11985;0.00;104.77;0.00;105.11;0.00;0.00;58.98;17.22;35.38;180.04;849.31;180.14;878.58;869.20;80.25;0.52
11990;0.00;105.00;0.00;105.01;0.00;0.00;59.02;17.23;35.37;180.02;849.64;180.10;878.71;869.24;80.25;0.53
11995;0.00;104.99;0.00;105.06;0.00;0.00;59.05;17.25;35.37;180.00;850.63;180.00;879.03;869.45;80.25;0.54
12000;0.00;105.22;0.00;104.92;0.00;0.00;58.98;17.19;35.38;179.98;850.81;179.95;879.50;869.79;80.24;0.57
12005;0.00;105.04;0.00;105.00;0.00;0.00;59.04;17.22;35.37;179.97;850.31;179.90;879.34;869.70;80.24;0.52
12010;0.00;105.01;0.00;104.99;0.00;0.00;59.04;17.23;35.38;179.97;849.71;179.87;878.98;869.47;80.25;0.55
12015;0.00;104.83;0.00;105.09;0.00;0.00;58.95;17.23;35.38;179.99;849.40;179.82;878.69;869.27;80.25;0.57
12020;0.00;104.99;0.00;105.03;0.00;0.00;59.03;17.22;35.39;180.01;849.83;179.81;879.02;869.44;80.25;0.52
12025;0.00;105.01;0.00;105.03;0.00;0.00;59.05;17.23;35.38;180.03;850.33;179.83;879.44;869.74;80.25;0.56
12030;0.00;105.25;0.00;104.89;0.00;0.00;59.02;17.20;35.38;180.04;850.64;179.86;879.75;869.98;80.25;0.53
12035;0.00;105.02;0.00;104.99;0.00;0.00;59.03;17.23;35.38;180.03;850.11;179.94;879.41;870.00;80.25;0.51
12040;0.00;105.01;0.00;105.00;0.00;0.00;59.04;17.25;35.38;180.00;849.33;179.99;878.99;869.53;80.25;0.53
12045;0.00;104.83;0.00;105.09;0.00;0.00;58.98;17.23;35.38;179.97;849.30;180.05;878.75;869.34;80.24;0.53
12050;0.00;105.02;0.00;105.01;0.00;0.00;59.02;17.23;35.39;179.97;850.06;180.09;878.82;869.33;80.24;0.53
12055;0.00;105.00;0.00;105.04;0.00;0.00;59.04;17.25;35.39;179.98;850.61;180.16;879.46;869.53;80.24;0.54
12060;0.00;105.17;0.00;104.89;0.00;0.00;58.98;17.20;35.39;180.02;850.88;180.17;879.58;869.87;80.24;0.57
12065;0.00;105.05;0.00;104.99;0.00;0.00;59.03;17.22;35.39;180.04;850.41;180.17;879.41;869.76;80.25;0.51
12070;0.00;105.05;0.00;105.01;0.00;0.00;59.04;17.20;35.39;180.05;849.20;180.15;879.03;869.51;80.25;0.55
12075;0.00;104.83;0.00;105.09;0.00;0.00;58.99;17.22;35.39;180.04;849.37;180.09;878.59;869.25;80.25;0.57
12080;0.00;105.02;0.00;105.03;0.00;0.00;59.03;17.22;35.39;180.01;849.77;180.04;878.85;869.29;80.25;0.54
12085;0.00;105.00;0.00;105.04;0.00;0.00;59.06;17.23;35.40;179.95;850.23;179.99;879.24;869.58;80.25;0.55
12090;0.00;105.21;0.00;104.94;0.00;0.00;58.98;17.22;35.40;179.95;850.68;179.94;879.56;869.82;80.24;0.54
12095;0.00;105.01;0.00;104.99;0.00;0.00;59.03;17.25;35.40;179.97;850.16;179.87;879.34;869.72;80.24;0.51
12100;0.00;105.03;0.00;105.00;0.00;0.00;59.03;17.23;35.41;180.01;849.40;179.84;878.94;869.45;80.25;0.56
12105;0.00;104.79;0.00;105.09;0.00;0.00;58.98;17.19;35.40;180.06;849.26;179.83;878.71;869.28;80.25;0.53
12110;0.00;105.00;0.00;105.01;0.00;0.00;59.02;17.23;35.41;180.07;849.99;179.85;878.78;869.30;80.25;0.53
12115;0.00;105.02;0.00;105.05;0.00;0.00;59.05;17.23;35.41;180.06;850.50;179.88;879.44;869.74;80.25;0.54
12120;0.00;105.21;0.00;104.93;0.00;0.00;58.97;17.22;35.41;180.03;850.94;179.92;879.61;869.89;80.25;0.50
12125;0.00;105.02;0.00;104.99;0.00;0.00;59.02;17.27;35.41;179.97;850.46;179.96;879.48;869.81;80.25;0.51
12130;0.00;105.03;0.00;104.99;0.00;0.00;59.01;17.22;35.41;179.96;849.21;180.06;879.09;869.57;80.25;0.54
12135;0.00;104.78;0.00;105.11;0.00;0.00;58.98;17.23;35.41;179.98;849.33;180.10;878.61;869.20;80.25;0.57
12140;0.00;105.01;0.00;105.02;0.00;0.00;59.02;17.25;35.41;180.00;849.72;180.14;878.86;869.31;80.25;0.53
12145;0.00;105.00;0.00;105.05;0.00;0.00;59.06;17.25;35.41;180.04;850.20;180.16;879.23;869.58;80.25;0.55
12150;0.00;105.22;0.00;104.93;0.00;0.00;58.99;17.25;35.42;180.05;850.72;180.16;879.57;869.83;80.25;0.56
12155;0.00;105.06;0.00;104.99;0.00;0.00;59.05;17.25;35.42;180.04;850.20;180.15;879.37;869.76;80.25;0.50
12160;0.00;104.99;0.00;104.99;0.00;0.00;59.02;17.22;35.41;180.02;849.54;180.11;878.96;869.49;80.24;0.56
12165;0.00;104.85;0.00;105.08;0.00;0.00;58.99;17.22;35.41;179.99;849.51;180.08;878.70;869.29;80.25;0.53
12170;0.00;104.99;0.00;105.03;0.00;0.00;58.99;17.22;35.42;179.99;849.95;179.98;879.02;869.26;80.25;0.53
12175;0.00;104.98;0.00;105.04;0.00;0.00;59.05;17.20;35.42;180.00;850.45;179.94;879.39;869.70;80.25;0.54
12180;0.00;105.22;0.00;104.91;0.00;0.00;58.98;17.23;35.41;180.01;850.96;179.90;879.60;869.86;80.25;0.51
12185;0.00;105.04;0.00;105.01;0.00;0.00;59.03;17.22;35.42;180.04;849.96;179.87;879.49;869.80;80.25;0.51
12190;0.00;105.02;0.00;104.99;0.00;0.00;59.03;17.25;35.42;180.05;849.22;179.86;878.72;869.58;80.25;0.54
12195;0.00;104.84;0.00;105.08;0.00;0.00;58.99;17.23;35.41;180.03;849.31;179.86;878.59;869.18;80.25;0.52
12200;0.00;105.00;0.00;105.01;0.00;0.00;59.02;17.23;35.42;180.01;849.67;179.89;878.75;869.26;80.25;0.53
12205;0.00;105.00;0.00;105.04;0.00;0.00;59.05;17.23;35.42;179.96;850.71;179.92;879.12;869.49;80.24;0.54
12210;0.00;105.28;0.00;104.90;0.00;0.00;58.97;17.25;35.43;179.97;850.77;180.00;879.56;869.74;80.25;0.57
12215;0.00;105.05;0.00;105.00;0.00;0.00;59.04;17.20;35.42;179.98;850.26;180.04;879.35;869.72;80.25;0.52
12220;0.00;105.01;0.00;105.00;0.00;0.00;59.03;17.22;35.42;180.01;849.60;180.07;878.96;869.46;80.25;0.56
12225;0.00;104.80;0.00;105.10;0.00;0.00;59.01;17.16;35.42;180.05;849.46;180.11;878.70;869.26;80.25;0.54
12230;0.00;105.00;0.00;105.01;0.00;0.00;59.02;17.20;35.43;180.04;849.90;180.15;879.04;869.46;80.25;0.52
12235;0.00;105.01;0.00;105.06;0.00;0.00;59.06;17.25;35.43;180.03;850.36;180.14;879.43;869.75;80.26;0.56
12240;0.00;105.20;0.00;104.94;0.00;0.00;59.00;17.20;35.43;179.99;850.95;180.12;879.69;869.94;80.26;0.51
12245;0.00;105.03;0.00;104.99;0.00;0.00;59.01;17.25;35.44;179.97;850.01;180.07;879.65;869.94;80.26;0.51
12250;0.00;105.01;0.00;104.99;0.00;0.00;59.02;17.23;35.43;179.97;849.25;180.03;878.93;869.47;80.26;0.54
12255;0.00;104.79;0.00;105.11;0.00;0.00;59.01;17.27;35.44;179.98;849.30;179.98;878.76;869.32;80.26;0.52
12260;0.00;105.00;0.00;105.03;0.00;0.00;59.01;17.23;35.44;180.02;849.64;179.94;878.89;869.38;80.26;0.53
12265;0.00;105.00;0.00;105.04;0.00;0.00;59.05;17.22;35.44;180.02;850.69;179.88;879.23;869.62;80.26;0.54
12270;0.00;105.21;0.00;104.92;0.00;0.00;58.98;17.20;35.44;180.03;850.84;179.86;879.68;869.97;80.26;0.57
12275;0.00;105.04;0.00;105.00;0.00;0.00;59.03;17.23;35.44;180.02;850.32;179.85;879.45;869.83;80.26;0.52
12280;0.00;105.02;0.00;104.98;0.00;0.00;59.05;17.23;35.44;180.00;849.74;179.85;879.08;869.55;80.26;0.55
12285;0.00;104.85;0.00;105.09;0.00;0.00;58.98;17.22;35.44;179.99;849.40;179.90;878.67;869.30;80.26;0.56
12290;0.00;104.99;0.00;105.03;0.00;0.00;59.03;17.22;35.44;180.00;849.81;179.92;878.94;869.40;80.25;0.52
12295;0.00;105.00;0.00;105.04;0.00;0.00;59.03;17.22;35.44;180.01;850.77;179.97;879.32;869.64;80.26;0.55
12300;0.00;105.26;0.00;104.91;0.00;0.00;58.98;17.20;35.44;180.02;850.74;180.05;879.68;869.86;80.26;0.57
12305;0.00;105.05;0.00;105.00;0.00;0.00;59.02;17.25;35.45;180.02;850.23;180.09;879.47;869.83;80.26;0.50
12310;0.00;105.02;0.00;105.01;0.00;0.00;59.03;17.20;35.44;180.01;849.54;180.11;879.08;869.58;80.26;0.56
12315;0.00;104.81;0.00;105.09;0.00;0.00;58.99;17.23;35.45;180.01;849.49;180.13;878.82;869.37;80.26;0.54
12320;0.00;104.97;0.00;105.01;0.00;0.00;59.02;17.22;35.44;180.02;849.93;180.13;879.13;869.53;80.25;0.52
12325;0.00;105.01;0.00;105.04;0.00;0.00;59.06;17.23;35.44;180.03;850.44;180.11;879.50;869.79;80.26;0.56
12330;0.00;105.18;0.00;104.94;0.00;0.00;58.95;17.20;35.44;180.04;850.99;180.08;879.70;869.97;80.26;0.51
12335;0.00;105.05;0.00;104.98;0.00;0.00;59.04;17.27;35.45;180.03;850.01;180.01;879.60;869.92;80.26;0.51
12340;0.00;105.01;0.00;105.00;0.00;0.00;59.01;17.23;35.45;180.00;849.24;179.97;878.80;869.37;80.26;0.54
12345;0.00;104.77;0.00;105.12;0.00;0.00;59.01;17.19;35.45;179.98;849.29;179.93;878.60;869.20;80.26;0.52
12350;0.00;105.00;0.00;105.01;0.00;0.00;59.03;17.20;35.45;179.98;849.61;179.90;878.75;869.25;80.26;0.53
12355;0.00;104.99;0.00;105.04;0.00;0.00;59.05;17.28;35.45;180.00;850.66;179.86;879.12;869.49;80.26;0.54
12360;0.00;105.24;0.00;104.91;0.00;0.00;58.98;17.20;35.45;180.03;850.81;179.86;879.62;869.89;80.26;0.57
12365;0.00;105.03;0.00;105.01;0.00;0.00;59.05;17.25;35.45;180.04;850.30;179.87;879.44;869.80;80.26;0.52
12370;0.00;105.00;0.00;105.01;0.00;0.00;59.02;17.22;35.46;180.04;849.73;179.89;879.09;869.56;80.26;0.55
12375;0.00;104.84;0.00;105.08;0.00;0.00;58.99;17.20;35.46;180.02;849.44;179.95;878.80;869.37;80.26;0.56
12380;0.00;104.97;0.00;105.01;0.00;0.00;59.02;17.27;35.46;179.99;849.87;179.98;879.10;869.51;80.26;0.52
12385;0.00;105.00;0.00;105.04;0.00;0.00;59.05;17.27;35.46;179.98;850.38;180.02;879.50;869.79;80.26;0.56
12390;0.00;105.26;0.00;104.89;0.00;0.00;58.99;17.20;35.46;179.98;850.68;180.05;879.73;869.99;80.26;0.52
12395;0.00;105.04;0.00;104.99;0.00;0.00;59.02;17.23;35.47;179.99;850.13;180.11;879.32;869.98;80.26;0.51
12400;0.00;105.01;0.00;105.00;0.00;0.00;59.05;17.23;35.47;180.00;849.33;180.12;878.87;869.42;80.26;0.53
12405;0.00;104.79;0.00;105.10;0.00;0.00;59.01;17.23;35.47;180.02;849.27;180.13;878.60;869.21;80.26;0.53
12410;0.00;105.00;0.00;105.02;0.00;0.00;59.01;17.23;35.47;180.03;850.02;180.12;878.65;869.20;80.25;0.53
12415;0.00;105.02;0.00;105.04;0.00;0.00;59.05;17.22;35.48;180.02;850.55;180.09;879.33;869.39;80.26;0.54
12420;0.00;105.21;0.00;104.93;0.00;0.00;58.99;17.20;35.48;180.02;850.86;180.06;879.49;869.78;80.26;0.50
12425;0.00;105.04;0.00;105.00;0.00;0.00;59.01;17.23;35.48;179.99;850.39;180.02;879.33;869.69;80.26;0.51
12430;0.00;105.01;0.00;105.00;0.00;0.00;59.01;17.23;35.47;179.98;849.16;179.99;879.01;869.48;80.26;0.55
12435;0.00;104.80;0.00;105.09;0.00;0.00;59.01;17.27;35.47;179.99;849.34;179.91;878.67;869.24;80.26;0.57
12440;0.00;105.00;0.00;105.02;0.00;0.00;59.01;17.22;35.48;179.99;849.75;179.88;878.96;869.40;80.26;0.53
12445;0.00;104.99;0.00;105.06;0.00;0.00;59.05;17.25;35.47;180.01;850.22;179.87;879.40;869.73;80.26;0.55
12450;0.00;105.22;0.00;104.92;0.00;0.00;58.95;17.23;35.48;180.02;850.72;179.87;879.75;870.00;80.26;0.54
12455;0.00;105.05;0.00;104.99;0.00;0.00;59.03;17.28;35.48;180.03;850.20;179.89;879.55;869.92;80.26;0.50
12460;0.00;105.01;0.00;104.99;0.00;0.00;59.02;17.23;35.48;180.03;849.45;179.92;879.12;869.64;80.26;0.56
12465;0.00;104.77;0.00;105.10;0.00;0.00;58.99;17.20;35.48;180.00;849.28;179.96;878.86;869.43;80.26;0.53
12470;0.00;105.01;0.00;105.00;0.00;0.00;59.02;17.23;35.48;179.99;850.00;180.06;878.88;869.41;80.26;0.53
12475;0.00;104.98;0.00;105.04;0.00;0.00;59.04;17.25;35.48;179.99;850.52;180.10;879.47;869.79;80.26;0.54
12480;0.00;105.22;0.00;104.91;0.00;0.00;58.98;17.19;35.49;180.00;850.97;180.14;879.60;869.89;80.26;0.50
12485;0.00;105.03;0.00;105.01;0.00;0.00;59.02;17.23;35.48;180.04;850.48;180.17;879.43;869.78;80.26;0.51
12490;0.00;105.01;0.00;105.01;0.00;0.00;59.04;17.22;35.49;180.04;849.18;180.19;878.64;869.52;80.26;0.54
12495;0.00;104.87;0.00;105.12;0.00;0.00;58.98;17.22;35.48;180.03;849.30;180.18;878.49;869.10;80.26;0.57
12500;0.00;104.99;0.00;105.03;0.00;0.00;59.01;17.23;35.49;180.01;849.67;180.15;878.70;869.20;80.25;0.53
12505;0.00;105.00;0.00;105.04;0.00;0.00;59.05;17.27;35.49;179.99;850.74;180.12;879.11;869.47;80.26;0.55
12510;0.00;105.22;0.00;104.90;0.00;0.00;58.98;17.19;35.49;180.00;850.73;180.03;879.58;869.75;80.26;0.57
12515;0.00;105.05;0.00;104.98;0.00;0.00;59.03;17.25;35.50;180.01;850.21;179.99;879.40;869.76;80.26;0.50
12520;0.00;105.04;0.00;104.99;0.00;0.00;59.02;17.22;35.50;180.02;849.53;179.93;879.04;869.53;80.26;0.56
12525;0.00;104.85;0.00;105.09;0.00;0.00;58.97;17.20;35.50;180.04;849.49;179.89;878.82;869.39;80.26;0.54
12530;0.00;104.98;0.00;105.03;0.00;0.00;59.03;17.25;35.50;180.03;849.92;179.84;879.25;869.42;80.26;0.52
12535;0.00;105.00;0.00;105.04;0.00;0.00;59.03;17.23;35.50;180.02;850.43;179.84;879.67;869.95;80.26;0.56
12540;0.00;105.26;0.00;104.91;0.00;0.00;58.97;17.23;35.50;180.01;851.02;179.85;879.90;870.14;80.26;0.51
12545;0.00;105.04;0.00;105.01;0.00;0.00;59.02;17.22;35.50;180.01;850.02;179.88;879.79;870.09;80.26;0.51
12550;0.00;105.01;0.00;105.00;0.00;0.00;59.03;17.22;35.50;180.02;849.27;179.97;878.99;869.53;80.25;0.54
12555;0.00;104.84;0.00;105.08;0.00;0.00;58.98;17.17;35.50;180.01;849.36;180.02;878.76;869.35;80.26;0.52
12560;0.00;104.99;0.00;105.01;0.00;0.00;59.01;17.25;35.51;180.02;849.68;180.08;878.86;869.37;80.26;0.53
12565;0.00;105.01;0.00;105.04;0.00;0.00;59.05;17.20;35.52;180.02;850.70;180.18;879.16;869.57;80.26;0.54
12570;0.00;105.18;0.00;104.89;0.00;0.00;59.01;17.22;35.52;180.02;850.78;180.21;879.54;869.85;80.26;0.57
12575;0.00;105.02;0.00;105.01;0.00;0.00;59.05;17.23;35.53;180.02;850.24;180.24;879.33;869.70;80.26;0.52
12580;0.00;105.02;0.00;105.01;0.00;0.00;59.04;17.25;35.54;180.01;849.59;180.25;878.94;869.46;80.26;0.55
12585;0.00;104.80;0.00;105.11;0.00;0.00;58.98;17.22;35.55;180.01;849.40;180.25;878.66;869.25;80.26;0.55
12590;0.00;104.99;0.00;105.01;0.00;0.00;59.04;17.23;35.55;180.01;849.85;180.23;879.07;869.47;80.26;0.52
12595;0.00;105.00;0.00;105.04;0.00;0.00;59.05;17.23;35.56;180.02;850.37;180.20;879.50;869.79;80.26;0.56
12600;0.00;105.19;0.00;104.93;0.00;0.00;58.98;17.20;35.56;180.02;850.99;180.16;879.78;870.02;80.26;0.52
12605;0.00;105.02;0.00;104.99;0.00;0.00;59.02;17.22;35.57;180.02;850.11;180.12;879.75;870.05;80.26;0.51
12610;0.00;105.01;0.00;105.00;0.00;0.00;59.02;17.23;35.57;180.01;849.34;180.10;879.01;869.54;80.26;0.53
12615;0.00;104.77;0.00;105.11;0.00;0.00;58.98;17.19;35.58;180.00;849.35;180.09;878.76;869.35;80.26;0.52
12620;0.00;105.01;0.00;105.01;0.00;0.00;59.02;17.23;35.59;180.01;850.14;180.10;878.82;869.36;80.26;0.53
12625;0.00;105.01;0.00;105.05;0.00;0.00;59.04;17.27;35.59;180.00;850.65;180.14;879.39;869.51;80.26;0.54
12630;0.00;105.22;0.00;104.92;0.00;0.00;58.99;17.22;35.59;179.99;850.91;180.18;879.43;869.76;80.26;0.57
12635;0.00;105.03;0.00;104.99;0.00;0.00;59.02;17.25;35.59;179.98;850.38;180.22;879.19;869.61;80.26;0.51
12640;0.00;105.05;0.00;105.01;0.00;0.00;59.01;17.27;35.59;179.96;849.17;180.27;878.74;869.29;80.26;0.55
12645;0.00;104.86;0.00;105.08;0.00;0.00;59.00;17.22;35.60;179.95;849.37;180.36;878.29;869.01;80.26;0.57
12650;0.00;104.98;0.00;105.02;0.00;0.00;59.01;17.25;35.60;179.97;849.76;180.39;878.55;869.05;80.26;0.52
12655;0.00;104.98;0.00;105.06;0.00;0.00;59.05;17.28;35.60;179.97;850.25;180.42;878.95;869.33;80.26;0.55
12660;0.00;105.25;0.00;104.91;0.00;0.00;58.98;17.22;35.60;179.98;850.63;180.43;879.30;869.58;80.26;0.53
12665;0.00;105.05;0.00;105.00;0.00;0.00;59.03;17.25;35.60;179.97;850.09;180.40;879.07;869.63;80.26;0.51
12670;0.00;105.01;0.00;105.02;0.00;0.00;59.03;17.25;35.60;179.96;849.33;180.38;878.68;869.23;80.26;0.56
12675;0.00;104.83;0.00;105.10;0.00;0.00;59.00;17.25;35.60;179.95;849.28;180.33;878.49;869.07;80.26;0.53
12680;0.00;105.02;0.00;105.03;0.00;0.00;59.02;17.27;35.59;179.96;850.07;180.29;878.59;869.10;80.26;0.53
12685;0.00;104.99;0.00;105.03;0.00;0.00;59.06;17.22;35.59;179.96;850.62;180.20;879.22;869.57;80.25;0.54
12690;0.00;105.24;0.00;104.91;0.00;0.00;59.00;17.20;35.59;179.95;850.99;180.17;879.34;869.66;80.26;0.50
12695;0.00;105.07;0.00;105.00;0.00;0.00;59.03;17.20;35.57;179.95;850.49;180.15;879.15;869.52;80.26;0.51
12700;0.00;105.03;0.00;105.01;0.00;0.00;59.05;17.22;35.58;179.95;849.25;180.13;878.70;869.21;80.26;0.55
12705;0.00;104.79;0.00;105.12;0.00;0.00;58.97;17.20;35.57;179.95;849.48;180.15;878.23;868.82;80.26;0.55
12710;0.00;104.99;0.00;105.02;0.00;0.00;59.04;17.25;35.56;179.94;849.87;180.17;878.27;868.79;80.26;0.52
12715;0.00;104.98;0.00;105.05;0.00;0.00;59.05;17.25;35.55;179.94;850.34;180.21;878.60;869.00;80.27;0.56
12720;0.00;105.22;0.00;104.91;0.00;0.00;59.00;17.20;35.55;179.95;850.95;180.25;878.82;869.17;80.27;0.52
12725;0.00;105.03;0.00;104.99;0.00;0.00;59.03;17.22;35.53;179.96;849.99;180.32;878.75;869.15;80.27;0.51
12730;0.00;105.02;0.00;105.01;0.00;0.00;59.03;17.23;35.53;179.95;849.24;180.36;878.05;868.66;80.27;0.53
12735;0.00;104.86;0.00;105.08;0.00;0.00;58.98;17.20;35.52;179.94;849.24;180.39;877.88;868.52;80.27;0.52
12740;0.00;104.97;0.00;105.01;0.00;0.00;58.99;17.22;35.51;179.93;850.07;180.42;878.05;868.62;80.24;0.53
12745;0.00;104.98;0.00;105.04;0.00;0.00;59.04;17.23;35.50;179.94;850.65;180.44;878.90;868.89;80.24;0.54
12750;0.00;105.26;0.00;104.91;0.00;0.00;58.98;17.22;35.50;179.94;850.93;180.43;879.04;869.33;80.23;0.57
12755;0.00;105.04;0.00;105.00;0.00;0.00;59.02;17.23;35.49;179.95;850.42;180.41;878.89;869.24;80.23;0.51
12760;0.00;105.01;0.00;105.00;0.00;0.00;59.03;17.20;35.48;179.96;849.24;180.39;878.47;869.00;80.24;0.55
12765;0.00;104.81;0.00;105.11;0.00;0.00;58.99;17.22;35.47;179.96;849.44;180.32;878.01;868.72;80.24;0.57
12770;0.00;104.99;0.00;105.03;0.00;0.00;59.02;17.22;35.47;179.95;849.82;180.28;878.19;868.73;80.24;0.53
12775;0.00;105.01;0.00;105.04;0.00;0.00;59.05;17.23;35.47;179.94;850.30;180.24;878.54;868.94;80.24;0.55
12780;0.00;105.16;0.00;104.92;0.00;0.00;58.97;17.19;35.46;179.93;850.69;180.21;878.76;869.12;80.25;0.53
12785;0.00;105.06;0.00;105.01;0.00;0.00;59.02;17.22;35.46;179.94;850.12;180.17;878.39;868.87;80.25;0.50
12790;0.00;105.00;0.00;104.99;0.00;0.00;59.03;17.22;35.45;179.95;849.37;180.17;877.96;868.56;80.25;0.56
12795;0.00;104.79;0.00;105.11;0.00;0.00;58.99;17.19;35.45;179.97;849.22;180.18;877.70;868.35;80.25;0.53
12800;0.00;105.01;0.00;105.02;0.00;0.00;59.02;17.23;35.44;179.96;849.97;180.23;877.78;868.37;80.25;0.53
12805;0.00;105.00;0.00;105.06;0.00;0.00;59.03;17.20;35.44;179.95;850.50;180.26;878.48;868.88;80.26;0.54
12810;0.00;105.22;0.00;104.91;0.00;0.00;59.01;17.23;35.43;179.93;850.90;180.31;878.72;869.05;80.26;0.50
12815;0.00;105.02;0.00;104.99;0.00;0.00;59.03;17.23;35.42;179.92;850.40;180.34;878.63;868.99;80.26;0.51
12820;0.00;105.00;0.00;105.01;0.00;0.00;59.04;17.25;35.42;179.93;849.19;180.42;878.31;868.80;80.25;0.54
12825;0.00;104.87;0.00;105.08;0.00;0.00;58.98;17.19;35.42;179.95;849.36;180.44;877.94;868.52;80.25;0.57
12830;0.00;104.97;0.00;105.01;0.00;0.00;59.02;17.19;35.42;179.97;849.78;180.45;878.18;868.68;80.26;0.53
12835;0.00;105.01;0.00;105.03;0.00;0.00;59.05;17.25;35.41;179.98;850.28;180.46;878.58;868.96;80.26;0.55
12840;0.00;105.23;0.00;104.91;0.00;0.00;58.99;17.25;35.41;179.96;850.80;180.45;878.90;869.20;80.27;0.56
12845;0.00;105.03;0.00;105.00;0.00;0.00;59.02;17.28;35.41;179.94;850.25;180.42;878.60;869.04;80.27;0.50
12850;0.00;105.03;0.00;104.99;0.00;0.00;59.03;17.23;35.40;179.93;849.51;180.39;878.14;868.72;80.27;0.56
12855;0.00;104.84;0.00;105.09;0.00;0.00;58.98;17.22;35.40;179.95;849.53;180.35;877.79;868.47;80.27;0.53
12860;0.00;105.00;0.00;105.03;0.00;0.00;59.03;17.22;35.40;179.97;849.97;180.28;878.03;868.42;80.27;0.52
12865;0.00;105.02;0.00;105.05;0.00;0.00;59.05;17.25;35.41;179.98;850.44;180.26;878.36;868.79;80.27;0.54
12870;0.00;105.25;0.00;104.90;0.00;0.00;58.98;17.23;35.40;179.99;850.96;180.23;878.57;868.92;80.27;0.51
12875;0.00;105.02;0.00;104.98;0.00;0.00;59.03;17.20;35.39;179.97;849.87;180.22;878.45;868.85;80.27;0.51
12880;0.00;105.02;0.00;105.01;0.00;0.00;59.05;17.20;35.40;179.96;849.15;180.22;877.73;868.62;80.27;0.54
12885;0.00;104.81;0.00;105.09;0.00;0.00;59.00;17.23;35.39;179.94;849.26;180.23;877.63;868.26;80.27;0.57
12890;0.00;105.01;0.00;105.02;0.00;0.00;59.02;17.23;35.40;179.93;849.64;180.26;877.87;868.42;80.27;0.53
12895;0.00;105.00;0.00;105.04;0.00;0.00;59.08;17.22;35.40;179.91;850.77;180.29;878.30;868.71;80.27;0.54
12900;0.00;105.19;0.00;104.93;0.00;0.00;58.97;17.20;35.39;179.92;850.78;180.37;878.83;869.00;80.27;0.57
12905;0.00;105.04;0.00;105.00;0.00;0.00;59.02;17.28;35.39;179.94;850.25;180.41;878.62;869.03;80.27;0.52
12910;0.00;105.03;0.00;104.99;0.00;0.00;59.02;17.27;35.39;179.96;849.64;180.45;878.25;868.78;80.26;0.55
12915;0.00;104.78;0.00;105.11;0.00;0.00;58.99;17.22;35.39;179.98;849.51;180.47;877.96;868.57;80.27;0.55
12920;0.00;104.98;0.00;105.01;0.00;0.00;59.02;17.25;35.39;179.98;849.96;180.50;878.23;868.69;80.27;0.52
12925;0.00;104.99;0.00;105.05;0.00;0.00;59.04;17.25;35.40;179.97;850.46;180.50;878.60;868.94;80.27;0.56
12930;0.00;105.23;0.00;104.92;0.00;0.00;58.98;17.22;35.39;179.95;851.04;180.48;878.78;869.08;80.27;0.51
12935;0.00;105.03;0.00;105.00;0.00;0.00;59.02;17.22;35.39;179.94;850.02;180.43;878.63;869.00;80.27;0.51
12940;0.00;105.04;0.00;105.01;0.00;0.00;59.03;17.23;35.39;179.94;849.24;180.39;877.76;868.39;80.27;0.53
12945;0.00;104.84;0.00;105.09;0.00;0.00;58.97;17.23;35.39;179.94;849.28;180.35;877.57;868.20;80.27;0.52
12950;0.00;105.00;0.00;105.02;0.00;0.00;59.01;17.20;35.39;179.96;849.63;180.31;877.66;868.23;80.27;0.53
12955;0.00;105.01;0.00;105.04;0.00;0.00;59.07;17.23;35.39;179.97;850.68;180.26;877.98;868.46;80.27;0.54
12960;0.00;105.26;0.00;104.89;0.00;0.00;58.98;17.20;35.39;179.97;850.80;180.24;878.48;868.82;80.27;0.57
12965;0.00;105.02;0.00;104.99;0.00;0.00;59.03;17.27;35.39;179.97;850.26;180.23;878.31;868.72;80.27;0.52
12970;0.00;105.04;0.00;105.01;0.00;0.00;59.02;17.22;35.39;179.97;849.63;180.24;877.96;868.50;80.27;0.55
12975;0.00;104.81;0.00;105.11;0.00;0.00;58.99;17.23;35.39;179.96;849.40;180.28;877.72;868.34;80.27;0.56
12980;0.00;105.01;0.00;105.01;0.00;0.00;59.02;17.27;35.39;179.97;849.86;180.31;878.13;868.57;80.27;0.52
12985;0.00;105.00;0.00;105.04;0.00;0.00;59.04;17.27;35.39;179.97;850.34;180.35;878.59;868.92;80.27;0.56
12990;0.00;105.20;0.00;104.94;0.00;0.00;58.98;17.20;35.39;179.96;850.67;180.39;878.91;869.18;80.27;0.52
12995;0.00;105.03;0.00;105.00;0.00;0.00;59.05;17.23;35.39;179.95;850.10;180.45;878.60;869.20;80.27;0.51
13000;0.00;105.03;0.00;105.00;0.00;0.00;59.02;17.19;35.39;179.94;849.32;180.47;878.17;868.71;80.27;0.53
13005;0.00;104.76;0.00;105.12;0.00;0.00;58.99;17.20;35.39;179.94;849.33;180.48;877.91;868.53;80.27;0.52
13010;0.00;105.01;0.00;105.03;0.00;0.00;59.01;17.25;35.39;179.96;850.10;180.49;877.95;868.51;80.27;0.53
13015;0.00;104.98;0.00;105.03;0.00;0.00;59.07;17.25;35.39;179.97;850.64;180.47;878.48;868.67;80.27;0.54
13020;0.00;105.22;0.00;104.90;0.00;0.00;58.99;17.19;35.39;179.97;850.90;180.45;878.52;868.88;80.27;0.57
13025;0.00;105.04;0.00;104.99;0.00;0.00;59.04;17.22;35.39;179.97;850.34;180.41;878.30;868.73;80.27;0.51
13030;0.00;105.01;0.00;105.01;0.00;0.00;59.02;17.28;35.39;179.95;849.12;180.38;877.85;868.42;80.28;0.55
13035;0.00;104.84;0.00;105.08;0.00;0.00;58.95;17.20;35.39;179.95;849.31;180.30;877.47;868.15;80.28;0.57
13040;0.00;104.99;0.00;105.03;0.00;0.00;59.02;17.20;35.39;179.94;849.73;180.27;877.78;868.28;80.27;0.53
13045;0.00;105.00;0.00;105.04;0.00;0.00;59.07;17.27;35.39;179.97;850.22;180.24;878.22;868.58;80.27;0.55
13050;0.00;105.25;0.00;104.91;0.00;0.00;58.99;17.20;35.39;180.00;850.65;180.23;878.61;868.89;80.27;0.54
13055;0.00;105.04;0.00;105.01;0.00;0.00;59.05;17.28;35.40;180.00;850.11;180.22;878.47;868.88;80.27;0.50
13060;0.00;105.03;0.00;104.99;0.00;0.00;59.02;17.23;35.40;180.00;849.34;180.24;878.14;868.65;80.27;0.56
13065;0.00;104.80;0.00;105.11;0.00;0.00;58.99;17.20;35.40;179.96;849.25;180.27;877.94;868.52;80.27;0.53
13070;0.00;104.99;0.00;105.01;0.00;0.00;59.02;17.22;35.40;179.96;850.03;180.35;878.04;868.56;80.28;0.52
13075;0.00;104.99;0.00;105.04;0.00;0.00;59.05;17.23;35.40;179.97;850.57;180.38;878.72;869.03;80.28;0.54
13080;0.00;105.21;0.00;104.91;0.00;0.00;59.02;17.25;35.40;179.97;851.02;180.42;878.85;869.15;80.28;0.50
13085;0.00;105.04;0.00;104.99;0.00;0.00;59.03;17.27;35.40;179.99;850.51;180.45;878.66;869.04;80.28;0.51
13090;0.00;105.02;0.00;105.00;0.00;0.00;59.03;17.22;35.40;180.00;849.22;180.49;878.23;868.74;80.27;0.54
13095;0.00;104.78;0.00;105.12;0.00;0.00;58.96;17.22;35.40;180.01;849.35;180.49;877.62;868.25;80.27;0.57
13100;0.00;104.99;0.00;105.01;0.00;0.00;59.02;17.23;35.40;180.01;849.73;180.48;877.76;868.31;80.27;0.53
13105;0.00;105.01;0.00;105.03;0.00;0.00;59.06;17.25;35.39;179.97;850.19;180.47;878.08;868.52;80.28;0.55
13110;0.00;105.22;0.00;104.90;0.00;0.00;58.98;17.25;35.40;179.95;850.67;180.42;878.41;868.72;80.28;0.56
13115;0.00;105.03;0.00;105.00;0.00;0.00;59.05;17.20;35.40;179.94;850.14;180.38;878.16;868.61;80.28;0.50
13120;0.00;105.03;0.00;105.00;0.00;0.00;59.02;17.23;35.41;179.94;849.41;180.34;877.80;868.37;80.27;0.56
13125;0.00;104.86;0.00;105.09;0.00;0.00;58.98;17.23;35.40;179.98;849.43;180.31;877.59;868.22;80.28;0.54
13130;0.00;105.01;0.00;105.02;0.00;0.00;59.01;17.22;35.40;180.00;849.91;180.27;878.11;868.27;80.28;0.52
13135;0.00;105.00;0.00;105.05;0.00;0.00;59.05;17.23;35.40;180.02;850.40;180.26;878.57;868.87;80.27;0.54
13140;0.00;105.25;0.00;104.89;0.00;0.00;58.99;17.20;35.40;180.02;850.97;180.26;878.86;869.11;80.27;0.51
13145;0.00;105.04;0.00;104.99;0.00;0.00;59.02;17.22;35.40;179.98;849.95;180.27;878.79;869.12;80.27;0.51
13150;0.00;105.01;0.00;105.00;0.00;0.00;59.00;17.22;35.40;179.96;849.23;180.31;878.08;868.92;80.27;0.54
13155;0.00;104.78;0.00;105.10;0.00;0.00;59.00;17.20;35.40;179.95;849.33;180.34;877.92;868.52;80.28;0.52
13160;0.00;105.00;0.00;105.02;0.00;0.00;59.02;17.22;35.41;179.95;849.71;180.36;878.04;868.57;80.28;0.53
13165;0.00;105.01;0.00;105.04;0.00;0.00;59.06;17.25;35.40;179.96;850.80;180.38;878.39;868.78;80.28;0.54
13170;0.00;105.20;0.00;104.92;0.00;0.00;58.95;17.20;35.40;179.98;850.83;180.41;878.66;868.99;80.28;0.57
13175;0.00;105.04;0.00;105.01;0.00;0.00;59.02;17.23;35.41;180.01;850.26;180.43;878.37;868.78;80.28;0.52
13180;0.00;105.02;0.00;105.01;0.00;0.00;59.02;17.25;35.41;180.02;849.63;180.43;877.89;868.46;80.27;0.55
13185;0.00;104.87;0.00;105.12;0.00;0.00;58.97;17.19;35.41;180.00;849.39;180.43;877.52;868.18;80.27;0.55
13190;0.00;105.00;0.00;105.02;0.00;0.00;59.02;17.22;35.41;179.97;849.82;180.41;877.75;868.26;80.28;0.52
13195;0.00;104.97;0.00;105.06;0.00;0.00;59.05;17.25;35.41;179.96;850.31;180.39;878.14;868.57;80.28;0.56
13200;0.00;105.25;0.00;104.90;0.00;0.00;59.00;17.23;35.41;179.97;850.91;180.37;878.45;868.78;80.28;0.51
13205;0.00;105.07;0.00;105.01;0.00;0.00;59.02;17.23;35.41;179.99;849.95;180.32;878.45;868.79;80.28;0.51
13210;0.00;105.03;0.00;104.99;0.00;0.00;59.03;17.25;35.42;180.00;849.18;180.31;877.85;868.41;80.28;0.53
13215;0.00;104.81;0.00;105.08;0.00;0.00;59.01;17.23;35.41;180.01;849.25;180.29;877.76;868.36;80.28;0.52
13220;0.00;104.98;0.00;105.03;0.00;0.00;59.02;17.22;35.42;179.99;849.62;180.27;877.97;868.47;80.28;0.53
13225;0.00;105.00;0.00;105.04;0.00;0.00;59.04;17.23;35.42;179.98;850.67;180.27;878.71;868.74;80.27;0.54
13230;0.00;105.19;0.00;104.92;0.00;0.00;58.97;17.19;35.42;179.97;850.91;180.28;878.84;869.14;80.28;0.57
13235;0.00;105.04;0.00;105.00;0.00;0.00;59.02;17.25;35.42;179.97;850.37;180.29;878.60;869.00;80.28;0.51
13240;0.00;104.99;0.00;105.00;0.00;0.00;59.02;17.25;35.42;180.00;849.21;180.30;878.19;868.70;80.28;0.55
13245;0.00;104.79;0.00;105.09;0.00;0.00;58.99;17.23;35.42;180.01;849.41;180.35;877.73;868.43;80.27;0.57
13250;0.00;105.01;0.00;105.01;0.00;0.00;59.02;17.25;35.43;180.02;849.81;180.37;877.91;868.42;80.28;0.52
13255;0.00;105.00;0.00;105.05;0.00;0.00;59.05;17.23;35.43;180.01;850.30;180.39;878.25;868.64;80.28;0.55
13260;0.00;105.18;0.00;104.94;0.00;0.00;58.95;17.20;35.42;179.99;850.59;180.40;878.48;868.82;80.28;0.52
13265;0.00;105.05;0.00;105.01;0.00;0.00;59.05;17.22;35.43;179.98;850.00;180.40;878.12;868.79;80.28;0.50
13270;0.00;105.02;0.00;105.00;0.00;0.00;59.03;17.23;35.43;179.99;849.23;180.38;877.72;868.30;80.27;0.56
13275;0.00;104.75;0.00;105.12;0.00;0.00;58.99;17.19;35.43;179.99;849.16;180.36;877.52;868.14;80.27;0.52
13280;0.00;104.99;0.00;105.01;0.00;0.00;59.02;17.27;35.42;180.01;849.97;180.35;877.67;868.23;80.28;0.53
13285;0.00;104.99;0.00;105.04;0.00;0.00;59.08;17.23;35.42;180.01;850.55;180.31;878.56;868.85;80.28;0.54
13290;0.00;105.23;0.00;104.91;0.00;0.00;58.99;17.22;35.42;180.01;850.90;180.30;878.79;869.05;80.27;0.50
13295;0.00;105.03;0.00;105.00;0.00;0.00;59.02;17.22;35.43;179.99;850.41;180.27;878.71;869.03;80.28;0.51
13300;0.00;105.02;0.00;105.01;0.00;0.00;59.03;17.27;35.43;179.98;849.20;180.27;878.35;868.81;80.27;0.54
13305;0.00;104.85;0.00;105.08;0.00;0.00;58.99;17.19;35.43;179.99;849.40;180.28;877.93;868.51;80.27;0.57
13310;0.00;105.00;0.00;105.02;0.00;0.00;59.01;17.25;35.42;179.98;849.82;180.28;878.16;868.64;80.28;0.53
13315;0.00;105.01;0.00;105.04;0.00;0.00;59.06;17.25;35.42;179.99;850.32;180.29;878.52;868.87;80.28;0.55
13320;0.00;105.23;0.00;104.89;0.00;0.00;58.98;17.22;35.43;179.99;850.76;180.33;878.79;869.06;80.27;0.54
13325;0.00;105.04;0.00;104.99;0.00;0.00;59.03;17.20;35.41;179.99;850.18;180.35;878.37;868.83;80.28;0.50
13330;0.00;105.03;0.00;105.00;0.00;0.00;59.02;17.22;35.42;179.99;849.39;180.37;877.88;868.49;80.28;0.56
13335;0.00;104.83;0.00;105.10;0.00;0.00;58.98;17.22;35.43;179.99;849.23;180.39;877.56;868.22;80.28;0.53
13340;0.00;104.98;0.00;105.02;0.00;0.00;59.02;17.20;35.43;180.00;849.93;180.40;877.58;868.18;80.28;0.52
13345;0.00;105.00;0.00;105.05;0.00;0.00;59.06;17.23;35.43;180.01;850.46;180.41;878.27;868.63;80.28;0.54
13350;0.00;105.19;0.00;104.93;0.00;0.00;58.98;17.20;35.44;180.01;850.94;180.40;878.50;868.80;80.28;0.50
13355;0.00;105.06;0.00;104.99;0.00;0.00;59.04;17.23;35.44;180.01;850.42;180.39;878.39;868.75;80.28;0.51
13360;0.00;105.02;0.00;105.01;0.00;0.00;59.02;17.23;35.43;180.00;849.14;180.35;877.72;868.54;80.28;0.54
13365;0.00;104.78;0.00;105.11;0.00;0.00;58.99;17.20;35.44;180.00;849.30;180.33;877.67;868.25;80.27;0.57
13370;0.00;105.00;0.00;105.01;0.00;0.00;59.02;17.22;35.44;180.00;849.69;180.31;877.92;868.41;80.28;0.53
13375;0.00;104.99;0.00;105.04;0.00;0.00;59.05;17.20;35.44;180.00;850.84;180.29;878.33;868.70;80.28;0.55
13380;0.00;105.20;0.00;104.92;0.00;0.00;59.00;17.20;35.44;180.01;850.77;180.27;878.78;868.98;80.28;0.57
13385;0.00;105.04;0.00;105.00;0.00;0.00;59.02;17.23;35.44;180.01;850.21;180.26;878.49;868.89;80.28;0.50
13390;0.00;105.00;0.00;104.99;0.00;0.00;59.02;17.23;35.44;180.01;849.47;180.28;878.04;868.60;80.28;0.56
13395;0.00;104.87;0.00;105.12;0.00;0.00;58.99;17.22;35.44;180.01;849.49;180.28;877.74;868.37;80.28;0.53
13400;0.00;104.99;0.00;105.01;0.00;0.00;59.01;17.20;35.44;180.00;849.94;180.32;878.03;868.34;80.28;0.52
13405;0.00;104.98;0.00;105.04;0.00;0.00;59.04;17.23;35.44;180.00;850.46;180.34;878.41;868.77;80.28;0.54
13410;0.00;105.23;0.00;104.91;0.00;0.00;58.98;17.19;35.45;180.01;850.99;180.35;878.60;868.92;80.28;0.51
13415;0.00;105.06;0.00;104.99;0.00;0.00;59.03;17.20;35.44;180.00;849.88;180.37;878.46;868.83;80.28;0.51
13420;0.00;105.01;0.00;104.99;0.00;0.00;59.03;17.20;35.45;180.01;849.16;180.39;877.68;868.58;80.28;0.54
13425;0.00;104.83;0.00;105.09;0.00;0.00;59.01;17.20;35.45;180.01;849.26;180.39;877.53;868.15;80.28;0.52
13430;0.00;105.01;0.00;105.03;0.00;0.00;59.02;17.19;35.45;180.02;849.63;180.39;877.72;868.26;80.28;0.53
13435;0.00;105.00;0.00;105.05;0.00;0.00;59.05;17.25;35.44;180.03;850.75;180.39;878.11;868.53;80.28;0.54
13440;0.00;105.17;0.00;104.88;0.00;0.00;58.98;17.20;35.44;180.03;850.77;180.37;878.60;868.92;80.28;0.57
13445;0.00;105.01;0.00;105.00;0.00;0.00;59.02;17.20;35.45;180.02;850.21;180.36;878.39;868.80;80.28;0.52
13450;0.00;105.01;0.00;104.99;0.00;0.00;59.02;17.22;35.45;179.99;849.59;180.34;878.02;868.55;80.28;0.55
13455;0.00;104.82;0.00;105.10;0.00;0.00;58.99;17.20;35.45;179.98;849.45;180.32;877.77;868.36;80.27;0.54
13460;0.00;105.01;0.00;105.01;0.00;0.00;59.02;17.20;35.45;179.99;849.91;180.30;878.12;868.56;80.27;0.52
13465;0.00;104.96;0.00;105.04;0.00;0.00;59.05;17.22;35.45;180.01;850.43;180.30;878.49;868.84;80.28;0.56
13470;0.00;105.19;0.00;104.92;0.00;0.00;58.97;17.19;35.45;180.03;851.03;180.29;878.74;869.02;80.28;0.51
13475;0.00;105.05;0.00;104.98;0.00;0.00;59.03;17.25;35.45;180.03;850.03;180.28;878.66;868.99;80.28;0.51
13480;0.00;105.04;0.00;104.98;0.00;0.00;59.05;17.25;35.45;180.02;849.23;180.28;877.82;868.42;80.28;0.53
13485;0.00;104.76;0.00;105.09;0.00;0.00;58.98;17.20;35.45;180.01;849.29;180.29;877.62;868.23;80.28;0.52
13490;0.00;104.99;0.00;105.03;0.00;0.00;59.02;17.23;35.45;179.98;849.64;180.30;877.72;868.28;80.28;0.53
13495;0.00;105.00;0.00;105.04;0.00;0.00;59.03;17.22;35.46;179.98;850.66;180.33;878.06;868.49;80.28;0.54
13500;0.00;105.24;0.00;104.92;0.00;0.00;59.00;17.19;35.46;180.00;850.86;180.35;878.51;868.82;80.28;0.57
13505;0.00;105.03;0.00;104.99;0.00;0.00;59.03;17.20;35.45;180.01;850.30;180.36;878.30;868.70;80.28;0.51
13510;0.00;105.01;0.00;105.01;0.00;0.00;58.99;17.22;35.45;180.03;849.16;180.38;877.90;868.44;80.28;0.55
13515;0.00;104.83;0.00;105.09;0.00;0.00;58.98;17.22;35.45;180.02;849.38;180.39;877.60;868.22;80.28;0.56
13520;0.00;105.01;0.00;105.01;0.00;0.00;59.02;17.20;35.45;180.02;849.81;180.39;877.87;868.35;80.28;0.52
13525;0.00;104.99;0.00;105.03;0.00;0.00;59.05;17.20;35.46;180.00;850.82;180.39;878.30;868.64;80.28;0.55
13530;0.00;105.19;0.00;104.93;0.00;0.00;58.99;17.19;35.47;180.00;850.81;180.37;878.64;868.92;80.28;0.57
13535;0.00;105.02;0.00;105.01;0.00;0.00;59.02;17.25;35.46;180.00;850.25;180.35;878.41;868.81;80.28;0.52
13540;0.00;105.02;0.00;105.00;0.00;0.00;59.02;17.23;35.46;180.01;849.58;180.32;878.00;868.54;80.28;0.55
13545;0.00;104.78;0.00;105.11;0.00;0.00;58.98;17.23;35.47;180.02;849.44;180.29;877.71;868.31;80.27;0.55
13550;0.00;104.99;0.00;105.03;0.00;0.00;59.02;17.25;35.47;180.02;849.89;180.27;878.02;868.47;80.27;0.52
13555;0.00;105.00;0.00;105.04;0.00;0.00;59.04;17.25;35.47;180.02;850.37;180.27;878.41;868.77;80.27;0.56
13560;0.00;105.25;0.00;104.89;0.00;0.00;58.98;17.20;35.48;180.00;850.98;180.26;878.68;868.98;80.28;0.51
13565;0.00;105.04;0.00;104.99;0.00;0.00;59.00;17.25;35.50;179.99;849.96;180.27;878.61;868.96;80.28;0.51
13570;0.00;105.03;0.00;105.01;0.00;0.00;59.01;17.23;35.51;179.98;849.19;180.28;877.90;868.47;80.28;0.53
13575;0.00;104.83;0.00;105.09;0.00;0.00;59.02;17.22;35.51;179.98;849.24;180.30;877.73;868.33;80.28;0.52
13580;0.00;105.01;0.00;105.02;0.00;0.00;59.03;17.20;35.52;180.00;849.60;180.32;877.87;868.40;80.28;0.53
13585;0.00;105.02;0.00;105.04;0.00;0.00;59.07;17.25;35.54;180.01;850.66;180.36;878.24;868.64;80.28;0.54
13590;0.00;105.14;0.00;104.89;0.00;0.00;58.99;17.22;35.53;180.02;850.85;180.37;878.72;869.02;80.28;0.57
13595;0.00;105.03;0.00;104.99;0.00;0.00;59.05;17.20;35.54;180.01;850.29;180.38;878.54;868.90;80.28;0.51
13600;0.00;105.02;0.00;105.00;0.00;0.00;59.02;17.22;35.54;179.98;849.14;180.37;878.14;868.65;80.28;0.55
13605;0.00;104.82;0.00;105.09;0.00;0.00;59.00;17.20;35.54;179.97;849.36;180.34;877.79;868.41;80.28;0.56
13610;0.00;105.00;0.00;105.02;0.00;0.00;59.02;17.23;35.53;179.96;849.79;180.32;878.06;868.52;80.28;0.52
13615;0.00;105.00;0.00;105.04;0.00;0.00;59.06;17.23;35.54;179.96;850.31;180.28;878.45;868.80;80.27;0.55
13620;0.00;105.22;0.00;104.93;0.00;0.00;58.99;17.19;35.54;179.98;850.62;180.27;878.76;869.02;80.28;0.52
13625;0.00;105.06;0.00;104.99;0.00;0.00;59.03;17.22;35.53;179.99;850.07;180.25;878.42;869.04;80.28;0.50
13630;0.00;105.00;0.00;105.01;0.00;0.00;59.02;17.22;35.53;179.99;849.27;180.24;878.00;868.54;80.28;0.56
13635;0.00;104.79;0.00;105.11;0.00;0.00;59.02;17.23;35.53;180.00;849.24;180.24;877.76;868.37;80.27;0.52
13640;0.00;104.99;0.00;105.03;0.00;0.00;59.02;17.23;35.51;180.00;850.04;180.26;877.84;868.39;80.27;0.53
13645;0.00;105.01;0.00;105.03;0.00;0.00;59.06;17.23;35.51;179.99;850.56;180.30;878.54;868.85;80.27;0.54
13650;0.00;105.21;0.00;104.92;0.00;0.00;58.99;17.19;35.50;179.99;850.92;180.32;878.67;868.97;80.28;0.50
13655;0.00;105.04;0.00;105.00;0.00;0.00;59.05;17.20;35.49;179.95;850.38;180.34;878.47;868.86;80.28;0.51
13660;0.00;105.01;0.00;105.01;0.00;0.00;59.05;17.23;35.48;179.94;849.14;180.37;878.07;868.59;80.28;0.54
13665;0.00;104.78;0.00;105.11;0.00;0.00;58.98;17.20;35.48;179.95;849.32;180.39;877.64;868.24;80.28;0.57
13670;0.00;105.01;0.00;105.01;0.00;0.00;59.02;17.25;35.47;179.97;849.74;180.39;877.89;868.40;80.28;0.53
13675;0.00;105.01;0.00;105.04;0.00;0.00;59.04;17.20;35.46;179.98;850.24;180.40;878.31;868.68;80.28;0.55
13680;0.00;105.22;0.00;104.93;0.00;0.00;58.98;17.22;35.46;179.97;850.70;180.38;878.61;868.90;80.28;0.54
13685;0.00;105.05;0.00;105.00;0.00;0.00;59.03;17.23;35.45;179.95;850.12;180.36;878.33;868.78;80.27;0.50
13690;0.00;105.01;0.00;105.00;0.00;0.00;59.02;17.23;35.44;179.94;849.39;180.34;877.92;868.48;80.28;0.56
13695;0.00;104.85;0.00;105.09;0.00;0.00;58.97;17.22;35.43;179.97;849.21;180.33;877.66;868.28;80.28;0.53
13700;0.00;105.01;0.00;105.01;0.00;0.00;59.01;17.27;35.43;179.99;849.98;180.28;877.72;868.29;80.28;0.52
13705;0.00;105.00;0.00;105.03;0.00;0.00;59.05;17.25;35.43;180.01;850.51;180.26;878.39;868.74;80.27;0.54
13710;0.00;105.22;0.00;104.91;0.00;0.00;58.99;17.23;35.42;180.02;850.95;180.25;878.58;868.89;80.28;0.50
13715;0.00;105.06;0.00;105.00;0.00;0.00;59.05;17.25;35.41;180.01;850.43;180.25;878.42;868.80;80.28;0.51
13720;0.00;105.01;0.00;104.99;0.00;0.00;59.05;17.23;35.41;179.99;849.14;180.26;878.04;868.54;80.28;0.54
13725;0.00;104.81;0.00;105.09;0.00;0.00;59.00;17.17;35.40;179.96;849.29;180.28;877.53;868.18;80.27;0.56
13730;0.00;105.01;0.00;105.02;0.00;0.00;59.04;17.23;35.39;179.94;849.69;180.29;877.77;868.31;80.27;0.53
13735;0.00;105.00;0.00;105.05;0.00;0.00;59.03;17.20;35.39;179.94;850.85;180.31;878.20;868.60;80.27;0.54
13740;0.00;105.16;0.00;104.93;0.00;0.00;58.98;17.19;35.38;179.95;850.72;180.35;878.63;868.86;80.28;0.57
13745;0.00;105.03;0.00;104.99;0.00;0.00;59.02;17.16;35.38;179.97;850.19;180.36;878.41;868.81;80.28;0.50
13750;0.00;105.02;0.00;105.00;0.00;0.00;59.02;17.22;35.37;180.00;849.46;180.38;878.00;868.54;80.28;0.56
13755;0.00;104.82;0.00;105.09;0.00;0.00;58.99;17.20;35.37;180.01;849.48;180.38;877.76;868.35;80.28;0.54
13760;0.00;104.99;0.00;105.01;0.00;0.00;59.02;17.23;35.37;180.00;849.95;180.39;878.12;868.38;80.28;0.52
13765;0.00;105.01;0.00;105.04;0.00;0.00;59.05;17.23;35.37;179.98;850.48;180.38;878.54;868.87;80.28;0.54
13770;0.00;105.20;0.00;104.93;0.00;0.00;58.99;17.23;35.37;179.97;851.01;180.37;878.77;869.06;80.28;0.51
13775;0.00;105.03;0.00;104.99;0.00;0.00;59.03;17.19;35.36;179.98;849.93;180.36;878.65;869.01;80.27;0.51
13780;0.00;105.04;0.00;104.99;0.00;0.00;59.04;17.22;35.37;179.97;849.19;180.33;877.88;868.76;80.27;0.54
13785;0.00;104.78;0.00;105.13;0.00;0.00;58.97;17.20;35.37;179.97;849.31;180.31;877.70;868.33;80.27;0.52
13790;0.00;105.02;0.00;105.01;0.00;0.00;59.03;17.25;35.37;179.98;849.69;180.29;877.84;868.40;80.27;0.53
13795;0.00;105.00;0.00;105.03;0.00;0.00;59.05;17.23;35.37;179.99;850.75;180.29;878.18;868.63;80.28;0.54
13800;0.00;105.22;0.00;104.91;0.00;0.00;58.99;17.19;35.36;179.98;850.80;180.27;878.57;868.91;80.28;0.57
13805;0.00;105.04;0.00;104.99;0.00;0.00;59.02;17.22;35.37;179.97;850.21;180.27;878.31;868.74;80.28;0.52
13810;0.00;105.01;0.00;105.01;0.00;0.00;59.02;17.27;35.36;179.96;849.51;180.27;877.91;868.47;80.28;0.55
13815;0.00;104.85;0.00;105.10;0.00;0.00;58.99;17.22;35.37;179.97;849.38;180.30;877.63;868.26;80.28;0.55
13820;0.00;104.99;0.00;105.01;0.00;0.00;59.02;17.22;35.36;179.98;849.83;180.32;878.01;868.47;80.27;0.52
13825;0.00;104.97;0.00;105.04;0.00;0.00;59.04;17.23;35.37;179.99;850.35;180.33;878.47;868.80;80.28;0.56
13830;0.00;105.27;0.00;104.87;0.00;0.00;58.97;17.17;35.37;180.02;850.97;180.35;878.76;869.03;80.28;0.51
13835;0.00;105.04;0.00;105.00;0.00;0.00;59.03;17.25;35.37;180.03;849.98;180.37;878.75;869.07;80.28;0.50
13840;0.00;105.01;0.00;105.00;0.00;0.00;59.05;17.25;35.37;180.03;849.20;180.37;878.08;868.63;80.28;0.53
13845;0.00;104.80;0.00;105.10;0.00;0.00;58.99;17.22;35.38;180.02;849.27;180.37;877.91;868.51;80.28;0.52
13850;0.00;104.99;0.00;105.03;0.00;0.00;59.01;17.23;35.37;179.97;849.65;180.36;878.07;868.59;80.28;0.53
13855;0.00;105.02;0.00;105.04;0.00;0.00;59.06;17.22;35.37;179.96;850.69;180.34;878.80;868.85;80.28;0.54
13860;0.00;105.21;0.00;104.91;0.00;0.00;58.97;17.22;35.38;179.97;850.94;180.32;878.90;869.17;80.28;0.57
13865;0.00;105.03;0.00;104.99;0.00;0.00;59.02;17.23;35.38;179.98;850.38;180.30;878.64;869.02;80.28;0.51
13870;0.00;105.01;0.00;105.01;0.00;0.00;59.05;17.23;35.38;180.01;849.18;180.28;878.18;868.71;80.28;0.55
13875;0.00;104.79;0.00;105.11;0.00;0.00;58.99;17.25;35.38;180.02;849.37;180.25;877.67;868.41;80.29;0.57
13880;0.00;105.00;0.00;105.01;0.00;0.00;59.03;17.22;35.38;180.03;849.79;180.23;877.90;868.41;80.29;0.52
13885;0.00;104.99;0.00;105.03;0.00;0.00;59.03;17.23;35.38;180.03;850.28;180.23;878.27;868.67;80.29;0.55
13890;0.00;105.19;0.00;104.93;0.00;0.00;58.95;17.20;35.39;180.00;850.59;180.23;878.54;868.88;80.29;0.53
13895;0.00;105.06;0.00;105.00;0.00;0.00;59.05;17.23;35.39;179.98;850.02;180.24;878.24;868.89;80.29;0.50
13900;0.00;105.04;0.00;104.99;0.00;0.00;59.05;17.20;35.39;179.98;849.22;180.25;877.86;868.45;80.29;0.56
13905;0.00;104.76;0.00;105.11;0.00;0.00;58.98;17.17;35.39;179.99;849.17;180.26;877.70;868.32;80.29;0.53
13910;0.00;104.99;0.00;105.03;0.00;0.00;59.02;17.23;35.39;180.01;850.01;180.30;877.85;868.41;80.29;0.53
13915;0.00;105.01;0.00;105.04;0.00;0.00;59.04;17.28;35.38;180.02;850.54;180.32;878.74;869.01;80.29;0.54
13920;0.00;105.22;0.00;104.91;0.00;0.00;58.98;17.19;35.39;180.02;850.97;180.32;878.96;869.20;80.29;0.50
13925;0.00;105.05;0.00;104.99;0.00;0.00;59.02;17.23;35.39;180.02;850.44;180.34;878.83;869.14;80.29;0.51
13930;0.00;105.02;0.00;104.99;0.00;0.00;59.02;17.22;35.39;180.01;849.18;180.35;878.42;868.89;80.29;0.54
13935;0.00;104.81;0.00;105.09;0.00;0.00;58.99;17.19;35.39;180.00;849.36;180.35;877.88;868.49;80.29;0.56
13940;0.00;105.02;0.00;105.01;0.00;0.00;59.02;17.25;35.39;180.00;849.77;180.33;878.05;868.56;80.29;0.53
13945;0.00;105.02;0.00;105.03;0.00;0.00;59.05;17.23;35.39;180.02;850.86;180.32;878.38;868.77;80.29;0.54
13950;0.00;105.26;0.00;104.89;0.00;0.00;58.98;17.20;35.40;180.02;850.76;180.29;878.61;868.96;80.29;0.57
13955;0.00;105.05;0.00;105.03;0.00;0.00;59.03;17.23;35.39;180.02;850.16;180.27;878.29;868.76;80.29;0.50
13960;0.00;105.03;0.00;104.99;0.00;0.00;59.03;17.23;35.40;180.02;849.45;180.26;877.82;868.42;80.29;0.55
13965;0.00;104.82;0.00;105.08;0.00;0.00;59.00;17.22;35.40;180.03;849.43;180.24;877.54;868.20;80.29;0.54
13970;0.00;104.99;0.00;105.01;0.00;0.00;59.02;17.20;35.40;180.02;849.88;180.23;877.93;868.20;80.29;0.52
13975;0.00;104.99;0.00;105.06;0.00;0.00;59.05;17.23;35.40;180.01;850.37;180.23;878.36;868.73;80.29;0.56
13980;0.00;105.17;0.00;104.94;0.00;0.00;58.95;17.23;35.40;180.00;850.95;180.23;878.65;868.95;80.29;0.51
13985;0.00;105.05;0.00;105.01;0.00;0.00;59.02;17.22;35.40;179.99;849.88;180.25;878.63;868.96;80.29;0.51
13990;0.00;105.00;0.00;105.01;0.00;0.00;59.03;17.22;35.40;179.99;849.16;180.27;877.98;868.56;80.29;0.53
13995;0.00;104.78;0.00;105.09;0.00;0.00;58.98;17.22;35.40;180.00;849.26;180.28;877.88;868.47;80.29;0.52
14000;0.00;104.99;0.00;105.01;0.00;0.00;59.02;17.20;35.41;180.01;849.66;180.30;878.10;868.58;80.29;0.53
14005;0.00;105.00;0.00;105.04;0.00;0.00;59.07;17.25;35.41;180.03;850.71;180.32;878.46;868.84;80.29;0.54
14010;0.00;105.22;0.00;104.91;0.00;0.00;58.98;17.22;35.41;180.04;850.88;180.32;878.85;869.15;80.29;0.57
14015;0.00;105.06;0.00;104.99;0.00;0.00;59.05;17.23;35.41;180.04;850.32;180.32;878.60;868.99;80.29;0.51
14020;0.00;105.04;0.00;105.01;0.00;0.00;59.02;17.23;35.41;180.03;849.15;180.31;878.13;868.67;80.29;0.55
14025;0.00;104.78;0.00;105.11;0.00;0.00;58.95;17.20;35.41;180.01;849.37;180.30;877.67;868.38;80.29;0.57
14030;0.00;104.99;0.00;105.01;0.00;0.00;59.02;17.22;35.41;180.01;849.77;180.29;877.87;868.39;80.29;0.53
14035;0.00;104.99;0.00;105.03;0.00;0.00;59.05;17.23;35.41;180.00;850.26;180.29;878.26;868.64;80.29;0.55
14040;0.00;105.22;0.00;104.90;0.00;0.00;58.96;17.20;35.42;180.01;850.63;180.27;878.54;868.86;80.29;0.54
14045;0.00;105.03;0.00;105.01;0.00;0.00;59.02;17.22;35.42;180.02;850.04;180.25;878.30;868.72;80.29;0.50
14050;0.00;105.02;0.00;105.01;0.00;0.00;59.02;17.22;35.41;180.03;849.23;180.25;877.93;868.48;80.29;0.56
14055;0.00;104.82;0.00;105.09;0.00;0.00;58.98;17.19;35.42;180.05;849.17;180.24;877.74;868.34;80.29;0.53
14060;0.00;104.98;0.00;105.03;0.00;0.00;59.01;17.22;35.42;180.05;849.98;180.26;877.90;868.42;80.29;0.52
14065;0.00;105.00;0.00;105.03;0.00;0.00;59.03;17.23;35.43;180.03;850.54;180.26;878.70;869.01;80.29;0.54
14070;0.00;105.28;0.00;104.88;0.00;0.00;58.96;17.22;35.42;180.01;851.00;180.26;878.93;869.19;80.29;0.50
14075;0.00;105.05;0.00;105.00;0.00;0.00;59.03;17.19;35.43;179.97;849.85;180.27;878.80;869.15;80.29;0.51
14080;0.00;105.00;0.00;105.01;0.00;0.00;59.04;17.22;35.43;179.98;849.18;180.29;878.04;868.90;80.29;0.54
14085;0.00;104.82;0.00;105.10;0.00;0.00;58.98;17.19;35.43;180.02;849.33;180.29;877.88;868.48;80.29;0.56
14090;0.00;104.99;0.00;105.02;0.00;0.00;59.03;17.23;35.43;180.05;849.73;180.29;878.07;868.58;80.29;0.53
14095;0.00;105.02;0.00;105.04;0.00;0.00;59.04;17.25;35.42;180.09;850.82;180.29;878.42;868.82;80.29;0.54
14100;0.00;105.20;0.00;104.92;0.00;0.00;59.00;17.23;35.42;180.07;850.80;180.28;878.73;869.04;80.29;0.57
14105;0.00;105.05;0.00;105.00;0.00;0.00;59.02;17.22;35.43;180.05;850.20;180.28;878.45;868.87;80.29;0.52
14110;0.00;105.02;0.00;104.99;0.00;0.00;59.02;17.22;35.43;180.00;849.47;180.27;878.01;868.57;80.29;0.55
14115;0.00;104.78;0.00;105.11;0.00;0.00;58.98;17.22;35.43;179.97;849.41;180.26;877.68;868.33;80.29;0.54
14120;0.00;104.98;0.00;105.02;0.00;0.00;59.04;17.22;35.43;179.98;849.87;180.26;878.04;868.53;80.29;0.52
14125;0.00;104.99;0.00;105.05;0.00;0.00;59.04;17.23;35.44;180.00;850.35;180.27;878.48;868.83;80.29;0.56
14130;0.00;105.22;0.00;104.92;0.00;0.00;59.00;17.19;35.43;180.06;850.98;180.27;878.78;869.05;80.29;0.51
14135;0.00;105.04;0.00;104.97;0.00;0.00;59.02;17.22;35.44;180.08;849.95;180.27;878.73;869.06;80.29;0.50
14140;0.00;105.01;0.00;105.00;0.00;0.00;59.03;17.23;35.44;180.08;849.20;180.27;878.02;868.60;80.29;0.53
14145;0.00;104.85;0.00;105.08;0.00;0.00;58.99;17.20;35.44;180.05;849.25;180.28;877.85;868.46;80.29;0.52
14150;0.00;105.01;0.00;105.01;0.00;0.00;59.02;17.23;35.45;180.00;850.10;180.28;878.03;868.56;80.29;0.53
14155;0.00;104.99;0.00;105.03;0.00;0.00;59.05;17.23;35.44;179.99;850.68;180.28;878.78;868.80;80.30;0.54
14160;0.00;105.25;0.00;104.90;0.00;0.00;58.99;17.25;35.44;180.00;850.95;180.28;878.89;869.18;80.30;0.50
14165;0.00;105.05;0.00;104.99;0.00;0.00;59.02;17.22;35.44;180.02;850.41;180.28;878.67;869.04;80.29;0.51
14170;0.00;105.03;0.00;104.99;0.00;0.00;59.03;17.22;35.45;180.05;849.17;180.28;878.22;868.75;80.29;0.54
14175;0.00;104.81;0.00;105.09;0.00;0.00;59.00;17.22;35.44;180.07;849.35;180.27;877.73;868.35;80.29;0.57
14180;0.00;105.00;0.00;105.02;0.00;0.00;59.05;17.22;35.44;180.06;849.77;180.27;877.93;868.44;80.29;0.53
14185;0.00;104.99;0.00;105.04;0.00;0.00;59.05;17.22;35.45;180.05;850.26;180.26;878.29;868.71;80.29;0.55
14190;0.00;105.19;0.00;104.93;0.00;0.00;58.95;17.22;35.45;180.02;850.69;180.26;878.59;868.90;80.29;0.55
14195;0.00;105.05;0.00;104.99;0.00;0.00;59.03;17.20;35.45;180.00;850.13;180.26;878.35;868.78;80.29;0.52
14200;0.00;105.03;0.00;105.01;0.00;0.00;59.04;17.20;35.45;180.00;849.10;180.26;877.74;868.35;80.29;0.54
14205;0.00;104.81;0.00;105.09;0.00;0.00;58.98;17.22;35.45;180.01;849.46;180.26;877.63;868.27;80.29;0.53
14210;0.00;105.01;0.00;105.01;0.00;0.00;59.03;17.19;35.45;180.04;849.90;180.25;878.11;868.32;80.29;0.52
14215;0.00;104.99;0.00;105.04;0.00;0.00;59.05;17.22;35.45;180.05;850.44;180.25;878.54;868.87;80.29;0.54
14220;0.00;105.20;0.00;104.93;0.00;0.00;58.97;17.17;35.45;180.06;850.99;180.25;878.81;869.10;80.29;0.51
14225;0.00;105.01;0.00;105.01;0.00;0.00;59.05;17.23;35.46;180.04;849.91;180.25;878.76;869.08;80.29;0.51
14230;0.00;105.01;0.00;105.00;0.00;0.00;59.03;17.25;35.45;180.04;849.17;180.26;878.03;868.61;80.29;0.53
14235;0.00;104.79;0.00;105.08;0.00;0.00;58.96;17.22;35.46;180.02;849.30;180.25;877.90;868.50;80.29;0.52
14240;0.00;104.99;0.00;105.00;0.00;0.00;59.02;17.25;35.46;180.03;849.67;180.26;878.08;868.60;80.30;0.53
14245;0.00;105.00;0.00;105.04;0.00;0.00;59.06;17.23;35.46;180.04;850.77;180.26;878.43;868.85;80.30;0.54
14250;0.00;105.21;0.00;104.92;0.00;0.00;58.99;17.20;35.46;180.05;850.86;180.25;878.85;869.16;80.30;0.57
14255;0.00;105.03;0.00;105.00;0.00;0.00;59.03;17.23;35.47;180.05;850.32;180.26;878.58;868.99;80.30;0.51
14260;0.00;105.02;0.00;105.00;0.00;0.00;59.02;17.22;35.47;180.04;849.63;180.26;878.15;868.69;80.30;0.55
14265;0.00;104.84;0.00;105.09;0.00;0.00;58.98;17.22;35.47;180.03;849.38;180.27;877.76;868.42;80.30;0.56
14270;0.00;104.99;0.00;105.02;0.00;0.00;59.04;17.22;35.47;180.03;849.82;180.27;878.04;868.52;80.30;0.52
14275;0.00;105.03;0.00;105.03;0.00;0.00;59.06;17.22;35.47;180.04;850.33;180.27;878.43;868.80;80.30;0.55
14280;0.00;105.27;0.00;104.89;0.00;0.00;58.99;17.22;35.48;180.05;850.63;180.27;878.71;869.02;80.30;0.53
14285;0.00;105.04;0.00;104.99;0.00;0.00;59.04;17.20;35.48;180.05;850.03;180.26;878.39;868.85;80.30;0.50
14290;0.00;105.02;0.00;105.00;0.00;0.00;59.02;17.25;35.48;180.06;849.27;180.26;877.98;868.58;80.30;0.56
14295;0.00;104.84;0.00;105.09;0.00;0.00;58.98;17.23;35.48;180.05;849.21;180.25;877.80;868.41;80.30;0.53
14300;0.00;105.01;0.00;105.01;0.00;0.00;59.02;17.22;35.48;180.05;850.01;180.24;877.92;868.46;80.30;0.52
14305;0.00;105.00;0.00;105.04;0.00;0.00;59.08;17.22;35.48;180.06;850.57;180.23;878.71;869.02;80.30;0.54
14310;0.00;105.17;0.00;104.93;0.00;0.00;58.97;17.20;35.48;180.06;851.00;180.23;878.90;869.17;80.30;0.50
14315;0.00;105.02;0.00;105.00;0.00;0.00;59.03;17.20;35.48;180.04;850.48;180.23;878.77;869.10;80.30;0.51
14320;0.00;105.02;0.00;105.00;0.00;0.00;59.05;17.22;35.48;180.03;849.16;180.23;877.94;868.84;80.30;0.54
14325;0.00;104.78;0.00;105.10;0.00;0.00;58.98;17.20;35.48;180.03;849.32;180.24;877.82;868.44;80.30;0.56
14330;0.00;104.99;0.00;105.03;0.00;0.00;59.02;17.23;35.48;180.04;849.72;180.24;877.99;868.52;80.30;0.53
14335;0.00;105.01;0.00;105.04;0.00;0.00;59.05;17.22;35.48;180.04;850.81;180.26;878.36;868.76;80.30;0.54
14340;0.00;105.22;0.00;104.91;0.00;0.00;58.99;17.27;35.48;180.05;850.84;180.28;878.74;869.06;80.30;0.57
14345;0.00;105.06;0.00;104.99;0.00;0.00;59.02;17.28;35.48;180.05;850.25;180.28;878.48;868.90;80.30;0.51
14350;0.00;105.00;0.00;104.99;0.00;0.00;59.03;17.28;35.48;180.05;849.55;180.28;878.05;868.62;80.30;0.55
14355;0.00;104.84;0.00;105.09;0.00;0.00;58.98;17.19;35.48;180.04;849.39;180.28;877.76;868.39;80.30;0.56
14360;0.00;105.01;0.00;105.02;0.00;0.00;59.02;17.23;35.48;180.03;849.84;180.27;878.05;868.54;80.30;0.52
14365;0.00;105.00;0.00;105.03;0.00;0.00;59.04;17.23;35.48;180.02;850.35;180.27;878.48;868.83;80.30;0.55
14370;0.00;105.26;0.00;104.91;0.00;0.00;58.97;17.20;35.48;180.03;850.66;180.25;878.77;869.07;80.30;0.52
14375;0.00;105.04;0.00;105.00;0.00;0.00;59.03;17.22;35.48;180.05;850.05;180.23;878.43;869.07;80.30;0.50
14380;0.00;105.01;0.00;104.99;0.00;0.00;59.03;17.23;35.48;180.05;849.27;180.23;878.00;868.58;80.30;0.56
14385;0.00;104.82;0.00;105.11;0.00;0.00;58.99;17.22;35.49;180.09;849.22;180.22;877.78;868.41;80.30;0.52
14390;0.00;104.99;0.00;105.01;0.00;0.00;59.02;17.25;35.49;180.08;850.02;180.22;877.88;868.44;80.30;0.53
14395;0.00;105.00;0.00;105.05;0.00;0.00;59.04;17.22;35.49;180.06;850.57;180.23;878.60;868.93;80.30;0.54
14400;0.00;105.23;0.00;104.93;0.00;0.00;59.02;17.22;35.49;180.04;850.99;180.24;878.79;869.07;80.30;0.50
14405;0.00;105.04;0.00;104.98;0.00;0.00;59.02;17.25;35.49;180.02;850.47;180.23;878.60;869.00;80.30;0.51
14410;0.00;105.02;0.00;105.01;0.00;0.00;59.03;17.20;35.50;180.03;849.14;180.25;877.84;868.72;80.30;0.54
14415;0.00;104.85;0.00;105.13;0.00;0.00;58.98;17.20;35.49;180.05;849.31;180.26;877.73;868.34;80.30;0.56
14420;0.00;104.99;0.00;105.01;0.00;0.00;59.04;17.22;35.50;180.06;849.70;180.27;877.95;868.47;80.30;0.53
14425;0.00;105.01;0.00;105.04;0.00;0.00;59.05;17.25;35.49;180.07;850.85;180.27;878.32;868.74;80.31;0.54
14430;0.00;105.22;0.00;104.91;0.00;0.00;58.98;17.22;35.50;180.06;850.79;180.27;878.76;869.00;80.31;0.57
14435;0.00;105.04;0.00;105.01;0.00;0.00;59.05;17.25;35.50;180.05;850.20;180.27;878.52;868.92;80.31;0.51
14440;0.00;105.01;0.00;105.00;0.00;0.00;59.02;17.27;35.50;180.05;849.14;180.25;877.95;868.53;80.31;0.54
14445;0.00;104.78;0.00;105.10;0.00;0.00;59.01;17.22;35.50;180.05;849.26;180.24;877.81;868.42;80.31;0.52
14450;0.00;104.99;0.00;105.02;0.00;0.00;59.02;17.23;35.51;180.05;849.66;180.24;878.00;868.55;80.31;0.53
14455;0.00;105.00;0.00;105.04;0.00;0.00;59.03;17.22;35.51;180.05;850.75;180.23;878.39;868.81;80.31;0.54
14460;0.00;105.22;0.00;104.92;0.00;0.00;59.02;17.23;35.51;180.06;850.88;180.23;878.89;869.17;80.31;0.57
