PV MassSpec-23.06.00
EXPORTED SCAN DATA
Run Path and Name: c:\Pfeiffer Vacuum\data\28-007-2026\MCD 256_New_Calibrattion by Amir for_WGS and DRM_PUSLSING_32ms, Position 1, RGA PrismaPro A 100 47507368, 28-007-2026 12'13'44.isi
28/07/2026 12:13:44
SensorID:  RGA PrismaPro A 100 47507368
50 Bins
517 TimePoints

Time Relative (sec)	Time Absolute (UTC)	Time Absolute (Date_Time)	Step	Ionizer_State	Pressure_(mBar)	External_Pressure_(mBar)	2_amu_(_)	12_amu_(_)	13_amu_(_)	14_amu_(_)	15_amu_(_)	16_amu_(_)	17_amu_(_)	18_amu_(_)	20_amu_(_)	22_amu_(_)	24_amu_(_)	25_amu_(_)	26_amu_(_)	27_amu_(_)	28_amu_(_)	29_amu_(_)	30_amu_(_)	31_amu_(_)	32_amu_(_)	40_amu_(_)	44_amu_(_)	Periph:_Digital_In_0	Periph:_Digital_In_1	Periph:_Digital_In_13	Periph:_Digital_In_14	Periph:_Digital_In_15	Periph:_Digital_In_16	Periph:_Digital_In_17	Periph:_Digital_Out_2	Periph:_Digital_Out_3	Periph:_Digital_Out_4	Periph:_Digital_Out_5	Periph:_Digital_Out_6	Periph:_Digital_Out_7	Periph:_Digital_Out_8	Periph:_Digital_Out_9	Periph:_Digital_Out_10	Periph:_Digital_Out_11	Sig:_MCD	Sig:_MCD_Ar	Sig:_MCD_CH4	Sig:_MCD_CO	Sig:_MCD_CO2	Sig:_MCD_H2	Sig:_MCD_H2O	Sig:_MCD_O2
2,117	1785233626,373	28/07/2026_12:13:46,373	1	2	2,617669224e-06	1,798432208e-06	1,149402882e-11	5,093607827e-12	3,480785809e-13	4,953552759e-13	2,713384639e-12	1,221898711e-11	4,999999912e-15	1,4603878e-13	2,077663736e-11	7,091920909e-13	5,194189669e-14	4,999999912e-15	4,999999912e-15	4,999999912e-15	7,249392493e-12	1,347695013e-13	8,590493632e-14	4,781292956e-14	4,999999912e-15	2,015809186e-10	6,884721959e-11	1	1	1	1	1	1	1	0	0	0	0	0	0	0	0	0	0	2,886998273e-08	69,32161094	1,030822537	0	29,51686251	0,7915257917	0,05441305875	0
2,925	1785233627,181	28/07/2026_12:13:47,181	1	2	2,641792207e-06	1,789491762e-06	1,056402622e-11	4,965602148e-12	1,755391486e-13	3,934739091e-13	2,584416839e-12	1,209846372e-11	1,218315948e-13	1,488095535e-13	2,068552621e-11	5,379565608e-13	4,999999912e-15	1,618600002e-14	6,582669793e-14	4,971442705e-14	7,259505497e-12	3,270185162e-14	4,999999912e-15	4,999999912e-15	3,937649157e-14	2,004786614e-10	6,851713641e-11	1	1	1	1	1	1	1	0	0	0	0	0	0	0	0	0	0	3,248016905e-08	69,34076526	0,993329557	0	29,54327383	0,7316762423	0,06763522347	0,009946562258
3,733	1785233627,989	28/07/2026_12:13:47,989	1	2	2,663426358e-06	1,750149636e-06	9,677664919e-12	5,032037287e-12	2,981662497e-13	4,54756404e-13	2,388849752e-12	1,177935267e-11	4,999999912e-15	1,080476718e-13	2,069349032e-11	6,821909032e-13	6,371563433e-14	6,375830446e-15	4,999999912e-15	4,999999912e-15	7,153408508e-12	9,233896471e-14	7,144580609e-14	5,201174303e-14	2,63376594e-14	2,003249372e-10	6,888131038e-11	1	1	1	1	1	1	1	0	0	0	0	0	0	0	0	0	0	3,111319795e-08	69,40054748	0,8927195242	0	29,74690173	0,6713710974	0,04025962738	0
4,541	1785233628,797	28/07/2026_12:13:48,797	1	2	2,63770994e-06	1,758215831e-06	9,03100858e-12	4,979812569e-12	1,440519253e-13	3,231495746e-13	2,248767578e-12	1,168739064e-11	1,027001834e-13	1,946239394e-13	2,079358734e-11	5,232645914e-13	4,999999912e-15	4,999999912e-15	2,626780629e-14	3,474304855e-14	7,241165133e-12	6,8178346e-14	4,999999912e-15	4,999999912e-15	4,999999912e-15	2,00718081e-10	6,841780614e-11	1	1	1	1	1	1	1	0	0	0	0	0	0	0	0	0	0	3,106759287e-08	69,56767985	0,8577756994	0	29,56184904	0,6267717675	0,08449240698	0
5,349	1785233629,605	28/07/2026_12:13:49,605	1	2	2,659052598e-06	1,754178129e-06	8,273538105e-12	4,997780401e-12	2,651034774e-13	4,19427378e-13	2,175695821e-12	1,151216709e-11	4,999999912e-15	6,042487745e-14	2,068509253e-11	6,534122202e-13	5,387442947e-14	3,878663138e-14	4,999999912e-15	4,999999912e-15	7,115797968e-12	3,714125971e-14	2,000450925e-14	6,619924335e-14	5,713413412e-14	2,014162448e-10	6,897456911e-11	1	1	1	1	1	1	1	0	0	0	0	0	0	0	0	0	0	3,274117469e-08	69,63651266	0,7969442283	0	29,72650668	0,5728255542	0,02166776119	0,01336268763
6,157	1785233630,413	28/07/2026_12:13:50,413	1	2	2,635148576e-06	1,764293756e-06	7,790658743e-12	5,01880525e-12	1,56562995e-13	2,744402199e-13	2,01152311e-12	1,141199201e-11	8,668106245e-14	2,191183433e-13	2,082148169e-11	6,042294486e-13	4,999999912e-15	4,999999912e-15	1,608510146e-14	4,430485113e-14	7,255244149e-12	1,173223031e-13	4,999999912e-15	4,999999912e-15	4,999999912e-15	2,016257022e-10	6,878331238e-11	1	1	1	1	1	1	1	0	0	0	0	0	0	0	0	0	0	3,038476953e-08	69,69054198	0,7495030382	0	29,63915224	0,5392219876	0,09271175909	0
6,965	1785233631,221	28/07/2026_12:13:51,221	1	2	2,622709644e-06	1,720881528e-06	7,096542971e-12	4,948535939e-12	2,148962432e-13	3,855807275e-13	2,041062198e-12	1,137851011e-11	4,999999912e-15	7,33007337e-14	2,072111059e-11	6,168647949e-13	5,756099129e-14	8,199329074e-14	3,443259404e-14	4,999999912e-15	7,124995906e-12	2,785109383e-14	4,999999912e-15	5,433233887e-14	1,046870584e-13	2,008367778e-10	6,837877486e-11	1	1	1	1	1	1	1	0	0	0	0	0	0	0	0	0	0	3,230422333e-08	69,78752361	0,7639948674	0	29,6195982	0,4937995194	0,02702061646	0,04468034421
7,773	1785233632,029	28/07/2026_12:13:52,029	1	2	2,630753897e-06	1,696647701e-06	6,743663787e-12	5,091116331e-12	2,294950525e-13	2,760001971e-13	1,863446897e-12	1,125446351e-11	7,995209719e-14	2,251798195e-13	2,083756778e-11	6,54995589e-13	4,999999912e-15	4,999999912e-15	4,999999912e-15	1,991137629e-14	7,2478629e-12	1,620656869e-13	4,893829753e-14	4,999999912e-15	4,999999912e-15	2,020914686e-10	6,889194076e-11	1	1	1	1	1	1	1	0	0	0	0	0	0	0	0	0	0	2,777271399e-08	69,79964224	0,6909102411	0	29,66658291	0,466415549	0,09456684873	0
8,581	1785233632,837	28/07/2026_12:13:52,837	1	2	2,629951723e-06	1,746797693e-06	6,13579413e-12	4,938442016e-12	1,861913943e-13	3,616568037e-13	1,946666569e-12	1,12819103e-11	3,593439023e-14	8,538882221e-14	2,072587588e-11	6,047379394e-13	3,323349015e-14	7,07046116e-14	7,042520592e-14	2,780064116e-14	7,118115125e-12	2,034988524e-14	4,999999912e-15	2,41373558e-14	1,127703684e-13	2,030029339e-10	6,7952248e-11	1	1	1	1	1	1	1	0	0	0	0	0	0	0	0	0	0	3,109775269e-08	70,17750712	0,7350780024	0	29,28879688	0,4247950309	0,03483752438	0,05184213912
9,389	1785233633,645	28/07/2026_12:13:53,645	1	2	2,621122121e-06	1,714953214e-06	5,861904712e-12	4,956653143e-12	2,803853341e-13	3,24810491e-13	1,803507105e-12	1,086411256e-11	2,858064669e-14	1,811349736e-13	2,150240229e-11	7,037747663e-13	1,28719599e-14	4,999999912e-15	4,999999912e-15	4,999999912e-15	7,432960497e-12	1,627253833e-13	1,143575252e-13	1,594540031e-14	4,999999912e-15	2,13563528e-10	7,325164086e-11	1	1	1	1	1	1	1	0	0	0	0	0	0	0	0	0	0	4,875303196e-08	70,02926475	0,4634940946	0	29,92140408	0,3850007852	0,06907387559	0
10,197	1785233634,453	28/07/2026_12:13:54,453	1	2	2,732730081e-06	1,756197776e-06	5,705889754e-12	5,609882784e-12	1,069669201e-12	3,121950181e-12	2,532004814e-11	5,074032514e-11	6,666451245e-13	1,344124871e-13	1,579600686e-11	6,808016065e-13	1,274778148e-14	4,267499711e-14	7,772462415e-14	5,518606676e-14	8,3366751e-12	4,236455614e-14	4,999999912e-15	4,999999912e-15	5,987383847e-14	6,544707137e-11	7,563214638e-11	1	1	1	1	1	1	1	0	0	0	0	0	0	0	0	0	0	5,227773382e-09	33,50829468	18,14266083	0	47,99156037	0,5775385926	0,1128655073	0,5954394233
11,005	1785233635,261	28/07/2026_12:13:55,261	1	2	3,23965196e-06	2,693646366e-06	3,187776432e-11	8,641675049e-12	1,046715839e-11	2,109430339e-11	1,251541648e-10	1,610548916e-10	1,669579731e-12	8,551688004e-14	5,511098522e-12	7,430154582e-13	4,525172216e-14	4,999999912e-15	4,999999912e-15	4,999999912e-15	7,548726401e-12	1,408698055e-13	8,374732656e-14	5,894250203e-14	1,6628385e-14	5,313692888e-11	7,18543558e-11	1	1	1	1	1	1	1	0	0	0	0	0	0	0	0	0	0	2,438441442e-08	17,85826507	50,5625008	0	30,12032415	2,145250367	0,02173297545	0,01250883451
11,813	1785233636,069	28/07/2026_12:13:56,069	1	2	3,155537343e-06	2,957717015e-06	3,846312505e-11	8,453186935e-12	1,045396495e-11	2,148057773e-11	1,288901486e-10	1,651373621e-10	1,896408811e-12	1,357008445e-13	4,891940585e-12	5,928049935e-13	4,999999912e-15	1,729584866e-14	6,106906972e-14	1,030106447e-13	7,646223064e-12	1,045628834e-13	4,999999912e-15	4,999999912e-15	3,741290318e-14	4,422590072e-11	7,183869472e-11	1	1	1	1	1	1	1	0	0	0	0	0	0	0	0	0	0	3,629581695e-08	15,03584413	52,54587255	0	30,42562524	2,61675522	0,05882135151	0,01189503799
12,621	1785233636,877	28/07/2026_12:13:56,877	1	2	3,193064686e-06	2,923901548e-06	2,1869246e-11	8,761154996e-12	1,134136968e-11	2,292922623e-11	1,363790331e-10	1,730212779e-10	1,830939046e-12	6,110399459e-14	4,372175798e-12	7,197202361e-13	7,637805861e-14	1,674092011e-14	4,999999912e-15	4,999999912e-15	7,522108804e-12	1,216103769e-13	6,262519122e-14	9,115540218e-14	4,45260487e-14	4,129622339e-11	7,228837667e-11	1	1	1	1	1	1	1	0	0	0	0	0	0	0	0	0	0	3,910579464e-08	13,93537731	54,98784137	0	30,37608631	1,477412971	0,01362977927	0
13,429	1785233637,685	28/07/2026_12:13:57,685	1	2	3,204191898e-06	2,842137292e-06	1,717629164e-11	8,826877597e-12	1,139287362e-11	2,315318597e-11	1,378042958e-10	1,757720913e-10	2,011790474e-12	1,603077751e-13	4,19307861e-12	6,131898374e-13	4,999999912e-15	4,999999912e-15	4,016424915e-14	8,766284817e-14	7,647701049e-12	1,634433013e-13	4,999999912e-15	4,999999912e-15	8,312249408e-15	3,988614994e-11	7,265676255e-11	1	1	1	1	1	1	1	0	0	0	0	0	0	0	0	0	0	3,468996686e-08	13,42523621	55,61597551	0	30,47718116	1,157495357	0,06673258469	0
14,237	1785233638,493	28/07/2026_12:13:58,493	1	2	3,195655154e-06	2,851955742e-06	1,545213263e-11	8,809329134e-12	1,153084312e-11	2,342702074e-11	1,392188864e-10	1,771208735e-10	1,862860994e-12	4,999999912e-15	4,033749029e-12	7,053386738e-13	6,820549849e-14	6,072369712e-14	4,999999912e-15	4,999999912e-15	7,518545682e-12	9,049569227e-14	2,405974725e-14	6,954042919e-14	1,070736449e-13	3,917860134e-11	7,223633497e-11	1	1	1	1	1	1	1	0	0	0	0	0	0	0	0	0	0	3,710094997e-08	13,19643455	56,1794245	0	30,32079207	1,042255406	0	0,02860491649
15,045	1785233639,301	28/07/2026_12:13:59,301	1	2	3,202144626e-06	2,826928267e-06	1,474237225e-11	8,890060563e-12	1,154790326e-11	2,347622964e-11	1,397066213e-10	1,770828484e-10	2,005403222e-12	1,682319784e-13	4,065647125e-12	6,584299078e-13	4,999999912e-15	4,999999912e-15	4,999999912e-15	6,656012005e-14	7,679592205e-12	1,930368029e-13	3,141737359e-14	4,999999912e-15	4,999999912e-15	3,843469293e-11	7,242598882e-11	1	1	1	1	1	1	1	0	0	0	0	0	0	0	0	0	0	3,777597339e-08	12,96269339	56,3109952	0	30,4189518	0,9954115523	0,06728897851	0
15,853	1785233640,109	28/07/2026_12:14:00,109	1	2	3,212449428e-06	2,799966978e-06	1,392380742e-11	8,817707849e-12	1,163808373e-11	2,364746766e-11	1,404490413e-10	1,777279157e-10	1,924884731e-12	1,624808584e-14	3,870573133e-12	6,491592203e-13	6,017652739e-14	6,582669116e-14	3,909708928e-14	4,999999912e-15	7,511232088e-12	7,569894147e-14	2,289168035e-14	3,12427425e-14	8,603688373e-14	3,810523078e-11	7,203462826e-11	1	1	1	1	1	1	1	0	0	0	0	0	0	0	0	0	0	4,128615632e-08	12,86685055	56,66266588	0	30,29556075	0,9416290078	0	0
16,661	1785233640,917	28/07/2026_12:14:00,917	1	2	3,207725968e-06	2,826928267e-06	1,359106491e-11	8,962511289e-12	1,170350709e-11	2,359163212e-11	1,407708117e-10	1,788659498e-10	1,973186371e-12	1,57048067e-13	3,975438902e-12	7,112914858e-13	4,999999912e-15	4,999999912e-15	4,999999912e-15	2,82430363e-14	7,645962856e-12	2,058505411e-13	8,670045611e-14	4,999999912e-15	4,999999912e-15	3,75942992e-11	7,208556668e-11	1	1	1	1	1	1	1	0	0	0	0	0	0	0	0	0	0	3,269041844e-08	12,67139941	56,81126036	0	30,27188049	0,9171090075	0,05797180234	0
17,469	1785233641,725	28/07/2026_12:14:01,725	1	2	3,213908712e-06	2,837784223e-06	1,300539624e-11	8,812464647e-12	1,165334756e-11	2,374139947e-11	1,416201045e-10	1,799834864e-10	1,989539393e-12	3,348185038e-14	3,771186488e-12	6,381421541e-13	3,459946292e-14	6,55511615e-14	9,619242252e-14	5,17051747e-14	7,529583727e-12	6,052189999e-14	4,999999912e-15	1,83009261e-14	7,905567206e-14	3,726858058e-11	7,237388466e-11	1	1	1	1	1	1	1	0	0	0	0	0	0	0	0	0	0	3,989096456e-08	12,52567929	57,02265846	0	30,31424378	0,8754510667	0,01070784981	0,01208502875
18,277	1785233642,533	28/07/2026_12:14:02,533	1	2	3,206757356e-06	2,819352403e-06	1,273287205e-11	8,982733828e-12	1,180893144e-11	2,379078011e-11	1,418257456e-10	1,800087579e-10	1,96470726e-12	1,174464985e-13	3,896674216e-12	7,484638452e-13	1,086956893e-14	4,999999912e-15	4,999999912e-15	8,230758062e-15	7,581928141e-12	1,95834695e-13	9,385241607e-14	2,34427261e-14	4,999999912e-15	3,679912278e-11	7,13156964e-11	1	1	1	1	1	1	1	0	0	0	0	0	0	0	0	0	0	3,094647304e-08	12,43200928	57,365645	0	30,01796285	0,8611707107	0,04052741214	0
19,085	1785233643,341	28/07/2026_12:14:03,341	1	2	3,211599278e-06	2,809646276e-06	1,234507548e-11	8,815510821e-12	1,171838928e-11	2,378817282e-11	1,414596218e-10	1,797235416e-10	2,037212629e-12	1,060064647e-13	3,70075021e-12	6,113543374e-13	4,999999912e-15	3,686961625e-14	7,694850481e-14	9,181898135e-14	7,607152755e-12	8,13879129e-14	4,999999912e-15	4,999999912e-15	6,530668747e-14	3,668533879e-11	7,23433119e-11	1	1	1	1	1	1	1	0	0	0	0	0	0	0	0	0	0	3,997776954e-08	12,3632673	57,10612599	0	30,38307366	0,8332915257	0,04359077051	0,001461469815
19,893	1785233644,149	28/07/2026_12:14:04,149	1	2	3,209911938e-06	2,805336635e-06	1,20151545e-11	8,952612089e-12	1,182241371e-11	2,388375435e-11	1,421557733e-10	1,810610689e-10	1,947438738e-12	4,977651117e-14	3,807971299e-12	7,557361312e-13	6,567146729e-14	4,999999912e-15	4,999999912e-15	4,999999912e-15	7,555424168e-12	1,541492628e-13	1,019007944e-13	7,861717326e-14	1,33298693e-14	3,634375093e-11	7,256998474e-11	1	1	1	1	1	1	1	0	0	0	0	0	0	0	0	0	0	3,376978656e-08	12,21874597	57,32090244	0	30,40855606	0,8087801341	0,01186397101	0
20,701	1785233644,957	28/07/2026_12:14:04,957	1	2	3,218736083e-06	2,812874527e-06	1,175347319e-11	8,905497867e-12	1,168598204e-11	2,390176772e-11	1,419838552e-10	1,806054334e-10	2,057411099e-12	1,432020599e-13	3,73147303e-12	5,886023006e-13	4,999999912e-15	1,576300871e-14	6,468966801e-14	9,970825299e-14	7,68338778e-12	1,26934555e-13	4,999999912e-15	4,999999912e-15	4,51624686e-14	3,614425079e-11	7,243981109e-11	1	1	1	1	1	1	1	0	0	0	0	0	0	0	0	0	0	3,639319703e-08	12,16835562	57,29226815	0	30,39292111	0,7923654922	0,05894046101	0
21,509	1785233645,765	28/07/2026_12:14:05,765	1	2	3,207849886e-06	2,825841648e-06	1,138740838e-11	8,935006381e-12	1,184224767e-11	2,400383017e-11	1,424047408e-10	1,808651839e-10	1,923359692e-12	3,698215643e-14	3,707956685e-12	7,32355474e-13	9,016196128e-14	3,468483367e-14	4,999999912e-15	4,999999912e-15	7,533610888e-12	1,17357228e-13	9,829571375e-14	9,581212505e-14	7,259058128e-14	3,598270987e-11	7,195139623e-11	1	1	1	1	1	1	1	0	0	0	0	0	0	0	0	0	0	3,508600218e-08	12,14147523	57,56090588	0	30,25473637	0,7694437366	0,004551546974	0,006736688146
22,317	1785233646,573	28/07/2026_12:14:06,573	1	2	3,20968843e-06	2,822592023e-06	1,125119529e-11	8,950525217e-12	1,176345219e-11	2,386488403e-11	1,42367354e-10	1,806658573e-10	2,067652039e-12	1,799087002e-13	3,760883532e-12	6,188205872e-13	4,999999912e-15	4,999999912e-15	3,859260323e-14	8,398015898e-14	7,635420074e-12	1,810883935e-13	4,999999912e-15	4,999999912e-15	4,999999912e-15	3,591266867e-11	7,248133344e-11	1	1	1	1	1	1	1	0	0	0	0	0	0	0	0	0	0	3,656550295e-08	12,10002352	57,40582848	0	30,42285634	0,7590031815	0,07385970572	0
23,125	1785233647,381	28/07/2026_12:14:07,381	1	2	3,237816145e-06	2,811797003e-06	1,087625563e-11	8,917124851e-12	1,182349618e-11	2,401925707e-11	1,424137336e-10	1,806470251e-10	1,930189081e-12	1,908480765e-14	3,665176669e-12	6,919506201e-13	8,61726936e-14	8,0056865e-14	2,870870452e-14	4,999999912e-15	7,531236919e-12	9,331300516e-14	3,057139774e-14	6,627296232e-14	8,853210726e-14	3,575914564e-11	7,160663035e-11	1	1	1	1	1	1	1	0	0	0	0	0	0	0	0	0	0	3,576018673e-08	12,09915882	57,68991142	0	30,18971281	0,7369605579	0	0,008981692355
23,933	1785233648,189	28/07/2026_12:14:08,189	1	2	3,228233254e-06	2,825841648e-06	1,098260718e-11	8,910085343e-12	1,258329552e-11	2,56249813e-11	1,535776228e-10	1,934851585e-10	2,193550463e-12	1,666021243e-13	3,435033508e-12	6,285182336e-13	4,999999912e-15	4,999999912e-15	6,907470252e-15	6,406101371e-14	7,357035987e-12	1,859119954e-13	4,242276425e-14	4,999999912e-15	4,999999912e-15	3,465511211e-11	6,960981097e-11	1	1	1	1	1	1	1	0	0	0	0	0	0	0	0	0	0	4,114840307e-08	11,34987482	60,17754275	0	28,40420855	0,7205482694	0,06386908944	0
24,741	1785233648,997	28/07/2026_12:14:08,997	1	2	3,146247309e-06	2,759479457e-06	9,958144552e-12	8,324889389e-12	1,088354407e-11	2,178807308e-11	1,274740036e-10	1,588034426e-10	1,669327437e-12	1,043105913e-14	5,026578112e-12	5,888584433e-13	4,060663752e-14	8,090284085e-14	6,587714044e-14	4,999999912e-15	6,562211278e-12	3,455289982e-14	1,754032608e-14	4,690874561e-14	1,160455873e-13	1,08586716e-10	6,248806333e-11	1	1	1	1	1	1	1	0	0	0	0	0	0	0	0	0	0	2,809145707e-08	32,07443667	44,87481992	0	23,078329	0,592168709	0	0
25,549	1785233649,805	28/07/2026_12:14:09,805	1	2	2,710552053e-06	2,258237373e-06	8,408971436e-12	5,815206823e-12	3,505252946e-12	6,443119042e-12	3,559897169e-11	4,845646107e-11	4,403205231e-13	1,823069012e-13	1,640750209e-11	6,783102183e-13	4,999999912e-15	4,999999912e-15	4,999999912e-15	2,155675134e-14	7,060213091e-12	1,751045191e-13	9,001062021e-14	1,953883934e-14	4,999999912e-15	1,785102344e-10	6,775564138e-11	1	1	1	1	1	1	1	0	0	0	0	0	0	0	0	0	0	4,594332778e-08	58,93038792	13,43922034	0	27,83656802	0,5564750689	0,06490733291	0
26,357	1785233650,613	28/07/2026_12:14:10,613	1	2	2,636534418e-06	1,833931947e-06	5,571608713e-12	5,229356011e-12	1,224649071e-12	2,416072117e-12	1,376621907e-11	2,487940236e-11	2,219317801e-13	1,141751353e-13	1,914242549e-11	6,086883384e-13	1,504897688e-14	6,894281695e-14	1,062276691e-13	6,084011333e-14	7,147398125e-12	2,318272595e-14	4,999999912e-15	2,442452029e-14	1,145476807e-13	1,898190077e-10	6,766854438e-11	1	1	1	1	1	1	1	0	0	0	0	0	0	0	0	0	0	3,40886723e-08	65,57155938	5,518801433	0	29,13304813	0,3854963164	0,04836456164	0,02869007028
27,165	1785233651,421	28/07/2026_12:14:11,421	1	2	2,646141638e-06	1,736784384e-06	3,950641897e-12	5,254167761e-12	8,845448787e-13	1,527126516e-12	8,712065791e-12	1,914039933e-11	1,103178285e-13	1,702964348e-13	1,997541195e-11	7,181136111e-13	5,111531451e-14	4,999999912e-15	4,999999912e-15	4,999999912e-15	7,213764308e-12	1,675644893e-13	1,243500745e-13	7,415059235e-14	7,093739573e-15	1,948730483e-10	6,883797005e-11	1	1	1	1	1	1	1	0	0	0	0	0	0	0	0	0	0	2,998133092e-08	67,30528744	3,463070094	0	29,63489386	0,2732508482	0,0664245238	0
27,973	1785233652,229	28/07/2026_12:14:12,229	1	2	2,644761935e-06	1,744122528e-06	3,353777542e-12	5,066723083e-12	5,505839925e-13	1,116081294e-12	6,521095729e-12	1,6687908e-11	1,723337591e-13	1,689809181e-13	2,018388234e-11	5,887380969e-13	8,385980238e-15	6,075862198e-14	1,093437949e-13	1,053390028e-13	7,181884861e-12	4,185231466e-14	4,999999912e-15	8,851651847e-15	6,364578461e-14	1,96638747e-10	6,893426802e-11	1	1	1	1	1	1	1	0	0	0	0	0	0	0	0	0	0	3,45814252e-08	68,07985281	2,590511283	0	29,74779604	0,2325276154	0,07527700067	0,01509121266
28,781	1785233653,037	28/07/2026_12:14:13,037	1	2	2,655891194e-06	1,720222144e-06	2,964727639e-12	5,114830434e-12	5,776745727e-13	9,828096453e-13	5,180893908e-12	1,502106946e-11	2,61009391e-14	1,401286178e-13	2,029748071e-11	7,203566086e-13	7,71696956e-14	2,728064255e-14	4,999999912e-15	4,999999912e-15	7,177868976e-12	1,144234989e-13	1,06010334e-13	8,71661345e-14	6,431712937e-14	1,967034591e-10	6,806989694e-11	1	1	1	1	1	1	1	0	0	0	0	0	0	0	0	0	0	2,871941832e-08	68,71306214	2,069196545	0	29,64240337	0,207386656	0,05153926141	0,01680670827
29,589	1785233653,845	28/07/2026_12:14:13,845	1	2	2,636657882e-06	1,711014875e-06	2,819981011e-12	5,059974575e-12	3,724991778e-13	7,105464763e-13	4,396841398e-12	1,419757194e-11	1,73750188e-13	2,196965347e-13	2,039952235e-11	5,660637974e-13	4,999999912e-15	2,31516788e-14	6,031235082e-14	1,057930328e-13	7,20500222e-12	1,066622918e-13	4,999999912e-15	4,999999912e-15	3,342752168e-14	1,98394301e-10	6,861853447e-11	1	1	1	1	1	1	1	0	0	0	0	0	0	0	0	0	0	3,105180655e-08	68,95221153	1,736171033	0	29,73023115	0,1962676463	0,09882869003	0,002521411337
30,397	1785233654,653	28/07/2026_12:14:14,653	1	2	2,633583108e-06	1,681758476e-06	2,513362782e-12	5,032278413e-12	4,08026179e-13	7,28067346e-13	3,872707276e-12	1,344043193e-11	4,999999912e-15	8,590492955e-14	2,055078503e-11	6,801031092e-13	8,370076008e-14	7,16864041e-14	4,999999912e-15	4,999999912e-15	7,114533788e-12	5,87407049e-14	6,150369249e-14	8,419747375e-14	9,099628874e-14	1,989697573e-10	6,880310904e-11	1	1	1	1	1	1	1	0	0	0	0	0	0	0	0	0	0	3,298434809e-08	69,20984465	1,491193397	0	29,82921543	0,1750655597	0,02957620452	0,02892261895
31,205	1785233655,461	28/07/2026_12:14:15,461	1	2	2,626813057e-06	1,655536039e-06	2,473547409e-12	5,071411173e-12	3,06525069e-13	5,172263984e-13	3,387631755e-12	1,302008414e-11	1,426083372e-13	2,289129715e-13	2,057964216e-11	6,127202153e-13	4,999999912e-15	4,999999912e-15	1,277882355e-14	7,064639672e-14	7,221560589e-12	1,409008544e-13	2,116093115e-14	4,999999912e-15	4,999999912e-15	1,993407939e-10	6,886551746e-11	1	1	1	1	1	1	1	0	0	0	0	0	0	0	0	0	0	3,014505432e-08	69,30009637	1,316934736	0	29,84543342	0,1721965929	0,1008284539	0
32,013	1785233656,269	28/07/2026_12:14:16,269	1	2	2,629469236e-06	1,69339819e-06	2,165699477e-12	4,97638996e-12	3,092337313e-13	5,859674183e-13	3,188937179e-12	1,268794271e-11	1,14827022e-14	6,540758603e-14	2,042723282e-11	6,405131959e-13	7,32929681e-14	7,273416353e-14	4,507321843e-14	4,999999912e-15	7,059436802e-12	3,905051602e-14	2,178958884e-14	5,420039146e-14	1,038721382e-13	1,99030542e-10	6,856598622e-11	1	1	1	1	1	1	1	0	0	0	0	0	0	0	0	0	0	3,314814355e-08	69,49069201	1,229426566	0	29,84161569	0,151424559	0,02307149423	0,04067814912
32,821	1785233657,077	28/07/2026_12:14:17,077	1	2	2,627167078e-06	1,686921792e-06	2,195727541e-12	5,114112692e-12	3,124856602e-13	4,479653681e-13	2,792843864e-12	1,239071259e-11	9,169480632e-14	2,143529359e-13	2,070759016e-11	6,747167929e-13	4,999999912e-15	4,999999912e-15	4,999999912e-15	3,957051971e-14	7,250680091e-12	1,851086965e-13	7,036699104e-14	4,999999912e-15	4,999999912e-15	1,997244731e-10	6,811098213e-11	1	1	1	1	1	1	1	0	0	0	0	0	0	0	0	0	0	2,505759945e-08	69,68808562	1,111987176	0	29,63316608	0,1534102596	0,09097383619	0
33,629	1785233657,885	28/07/2026_12:14:17,885	1	2	2,653513093e-06	1,679180855e-06	1,929009686e-12	4,934863716e-12	2,440511985e-13	4,761113921e-13	2,768943495e-12	1,223544443e-11	7,020012555e-14	7,141088122e-14	2,060389186e-11	6,068100666e-13	1,674092349e-14	7,020012555e-14	7,293207108e-14	2,024898837e-14	7,110610278e-12	1,444360412e-14	4,999999912e-15	2,518512031e-14	8,988254883e-14	1,98470268e-10	6,845667783e-11	1	1	1	1	1	1	1	0	0	0	0	0	0	0	0	0	0	3,380417952e-08	69,57056819	1,069932785	0	29,91011023	0,1353966193	0,03207030973	0,0357508205
34,437	1785233658,693	28/07/2026_12:14:18,693	1	2	2,623742603e-06	1,653632239e-06	1,951618121e-12	5,100185031e-12	3,307206126e-13	4,331686106e-13	2,483509275e-12	1,192396615e-11	4,349380692e-14	1,770486969e-13	2,077810493e-11	7,1819124e-13	4,999999912e-15	4,999999912e-15	4,999999912e-15	2,368720522e-14	7,204947142e-12	1,523990894e-13	8,726702629e-14	1,958928354e-14	4,999999912e-15	1,987205539e-10	6,816890802e-11	1	1	1	1	1	1	1	0	0	0	0	0	0	0	0	0	0	2,603052896e-08	69,71467298	0,9690873438	0	29,81443966	0,1370847949	0,0721227674	0
35,245	1785233659,501	28/07/2026_12:14:19,501	1	2	2,642074378e-06	1,670835104e-06	1,78670414e-12	4,945733493e-12	2,136466731e-13	3,857282332e-13	2,447834904e-12	1,189581853e-11	1,100500645e-13	1,19084091e-13	2,062293912e-11	5,901273394e-13	4,999999912e-15	5,935384833e-14	1,03158103e-13	7,040580548e-14	7,174457643e-12	6,174035011e-15	4,999999912e-15	5,42895942e-15	7,767029207e-14	2,000990623e-10	6,856564622e-11	1	1	1	1	1	1	1	0	0	0	0	0	0	0	0	0	0	3,342347107e-08	69,77807433	0,9356836813	0	29,80579668	0,1247671712	0,05537418402	0,03004121312
36,053	1785233660,309	28/07/2026_12:14:20,309	1	2	2,624982926e-06	1,646045803e-06	1,711808429e-12	5,053800694e-12	3,161877769e-13	4,325748744e-13	2,281046662e-12	1,157698677e-11	1,738121772e-14	1,471486236e-13	2,073844221e-11	7,172560072e-13	4,631501278e-14	4,999999912e-15	4,999999912e-15	4,999999912e-15	7,160813609e-12	1,344823504e-13	1,084046861e-13	7,776343859e-14	1,176210449e-14	2,003856941e-10	6,870597841e-11	1	1	1	1	1	1	1	0	0	0	0	0	0	0	0	0	0	2,97503694e-08	69,8699275	0,8443823259	0	29,86236166	0,1195184861	0,05754425074	0
36,861	1785233661,117	28/07/2026_12:14:21,117	1	2	2,621888143e-06	1,677894488e-06	1,667340528e-12	4,942694691e-12	1,910188723e-13	3,462430538e-13	2,230167873e-12	1,169427923e-11	1,404157823e-13	1,995562054e-13	2,066816336e-11	5,660094247e-13	4,999999912e-15	2,977198837e-14	6,656012682e-14	1,008025789e-13	7,241456566e-12	6,57840007e-14	4,999999912e-15	4,999999912e-15	4,386634217e-14	2,002955579e-10	6,833372757e-11	1	1	1	1	1	1	1	0	0	0	0	0	0	0	0	0	0	3,202810755e-08	69,88221511	0,864044132	0	29,72236928	0,1164899204	0,09082132607	0,01413907756
37,669	1785233661,925	28/07/2026_12:14:21,925	1	2	2,624793751e-06	1,648570787e-06	1,543432808e-12	5,016403092e-12	2,963928202e-13	4,596265317e-13	2,135085294e-12	1,141480573e-11	4,999999912e-15	1,127315472e-13	2,064808394e-11	6,864711165e-13	8,516374184e-14	5,129382501e-14	4,999999912e-15	4,999999912e-15	7,104138024e-12	1,04908256e-13	7,628492564e-14	8,320790888e-14	6,74060959e-14	1,991127402e-10	6,858690699e-11	1	1	1	1	1	1	1	0	0	0	0	0	0	0	0	0	0	3,060757663e-08	69,81929902	0,7935119784	0	29,97834285	0,1083707475	0,04300281482	0,01905497004
38,477	1785233662,733	28/07/2026_12:14:22,733	1	2	2,632349606e-06	1,646045803e-06	1,586410473e-12	5,002475864e-12	1,809642388e-13	2,931292091e-13	2,058633645e-12	1,147659658e-11	1,236244044e-13	2,184043148e-13	2,06761136e-11	5,863787103e-13	4,999999912e-15	4,999999912e-15	3,396692243e-14	9,705003321e-14	7,195280829e-12	1,157079803e-13	4,999999912e-15	4,999999912e-15	1,403613977e-14	1,998737981e-10	6,842421074e-11	1	1	1	1	1	1	1	0	0	0	0	0	0	0	0	0	0	2,967938846e-08	69,89027888	0,7898960395	0	29,82901104	0,1110797055	0,09712539953	0
39,285	1785233663,541	28/07/2026_12:14:23,541	1	2	2,618056897e-06	1,660620796e-06	1,381634932e-12	4,892386843e-12	2,552506275e-13	4,285739244e-13	2,081168137e-12	1,108625084e-11	4,999999912e-15	7,6804909e-14	2,12682736e-11	6,364191943e-13	7,922641357e-14	6,851593267e-14	4,999999912e-15	4,999999912e-15	7,131417852e-12	5,870577326e-14	4,097917616e-14	7,605984527e-14	1,005542153e-13	2,082103101e-10	7,172824834e-11	1	1	1	1	1	1	1	0	0	0	0	0	0	0	0	0	0	4,679315082e-08	70,07743461	0,6050242715	0	30,07122084	0,09312798366	0,02798597217	0,01289878594
40,093	1785233664,349	28/07/2026_12:14:24,349	1	2	2,704264034e-06	1,672758799e-06	1,521755703e-12	5,438031102e-12	4,535805867e-13	1,127284464e-12	1,009188393e-11	2,730222472e-11	3,408257563e-13	2,29436858e-13	1,934776298e-11	7,260300217e-13	4,999999912e-15	4,999999912e-15	4,999999912e-15	6,055294883e-14	8,453726434e-12	1,824660215e-13	5,541494523e-15	4,999999912e-15	4,999999912e-15	7,159611792e-11	7,685862363e-11	1	1	1	1	1	1	1	0	0	0	0	0	0	0	0	0	0	2,409063223e-08	39,7810839	8,036691361	0	52,59135725	0,1667138542	0,1698850103	0,2830800327
40,901	1785233665,157	28/07/2026_12:14:25,157	1	2	3,253014484e-06	2,447518909e-06	6,172920682e-12	8,732287463e-12	1,075066772e-11	2,193224075e-11	1,307497166e-10	1,66572367e-10	1,772081939e-12	4,999999912e-15	5,311224117e-12	6,563615211e-13	3,02493016e-14	8,041776202e-14	3,856931999e-14	4,999999912e-15	7,514336375e-12	5,067680894e-14	4,999999912e-15	3,61478222e-14	9,146972595e-14	4,860040842e-11	7,161677501e-11	1	1	1	1	1	1	1	0	0	0	0	0	0	0	0	0	0	3,149543994e-08	16,57151466	53,32089024	0	30,41376112	0,4212445618	0	0,01216749993
41,709	1785233665,965	28/07/2026_12:14:25,965	1	2	3,173561481e-06	2,697778427e-06	8,537965474e-12	8,677092898e-12	1,093442611e-11	2,214726319e-11	1,324765853e-10	1,698103463e-10	1,862690557e-12	1,365196747e-13	4,82872943e-12	7,112527798e-13	4,999999912e-15	4,999999912e-15	4,999999912e-15	6,503886581e-15	7,66869554e-12	1,976158901e-13	7,430580944e-14	4,999999912e-15	4,999999912e-15	4,311213192e-11	7,185720075e-11	1	1	1	1	1	1	1	0	0	0	0	0	0	0	0	0	0	2,99356341e-08	14,78663447	54,55180416	0	30,70981158	0,5859157783	0,05101706317	0,004886421056
42,517	1785233666,773	28/07/2026_12:14:26,773	1	2	3,191964879e-06	2,717500138e-06	7,372298085e-12	8,655909323e-12	1,125198632e-11	2,297976393e-11	1,371554953e-10	1,743251793e-10	1,943752017e-12	4,999999912e-15	4,179896013e-12	6,267214937e-13	1,206479256e-14	5,201949846e-14	7,918372989e-14	3,559678323e-14	7,45911579e-12	4,975322454e-14	4,999999912e-15	9,239714062e-15	7,893537983e-14	4,032979853e-11	7,181265999e-11	1	1	1	1	1	1	1	0	0	0	0	0	0	0	0	0	0	4,044806553e-08	13,75597458	55,98928055	0	30,51487017	0,5035219915	0,001638425949	0,005516097971
43,325	1785233667,581	28/07/2026_12:14:27,581	1	2	3,193847533e-06	2,723752459e-06	6,985693274e-12	8,855089405e-12	1,149258119e-11	2,317903681e-11	1,384430903e-10	1,75965853e-10	1,914348671e-12	1,085016883e-13	4,153302702e-12	7,498258741e-13	1,446688736e-14	4,999999912e-15	4,999999912e-15	4,999999912e-15	7,519991574e-12	1,897770678e-13	9,65804788e-14	2,418392059e-14	4,999999912e-15	3,896153886e-11	7,174741357e-11	1	1	1	1	1	1	1	0	0	0	0	0	0	0	0	0	0	3,335496424e-08	13,28382793	56,50016918	0	30,47397329	0,4767897024	0,03721572498	0
44,133	1785233668,389	28/07/2026_12:14:28,389	1	2	3,193392786e-06	2,739461934e-06	6,86188259e-12	8,713629644e-12	1,14240466e-11	2,339220311e-11	1,396226468e-10	1,765424612e-10	2,001767025e-12	6,697534237e-14	3,928844229e-12	6,138922378e-13	4,999999912e-15	2,177406611e-14	8,566434508e-14	8,389478484e-14	7,536549509e-12	5,704100115e-14	4,999999912e-15	4,999999912e-15	5,837592508e-14	3,846424221e-11	7,192899054e-11	1	1	1	1	1	1	1	0	0	0	0	0	0	0	0	0	0	4,459913423e-08	13,0878243	56,71864965	0	30,47621973	0,4675894491	0,02852113221	0
44,941	1785233669,197	28/07/2026_12:14:29,197	1	2	3,203877213e-06	2,709179626e-06	6,836461518e-12	8,87506648e-12	1,159364705e-11	2,345814515e-11	1,396207039e-10	1,776203212e-10	1,879019943e-12	5,479413107e-14	3,949803158e-12	7,401399372e-13	6,385921658e-14	4,999999912e-15	4,999999912e-15	4,999999912e-15	7,509108786e-12	1,669901739e-13	1,063595962e-13	7,506640437e-14	1,819226702e-14	3,73839848e-11	7,217464126e-11	1	1	1	1	1	1	1	0	0	0	0	0	0	0	0	0	0	3,433039464e-08	12,73049556	56,95421422	0	30,62336659	0,4660791381	0,01101511374	0
45,749	1785233670,005	28/07/2026_12:14:30,005	1	2	3,21952507e-06	2,780714794e-06	6,863140264e-12	8,803039027e-12	1,152860359e-11	2,35210549e-11	1,407268885e-10	1,784863507e-10	2,045695644e-12	1,293599424e-13	3,856944278e-12	6,234074671e-13	4,999999912e-15	1,790898362e-14	6,270668257e-14	1,08684085e-13	7,628736184e-12	9,847033806e-14	4,999999912e-15	4,999999912e-15	3,091677034e-14	3,684481886e-11	7,120513207e-11	1	1	1	1	1	1	1	0	0	0	0	0	0	0	0	0	0	3,724650348e-08	12,55658711	57,38400555	0	30,22917968	0,4683021763	0,05517758255	0
46,557	1785233670,813	28/07/2026_12:14:30,813	1	2	3,196890475e-06	2,714375114e-06	6,74264377e-12	8,831418236e-12	1,171636746e-11	2,371940318e-11	1,405779798e-10	1,787245213e-10	1,908279524e-12	3,84024545e-14	3,82300051e-12	7,205505723e-13	8,118223297e-14	3,83403636e-14	4,999999912e-15	4,999999912e-15	7,477397174e-12	1,349519048e-13	7,88538817e-14	9,446942875e-14	6,801922578e-14	3,669419282e-11	7,175713496e-11	1	1	1	1	1	1	1	0	0	0	0	0	0	0	0	0	0	3,586835971e-08	12,4935433	57,34714895	0	30,44335219	0,4596705948	0,006156438335	0,007405285091
47,365	1785233671,621	28/07/2026_12:14:31,621	1	2	3,204617315e-06	2,746820201e-06	6,86772644e-12	8,906410331e-12	1,162356322e-11	2,36962186e-11	1,410098982e-10	1,782889392e-10	2,045423943e-12	1,589379127e-13	3,803011725e-12	6,441066755e-13	4,999999912e-15	4,999999912e-15	3,792514127e-14	1,034918407e-13	7,629583597e-12	1,846119828e-13	4,999999912e-15	4,999999912e-15	4,999999912e-15	3,63379743e-11	7,177369116e-11	1	1	1	1	1	1	1	0	0	0	0	0	0	0	0	0	0	3,782006125e-08	12,38338146	57,3833678	0	30,45688099	0,4685982008	0,06667189493	0
48,173	1785233672,429	28/07/2026_12:14:32,429	1	2	3,20355889e-06	2,761601309e-06	6,694632695e-12	8,813784771e-12	1,168265311e-11	2,372843588e-11	1,417560652e-10	1,798052263e-10	1,905252432e-12	4,999999912e-15	3,703913044e-12	7,007596543e-13	7,008370934e-14	6,505444783e-14	1,957375912e-14	4,999999912e-15	7,44962772e-12	9,184613383e-14	3,400961289e-14	5,651710789e-14	1,091381082e-13	3,613946295e-11	7,198720092e-11	1	1	1	1	1	1	1	0	0	0	0	0	0	0	0	0	0	3,983668127e-08	12,26990528	57,5940742	0	30,4501085	0,4551801768	0	0,01870782729
48,981	1785233673,237	28/07/2026_12:14:33,237	1	2	3,211257308e-06	2,741562184e-06	6,820002896e-12	8,937075906e-12	1,171999563e-11	2,363101381e-11	1,418953566e-10	1,797689358e-10	2,024802635e-12	1,607307359e-13	3,806698012e-12	6,940188983e-13	4,999999912e-15	4,999999912e-15	5,475524209e-15	4,82242657e-14	7,626128895e-12	2,159595067e-13	3,658244836e-14	4,999999912e-15	4,999999912e-15	3,595083259e-11	7,171020028e-11	1	1	1	1	1	1	1	0	0	0	0	0	0	0	0	0	0	3,510400602e-08	12,21563119	57,6461187	0	30,34840631	0,4639281277	0,06364774832	0
49,789	1785233674,045	28/07/2026_12:14:34,045	1	2	3,215448714e-06	2,736311671e-06	6,638208646e-12	8,798602472e-12	1,172685993e-11	2,392558721e-11	1,41814227e-10	1,807386046e-10	1,969034311e-12	1,03223992e-14	3,599912686e-12	6,58880177e-13	4,999769858e-14	9,395719066e-14	7,117026966e-14	9,918815952e-15	7,498382991e-12	4,248484838e-14	1,355106179e-14	3,969081194e-14	9,479539414e-14	3,570347837e-11	7,172906019e-11	1	1	1	1	1	1	1	0	0	0	0	0	0	0	0	0	0	3,632226909e-08	12,1171766	57,78481766	0	30,35299205	0,451238693	0	0,04150020624
50,597	1785233674,853	28/07/2026_12:14:34,853	1	2	3,211265494e-06	2,778587714e-06	6,727276722e-12	8,942683399e-12	1,17930804e-11	2,379985445e-11	1,421295998e-10	1,805003369e-10	1,99455296e-12	1,310402524e-13	3,758117081e-12	7,239035218e-13	4,999999912e-15	4,999999912e-15	4,999999912e-15	9,499710826e-15	7,564229625e-12	2,05547859e-13	1,043416791e-13	4,999999912e-15	4,999999912e-15	3,542588792e-11	7,154664361e-11	1	1	1	1	1	1	1	0	0	0	0	0	0	0	0	0	0	3,266265207e-08	12,04550819	57,87626259	0	30,3098492	0,4579255098	0,04852160037	0
51,405	1785233675,661	28/07/2026_12:14:35,661	1	2	3,206680731e-06	2,774332188e-06	6,615871479e-12	8,80998139e-12	1,168193927e-11	2,387922325e-11	1,421345819e-10	1,810611522e-10	2,029493977e-12	4,832127808e-14	3,56917859e-12	6,13151023e-13	1,050866852e-14	6,33780341e-14	1,006939147e-13	6,94938627e-14	7,541131782e-12	5,229501795e-14	4,999999912e-15	9,111650304e-15	8,107358236e-14	3,519942324e-11	7,201256258e-11	1	1	1	1	1	1	1	0	0	0	0	0	0	0	0	0	0	3,733563377e-08	11,93900528	57,85462569	0	30,45084152	0,4494289135	0,01941905512	0,03110316699
52,213	1785233676,469	28/07/2026_12:14:36,469	1	2	3,227655952e-06	2,743661071e-06	6,638460181e-12	8,952403922e-12	1,183449779e-11	2,389516536e-11	1,418137829e-10	1,805755823e-10	1,956666816e-12	8,827986085e-14	3,692274785e-12	7,471753793e-13	5,46893497e-14	4,999999912e-15	4,999999912e-15	4,999999912e-15	7,562091578e-12	1,778131678e-13	1,114703626e-13	5,018784731e-14	5,731644949e-15	3,513852057e-11	7,205857439e-11	1	1	1	1	1	1	1	0	0	0	0	0	0	0	0	0	0	3,204292171e-08	11,94233589	57,80660718	0	30,52333287	0,4517156802	0,02833447439	0
53,021	1785233677,277	28/07/2026_12:14:37,277	1	2	3,211095645e-06	2,759479457e-06	6,604296537e-12	8,817544785e-12	1,173532452e-11	2,388647787e-11	1,421088108e-10	1,807643479e-10	2,086589148e-12	1,178655968e-13	3,579395894e-12	6,031274655e-13	4,999999912e-15	3,699379466e-14	8,387149482e-14	1,108805024e-13	7,625950219e-12	9,098077109e-14	4,999999912e-15	4,999999912e-15	5,506188496e-14	3,50168991e-11	7,199302265e-11	1	1	1	1	1	1	1	0	0	0	0	0	0	0	0	0	0	3,813990354e-08	11,88903564	57,84840472	0	30,46482999	0,4490591554	0,05224859763	0,006861633224
53,829	1785233678,085	28/07/2026_12:14:38,085	1	2	3,226698936e-06	2,774332188e-06	6,600462364e-12	8,930268851e-12	1,21878653e-11	2,495934015e-11	1,492090757e-10	1,913764841e-10	2,079759542e-12	6,120876917e-14	3,287605431e-12	6,827263906e-13	7,611028778e-14	2,137824253e-14	4,999999912e-15	4,999999912e-15	7,017626497e-12	1,369581667e-13	8,852822446e-14	8,908703582e-14	3,91048481e-14	3,380752969e-11	6,96846747e-11	1	1	1	1	1	1	1	0	0	0	0	0	0	0	0	0	0	2,214421067e-08	11,25471909	60,03427421	0	28,98334317	0,4402563528	0,01775919841	0,08242382025
54,637	1785233678,893	28/07/2026_12:14:38,893	1	2	3,165942871e-06	2,774332188e-06	6,434817956e-12	8,51496304e-12	1,114770429e-11	2,25285849e-11	1,328313015e-10	1,667424809e-10	1,868402351e-12	1,477889263e-13	4,156624264e-12	5,652177944e-13	4,999999912e-15	4,999999912e-15	6,756907859e-14	8,501627679e-14	6,7465083e-12	1,126461866e-13	4,999999912e-15	4,999999912e-15	3,382334018e-14	9,098709286e-11	6,183555751e-11	1	1	1	1	1	1	1	0	0	0	0	0	0	0	0	0	0	1,727767384e-08	27,78674025	48,64404899	0	23,64737779	0,3956430596	0,0509670695	0
55,445	1785233679,701	28/07/2026_12:14:39,701	1	2	2,755938567e-06	2,294885462e-06	4,493239548e-12	5,915186743e-12	4,237647559e-12	7,982213848e-12	4,340211524e-11	5,680298593e-11	4,29873937e-13	6,578012467e-14	1,531720931e-11	6,524343782e-13	7,881895006e-14	7,708043188e-14	4,999999912e-15	4,999999912e-15	6,890056234e-12	7,459684996e-14	6,301712353e-14	8,049537057e-14	1,091497566e-13	1,734335453e-10	6,683077702e-11	1	1	1	1	1	1	1	0	0	0	0	0	0	0	0	0	0	5,199924765e-08	56,94439551	16,27971724	0	27,29244582	0,2958354935	0,009804657446	0
56,253	1785233680,509	28/07/2026_12:14:40,509	1	2	2,631492862e-06	1,81574535e-06	2,935114825e-12	5,349580588e-12	1,327395767e-12	2,526254379e-12	1,475719026e-11	2,610396968e-11	2,601052782e-13	2,307057811e-13	1,905323642e-11	6,486003683e-13	4,999999912e-15	4,999999912e-15	3,41299119e-14	7,68786483e-14	7,180915584e-12	1,542113469e-13	2,692750774e-14	4,999999912e-15	8,735235639e-15	1,879111033e-10	6,855425255e-11	1	1	1	1	1	1	1	0	0	0	0	0	0	0	0	0	0	3,275935678e-08	64,98593792	5,920470761	0	29,54615222	0,2032982089	0,09697786727	0
57,061	1785233681,317	28/07/2026_12:14:41,317	1	2	2,642605068e-06	1,730138251e-06	1,896261143e-12	5,134672635e-12	8,387500221e-13	1,641771137e-12	9,256619776e-12	1,972073026e-11	1,077372241e-13	7,001774919e-14	1,9685047e-11	6,331089624e-13	8,429837232e-14	8,501240076e-14	5,822069443e-14	4,999999912e-15	7,057543352e-12	4,968337143e-14	1,590659096e-14	7,607148689e-14	1,052846775e-13	1,919879533e-10	6,799927982e-11	1	1	1	1	1	1	1	0	0	0	0	0	0	0	0	0	0	3,2647478e-08	67,16568223	3,740732408	0	29,65002558	0,1328516371	0,02609440919	0,03301574452
57,869	1785233682,125	28/07/2026_12:14:42,125	1	2	2,645150289e-06	1,701206656e-06	1,731048356e-12	5,197173421e-12	6,591788747e-13	1,098680717e-12	6,698936111e-12	1,690292351e-11	1,216996339e-13	2,162001318e-13	2,011460269e-11	6,716278467e-13	4,999999912e-15	4,999999912e-15	4,999999912e-15	4,843382165e-14	7,201287743e-12	1,793188536e-13	6,401832325e-14	4,999999912e-15	4,999999912e-15	1,942676714e-10	6,849576462e-11	1	1	1	1	1	1	1	0	0	0	0	0	0	0	0	0	0	2,788650135e-08	67,94831825	2,705310842	0	29,86576159	0,1212388397	0,08951837128	0
58,677	1785233682,933	28/07/2026_12:14:42,933	1	2	2,63436209e-06	1,699252039e-06	1,427189313e-12	4,996662372e-12	4,829450641e-13	9,535537507e-13	5,443770434e-12	1,534053787e-11	8,653359062e-14	8,706135314e-14	2,016272045e-11	6,036785113e-13	3,478185283e-14	7,371207323e-14	8,150432233e-14	4,080455185e-14	7,097156196e-12	9,790758123e-15	4,999999912e-15	3,589946198e-14	9,594017611e-14	1,963747498e-10	6,847947903e-11	1	1	1	1	1	1	1	0	0	0	0	0	0	0	0	0	0	3,479051992e-08	68,60443379	2,164681232	0	29,81909166	0,09984760979	0,03610765244	0,0341177208
59,485	1785233683,741	28/07/2026_12:14:43,741	1	2	2,632117685e-06	1,697948505e-06	1,423297027e-12	5,142250774e-12	5,227950776e-13	7,893149567e-13	4,454685752e-12	1,421199963e-11	7,795358055e-14	1,735716605e-13	2,032580007e-11	6,873636859e-13	3,660185219e-14	4,999999912e-15	4,999999912e-15	4,999999912e-15	7,151255282e-12	1,792839152e-13	9,055778995e-14	3,629140445e-14	4,999999912e-15	1,972569746e-10	6,78453127e-11	1	1	1	1	1	1	1	0	0	0	0	0	0	0	0	0	0	2,547433408e-08	69,11359744	1,789574105	0	29,63857996	0,09986223941	0,07132064391	0
60,293	1785233684,549	28/07/2026_12:14:44,549	1	2	2,628906941e-06	1,665081072e-06	1,279081984e-12	4,955597564e-12	3,336582313e-13	6,689735029e-13	3,961371595e-12	1,364785628e-11	1,371133838e-13	1,261856017e-13	2,040211403e-11	5,756217443e-13	1,557285998e-14	6,543086927e-14	7,002550124e-14	9,256404508e-14	7,113089631e-12	2,23406329e-14	4,999999912e-15	4,999999912e-15	6,446847721e-14	1,966338481e-10	6,814491332e-11	1	1	1	1	1	1	1	0	0	0	0	0	0	0	0	0	0	3,319762156e-08	69,12606938	1,580187464	0	29,86074669	0,09003836139	0,05924074472	0,0218148765
61,101	1785233685,357	28/07/2026_12:14:45,357	1	2	2,629071787e-06	1,688217026e-06	1,200643534e-12	5,072804156e-12	4,296139182e-13	6,499701493e-13	3,514306684e-12	1,300877982e-11	2,367168249e-14	1,337877156e-13	2,049944936e-11	7,042675904e-13	6,073921476e-14	4,999999912e-15	4,999999912e-15	4,999999912e-15	7,110245552e-12	1,195070789e-13	9,98867601e-14	7,976970728e-14	2,730392918e-14	1,961644874e-10	6,73172143e-11	1	1	1	1	1	1	1	0	0	0	0	0	0	0	0	0	0	2,588707441e-08	69,44271256	1,408281201	0	29,70820963	0,08510121734	0,05176430875	0
61,909	1785233686,165	28/07/2026_12:14:46,165	1	2	2,626386504e-06	1,66699806e-06	1,197244235e-12	4,984620789e-12	2,575324394e-13	5,125968552e-13	3,223788641e-12	1,2785723e-11	1,437531192e-13	1,870917023e-13	2,046065747e-11	5,763629049e-13	4,999999912e-15	1,771107268e-14	6,825205819e-14	9,510584865e-14	7,204963622e-12	6,787952633e-14	4,999999912e-15	4,999999912e-15	3,087408665e-14	1,971338648e-10	6,817410525e-11	1	1	1	1	1	1	1	0	0	0	0	0	0	0	0	0	0	3,132998169e-08	69,35535429	1,274160686	0	29,89869972	0,0843423616	0,08552091364	0,003578681541
62,717	1785233686,973	28/07/2026_12:14:46,973	1	2	2,622356078e-06	1,670835104e-06	1,037456362e-12	5,017140349e-12	3,491302299e-13	5,977683084e-13	2,996944056e-12	1,240357643e-11	4,999999912e-15	1,022927403e-13	2,050789226e-11	6,823965221e-13	7,888493054e-14	4,315231711e-14	4,999999912e-15	4,999999912e-15	7,121390283e-12	8,947121608e-14	7,149625537e-14	8,614941714e-14	6,829862468e-14	1,981773357e-10	6,850035816e-11	1	1	1	1	1	1	1	0	0	0	0	0	0	0	0	0	0	3,143899136e-08	69,52104874	1,148465457	0	29,95247135	0,07287673735	0,03761965317	0,01820286365
63,525	1785233687,781	28/07/2026_12:14:47,781	1	2	2,62814774e-06	1,66699806e-06	1,123303056e-12	5,035697553e-12	2,467676129e-13	4,09566749e-13	2,766102668e-12	1,224868644e-11	1,29945913e-13	2,111902504e-13	2,054857152e-11	5,886334172e-13	4,999999912e-15	4,999999912e-15	2,936064884e-14	9,266106762e-14	7,208696313e-12	1,30287396e-13	4,999999912e-15	4,999999912e-15	4,999999912e-15	1,983333359e-10	6,873847325e-11	1	1	1	1	1	1	1	0	0	0	0	0	0	0	0	0	0	3,051751673e-08	69,48318022	1,064506368	0	30,01930749	0,07880116591	0,09412165623	0
64,333	1785233688,589	28/07/2026_12:14:48,589	1	2	2,621934073e-06	1,650468789e-06	9,145031737e-13	4,955888564e-12	2,834703772e-13	5,182935786e-13	2,673814295e-12	1,207063616e-11	4,999999912e-15	5,935771758e-14	2,052475204e-11	6,468812031e-13	6,839175764e-14	7,587356579e-14	8,25791902e-15	4,999999912e-15	7,066984584e-12	4,737441044e-14	5,404905717e-14	6,79571281e-14	1,062043723e-13	1,974404251e-10	6,869121938e-11	1	1	1	1	1	1	1	0	0	0	0	0	0	0	0	0	0	3,377460124e-08	69,50276598	1,019723535	0	30,13750663	0,06445978256	0,02091600453	0,04172460393
65,141	1785233689,397	28/07/2026_12:14:49,397	1	2	2,623860837e-06	1,63849063e-06	1,029912375e-12	5,068473419e-12	2,710835029e-13	3,561773814e-13	2,409622632e-12	1,193798185e-11	9,70150948e-14	2,164446058e-13	2,067669994e-11	6,324453765e-13	4,999999912e-15	4,999999912e-15	4,999999912e-15	4,321440802e-14	7,178979199e-12	1,658104806e-13	4,309022621e-14	4,999999912e-15	4,999999912e-15	1,977076003e-10	6,746841974e-11	1	1	1	1	1	1	1	0	0	0	0	0	0	0	0	0	0	2,404741635e-08	69,81919919	0,9816427356	0	29,7090409	0,07282221565	0,09394600651	0
65,949	1785233690,205	28/07/2026_12:14:50,205	1	2	2,627610911e-06	1,684338145e-06	8,281714615e-13	4,911669162e-12	2,394682217e-13	4,399868328e-13	2,431342237e-12	1,18098786e-11	2,606601594e-14	6,710728978e-14	2,045156926e-11	6,199847493e-13	4,758008698e-14	7,701059571e-14	6,077413963e-14	4,999999912e-15	7,029082177e-12	2,836333192e-14	4,999999912e-15	4,130903451e-14	1,026536305e-13	1,983568448e-10	6,772946787e-11	1	1	1	1	1	1	1	0	0	0	0	0	0	0	0	0	0	3,174148771e-08	69,91149049	0,9498528116	0	29,7592841	0,05845123785	0,02645456682	0,04607215081
66,757	1785233691,013	28/07/2026_12:14:51,013	1	2	2,618181952e-06	1,642893494e-06	9,399134032e-13	5,071825772e-12	2,805211304e-13	3,651493441e-13	2,195133832e-12	1,155772787e-11	5,184486737e-14	1,998356179e-13	2,067277252e-11	6,844765098e-13	4,999999912e-15	4,999999912e-15	4,999999912e-15	2,272481824e-14	7,159264934e-12	1,644755431e-13	1,078187087e-13	4,999999912e-15	4,999999912e-15	1,969291952e-10	6,817976045e-11	1	1	1	1	1	1	1	0	0	0	0	0	0	0	0	0	0	2,665763124e-08	69,66632059	0,8499053378	0	30,06737763	0,0665727894	0,08323294325	0
67,565	1785233691,821	28/07/2026_12:14:51,821	1	2	2,638029855e-06	1,624108336e-06	7,835948687e-13	4,87542862e-12	1,986791943e-13	3,92709411e-13	2,239985758e-12	1,159460115e-11	7,937388539e-14	1,018813939e-13	2,049312456e-11	5,899992951e-13	6,139110149e-15	7,459297394e-14	7,884610933e-14	5,612129617e-14	7,059246417e-12	4,999999912e-15	4,999999912e-15	4,999999912e-15	7,968431958e-14	1,974305303e-10	6,740024511e-11	1	1	1	1	1	1	1	0	0	0	0	0	0	0	0	0	0	3,183521588e-08	69,9386274	0,8852333276	0	29,76430661	0,05558252549	0,04636466989	0,03541209706
68,373	1785233692,629	28/07/2026_12:14:52,629	1	2	2,61630862e-06	1,63849063e-06	8,315282057e-13	5,010209695e-12	3,036417688e-13	3,780873184e-13	2,047740666e-12	1,139416166e-11	1,976779234e-14	1,624809093e-13	2,066703753e-11	7,087147709e-13	3,367588191e-14	4,999999912e-15	4,999999912e-15	4,999999912e-15	7,117843207e-12	1,340438448e-13	8,710403682e-14	3,237199327e-14	4,999999912e-15	1,980047099e-10	6,840570471e-11	1	1	1	1	1	1	1	0	0	0	0	0	0	0	0	0	0	2,95036606e-08	69,79742355	0,7828466027	0	30,05847822	0,05868962308	0,06483730319	0
69,181	1785233693,437	28/07/2026_12:14:53,437	1	2	2,619397719e-06	1,652365313e-06	7,850696005e-13	4,908724035e-12	1,728653841e-13	3,381481293e-13	2,107533115e-12	1,12777114e-11	1,111482664e-13	1,569394029e-13	2,095527224e-11	5,411813575e-13	4,999999912e-15	4,533321689e-14	8,261806224e-14	8,03517951e-14	7,04530748e-12	3,931051787e-14	4,999999912e-15	4,999999912e-15	4,629560217e-14	2,044979741e-10	6,954063714e-11	1	1	1	1	1	1	1	0	0	0	0	0	0	0	0	0	0	3,804404459e-08	70,22317325	0,7159991502	0	29,75934004	0,05398801853	0,07021385709	0
69,989	1785233694,245	28/07/2026_12:14:54,245	1	2	2,670093636e-06	1,682401262e-06	7,571098154e-13	5,258471176e-12	3,398672131e-13	5,814891212e-13	3,83602785e-12	1,575296144e-11	5,046725299e-14	1,145438047e-13	2,131697249e-11	7,799587799e-13	8,942852562e-14	5,514335258e-15	4,999999912e-15	4,999999912e-15	8,250945066e-12	1,295074074e-13	8,685180396e-14	6,480997379e-14	3,693171054e-14	8,699584109e-11	7,834526083e-11	1	1	1	1	1	1	1	0	0	0	0	0	0	0	0	0	0	4,800866054e-08	46,7123788	2,559799982	0	51,76547792	0,08034159923	0,06838654483	0,059413754
70,797	1785233695,053	28/07/2026_12:14:55,053	1	2	3,227215984e-06	2,309003548e-06	4,055130797e-12	8,832558816e-12	1,064247388e-11	2,170298836e-11	1,299421543e-10	1,668697958e-10	1,882411328e-12	1,356581676e-13	5,520369318e-12	6,08750409e-13	4,999999912e-15	4,999999912e-15	4,320664581e-14	9,592077566e-14	7,627367488e-12	1,217811252e-13	4,999999912e-15	4,999999912e-15	4,999999912e-15	4,773980516e-11	7,181846784e-11	1	1	1	1	1	1	1	0	0	0	0	0	0	0	0	0	0	2,186863042e-08	16,3372188	53,39395619	0	30,62442247	0,2775658745	0,05597736104	0,009487965699
71,605	1785233695,861	28/07/2026_12:14:55,861	1	2	3,180362455e-06	2,662852694e-06	5,183823856e-12	8,629040191e-12	1,09773024e-11	2,233679214e-11	1,338363587e-10	1,704802272e-10	1,783793707e-12	8,261800125e-15	4,612039917e-12	7,033246056e-13	5,560517866e-14	3,918245665e-14	4,999999912e-15	4,999999912e-15	7,462452531e-12	9,795033437e-14	3,759917589e-14	7,246251667e-14	7,833000199e-14	4,21726265e-11	7,16891338e-11	1	1	1	1	1	1	1	0	0	0	0	0	0	0	0	0	0	3,679800714e-08	14,52009151	55,14706339	0	30,73997191	0,3571964396	0	0,01235754491
72,413	1785233696,669	28/07/2026_12:14:56,669	1	2	3,181339025e-06	2,712295782e-06	5,3364097e-12	8,765699104e-12	1,119821683e-11	2,277477339e-11	1,370151215e-10	1,739696026e-10	1,958001686e-12	1,673665817e-13	4,299139603e-12	6,212420986e-13	4,999999912e-15	4,999999912e-15	2,021406351e-14	5,805771174e-14	7,605631402e-12	1,651934611e-13	4,999999912e-15	4,999999912e-15	4,999999912e-15	4,004456142e-11	7,168423494e-11	1	1	1	1	1	1	1	0	0	0	0	0	0	0	0	0	0	3,624323161e-08	13,70363813	56,0594789	0	30,55073208	0,3655450651	0,06690465898	0
73,221	1785233697,477	28/07/2026_12:14:57,477	1	2	3,186132062e-06	2,711256684e-06	5,159830029e-12	8,681122661e-12	1,134442713e-11	2,317400091e-11	1,381767478e-10	1,75219908e-10	1,858646483e-12	4,999999912e-15	4,009324123e-12	6,687135112e-13	5,567114559e-14	7,473267339e-14	3,651648482e-14	4,999999912e-15	7,397541781e-12	7,963775987e-14	1,118389862e-14	6,6195347e-14	8,901330329e-14	3,846670552e-11	7,134838553e-11	1	1	1	1	1	1	1	0	0	0	0	0	0	0	0	0	0	4,01909236e-08	13,20534545	56,71588459	0	30,50651606	0,3546717882	0	0,001018363061
74,029	1785233698,285	28/07/2026_12:14:58,285	1	2	3,201700338e-06	2,711256684e-06	5,35623889e-12	8,860922412e-12	1,145994931e-11	2,312010826e-11	1,390878107e-10	1,761086138e-10	1,959359975e-12	1,475832802e-13	4,023763961e-12	6,817717506e-13	4,999999912e-15	4,999999912e-15	4,999999912e-15	5,488338462e-14	7,620417318e-12	1,90269919e-13	4,796038444e-14	4,999999912e-15	4,999999912e-15	3,768123313e-11	7,14833262e-11	1	1	1	1	1	1	1	0	0	0	0	0	0	0	0	0	0	3,571882098e-08	12,90943817	56,91396252	0	30,49501207	0,3673372001	0,05666986915	0
74,837	1785233699,093	28/07/2026_12:14:59,093	1	2	3,195687441e-06	2,733168003e-06	5,22756274e-12	8,725136065e-12	1,146360003e-11	2,344895632e-11	1,390655369e-10	1,762671814e-10	1,919967657e-12	4,999999912e-15	3,807478638e-12	6,54813172e-13	3,45373754e-14	6,732071497e-14	7,613744704e-14	4,999999912e-15	7,471250181e-12	4,959411787e-14	4,999999912e-15	2,342332396e-14	8,464373814e-14	3,724461364e-11	7,135492891e-11	1	1	1	1	1	1	1	0	0	0	0	0	0	0	0	0	0	4,012030858e-08	12,7860232	57,09303225	0	30,51467283	0,3594006955	0	0
75,645	1785233699,901	28/07/2026_12:14:59,901	1	2	3,199619414e-06	2,731071163e-06	5,405154189e-12	8,860615366e-12	1,161905815e-11	2,344528044e-11	1,393977295e-10	1,766861796e-10	1,966830128e-12	1,235429131e-13	3,892510012e-12	7,390999163e-13	4,999999912e-15	4,999999912e-15	4,999999912e-15	4,999999912e-15	7,559759242e-12	2,11865478e-13	1,008801875e-13	1,77731602e-14	4,999999912e-15	3,65958687e-11	7,127055196e-11	1	1	1	1	1	1	1	0	0	0	0	0	0	0	0	0	0	3,4478736e-08	12,57342844	57,2622193	0	30,49645729	0,3717658608	0,04750202865	0
76,453	1785233700,709	28/07/2026_12:15:00,709	1	2	3,200205583e-06	2,726891353e-06	5,329330727e-12	8,748763866e-12	1,156681435e-11	2,35037198e-11	1,403981098e-10	1,786013143e-10	2,01678496e-12	4,430485452e-14	3,693796137e-12	6,293758375e-13	1,552629011e-14	6,976161321e-14	9,155510009e-14	6,724698245e-14	7,507592638e-12	6,938908812e-14	4,999999912e-15	4,999999912e-15	8,065835326e-14	3,630978157e-11	7,157150567e-11	1	1	1	1	1	1	1	0	0	0	0	0	0	0	0	0	0	3,777665449e-08	12,39938184	57,47260873	0	30,46311262	0,3644827439	0,01937721922	0,02058844179
77,261	1785233701,517	28/07/2026_12:15:01,517	1	2	3,201193977e-06	2,756312369e-06	5,408818358e-12	8,858659466e-12	1,167827553e-11	2,363888772e-11	1,404552585e-10	1,781905595e-10	1,927682406e-12	9,242046961e-14	3,787361483e-12	7,527441669e-13	5,448367655e-14	4,999999912e-15	4,999999912e-15	4,999999912e-15	7,515163838e-12	1,826367562e-13	1,045279518e-13	4,867829908e-14	5,743287417e-15	3,595018033e-11	7,135134844e-11	1	1	1	1	1	1	1	0	0	0	0	0	0	0	0	0	0	3,485502315e-08	12,31804742	57,58991804	0	30,45502996	0,3710429069	0,02967586693	0
78,069	1785233702,325	28/07/2026_12:15:02,325	1	2	3,201424988e-06	2,77326626e-06	5,430684548e-12	8,772536517e-12	1,160019303e-11	2,366047809e-11	1,411444572e-10	1,789650511e-10	2,046471499e-12	1,099258691e-13	3,672351485e-12	6,11517293e-13	4,999999912e-15	3,80570819e-14	7,149237257e-14	9,129897088e-14	7,533351547e-12	1,029407882e-13	4,999999912e-15	4,999999912e-15	5,596995171e-14	3,55992319e-11	7,184110251e-11	1	1	1	1	1	1	1	0	0	0	0	0	0	0	0	0	0	4,078239472e-08	12,15208002	57,63823413	0	30,54848299	0,3712226708	0,04724587861	0
78,877	1785233703,133	28/07/2026_12:15:03,133	1	2	3,203320603e-06	2,752087767e-06	5,39541415e-12	8,859707239e-12	1,168756585e-11	2,37268781e-11	1,413114487e-10	1,797756249e-10	1,912540222e-12	4,7118288e-14	3,701064628e-12	7,507184436e-13	7,983955023e-14	2,507645953e-14	4,999999912e-15	4,999999912e-15	7,482341136e-12	1,480140202e-13	9,123300395e-14	8,55518049e-14	4,342395719e-14	3,537440826e-11	7,16861015e-11	1	1	1	1	1	1	1	0	0	0	0	0	0	0	0	0	0	3,433172117e-08	12,07279244	57,81210736	0	30,48948938	0,3686834936	0,008858943975	0,001120071269
79,685	1785233703,941	28/07/2026_12:15:03,941	1	2	3,207273949e-06	2,741562184e-06	5,508960909e-12	8,863587815e-12	1,159298872e-11	2,371241051e-11	1,409198869e-10	1,795659593e-10	2,078443971e-12	1,381107007e-13	3,643259305e-12	6,023863049e-13	4,999999912e-15	5,79761611e-15	5,568667001e-14	1,003291485e-13	7,599193844e-12	1,285799402e-13	4,999999912e-15	4,999999912e-15	1,638390588e-14	3,51636914e-11	7,125283696e-11	1	1	1	1	1	1	1	0	0	0	0	0	0	0	0	0	0	3,161292241e-08	12,02623105	57,84308712	0	30,38000373	0,3772735959	0,0611808927	0
80,493	1785233704,749	28/07/2026_12:15:04,749	1	2	3,203453389e-06	2,732117764e-06	5,383834437e-12	8,846030679e-12	1,174799407e-11	2,376686174e-11	1,413428818e-10	1,795214533e-10	1,890157085e-12	2,133556054e-14	3,600262016e-12	7,018383812e-13	8,947896813e-14	6,04210082e-14	7,489561034e-15	4,999999912e-15	7,44083354e-12	1,183506689e-13	5,399472509e-14	8,128314509e-14	9,817153194e-14	3,492937883e-11	7,172160782e-11	1	1	1	1	1	1	1	0	0	0	0	0	0	0	0	0	0	3,645773353e-08	11,94346627	57,88499279	0	30,55892328	0,3686418322	0	0,02060534864
81,301	1785233705,557	28/07/2026_12:15:05,557	1	2	3,205859457e-06	2,780714794e-06	5,525010571e-12	8,892583718e-12	1,164045596e-11	2,37225916e-11	1,415500911e-10	1,805606081e-10	2,035446898e-12	1,612391048e-13	3,665626396e-12	6,572424896e-13	4,999999912e-15	4,999999912e-15	7,598217574e-15	7,502759671e-14	7,582430343e-12	1,874719997e-13	1,809137184e-14	4,999999912e-15	4,999999912e-15	3,4918516e-11	7,13833298e-11	1	1	1	1	1	1	1	0	0	0	0	0	0	0	0	0	0	3,005119469e-08	11,91153289	57,98422525	0	30,3588775	0,3773471686	0,06478535588	0
82,109	1785233706,365	28/07/2026_12:15:06,365	1	2	3,21492189e-06	2,767954811e-06	5,362452236e-12	8,796554631e-12	1,171270459e-11	2,383903491e-11	1,4194243e-10	1,806817612e-10	1,941730197e-12	4,999999912e-15	3,551110144e-12	6,704442774e-13	6,171713124e-14	7,540790095e-14	4,042037159e-14	4,999999912e-15	7,449953848e-12	8,056134427e-14	1,514987375e-14	6,056846647e-14	9,375540031e-14	3,468268728e-11	7,166203742e-11	1	1	1	1	1	1	1	0	0	0	0	0	0	0	0	0	0	3,676419032e-08	11,82937973	58,07403703	0	30,46729609	0,3662805317	0	0,03469573671
82,917	1785233707,173	28/07/2026_12:15:07,173	1	2	3,210185241e-06	2,734218242e-06	5,512192699e-12	8,933426915e-12	1,176305667e-11	2,373766982e-11	1,41908596e-10	1,803525801e-10	2,01376589e-12	1,512310378e-13	3,676713448e-12	7,056297278e-13	4,999999912e-15	4,999999912e-15	4,999999912e-15	4,328814054e-14	7,599896407e-12	2,295571502e-13	6,126310125e-14	4,999999912e-15	4,999999912e-15	3,481867225e-11	7,224448817e-11	1	1	1	1	1	1	1	0	0	0	0	0	0	0	0	0	0	3,445736487e-08	11,84952337	57,84360281	0	30,63312853	0,3755640653	0,05860777683	0
83,725	1785233707,981	28/07/2026_12:15:07,981	1	2	3,22089727e-06	2,792463647e-06	5,413307389e-12	8,813305988e-12	1,17790673e-11	2,420318113e-11	1,451879589e-10	1,853395909e-10	2,077632771e-12	1,445524744e-14	3,266262261e-12	5,587023357e-13	2,134720216e-14	6,617593978e-14	7,530313314e-14	3,677648328e-14	6,754133711e-12	3,305110363e-14	4,999999912e-15	3,118841719e-14	8,886971427e-14	3,311154823e-11	6,870203711e-11	1	1	1	1	1	1	1	0	0	0	0	0	0	0	0	0	0	2,453597386e-08	11,32148347	59,79028717	0	29,3234975	0,37080002	0,006106721968	0,07537026061
84,533	1785233708,789	28/07/2026_12:15:08,789	1	2	3,190357347e-06	2,822592023e-06	5,43217164e-12	8,64399264e-12	1,137930722e-11	2,29732032e-11	1,364778707e-10	1,708327924e-10	1,844257386e-12	1,068795998e-13	3,725652165e-12	6,878215987e-13	1,551465187e-14	4,999999912e-15	4,999999912e-15	4,999999912e-15	6,761231332e-12	1,816976609e-13	1,078419987e-13	2,414511631e-14	4,999999912e-15	7,460391332e-11	6,161327004e-11	1	1	1	1	1	1	1	0	0	0	0	0	0	0	0	0	0	1,617860327e-08	23,71253936	51,95084276	0	24,50993172	0,3474767576	0,03125183923	0
85,341	1785233709,597	28/07/2026_12:15:09,597	1	2	2,805155191e-06	2,438155661e-06	3,770651326e-12	6,141747701e-12	5,046221253e-12	9,61238901e-12	5,293658914e-11	6,800813385e-11	6,928198249e-13	1,186145501e-13	1,415162605e-11	5,463813538e-13	1,365196289e-14	5,807712574e-14	1,076557192e-13	8,952554816e-14	6,859317801e-12	4,472784244e-14	4,999999912e-15	4,999999912e-15	8,63900287e-14	1,669006044e-10	6,566484162e-11	1	1	1	1	1	1	1	0	0	0	0	0	0	0	0	0	0	5,055921684e-08	54,17917173	19,80040846	0	26,51757895	0,245531401	0,04136350944	0
86,149	1785233710,405	28/07/2026_12:15:10,405	1	2	2,617367272e-06	1,829718371e-06	2,165660663e-12	5,329921834e-12	1,549606689e-12	2,864464525e-12	1,599636743e-11	2,734986716e-11	1,736531519e-13	1,473271375e-13	1,883111896e-11	7,242022737e-13	6,676579997e-14	4,999999912e-15	4,999999912e-15	4,999999912e-15	7,07521498e-12	1,465820737e-13	1,151646866e-13	6,518251244e-14	3,749051511e-14	1,844978614e-10	6,79283782e-11	1	1	1	1	1	1	1	0	0	0	0	0	0	0	0	0	0	3,365281665e-08	64,4941819	6,476117666	0	29,58558333	0,1516120905	0,05426787796	0
86,957	1785233711,213	28/07/2026_12:15:11,213	1	2	2,644793767e-06	1,739448521e-06	1,528857444e-12	5,149073442e-12	8,280511151e-13	1,638523193e-12	9,642906265e-12	2,022606214e-11	2,316798283e-13	1,877514122e-13	1,968760224e-11	5,875157132e-13	4,999999912e-15	4,267888668e-14	9,098465389e-14	1,10791259e-13	7,227835951e-12	7,670403077e-14	4,999999912e-15	4,999999912e-15	6,087115539e-14	1,920172354e-10	6,806154251e-11	1	1	1	1	1	1	1	0	0	0	0	0	0	0	0	0	0	3,262137294e-08	66,98815149	3,896613072	0	29,59494015	0,1068120329	0,08491714844	0,009184958758
87,765	1785233712,021	28/07/2026_12:15:12,021	1	2	2,660108066e-06	1,696647701e-06	1,205948319e-12	5,140152193e-12	7,193981738e-13	1,276792691e-12	6,996399987e-12	1,707324386e-11	3,995082395e-14	1,086840782e-13	1,998998363e-11	6,891603716e-13	8,729419233e-14	5,031980149e-14	4,999999912e-15	4,999999912e-15	7,077287541e-12	1,071939372e-13	9,350316067e-14	8,164403534e-14	6,379325643e-14	1,9252272e-10	6,756356585e-11	1	1	1	1	1	1	1	0	0	0	0	0	0	0	0	0	0	2,826587764e-08	67,99342107	2,847781206	0	29,74301256	0,08528176402	0,03822597873	0,01413608125
88,573	1785233712,829	28/07/2026_12:15:12,829	1	2	2,637695388e-06	1,692102728e-06	1,192447616e-12	5,11508674e-12	4,971519615e-13	9,095206142e-13	5,51655813e-12	1,550035968e-11	1,74999731e-13	2,269687801e-13	2,0139777e-11	6,206172729e-13	4,999999912e-15	1,629853682e-14	6,159294944e-14	9,419003663e-14	7,24392421e-12	1,279357615e-13	4,999999912e-15	4,999999912e-15	1,881316758e-14	1,958119916e-10	6,781046558e-11	1	1	1	1	1	1	1	0	0	0	0	0	0	0	0	0	0	2,767634637e-08	68,61852031	2,235155863	0	29,62729057	0,0836803907	0,1010296711	0
89,381	1785233713,637	28/07/2026_12:15:13,637	1	2	2,640310413e-06	1,688217026e-06	9,796082131e-13	5,010966034e-12	4,793516387e-13	8,567016996e-13	4,695736855e-12	1,438931613e-11	2,414123351e-14	7,399923773e-14	2,019513376e-11	6,686630958e-13	8,564105507e-14	7,375088767e-14	2,330302665e-14	4,999999912e-15	7,023494633e-12	6,322667948e-14	3,646603554e-14	8,328164818e-14	1,016912384e-13	1,961478757e-10	6,806480379e-11	1	1	1	1	1	1	1	0	0	0	0	0	0	0	0	0	0	3,200734012e-08	68,94863073	1,865418065	0	29,82307501	0,06895606536	0,02581739221	0,0374858441
90,189	1785233714,445	28/07/2026_12:15:14,445	1	2	2,639445256e-06	1,694698426e-06	1,034879539e-12	5,091865731e-12	3,93369148e-13	6,162710316e-13	3,984837633e-12	1,364245088e-11	1,365041435e-13	2,305389766e-13	2,039960735e-11	6,339045499e-13	4,999999912e-15	4,999999912e-15	9,344490344e-15	6,361086652e-14	7,201967755e-12	1,78166306e-13	3,722275445e-14	4,999999912e-15	4,999999912e-15	1,965193702e-10	6,790256551e-11	1	1	1	1	1	1	1	0	0	0	0	0	0	0	0	0	0	2,697206278e-08	69,1464441	1,592177013	0	29,78570431	0,07291182492	0,1011904725	0
90,997	1785233715,253	28/07/2026_12:15:15,253	1	2	2,628074753e-06	1,656805352e-06	8,210272739e-13	4,948671247e-12	3,434024712e-13	6,649027574e-13	3,668055876e-12	1,31707709e-11	1,997734321e-14	5,465443162e-14	2,029264257e-11	6,262209176e-13	4,909740081e-14	8,784135528e-14	6,493026602e-14	4,999999912e-15	7,052518292e-12	3,258155261e-14	2,811109567e-14	6,291236249e-14	1,074617012e-13	1,953544965e-10	6,828685534e-11	1	1	1	1	1	1	1	0	0	0	0	0	0	0	0	0	0	3,407886963e-08	69,11123544	1,437236005	0	30,10836834	0,05815989449	0,01923473279	0,04116774789
91,805	1785233716,061	28/07/2026_12:15:16,061	1	2	2,62475055e-06	1,643523092e-06	9,137272102e-13	5,100371948e-12	3,655373801e-13	5,1135501e-13	3,17919302e-12	1,269896688e-11	7,657208336e-14	1,920899285e-13	2,046101656e-11	6,84678334e-13	4,999999912e-15	4,999999912e-15	4,999999912e-15	2,109496253e-14	7,174740836e-12	1,698928677e-13	7,557864924e-14	4,999999912e-15	4,999999912e-15	1,959618856e-10	6,821687659e-11	1	1	1	1	1	1	1	0	0	0	0	0	0	0	0	0	0	2,688722502e-08	69,26840786	1,256138293	0	30,05995838	0,06466944388	0,08116874384	0
92,613	1785233716,869	28/07/2026_12:15:16,869	1	2	2,625859906e-06	1,684985477e-06	7,475402675e-13	4,928860271e-12	2,706294661e-13	5,201368307e-13	3,069771434e-12	1,253503204e-11	7,399148568e-14	8,302552574e-14	2,034150279e-11	6,158790383e-13	3,437827212e-14	6,259803196e-14	7,396044362e-14	4,732396793e-14	7,078265925e-12	1,078419648e-14	4,999999912e-15	1,18397215e-14	7,35258073e-14	1,96030539e-10	6,700048849e-11	1	1	1	1	1	1	1	0	0	0	0	0	0	0	0	0	0	2,968191993e-08	69,65472828	1,240539792	0	29,68000955	0,05318714332	0,03708407893	0,0316116092
93,421	1785233717,677	28/07/2026_12:15:17,677	1	2	2,621589601e-06	1,665081072e-06	7,847979536e-13	5,047704442e-12	3,438371007e-13	5,014516905e-13	2,749222074e-12	1,216400331e-11	2,58758689e-14	1,493722274e-13	2,046627798e-11	7,066270312e-13	3,078095369e-14	4,999999912e-15	4,999999912e-15	4,999999912e-15	7,11653219e-12	1,508934308e-13	1,111870741e-13	3,490991404e-14	4,999999912e-15	1,97301786e-10	6,81033771e-11	1	1	1	1	1	1	1	0	0	0	0	0	0	0	0	0	0	2,807700868e-08	69,60709213	1,073537522	0	29,9525514	0,05544048366	0,05923438195	0
94,229	1785233718,485	28/07/2026_12:15:18,485	1	2	2,623077762e-06	1,655536039e-06	7,178652746e-13	4,925682258e-12	2,1866432e-13	4,418145808e-13	2,686961764e-12	1,214354572e-11	1,290068042e-13	1,308384553e-13	2,041123347e-11	5,582948383e-13	4,999999912e-15	4,825920073e-14	9,650286348e-14	8,243955513e-14	7,124650262e-12	3,397857083e-14	4,999999912e-15	4,999999912e-15	5,856608059e-14	1,959628015e-10	6,800531666e-11	1	1	1	1	1	1	1	0	0	0	0	0	0	0	0	0	0	3,237759481e-08	69,48069191	1,061244614	0	30,05558453	0,05096391059	0,06262625341	0,02068583634
95,037	1785233719,293	28/07/2026_12:15:19,293	1	2	2,622214652e-06	1,665081072e-06	6,831260817e-13	5,021160571e-12	3,379074906e-13	4,841907582e-13	2,503408722e-12	1,181731015e-11	4,999999912e-15	1,09976332e-13	2,05146438e-11	7,151333562e-13	6,19189216e-14	4,999999912e-15	4,999999912e-15	4,999999912e-15	7,072417738e-12	1,249088994e-13	9,479540091e-14	7,973865166e-14	3,053259007e-14	1,974465175e-10	6,824963511e-11	1	1	1	1	1	1	1	0	0	0	0	0	0	0	0	0	0	2,959787296e-08	69,68966302	0,9559317341	0	30,02728236	0,04827914497	0,04163389553	0
95,845	1785233720,101	28/07/2026_12:15:20,101	1	2	2,621975e-06	1,656805352e-06	7,146638424e-13	4,964592973e-12	1,932967946e-13	3,80745484e-13	2,38073168e-12	1,177963282e-11	1,420107115e-13	1,893230445e-13	2,049693054e-11	5,681942547e-13	4,999999912e-15	1,17776306e-14	7,753059262e-14	1,135115493e-13	7,15089446e-12	7,029714809e-14	4,999999912e-15	4,999999912e-15	3,074602544e-14	1,96913208e-10	6,763432869e-11	1	1	1	1	1	1	1	0	0	0	0	0	0	0	0	0	0	2,928742775e-08	69,74657743	0,941792332	0	29,86511504	0,05068528688	0,08799028706	0,006574536273
96,653	1785233720,909	28/07/2026_12:15:20,909	1	2	2,618363396e-06	1,677253408e-06	5,978924495e-13	4,985505932e-12	3,056364027e-13	4,715090081e-13	2,316922695e-12	1,162472375e-11	4,999999912e-15	9,25757138e-14	2,053385934e-11	6,840419073e-13	1,018270754e-13	4,690874222e-14	4,999999912e-15	4,999999912e-15	7,044058045e-12	8,667717965e-14	7,205505994e-14	8,521807392e-14	6,901266668e-14	1,970171942e-10	6,698631233e-11	1	1	1	1	1	1	1	0	0	0	0	0	0	0	0	0	0	2,654806436e-08	70,00517979	0,9232036405	0	29,67469589	0,04253787407	0,0349746547	0,02803174363
97,461	1785233721,717	28/07/2026_12:15:21,717	1	2	2,619055749e-06	1,666357662e-06	6,856484781e-13	5,007385132e-12	1,924391771e-13	3,101611849e-13	2,202716308e-12	1,155879125e-11	1,237990423e-13	2,155365323e-13	2,054707966e-11	5,844733877e-13	4,999999912e-15	4,999999912e-15	2,678392718e-14	6,943953062e-14	7,196775294e-12	1,407495268e-13	4,999999912e-15	4,999999912e-15	4,999999912e-15	1,961515672e-10	6,76647488e-11	1	1	1	1	1	1	1	0	0	0	0	0	0	0	0	0	0	2,736588388e-08	69,70309022	0,8664381103	0	29,97546011	0,04878283412	0,09732536708	0
98,269	1785233722,525	28/07/2026_12:15:22,525	1	2	2,623560476e-06	1,675966814e-06	5,298461322e-13	4,937871292e-12	2,451649452e-13	4,16936017e-13	2,179693058e-12	1,144730664e-11	4,999999912e-15	4,408754313e-14	2,03701344e-11	6,446810316e-13	5,771622871e-14	6,473235847e-14	1,940689701e-14	4,999999912e-15	7,002058221e-12	4,250424882e-14	3,452573378e-14	5,442547861e-14	9,267270924e-14	1,966506402e-10	6,723088058e-11	1	1	1	1	1	1	1	0	0	0	0	0	0	0	0	0	0	2,908674096e-08	69,97044842	0,8544755499	0	29,82265468	0,03775040703	0,0155308859	0,04069060306
99,077	1785233723,333	28/07/2026_12:15:23,333	1	2	2,616256779e-06	1,651099637e-06	6,60261559e-13	5,038437115e-12	2,285210324e-13	2,980924969e-13	2,030533944e-12	1,129720015e-11	6,730519733e-14	1,958929167e-13	2,080052103e-11	6,23007776e-13	4,999999912e-15	4,999999912e-15	4,999999912e-15	5,063412187e-14	6,971040932e-12	1,677973488e-13	3,626036578e-14	4,999999912e-15	4,999999912e-15	2,017667422e-10	6,842686834e-11	1	1	1	1	1	1	1	0	0	0	0	0	0	0	0	0	0	2,826905958e-08	70,24075283	0,7478273903	0	29,69778361	0,04602864598	0,08220871979	0
99,885	1785233724,141	28/07/2026_12:15:24,141	1	2	2,662203997e-06	1,675322778e-06	4,932558268e-13	5,058119722e-12	2,306165784e-13	4,197727235e-13	2,432720041e-12	1,25918477e-11	5,872130446e-14	6,78795331e-14	2,184443425e-11	6,720120337e-13	3,829380389e-14	8,867957909e-14	8,197388352e-14	4,999999912e-15	8,072588605e-12	2,988064914e-14	4,999999912e-15	2,851467638e-14	8,855539051e-14	1,152015081e-10	7,925810702e-11	1	1	1	1	1	1	1	0	0	0	0	0	0	0	0	0	0	6,362485629e-08	54,12359474	1,043296807	0	45,99688681	0,04603357487	0,04051332762	0,01302688227
100,693	1785233724,949	28/07/2026_12:15:24,949	1	2	3,161842869e-06	2,112545417e-06	3,038905282e-12	8,930019918e-12	1,045890024e-11	2,136071355e-11	1,287694257e-10	1,653962939e-10	1,80226526e-12	1,15878715e-13	5,878560659e-12	7,359992607e-13	4,999999912e-15	4,999999912e-15	4,999999912e-15	7,408070536e-15	7,611157364e-12	2,031768037e-13	8,020820607e-14	4,999999912e-15	4,999999912e-15	4,759759947e-11	7,191075513e-11	1	1	1	1	1	1	1	0	0	0	0	0	0	0	0	0	0	1,72239181e-08	16,39687865	53,20615564	0	30,8486254	0,2092367549	0,04229848529	0,008199383206
101,501	1785233725,757	28/07/2026_12:15:25,757	1	2	3,203198276e-06	2,684369974e-06	4,329730151e-12	8,516855624e-12	1,087379492e-11	2,220199372e-11	1,33129105e-10	1,693894608e-10	1,882077827e-12	2,584482514e-14	4,516356473e-12	6,051724334e-13	4,999999912e-15	5,667234531e-14	9,619242252e-14	4,664486774e-14	7,485204297e-12	4,391291543e-14	4,999999912e-15	9,6083716e-15	6,269504094e-14	4,191410413e-11	7,046929013e-11	1	1	1	1	1	1	1	0	0	0	0	0	0	0	0	0	0	3,740874633e-08	14,5605286	55,34011759	0	30,48993977	0,3010656616	0,009454894006	0,001117404457
102,309	1785233726,565	28/07/2026_12:15:26,565	1	2	3,184549769e-06	2,691582949e-06	4,55655522e-12	8,726156082e-12	1,129257104e-11	2,27589822e-11	1,364685032e-10	1,728626131e-10	1,852363965e-12	8,861359861e-14	4,268382089e-12	7,376058857e-13	2,866602084e-14	4,999999912e-15	4,999999912e-15	4,999999912e-15	7,486054311e-12	1,793576545e-13	9,091092815e-14	4,046305866e-14	4,999999912e-15	3,9563193e-11	7,136934099e-11	1	1	1	1	1	1	1	0	0	0	0	0	0	0	0	0	0	3,786359814e-08	13,64156045	56,1800449	0	30,63603332	0,3144758619	0,02688605335	0
103,117	1785233727,373	28/07/2026_12:15:27,373	1	2	3,189584731e-06	2,732117764e-06	4,588527908e-12	8,621951243e-12	1,122400436e-11	2,298028087e-11	1,373181152e-10	1,746899153e-10	1,964292227e-12	9,536197109e-14	3,996331911e-12	5,971706961e-13	4,999999912e-15	1,625972916e-14	8,179537641e-14	9,340615168e-14	7,51408484e-12	7,133327268e-14	4,999999912e-15	4,999999912e-15	2,284123276e-14	3,81452335e-11	7,084748066e-11	1	1	1	1	1	1	1	0	0	0	0	0	0	0	0	0	0	3,772002217e-08	13,15994727	56,75138403	0	30,45403684	0,3169508303	0,03892255798	0
103,925	1785233728,181	28/07/2026_12:15:28,181	1	2	3,185825335e-06	2,673076096e-06	4,627686255e-12	8,740072034e-12	1,149958601e-11	2,321059837e-11	1,381753323e-10	1,754250217e-10	1,857851113e-12	3,820454356e-14	3,919491901e-12	7,329879976e-13	6,52135545e-14	1,498300826e-14	4,999999912e-15	4,999999912e-15	7,440970583e-12	1,335742769e-13	7,375088767e-14	7,514790249e-14	3,215080586e-14	3,737807286e-11	7,141289643e-11	1	1	1	1	1	1	1	0	0	0	0	0	0	0	0	0	0	3,726001838e-08	12,87491883	56,9471568	0	30,64141221	0,3191481339	0,004785014891	0
104,733	1785233728,989	28/07/2026_12:15:28,989	1	2	3,191797077e-06	2,714375114e-06	4,766057774e-12	8,751997391e-12	1,139724946e-11	2,317864303e-11	1,385062759e-10	1,766515406e-10	2,020483173e-12	1,514599942e-13	3,846602724e-12	6,157354899e-13	4,999999912e-15	4,999999912e-15	5,155770965e-14	9,483421535e-14	7,571564035e-12	1,433572906e-13	4,999999912e-15	4,999999912e-15	1,480062343e-14	3,668741005e-11	7,095680293e-11	1	1	1	1	1	1	1	0	0	0	0	0	0	0	0	0	0	3,200230141e-08	12,62875288	57,21768149	0	30,4472088	0,3284762983	0,06447054264	0
105,541	1785233729,797	28/07/2026_12:15:29,797	1	2	3,193332759e-06	2,734218242e-06	4,676702602e-12	8,777027716e-12	1,150774701e-11	2,348683054e-11	1,397629096e-10	1,766428809e-10	1,850458372e-12	1,098986794e-14	3,763627864e-12	7,068599178e-13	6,218280285e-14	5,52908549e-14	4,999999912e-15	4,999999912e-15	7,445591886e-12	1,115751439e-13	5,423532988e-14	6,854700184e-14	8,270344316e-14	3,62655149e-11	7,118632073e-11	1	1	1	1	1	1	1	0	0	0	0	0	0	0	0	0	0	3,994541732e-08	12,48622807	57,45012155	0	30,51873542	0,3224199116	0	0
106,349	1785233730,605	28/07/2026_12:15:30,605	1	2	3,193335942e-06	2,762656777e-06	4,843588638e-12	8,862637187e-12	1,151902011e-11	2,333078696e-11	1,402053057e-10	1,774708019e-10	2,009225468e-12	1,631134464e-13	3,792642849e-12	6,505484085e-13	4,999999912e-15	4,999999912e-15	7,268368545e-15	6,522907892e-14	7,583900521e-12	1,791015524e-13	4,999999912e-15	4,999999912e-15	4,999999912e-15	3,583459918e-11	7,174766337e-11	1	1	1	1	1	1	1	0	0	0	0	0	0	0	0	0	0	3,750503314e-08	12,29079353	57,4402383	0	30,6435042	0,3325873977	0,06620414054	0
107,157	1785233731,413	28/07/2026_12:15:31,413	1	2	3,202964763e-06	2,74471563e-06	4,710014063e-12	8,75240852e-12	1,157168285e-11	2,347271856e-11	1,397807009e-10	1,782623493e-10	1,896528941e-12	4,999999912e-15	3,649926281e-12	6,660359655e-13	4,485978646e-14	9,04646502e-14	4,48908353e-14	4,999999912e-15	7,416440725e-12	7,183775195e-14	6,053740239e-15	5,631533109e-14	8,450403869e-14	3,569434331e-11	7,128514445e-11	1	1	1	1	1	1	1	0	0	0	0	0	0	0	0	0	0	3,419537814e-08	12,25791893	57,62924533	0	30,52201814	0,3239262468	0	0,03840098367
107,965	1785233732,221	28/07/2026_12:15:32,221	1	2	3,206946303e-06	2,780714794e-06	4,89416797e-12	8,830902155e-12	1,163674886e-11	2,341930469e-11	1,404001637e-10	1,785420006e-10	1,974463345e-12	1,339545879e-13	3,762894076e-12	6,853729281e-13	4,999999912e-15	4,999999912e-15	4,999999912e-15	1,477346078e-14	7,555066815e-12	2,037744295e-13	5,994369497e-14	4,999999912e-15	4,999999912e-15	3,518010536e-11	7,125443985e-11	1	1	1	1	1	1	1	0	0	0	0	0	0	0	0	0	0	3,329699623e-08	12,08202347	57,76947669	0	30,48926396	0,3364627443	0,05049656151	0
108,773	1785233733,029	28/07/2026_12:15:33,029	1	2	3,201233994e-06	2,743661071e-06	4,781719725e-12	8,719353364e-12	1,156023541e-11	2,35382009e-11	1,40358003e-10	1,780232628e-10	1,968933263e-12	7,489564422e-15	3,571561016e-12	6,393451307e-13	1,624420982e-14	7,156610509e-14	8,240076102e-14	3,688902347e-14	7,412847246e-12	5,790637745e-14	4,999999912e-15	1,419524898e-14	6,386698895e-14	3,523114786e-11	7,119761725e-11	1	1	1	1	1	1	1	0	0	0	0	0	0	0	0	0	0	3,978393653e-08	12,12135421	57,79705131	0	30,52138293	0,3294964803	0,0006526675745	0
109,581	1785233733,837	28/07/2026_12:15:33,837	1	2	3,212383945e-06	2,75420075e-06	4,901366639e-12	8,875928638e-12	1,170433108e-11	2,36645703e-11	1,40790879e-10	1,783374559e-10	1,939378562e-12	1,104032095e-13	3,71324976e-12	7,437488667e-13	4,999999912e-15	4,999999912e-15	4,999999912e-15	1,320181486e-14	7,523335253e-12	1,914302321e-13	9,211778746e-14	1,65236138e-14	4,999999912e-15	3,491187547e-11	7,137159613e-11	1	1	1	1	1	1	1	0	0	0	0	0	0	0	0	0	0	3,571690771e-08	11,99938029	57,84947331	0	30,5496049	0,3372428564	0,03769698087	0
110,389	1785233734,645	28/07/2026_12:15:34,645	1	2	3,214749768e-06	2,783916671e-06	4,853825675e-12	8,748803765e-12	1,15536582e-11	2,359405553e-11	1,412970435e-10	1,794850935e-10	2,033060352e-12	8,381718307e-14	3,532215536e-12	5,971745451e-13	4,999999912e-15	4,414187183e-14	8,42828479e-14	8,921897645e-14	7,525263399e-12	6,767385995e-14	4,999999912e-15	4,999999912e-15	6,67735588e-14	3,474151869e-11	7,137239411e-11	1	1	1	1	1	1	1	0	0	0	0	0	0	0	0	0	0	3,877755017e-08	11,90007187	57,98164714	0	30,46730531	0,3329777745	0,035388372	0,007254402911
111,197	1785233735,453	28/07/2026_12:15:35,453	1	2	3,204780569e-06	2,719583563e-06	4,886421996e-12	8,891827379e-12	1,171777606e-11	2,37357304e-11	1,408040767e-10	1,794592114e-10	1,919311932e-12	7,344820553e-14	3,662231542e-12	7,50877496e-13	6,345176663e-14	4,999999912e-15	4,999999912e-15	4,999999912e-15	7,546856369e-12	1,778519958e-13	9,719749826e-14	7,214431689e-14	2,116869675e-14	3,436084403e-11	7,105092903e-11	1	1	1	1	1	1	1	0	0	0	0	0	0	0	0	0	0	2,938808986e-08	11,81115154	58,0867106	0	30,44170781	0,3362407575	0,02038752724	0,001402865909
112,005	1785233736,261	28/07/2026_12:15:36,261	1	2	3,20793265e-06	2,781783678e-06	4,949168245e-12	8,814420548e-12	1,162751839e-11	2,361295014e-11	1,416195217e-10	1,794947524e-10	2,066670186e-12	1,184670851e-13	3,54516503e-12	6,2030692e-13	4,999999912e-15	8,816732067e-15	6,475953129e-14	9,614586281e-14	7,567986168e-12	1,180635044e-13	4,999999912e-15	4,999999912e-15	3,433558844e-14	3,440321639e-11	7,168075161e-11	1	1	1	1	1	1	1	0	0	0	0	0	0	0	0	0	0	3,925877044e-08	11,77965559	58,00268399	0	30,57496944	0,3393440026	0,05208870056	0
112,813	1785233737,069	28/07/2026_12:15:37,069	1	2	3,205424491e-06	2,737360319e-06	4,871342045e-12	8,861037772e-12	1,17036901e-11	2,374518811e-11	1,408431982e-10	1,796637977e-10	1,881631352e-12	3,033468252e-14	3,556500146e-12	7,126070567e-13	9,621182974e-14	3,210424277e-14	4,999999912e-15	4,999999912e-15	7,456802537e-12	1,329689126e-13	7,739865199e-14	8,55634533e-14	7,050670405e-14	3,431346873e-11	7,150961767e-11	1	1	1	1	1	1	1	0	0	0	0	0	0	0	0	0	0	3,142159406e-08	11,7729042	58,02784324	0	30,58977236	0,3346706864	0	0,03278152306
113,621	1785233737,877	28/07/2026_12:15:37,877	1	2	3,214576964e-06	2,723752459e-06	5,014191319e-12	8,893802361e-12	1,166660431e-11	2,380479147e-11	1,427815366e-10	1,822148821e-10	2,098367053e-12	1,636683817e-13	3,516929586e-12	6,05591586e-13	4,999999912e-15	4,999999912e-15	6,510101431e-14	1,035345312e-13	6,779105922e-12	1,564349236e-13	4,999999912e-15	4,999999912e-15	1,136240827e-14	3,169933066e-11	6,707050887e-11	1	1	1	1	1	1	1	0	0	0	0	0	0	0	0	0	0	1,437136518e-08	11,07825443	60,03658645	0	29,23521628	0,3506517426	0,07137061769	0,03191506237
114,429	1785233738,685	28/07/2026_12:15:38,685	1	2	3,209188208e-06	2,836694193e-06	4,886212528e-12	8,550434666e-12	1,150729945e-11	2,325206e-11	1,375310144e-10	1,740464856e-10	1,838448014e-12	1,336868204e-14	3,422231248e-12	6,633544083e-13	7,005655008e-14	7,496164334e-14	1,600749291e-14	4,999999912e-15	6,807903633e-12	7,163983762e-14	4,130903451e-14	7,002550124e-14	8,452343914e-14	5,814105447e-11	6,168153488e-11	1	1	1	1	1	1	1	0	0	0	0	0	0	0	0	0	0	1,29073301e-08	19,33652506	55,10565101	0	25,69126794	0,3267682483	0	0,0280033172
115,237	1785233739,493	28/07/2026_12:15:39,493	1	2	2,873759058e-06	2,494877663e-06	3,707238509e-12	6,633384814e-12	6,185997894e-12	1,164836803e-11	6,475599224e-11	8,082948894e-11	8,041428309e-13	1,915349796e-13	1,28396356e-11	6,161042271e-13	4,999999912e-15	4,999999912e-15	2,050899191e-14	6,965296937e-14	6,822960599e-12	1,752674882e-13	4,096753793e-14	4,999999912e-15	4,999999912e-15	1,623862572e-10	6,580546524e-11	1	1	1	1	1	1	1	0	0	0	0	0	0	0	0	0	0	5,047422707e-08	51,25348878	23,49527214	0	25,82618159	0,2348408637	0,06229863948	0
116,045	1785233740,301	28/07/2026_12:15:40,301	1	2	2,614847745e-06	1,839564561e-06	1,830248193e-12	5,245289012e-12	1,599817934e-12	3,129210866e-12	1,756200046e-11	2,902536371e-11	2,092111613e-13	4,541859781e-14	1,847024964e-11	6,250878179e-13	5,777443004e-14	7,817088854e-14	6,506997225e-14	4,999999912e-15	6,997055713e-12	3,90544056e-14	2,943050534e-14	4,759173199e-14	1,222545692e-13	1,833891927e-10	6,711951134e-11	1	1	1	1	1	1	1	0	0	0	0	0	0	0	0	0	0	3,684411338e-08	64,18114809	7,118330442	0	29,26555245	0,1282959067	0,01495607062	0,01939401764
116,853	1785233741,109	28/07/2026_12:15:41,109	1	2	2,640993671e-06	1,760240139e-06	1,366170631e-12	5,270074308e-12	9,648695688e-13	1,718110571e-12	1,006150458e-11	2,064525981e-11	1,539164033e-13	1,950508169e-13	1,96065178e-11	6,752522803e-13	4,999999912e-15	4,999999912e-15	4,999999912e-15	3,799499777e-14	7,156932599e-12	1,783797583e-13	9,890497438e-14	7,540014552e-15	4,999999912e-15	1,883687789e-10	6,805777469e-11	1	1	1	1	1	1	1	0	0	0	0	0	0	0	0	0	0	2,839507352e-08	66,50912213	4,107203458	0	29,94837451	0,09658495944	0,08039205933	0
117,661	1785233741,917	28/07/2026_12:15:41,917	1	2	2,643626658e-06	1,70381611e-06	1,009547047e-12	5,024203276e-12	6,418985352e-13	1,261739628e-12	7,302226532e-12	1,748581835e-11	1,295035314e-13	9,274644854e-14	1,982490734e-11	6,033408365e-13	5,853503852e-14	7,045625476e-14	1,070581137e-13	5,19845736e-14	7,061489414e-12	2,665198994e-14	4,999999912e-15	3,543767994e-14	9,55404782e-14	1,913419839e-10	6,774324157e-11	1	1	1	1	1	1	1	0	0	0	0	0	0	0	0	0	0	3,335931526e-08	67,72708698	2,983696318	0	29,88541261	0,07155339966	0,04056504202	0,03429339357
118,469	1785233742,725	28/07/2026_12:15:42,725	1	2	2,640741059e-06	1,688217026e-06	9,966362588e-13	5,136062148e-12	6,057507469e-13	9,77186756e-13	5,627066955e-12	1,552712472e-11	7,463567118e-14	1,604746338e-13	2,013081021e-11	7,220757195e-13	3,499140878e-14	4,999999912e-15	4,999999912e-15	4,999999912e-15	7,091762073e-12	1,387432514e-13	1,276912874e-13	5,843025716e-14	4,999999912e-15	1,926971083e-10	6,793870327e-11	1	1	1	1	1	1	1	0	0	0	0	0	0	0	0	0	0	2,763551548e-08	68,31208064	2,286516174	0	30,02158528	0,07074173741	0,06487266146	0
119,277	1785233743,533	28/07/2026_12:15:43,533	1	2	2,634191787e-06	1,689511237e-06	8,901989931e-13	4,982141002e-12	4,01522267e-13	7,843050753e-13	4,767978547e-12	1,456142845e-11	1,644018174e-13	1,54125966e-13	2,014117692e-11	5,811165893e-13	7,966880194e-15	3,646604232e-14	9,14464427e-14	1,083658852e-13	7,090225542e-12	5,214368366e-14	4,999999912e-15	1,187853086e-14	7,685537184e-14	1,949782558e-10	6,755204035e-11	1	1	1	1	1	1	1	0	0	0	0	0	0	0	0	0	0	3,107352722e-08	68,8732549	1,933367684	0	29,7463165	0,06296739186	0,07241621008	0,02986503894
120,085	1785233744,341	28/07/2026_12:15:44,341	1	2	2,637655371e-06	1,668913683e-06	8,042358554e-13	5,057906351e-12	4,621838394e-13	7,600280539e-13	4,073551826e-12	1,365957694e-11	1,684570316e-14	1,050440794e-13	2,032614355e-11	7,184590379e-13	8,132582878e-14	7,066579039e-15	4,999999912e-15	4,999999912e-15	7,036129492e-12	1,229880049e-13	9,899033497e-14	8,160522768e-14	5,472040193e-14	1,948111256e-10	6,719356321e-11	1	1	1	1	1	1	1	0	0	0	0	0	0	0	0	0	0	2,646308589e-08	69,20439004	1,649976643	0	29,75678392	0,05720386332	0,0387572366	0,01541892803
120,893	1785233745,149	28/07/2026_12:15:45,149	1	2	2,629617029e-06	1,679180855e-06	8,415905776e-13	5,013286661e-12	2,855154806e-13	5,912449892e-13	3,626358979e-12	1,321891901e-11	1,599391192e-13	1,975964829e-13	2,028990864e-11	5,712211303e-13	4,999999912e-15	2,219317463e-14	5,839145628e-14	9,15162992e-14	7,172238064e-12	8,71700173e-14	4,999999912e-15	4,999999912e-15	1,930600523e-14	1,956436124e-10	6,795367741e-11	1	1	1	1	1	1	1	0	0	0	0	0	0	0	0	0	0	3,001803129e-08	69,16446299	1,447495986	0	29,94716732	0,05957523721	0,09126277599	0
121,701	1785233745,957	28/07/2026_12:15:45,957	1	2	2,62551066e-06	1,668913683e-06	6,530552466e-13	4,988373863e-12	3,672565182e-13	6,312307448e-13	3,301257488e-12	1,273063079e-11	4,999999912e-15	7,729776021e-14	2,031829739e-11	6,85652327e-13	7,052999406e-14	5,870190401e-14	4,999999912e-15	4,999999912e-15	7,014018272e-12	6,584221558e-14	5,385891182e-14	9,033659237e-14	9,713540736e-14	1,946787731e-10	6,785536716e-11	1	1	1	1	1	1	1	0	0	0	0	0	0	0	0	0	0	3,067358107e-08	69,26493278	1,303161402	0	30,09134045	0,04652276681	0,02750648385	0,03718759969
122,509	1785233746,765	28/07/2026_12:15:46,765	1	2	2,63134325e-06	1,66763698e-06	7,730823902e-13	5,017920541e-12	2,761787381e-13	4,497503715e-13	2,989047161e-12	1,250175918e-11	1,243384464e-13	2,28959538e-13	2,039113496e-11	5,956921696e-13	4,999999912e-15	4,999999912e-15	1,620928496e-14	6,988580179e-14	7,195498104e-12	1,404507207e-13	4,999999912e-15	4,999999912e-15	4,999999912e-15	1,95385319e-10	6,792227197e-11	1	1	1	1	1	1	1	0	0	0	0	0	0	0	0	0	0	2,86210353e-08	69,31799521	1,192284672	0	30,0398346	0,05491624447	0,1015523476	0
123,317	1785233747,573	28/07/2026_12:15:47,573	1	2	2,622297416e-06	1,684985477e-06	5,641855798e-13	4,906177895e-12	2,92636385e-13	5,683766175e-13	2,890980424e-12	1,223246591e-11	4,999999912e-15	5,560906146e-14	2,030367194e-11	6,510800471e-13	6,454998211e-14	7,479477785e-14	1,404003019e-14	4,999999912e-15	6,96985308e-12	3,092841196e-14	2,549557143e-14	5,411890689e-14	1,096270698e-13	1,945779093e-10	6,834668248e-11	1	1	1	1	1	1	1	0	0	0	0	0	0	0	0	0	0	3,491156566e-08	69,27728937	1,113743015	0	30,32541347	0,04021989999	0,01934548203	0,04219498282
124,125	1785233748,381	28/07/2026_12:15:48,381	1	2	2,623065711e-06	1,682401262e-06	7,049740024e-13	5,035418263e-12	2,993420399e-13	3,944324251e-13	2,591770548e-12	1,207033432e-11	8,978942264e-14	2,001227824e-13	2,045546545e-11	6,62069954e-13	4,999999912e-15	4,999999912e-15	4,999999912e-15	4,87481488e-14	7,1749039e-12	1,635519519e-13	5,017621925e-14	4,999999912e-15	4,999999912e-15	1,953966572e-10	6,79757084e-11	1	1	1	1	1	1	1	0	0	0	0	0	0	0	0	0	0	2,74571301e-08	69,43329703	1,034115127	0	30,11267792	0,05015700845	0,08699787667	0
124,933	1785233749,189	28/07/2026_12:15:49,189	1	2	2,610309139e-06	1,683045866e-06	5,163221738e-13	4,896066191e-12	2,453318581e-13	4,64539377e-13	2,593858505e-12	1,189653584e-11	4,856964847e-14	5,782101008e-14	2,032668478e-11	6,049862217e-13	2,702452858e-14	7,582701285e-14	5,577205093e-14	2,360960006e-14	7,005825607e-12	6,503895052e-15	4,999999912e-15	2,190213072e-14	7,719298562e-14	1,935770294e-10	6,781575301e-11	1	1	1	1	1	1	1	0	0	0	0	0	0	0	0	0	0	3,327354052e-08	69,384145	1,011678774	0	30,29364659	0,037052893	0,02526258726	0,02741390683
125,741	1785233749,997	28/07/2026_12:15:49,997	1	2	2,618235158e-06	1,686275482e-06	6,127901463e-13	5,038992227e-12	3,107238859e-13	3,899813957e-13	2,342313626e-12	1,165739467e-11	4,501113431e-14	1,820430335e-13	2,04677178e-11	6,893468001e-13	4,999999912e-15	4,999999912e-15	4,999999912e-15	4,999999912e-15	7,124195765e-12	1,491976031e-13	8,673539453e-14	8,905989011e-15	4,999999912e-15	1,957022461e-10	6,733737873e-11	1	1	1	1	1	1	1	0	0	0	0	0	0	0	0	0	0	2,551898436e-08	69,74256384	0,9268546463	0	29,91733613	0,04372459861	0,07565293876	0
126,549	1785233750,805	28/07/2026_12:15:50,805	1	2	2,629645905e-06	1,645413477e-06	5,216503228e-13	4,868439419e-12	1,990323461e-13	4,09174837e-13	2,351712141e-12	1,172141724e-11	9,425601033e-14	9,984406964e-14	2,03590686e-11	5,673792599e-13	4,999999912e-15	4,787502046e-14	9,403869556e-14	6,165892991e-14	7,066414728e-12	1,263913257e-14	4,999999912e-15	4,999999912e-15	8,689837722e-14	1,960415025e-10	6,725024704e-11	1	1	1	1	1	1	1	0	0	0	0	0	0	0	0	0	0	3,168624958e-08	69,80326913	0,939616293	0	29,85063666	0,0371919564	0,04713164426	0,04028266812
127,357	1785233751,613	28/07/2026_12:15:51,613	1	2	2,618056897e-06	1,646676651e-06	5,569676664e-13	5,019709041e-12	3,147868793e-13	4,120193227e-13	2,170243369e-12	1,146587426e-11	1,771884505e-14	1,281142618e-13	2,047840716e-11	6,981285125e-13	5,602816659e-14	4,999999912e-15	4,999999912e-15	4,999999912e-15	7,069988258e-12	1,404701144e-13	1,099841111e-13	5,981564392e-14	4,999999912e-15	1,967766228e-10	6,700009297e-11	1	1	1	1	1	1	1	0	0	0	0	0	0	0	0	0	0	2,483680747e-08	70,02301176	0,8665048311	0	29,72702134	0,03968534875	0,05099613672	0
128,165	1785233752,421	28/07/2026_12:15:52,421	1	2	2,624119361e-06	1,656170525e-06	5,57231507e-13	4,920846716e-12	1,890087208e-13	3,369373736e-13	2,160340266e-12	1,150232166e-11	1,55418213e-13	1,536176107e-13	2,031918037e-11	5,734369143e-13	4,999999912e-15	3,750992911e-14	7,796133937e-14	9,072077941e-14	7,114211564e-12	3,887589849e-14	4,999999912e-15	4,999999912e-15	5,005204083e-14	1,950507533e-10	6,734528213e-11	1	1	1	1	1	1	1	0	0	0	0	0	0	0	0	0	0	2,983007112e-08	69,70575488	0,8608048845	0	30,003677	0,03987359182	0,07587258091	0,01900083908
128,973	1785233753,229	28/07/2026_12:15:53,229	1	2	2,61860805e-06	1,679824436e-06	4,89507252e-13	4,995727356e-12	2,925277479e-13	4,10622274e-13	2,046669691e-12	1,132173348e-11	4,999999912e-15	1,219674047e-13	2,043645114e-11	6,736652252e-13	8,458941284e-14	1,303107165e-14	4,999999912e-15	4,999999912e-15	6,7917642e-12	1,120020282e-13	6,397565312e-14	7,564849897e-14	4,919830615e-14	1,998482074e-10	6,684937326e-11	1	1	1	1	1	1	1	0	0	0	0	0	0	0	0	0	0	2,464735006e-08	70,4846672	0,8118467727	0	29,40242872	0,03457481916	0,04693834639	0,01817112376
129,781	1785233754,037	28/07/2026_12:15:54,037	1	2	2,650606802e-06	1,646045803e-06	5,53665295e-13	5,026683063e-12	1,959356071e-13	3,009913282e-13	2,125356531e-12	1,190611065e-11	1,395581919e-13	2,106198245e-13	2,171054829e-11	6,228021571e-13	4,999999912e-15	4,999999912e-15	4,943502476e-14	9,202854407e-14	7,991387066e-12	1,011557239e-13	4,999999912e-15	4,999999912e-15	2,922483558e-14	1,527273585e-10	7,883278752e-11	1	1	1	1	1	1	1	0	0	0	0	0	0	0	0	0	0	6,369293584e-08	61,14027807	0,6872106108	0	39,14884334	0,04422294334	0,1098082909	0
130,589	1785233754,845	28/07/2026_12:15:54,845	1	2	3,061674988e-06	1,926150389e-06	2,205083555e-12	8,539937854e-12	9,616464743e-12	2,022170452e-11	1,234403413e-10	1,620309165e-10	1,686386599e-12	4,999999912e-15	6,311694657e-12	7,233135531e-13	5,532190374e-14	5,168965706e-14	4,999999912e-15	4,999999912e-15	7,551703186e-12	8,633568985e-14	3,753320219e-14	5,507354691e-14	6,854700184e-14	4,825781788e-11	7,113890033e-11	1	1	1	1	1	1	1	0	0	0	0	0	0	0	0	0	0	9,776952424e-09	16,8985001	52,42906528	0	31,06951027	0,1542251123	0	0,1655962191
131,397	1785233755,653	28/07/2026_12:15:55,653	1	2	3,217465519e-06	2,691582949e-06	4,037962673e-12	8,62760037e-12	1,083844299e-11	2,201948866e-11	1,321657922e-10	1,69093739e-10	1,886850919e-12	1,585848016e-13	4,659263426e-12	6,231706774e-13	4,999999912e-15	4,999999912e-15	6,713448462e-15	5,775116713e-14	7,578331192e-12	1,687985553e-13	4,999999912e-15	4,999999912e-15	4,999999912e-15	4,23030222e-11	7,104796612e-11	1	1	1	1	1	1	1	0	0	0	0	0	0	0	0	0	0	3,008581203e-08	14,66867275	54,98315361	0	30,69871613	0,2802001041	0,06335929841	0
132,205	1785233756,461	28/07/2026_12:15:56,461	1	2	3,18443881e-06	2,7050271e-06	4,078158384e-12	8,614926481e-12	1,115447144e-11	2,276500863e-11	1,354376611e-10	1,720108639e-10	1,820779855e-12	4,999999912e-15	4,175592597e-12	6,602616132e-13	5,206219909e-14	6,261744595e-14	2,672960865e-14	4,999999912e-15	7,413770986e-12	7,261388485e-14	1,313197022e-14	4,765382628e-14	9,251361613e-14	3,968525855e-11	7,088707399e-11	1	1	1	1	1	1	1	0	0	0	0	0	0	0	0	0	0	3,815514777e-08	13,74945234	56,12780955	0	30,59059253	0,2828828332	0	0,008348200116
133,013	1785233757,269	28/07/2026_12:15:57,269	1	2	3,18456182e-06	2,731071163e-06	4,286058054e-12	8,770018566e-12	1,128904435e-11	2,294012376e-11	1,372430503e-10	1,74126491e-10	1,938307587e-12	1,402217779e-13	4,092648529e-12	6,919195035e-13	4,999999912e-15	4,999999912e-15	4,999999912e-15	3,280663298e-14	7,535365561e-12	1,963197942e-13	5,649384498e-14	4,999999912e-15	4,999999912e-15	3,824156616e-11	7,107276573e-11	1	1	1	1	1	1	1	0	0	0	0	0	0	0	0	0	0	3,462179435e-08	13,20096521	56,64338809	0	30,55551185	0,2961700916	0,05449920273	0
133,821	1785233758,077	28/07/2026_12:15:58,077	1	2	3,186083632e-06	2,732117764e-06	4,223774108e-12	8,660903592e-12	1,134896691e-11	2,303601407e-11	1,374333286e-10	1,745932426e-10	1,916102693e-12	4,999999912e-15	3,829023904e-12	6,474090469e-13	2,359408072e-14	6,398341194e-14	7,345208832e-14	9,56181274e-15	7,411194054e-12	4,523232849e-14	4,999999912e-15	4,122754316e-14	7,43523827e-14	3,73092772e-11	7,119834583e-11	1	1	1	1	1	1	1	0	0	0	0	0	0	0	0	0	0	3,876005873e-08	12,90251408	56,89265357	0	30,67840002	0,292515971	0	0,003208021788
134,629	1785233758,885	28/07/2026_12:15:58,885	1	2	3,190104508e-06	2,716456038e-06	4,38541304e-12	8,808510345e-12	1,148088135e-11	2,315906668e-11	1,384750231e-10	1,757838874e-10	1,909230369e-12	9,782616611e-14	3,902945241e-12	7,212685852e-13	4,999999912e-15	4,999999912e-15	4,999999912e-15	1,198719163e-14	7,547035046e-12	1,901224675e-13	7,097238243e-14	1,0465995e-14	4,999999912e-15	3,669347118e-11	7,10443232e-11	1	1	1	1	1	1	1	0	0	0	0	0	0	0	0	0	0	3,368227099e-08	12,66568794	57,18947945	0	30,54709585	0,3030331883	0,03299784875	0
135,437	1785233759,693	28/07/2026_12:15:59,693	1	2	3,208113412e-06	2,764774763e-06	4,356890283e-12	8,693993442e-12	1,140318395e-11	2,328092059e-11	1,390585425e-10	1,76587911e-10	1,984832437e-12	5,687025964e-14	3,695961939e-12	6,181609586e-13	4,999999912e-15	5,162369013e-14	9,443451744e-14	6,848102814e-14	7,483649117e-12	6,546968371e-14	4,999999912e-15	4,999999912e-15	6,962968613e-14	3,621193623e-11	7,101059324e-11	1	1	1	1	1	1	1	0	0	0	0	0	0	0	0	0	0	3,829954918e-08	12,48512836	57,40620683	0	30,50788855	0,3008376595	0,02345611447	0,0030259487
136,245	1785233760,501	28/07/2026_12:16:00,501	1	2	3,1954105e-06	2,760540156e-06	4,439768431e-12	8,831976817e-12	1,159543121e-11	2,344500115e-11	1,397144345e-10	1,763692248e-10	1,901465313e-12	8,895898476e-14	3,747142787e-12	7,451846757e-13	5,816250666e-14	4,999999912e-15	4,999999912e-15	4,999999912e-15	7,455323685e-12	1,705758473e-13	9,358465879e-14	5,083592577e-14	4,999999912e-15	3,559980435e-11	7,115132095e-11	1	1	1	1	1	1	1	0	0	0	0	0	0	0	0	0	0	3,844755175e-08	12,29915172	57,58081806	0	30,60164486	0,3070948793	0,02760856407	0
137,053	1785233761,309	28/07/2026_12:16:01,309	1	2	3,200197852e-06	2,719583563e-06	4,497942383e-12	8,763814327e-12	1,14316525e-11	2,333456518e-11	1,399833166e-10	1,773262093e-10	2,030887394e-12	1,110124566e-13	3,653910941e-12	6,024522244e-13	4,999999912e-15	2,076511773e-14	6,885357356e-14	1,045240893e-13	7,514786536e-12	1,112297713e-13	4,999999912e-15	4,999999912e-15	2,756393611e-14	3,532341086e-11	7,094302923e-11	1	1	1	1	1	1	1	0	0	0	0	0	0	0	0	0	0	3,781686755e-08	12,18239038	57,72399973	0	30,47762229	0,3106291307	0,04834744528	0
137,861	1785233762,117	28/07/2026_12:16:02,117	1	2	3,217007134e-06	2,781783678e-06	4,455081703e-12	8,801109147e-12	1,164897605e-11	2,351630175e-11	1,396727178e-10	1,772258729e-10	1,887844265e-12	4,492964296e-14	3,655335583e-12	7,356772526e-13	8,789570092e-14	2,217377927e-14	4,999999912e-15	4,999999912e-15	7,459103647e-12	1,475949083e-13	7,529149152e-14	7,401865172e-14	5,30323398e-14	3,503907928e-11	7,060688145e-11	1	1	1	1	1	1	1	0	0	0	0	0	0	0	0	0	0	3,391182412e-08	12,12318268	57,84836151	0	30,43649145	0,3086329758	0,008258749042	0
138,669	1785233762,925	28/07/2026_12:16:02,925	1	2	3,214915296e-06	2,739461934e-06	4,579738498e-12	8,778256767e-12	1,154683554e-11	2,340153765e-11	1,404425742e-10	1,776943037e-10	2,046153611e-12	1,544364137e-13	3,657970628e-12	6,179668864e-13	4,999999912e-15	4,999999912e-15	3,447917407e-14	9,464407339e-14	7,5936488e-12	1,58285982e-13	4,999999912e-15	4,999999912e-15	9,457034765e-15	3,479080912e-11	7,118260148e-11	1	1	1	1	1	1	1	0	0	0	0	0	0	0	0	0	0	3,925767473e-08	11,99007036	57,82132971	0	30,5480849	0,316000144	0,06643127886	0
139,477	1785233763,733	28/07/2026_12:16:03,733	1	2	3,200895662e-06	2,772203743e-06	4,466311869e-12	8,733425441e-12	1,157809352e-11	2,359184029e-11	1,399675514e-10	1,78156323e-10	1,884887212e-12	1,1269277e-14	3,586454701e-12	6,794472754e-13	6,575297219e-14	8,704971151e-14	1,741615444e-14	4,999999912e-15	7,443993338e-12	1,106748428e-13	3,787470215e-14	5,960608797e-14	9,732556286e-14	3,463166906e-11	7,157033299e-11	1	1	1	1	1	1	1	0	0	0	0	0	0	0	0	0	0	3,736609785e-08	11,92692384	57,7928861	0	30,71749017	0,3080049373	0	0,03169335435
140,285	1785233764,541	28/07/2026_12:16:04,541	1	2	3,206225301e-06	2,788186976e-06	4,619199554e-12	8,869967261e-12	1,162761814e-11	2,350690823e-11	1,409034833e-10	1,787970327e-10	2,016478347e-12	1,553561153e-13	3,643584566e-12	6,602693652e-13	4,999999912e-15	4,999999912e-15	9,1039008e-15	6,352549915e-14	7,603260903e-12	1,972356198e-13	1,264301113e-14	4,999999912e-15	4,999999912e-15	3,451905775e-11	7,140072561e-11	1	1	1	1	1	1	1	0	0	0	0	0	0	0	0	0	0	3,459322751e-08	11,85921723	57,93155154	0	30,55866418	0,3177141324	0,06263650274	0
141,093	1785233765,349	28/07/2026_12:16:05,349	1	2	3,208354656e-06	2,760540156e-06	4,48301769e-12	8,733691721e-12	1,161668765e-11	2,366391458e-11	1,411109007e-10	1,786523429e-10	1,934873269e-12	4,999999912e-15	3,513410049e-12	6,786750524e-13	4,411859875e-14	7,609478369e-14	5,8243998e-14	8,851662858e-15	7,416972418e-12	6,923387102e-14	1,661287075e-14	4,725412498e-14	1,031037912e-13	3,425944251e-11	7,066924823e-11	1	1	1	1	1	1	1	0	0	0	0	0	0	0	0	0	0	3,943909627e-08	11,82100233	58,22680038	0	30,37472574	0,3097697118	0	0,008091157608
141,901	1785233766,157	28/07/2026_12:16:06,157	1	2	3,210298701e-06	2,764774763e-06	4,652386983e-12	8,897147775e-12	1,169799674e-11	2,362657292e-11	1,412275158e-10	1,785983444e-10	1,9861788e-12	1,221692018e-13	3,636506894e-12	7,124867103e-13	4,999999912e-15	4,999999912e-15	4,999999912e-15	2,294989861e-14	7,561847849e-12	2,162040078e-13	7,345984715e-14	4,999999912e-15	4,999999912e-15	3,428624398e-11	7,097034765e-11	1	1	1	1	1	1	1	0	0	0	0	0	0	0	0	0	0	3,503846664e-08	11,81165119	58,12024833	0	30,44559263	0,320862187	0,04661031641	0
142,709	1785233766,965	28/07/2026_12:16:06,965	1	2	3,202157814e-06	2,755253263e-06	4,494966465e-12	8,717483332e-12	1,162472289e-11	2,362921837e-11	1,409824618e-10	1,788648535e-10	2,013521511e-12	1,732302317e-14	3,492280033e-12	6,476263211e-13	9,251365848e-15	6,690163018e-14	8,844674667e-14	5,317980824e-14	7,490342548e-12	7,016133822e-14	4,999999912e-15	4,999999912e-15	8,773271145e-14	3,435711091e-11	7,117134659e-11	1	1	1	1	1	1	1	0	0	0	0	0	0	0	0	0	0	4,004852311e-08	11,82083442	58,07141261	0	30,5111617	0,309734261	0,00801074489	0,01037592788
143,517	1785233767,773	28/07/2026_12:16:07,773	1	2	3,209143415e-06	2,76689434e-06	4,629530266e-12	8,918638397e-12	1,17724051e-11	2,360599737e-11	1,420989298e-10	1,80261403e-10	1,965712532e-12	1,021685584e-13	3,600781999e-12	7,457900942e-13	5,985444481e-14	4,999999912e-15	4,999999912e-15	4,999999912e-15	6,950193459e-12	1,918570961e-13	1,030067755e-13	3,880605215e-14	4,999999912e-15	3,072202909e-11	6,400573821e-11	1	1	1	1	1	1	1	0	0	0	0	0	0	0	0	0	0	7,911765782e-09	10,95840531	60,80186359	0	28,45124108	0,3302436119	0,03560440497	0,001325096578
144,325	1785233768,581	28/07/2026_12:16:08,581	1	2	3,224913371e-06	2,842137292e-06	4,761245651e-12	8,531563477e-12	1,167691725e-11	2,356674925e-11	1,393001964e-10	1,755399576e-10	1,98738942e-12	8,801988272e-14	3,347572436e-12	5,777211392e-13	4,999999912e-15	4,545740547e-14	8,488434294e-14	1,009034842e-13	7,038601906e-12	7,687477228e-14	4,999999912e-15	4,999999912e-15	5,858937738e-14	4,613456839e-11	6,321241447e-11	1	1	1	1	1	1	1	0	0	0	0	0	0	0	0	0	0	2,363316071e-08	15,80826699	57,26658952	0	27,06589197	0,327636461	0,03568123793	0
145,133	1785233769,389	28/07/2026_12:16:09,389	1	2	2,946237373e-06	2,511185357e-06	3,63750024e-12	6,971839772e-12	7,41231989e-12	1,40692475e-11	7,77813855e-11	9,623542241e-11	8,839473749e-13	8,587777706e-14	1,120714632e-11	6,62069954e-13	8,621927364e-14	1,031465224e-14	4,999999912e-15	4,999999912e-15	6,596926564e-12	1,312032351e-13	1,121106653e-13	8,798882711e-14	5,505026028e-14	1,543938172e-10	6,444770412e-11	1	1	1	1	1	1	1	0	0	0	0	0	0	0	0	0	0	4,77600694e-08	47,84257875	27,9274272	0	24,84335049	0,2263603953	0,01421075369	0
145,941	1785233770,197	28/07/2026_12:16:10,197	1	2	2,622040029e-06	1,900481834e-06	1,903211313e-12	5,309016681e-12	1,746341786e-12	3,367549945e-12	1,927348038e-11	3,109999758e-11	3,475857568e-13	2,119508589e-13	1,822637007e-11	5,76479294e-13	4,999999912e-15	2,950036184e-14	6,69714799e-14	1,063673685e-13	7,094777457e-12	1,129488891e-13	4,999999912e-15	4,999999912e-15	4,365680316e-14	1,813523498e-10	6,75420761e-11	1	1	1	1	1	1	1	0	0	0	0	0	0	0	0	0	0	3,721835445e-08	63,31887867	7,811022532	0	29,37986026	0,133098997	0,09296592302	0
146,749	1785233771,005	28/07/2026_12:16:11,005	1	2	2,639770173e-06	1,744790893e-06	1,176413025e-12	5,168142823e-12	1,020148918e-12	1,921660097e-12	1,064404814e-11	2,122757525e-11	7,595119466e-14	8,110463798e-14	1,948159689e-11	6,930914718e-13	7,582702641e-14	6,722759556e-14	4,999999912e-15	4,999999912e-15	7,023537568e-12	7,641687305e-14	6,545804209e-14	9,100794391e-14	1,064061762e-13	1,886399786e-10	6,727008534e-11	1	1	1	1	1	1	1	0	0	0	0	0	0	0	0	0	0	3,093316761e-08	66,62617025	4,353286961	0	29,61033601	0,08320245801	0,02560576727	0,03071889075
147,557	1785233771,813	28/07/2026_12:16:11,813	1	2	2,634709517e-06	1,708394279e-06	1,07396893e-12	5,130690144e-12	6,584648733e-13	1,225716143e-12	7,431719302e-12	1,758972829e-11	1,963934928e-13	2,274383481e-13	1,991509561e-11	6,269543803e-13	4,999999912e-15	4,999999912e-15	1,332212064e-14	7,640523143e-14	7,163119056e-12	1,517510347e-13	2,328751409e-14	4,999999912e-15	7,113153992e-15	1,907551755e-10	6,726116192e-11	1	1	1	1	1	1	1	0	0	0	0	0	0	0	0	0	0	2,77335237e-08	67,70430075	3,050514451	0	29,75682003	0,07632223863	0,1019993016	0
148,365	1785233772,621	28/07/2026_12:16:12,621	1	2	2,640237881e-06	1,707083698e-06	7,97479758e-13	5,027726499e-12	5,615079799e-13	1,074958373e-12	5,878339916e-12	1,575924287e-11	4,156904313e-14	5,221741957e-14	1,998657143e-11	6,474400551e-13	5,752608676e-14	8,189628852e-14	4,771592057e-14	4,999999912e-15	6,992570151e-12	6,118938228e-14	4,597740916e-14	5,389384685e-14	1,063906585e-13	1,931218102e-10	6,78857387e-11	1	1	1	1	1	1	1	0	0	0	0	0	0	0	0	0	0	3,213966656e-08	68,34619965	2,374369252	0	29,94423662	0,05651439501	0,01725533247	0,03910488728
149,173	1785233773,429	28/07/2026_12:16:13,429	1	2	2,636315003e-06	1,708394279e-06	8,798068068e-13	5,112444322e-12	4,747338048e-13	7,669898245e-13	4,760395637e-12	1,451260292e-11	1,135581294e-13	2,144848969e-13	2,018474103e-11	6,54886952e-13	4,999999912e-15	4,999999912e-15	4,999999912e-15	3,302783394e-14	7,145073595e-12	1,761445265e-13	7,046789638e-14	4,999999912e-15	4,999999912e-15	1,916960618e-10	6,764289129e-11	1	1	1	1	1	1	1	0	0	0	0	0	0	0	0	0	0	2,632202802e-08	68,49318553	1,944157126	0	30,1266794	0,06293679918	0,09269497344	0
149,981	1785233774,237	28/07/2026_12:16:14,237	1	2	2,632611313e-06	1,691454713e-06	6,728774981e-13	4,932229104e-12	3,819873291e-13	7,224560577e-13	4,2176076e-12	1,376895559e-11	7,545059141e-14	6,030072275e-14	2,007965669e-11	6,118743207e-13	2,612035479e-14	8,302554607e-14	7,961060739e-14	2,419557745e-14	6,976904297e-12	2,211556947e-14	7,089872445e-15	2,553050815e-14	1,028010955e-13	1,939962357e-10	6,790099039e-11	1	1	1	1	1	1	1	0	0	0	0	0	0	0	0	0	0	3,4030441e-08	68,93135128	1,674926494	0	30,07015854	0,04787572014	0,02651157906	0,03843492011
150,789	1785233775,045	28/07/2026_12:16:15,045	1	2	2,625363777e-06	1,658710971e-06	7,424372532e-13	5,065197827e-12	4,191983945e-13	6,25211959e-13	3,576069996e-12	1,311293608e-11	6,801923933e-14	1,702188602e-13	2,028654328e-11	6,883571946e-13	4,999999912e-15	4,999999912e-15	4,999999912e-15	4,999999912e-15	7,117913464e-12	1,689770557e-13	9,127183194e-14	9,99644398e-15	4,999999912e-15	1,942386668e-10	6,741008446e-11	1	1	1	1	1	1	1	0	0	0	0	0	0	0	0	0	0	2,603139495e-08	69,2028237	1,446722372	0	29,94060646	0,05296216317	0,07140136207	0
151,597	1785233775,853	28/07/2026_12:16:15,853	1	2	2,632458973e-06	1,668913683e-06	6,15254321e-13	4,897780966e-12	2,784178595e-13	5,632231335e-13	3,346827373e-12	1,287673787e-11	1,03324982e-13	1,010276661e-13	2,018279814e-11	5,81073926e-13	4,999999912e-15	3,431231197e-14	7,997926323e-14	6,703357758e-14	7,029474659e-12	1,866571269e-14	4,999999912e-15	2,136661616e-14	6,337027528e-14	1,948006895e-10	6,734710706e-11	1	1	1	1	1	1	1	0	0	0	0	0	0	0	0	0	0	3,195959445e-08	69,37179472	1,353969833	0	29,89753446	0,04387314793	0,04713609928	0,02448367469
152,405	1785233776,661	28/07/2026_12:16:16,661	1	2	2,634664042e-06	1,662530849e-06	6,366480693e-13	5,045495705e-12	3,948709036e-13	5,481703416e-13	3,001410535e-12	1,241544714e-11	1,292630045e-14	1,336907066e-13	2,036730333e-11	7,04077584e-13	3,801053575e-14	4,999999912e-15	4,999999912e-15	4,999999912e-15	7,088495155e-12	1,305862157e-13	1,039807956e-13	5,69789238e-14	6,158525838e-15	1,939254035e-10	6,804053848e-11	1	1	1	1	1	1	1	0	0	0	0	0	0	0	0	0	0	2,850070983e-08	69,21400005	1,185570037	0	30,2690782	0,04549385639	0,05184236544	0
153,213	1785233777,469	28/07/2026_12:16:17,469	1	2	2,623612772e-06	1,674039368e-06	6,118976311e-13	4,899577705e-12	2,139338647e-13	4,495641598e-13	2,854219465e-12	1,231798951e-11	1,276602522e-13	1,58239429e-13	2,030435195e-11	5,515464387e-13	4,999999912e-15	2,71681193e-14	7,736762348e-14	1,005581116e-13	7,07515253e-12	4,160396799e-14	4,999999912e-15	4,999999912e-15	3,75060497e-14	1,948237266e-10	6,74152123e-11	1	1	1	1	1	1	1	0	0	0	0	0	0	0	0	0	0	3,140287388e-08	69,47735052	1,149651744	0	29,96912624	0,04369251335	0,07374492025	0,0107118278
154,021	1785233778,277	28/07/2026_12:16:18,277	1	2	2,625149364e-06	1,686275482e-06	5,472001975e-13	4,981333922e-12	3,214421188e-13	5,219296132e-13	2,678785579e-12	1,199461017e-11	4,999999912e-15	9,366616369e-14	2,033845314e-11	6,979849099e-13	7,687089626e-14	2,586423575e-14	4,999999912e-15	4,999999912e-15	7,031705947e-12	8,798495786e-14	9,316943647e-14	8,21174861e-14	6,17831185e-14	1,93868005e-10	6,721252027e-11	1	1	1	1	1	1	1	0	0	0	0	0	0	0	0	0	0	2,801770282e-08	69,52484927	1,067322111	0	30,04592323	0,03928972772	0,03527962334	0,02053422311
154,829	1785233779,085	28/07/2026_12:16:19,085	1	2	2,619696261e-06	1,660620796e-06	6,213235764e-13	4,976153604e-12	2,053227922e-13	3,713506011e-13	2,50274931e-12	1,194342108e-11	1,308151856e-13	2,206589539e-13	2,02963462e-11	5,811515548e-13	4,999999912e-15	4,999999912e-15	4,777024588e-14	1,01788261e-13	7,131192772e-12	9,197809479e-14	4,999999912e-15	4,999999912e-15	4,999999912e-15	1,955534207e-10	6,763956062e-11	1	1	1	1	1	1	1	0	0	0	0	0	0	0	0	0	0	2,871244997e-08	69,57095059	1,001358438	0	30,00118317	0,04426134991	0,09979338555	0
155,637	1785233779,893	28/07/2026_12:16:19,893	1	2	2,618639883e-06	1,674039368e-06	4,750868752e-13	4,940544935e-12	2,858996677e-13	4,860767821e-13	2,454645211e-12	1,173150986e-11	4,999999912e-15	7,296313347e-14	2,033948183e-11	6,541844974e-13	6,808909583e-14	6,08556513e-14	4,999999912e-15	4,999999912e-15	6,979290409e-12	7,414283353e-14	4,62335316e-14	6,408431728e-14	8,205927122e-14	1,955764856e-10	6,750975473e-11	1	1	1	1	1	1	1	0	0	0	0	0	0	0	0	0	0	3,016007711e-08	69,71922272	0,9577260313	0	29,99874452	0,03391132639	0,02698474818	0,03118480706
156,445	1785233780,701	28/07/2026_12:16:20,701	1	2	2,622025931e-06	1,645413477e-06	5,943417958e-13	4,992152958e-12	2,291923704e-13	3,343722597e-13	2,268030815e-12	1,16346455e-11	1,085832067e-13	2,13638921e-13	2,046656074e-11	6,125960741e-13	4,999999912e-15	4,999999912e-15	2,68111e-14	6,779028294e-14	7,155637194e-12	1,635015094e-13	2,165765499e-14	4,999999912e-15	4,999999912e-15	1,936475147e-10	6,778746314e-11	1	1	1	1	1	1	1	0	0	0	0	0	0	0	0	0	0	2,817032507e-08	69,40200057	0,8988200938	0	30,28282431	0,04264454583	0,09571231745	0
157,253	1785233781,509	28/07/2026_12:16:21,509	1	2	2,614058076e-06	1,664443062e-06	4,103118127e-13	4,899721254e-12	2,498100468e-13	4,190044308e-13	2,291209757e-12	1,152526338e-11	4,999999912e-15	6,084011333e-14	2,029339544e-11	6,18902065e-13	4,16544105e-14	8,881151294e-14	7,263716131e-14	4,999999912e-15	6,956038176e-12	2,538691574e-14	3,004364539e-14	5,826339845e-14	1,013225758e-13	1,949252149e-10	6,749154707e-11	1	1	1	1	1	1	1	0	0	0	0	0	0	0	0	0	0	3,162542233e-08	69,71190687	0,8871914937	0	30,08619454	0,02938219922	0,02236502084	0,04275429713
158,061	1785233782,317	28/07/2026_12:16:22,317	1	2	2,618752205e-06	1,663807211e-06	5,514144913e-13	5,012277919e-12	2,593757186e-13	3,254391114e-13	2,068715425e-12	1,138492859e-11	7,649059879e-14	1,921947031e-13	2,048221662e-11	6,771149938e-13	4,999999912e-15	4,999999912e-15	4,999999912e-15	2,349706326e-14	7,128278436e-12	1,724191265e-13	7,180282708e-14	4,999999912e-15	4,999999912e-15	1,952265155e-10	6,70942954e-11	1	1	1	1	1	1	1	0	0	0	0	0	0	0	0	0	0	2,496211441e-08	69,82022544	0,8301752499	0	29,91645175	0,0394838251	0,08366269925	0
158,869	1785233783,125	28/07/2026_12:16:23,125	1	2	2,612143817e-06	1,677894488e-06	4,095279346e-13	4,867302308e-12	2,001615697e-13	3,867410678e-13	2,121138551e-12	1,137194072e-11	5,884548626e-14	7,694463556e-14	2,030085475e-11	6,005778557e-13	3,487887876e-14	6,601684667e-14	8,594764034e-14	2,432363528e-14	6,862848831e-12	1,373734636e-14	4,999999912e-15	3,227110826e-14	9,085272004e-14	1,99780123e-10	6,523406121e-11	1	1	1	1	1	1	1	0	0	0	0	0	0	0	0	0	0	2,472317275e-08	70,84217862	0,8800534367	0	28,85233818	0,02908410449	0,03422483326	0,04963886889
159,677	1785233783,933	28/07/2026_12:16:23,933	1	2	2,627461754e-06	1,643523092e-06	4,919171082e-13	4,992952666e-12	2,867107051e-13	3,543573854e-13	2,033759012e-12	1,146826904e-11	2,661707185e-14	1,809720044e-13	2,142531118e-11	7,288512784e-13	1,351615133e-14	4,999999912e-15	4,999999912e-15	4,999999912e-15	7,711471219e-12	1,535594026e-13	1,044154319e-13	3,07460356e-14	4,999999912e-15	1,858175974e-10	7,717657763e-11	1	1	1	1	1	1	1	0	0	0	0	0	0	0	0	0	0	5,990748848e-08	66,1938067	0,5579946455	0	34,18996214	0,03505093525	0,07448059442	0
160,485	1785233784,741	28/07/2026_12:16:24,741	1	2	2,939414344e-06	1,817137559e-06	1,531666829e-12	7,806340643e-12	7,706780526e-12	1,719094485e-11	1,096118196e-10	1,495023966e-10	1,724765838e-12	6,004847634e-14	7,213648949e-12	6,458956091e-13	4,999999912e-15	3,542992451e-14	7,538463126e-14	6,961027891e-14	7,687702905e-12	5,39015989e-14	4,999999912e-15	4,999999912e-15	4,55815805e-14	4,978577273e-11	7,106819994e-11	1	1	1	1	1	1	1	0	0	0	0	0	0	0	0	0	0	3,044802852e-09	18,21895783	49,5000075	0	32,48861665	0,1118050663	0,03705750809	0,3291451307
161,293	1785233785,549	28/07/2026_12:16:25,549	1	2	3,217459152e-06	2,656731795e-06	3,651935958e-12	8,611457034e-12	1,090006731e-11	2,198212792e-11	1,315985931e-10	1,675375533e-10	1,760017045e-12	6,889626402e-14	4,70854692e-12	7,268915829e-13	5,272189545e-14	4,999999912e-15	4,999999912e-15	4,999999912e-15	7,448099429e-12	1,309859339e-13	9,127957721e-14	6,40222196e-14	5,564791317e-15	4,21470428e-11	7,12743059e-11	1	1	1	1	1	1	1	0	0	0	0	0	0	0	0	0	0	3,483709756e-08	14,69885484	54,87836664	0	30,94817527	0,2548367994	0,0166245502	0
162,101	1785233786,357	28/07/2026_12:16:26,357	1	2	3,184560683e-06	2,702954816e-06	3,958472872e-12	8,578301264e-12	1,102441576e-11	2,238575818e-11	1,347309347e-10	1,714800801e-10	1,938742136e-12	1,092700623e-13	4,214312926e-12	5,926692513e-13	4,999999912e-15	5,890763477e-15	5,152666759e-14	8,434106278e-14	7,533502468e-12	9,387183007e-14	4,999999912e-15	4,999999912e-15	2,358632021e-14	3,966662415e-11	7,057331802e-11	1	1	1	1	1	1	1	0	0	0	0	0	0	0	0	0	0	3,607690932e-08	13,78191135	56,05219357	0	30,54803243	0,2753319293	0,0459023497	0
162,909	1785233787,165	28/07/2026_12:16:27,165	1	2	3,185500873e-06	2,721668579e-06	3,941192858e-12	8,648334653e-12	1,126740107e-11	2,289089751e-11	1,360982438e-10	1,736109589e-10	1,811609781e-12	2,130064584e-14	4,023740976e-12	7,111789456e-13	7,454253821e-14	5,250464167e-15	4,999999912e-15	4,999999912e-15	7,454800666e-12	1,245868236e-13	7,100343127e-14	7,143804726e-14	5,395981378e-14	3,814870989e-11	7,079336423e-11	1	1	1	1	1	1	1	0	0	0	0	0	0	0	0	0	0	3,347757966e-08	13,22931516	56,61733766	0	30,59718585	0,2736283329	0	0,01606040941
163,717	1785233787,973	28/07/2026_12:16:27,973	1	2	3,184642082e-06	2,741562184e-06	4,13621264e-12	8,696448943e-12	1,126041187e-11	2,300304565e-11	1,372994218e-10	1,73430742e-10	1,976391923e-12	1,516695569e-13	3,942073664e-12	6,216262314e-13	4,999999912e-15	4,999999912e-15	2,497557791e-14	7,651000601e-14	7,550383062e-12	1,643668789e-13	4,999999912e-15	4,999999912e-15	4,999999912e-15	3,71521286e-11	7,073282238e-11	1	1	1	1	1	1	1	0	0	0	0	0	0	0	0	0	0	3,979636184e-08	12,90963569	56,90448281	0	30,59398698	0,2877288421	0,06363561663	0
164,525	1785233788,781	28/07/2026_12:16:28,781	1	2	3,205531129e-06	2,735260523e-06	4,011155557e-12	8,682441918e-12	1,1375954e-11	2,318585775e-11	1,380459913e-10	1,756986223e-10	1,85090116e-12	4,999999912e-15	3,783768004e-12	6,915314675e-13	5,601265233e-14	6,079354685e-14	4,999999912e-15	4,999999912e-15	7,387623499e-12	8,758525318e-14	2,546453445e-14	5,200786701e-14	8,733688957e-14	3,644486102e-11	7,098171356e-11	1	1	1	1	1	1	1	0	0	0	0	0	0	0	0	0	0	3,594222633e-08	12,61081509	57,25236079	0	30,60886183	0,2779197103	0	0,0247865748
165,333	1785233789,589	28/07/2026_12:16:29,589	1	2	3,195905038e-06	2,737360319e-06	4,22032808e-12	8,809298777e-12	1,139401334e-11	2,31452444e-11	1,384783677e-10	1,763081764e-10	1,947970431e-12	1,550689779e-13	3,821231092e-12	6,623104842e-13	4,999999912e-15	4,999999912e-15	4,999999912e-15	4,821263763e-14	7,548753289e-12	1,859585755e-13	4,371113524e-14	4,999999912e-15	4,999999912e-15	3,585045108e-11	7,087953141e-11	1	1	1	1	1	1	1	0	0	0	0	0	0	0	0	0	0	3,075536806e-08	12,39941826	57,40959536	0	30,54941625	0,2922022797	0,0592015569	0
166,141	1785233790,397	28/07/2026_12:16:30,397	1	2	3,195480986e-06	2,737360319e-06	4,112474684e-12	8,675351236e-12	1,146271272e-11	2,321239034e-11	1,393214988e-10	1,761962243e-10	1,90551264e-12	4,999999912e-15	3,639288957e-12	6,286074634e-13	3,360216294e-14	7,597835393e-14	5,778609199e-14	4,999999912e-15	7,410180976e-12	4,552337917e-14	4,999999912e-15	2,636871332e-14	8,082135628e-14	3,568722748e-11	7,11784659e-11	1	1	1	1	1	1	1	0	0	0	0	0	0	0	0	0	0	4,279041892e-08	12,33721566	57,52224402	0	30,64487719	0,2847248978	0	0
166,949	1785233791,205	28/07/2026_12:16:31,205	1	2	3,198099421e-06	2,746820201e-06	4,291214953e-12	8,83352419e-12	1,154015338e-11	2,331456035e-11	1,395982635e-10	1,767890417e-10	1,951459177e-12	1,119593242e-13	3,755489409e-12	7,248465066e-13	4,999999912e-15	4,999999912e-15	4,999999912e-15	3,394365274e-14	7,526971234e-12	2,112407065e-13	7,59162698e-14	4,999999912e-15	4,999999912e-15	3,524626077e-11	7,142219455e-11	1	1	1	1	1	1	1	0	0	0	0	0	0	0	0	0	0	3,644477082e-08	12,16663861	57,57592095	0	30,70044599	0,2965309806	0,04146497754	0
167,757	1785233792,013	28/07/2026_12:16:32,013	1	2	3,19370929e-06	2,736311671e-06	4,182756138e-12	8,71073786e-12	1,149954264e-11	2,339974048e-11	1,396182198e-10	1,77544951e-10	1,964975058e-12	3,175111812e-14	3,566718101e-12	6,211994352e-13	7,256739629e-15	6,003295869e-14	8,340971278e-14	5,509682676e-14	7,413142149e-12	4,926040383e-14	4,999999912e-15	1,557675463e-14	7,685926141e-14	3,514816563e-11	7,022847581e-11	1	1	1	1	1	1	1	0	0	0	0	0	0	0	0	0	0	3,438214228e-08	12,16353598	57,93415228	0	30,29633762	0,2899064751	0,01055235791	0,02090171603
168,565	1785233792,821	28/07/2026_12:16:32,821	1	2	3,187461061e-06	2,720623115e-06	4,281637978e-12	8,837839315e-12	1,161484797e-11	2,346281502e-11	1,40283965e-10	1,773012154e-10	1,918629101e-12	9,032108151e-14	3,704110369e-12	7,603927796e-13	3,173947311e-14	4,999999912e-15	4,999999912e-15	4,999999912e-15	7,502601838e-12	1,857839647e-13	7,815150165e-14	6,238072396e-14	4,999999912e-15	3,453389311e-11	7,063692686e-11	1	1	1	1	1	1	1	0	0	0	0	0	0	0	0	0	0	3,588386541e-08	11,96121417	58,01257124	0	30,45997474	0,2968541314	0,02891411897	0
169,373	1785233793,629	28/07/2026_12:16:33,629	1	2	3,202007747e-06	2,755253263e-06	4,28905739e-12	8,726685173e-12	1,147857503e-11	2,34354619e-11	1,404083516e-10	1,784147552e-10	2,035233527e-12	8,814794055e-14	3,54730351e-12	6,033060336e-13	4,999999912e-15	4,136337337e-14	8,299449723e-14	9,02589906e-14	7,485123632e-12	7,12595537e-14	4,999999912e-15	4,999999912e-15	5,94625125e-14	3,467023196e-11	7,066885965e-11	1	1	1	1	1	1	1	0	0	0	0	0	0	0	0	0	0	3,625941062e-08	11,95784469	58,03053352	0	30,37768606	0,2962525851	0,03875051117	0,006747568971
170,181	1785233794,437	28/07/2026_12:16:34,437	1	2	3,20487834e-06	2,75420075e-06	4,313427653e-12	8,831553544e-12	1,164300514e-11	2,358205992e-11	1,401679883e-10	1,779187769e-10	1,888857126e-12	5,312936235e-14	3,61094531e-12	7,456776082e-13	8,352225975e-14	4,999999912e-15	4,999999912e-15	4,999999912e-15	7,462383142e-12	1,557325503e-13	1,109969389e-13	8,274613362e-14	4,853473038e-14	3,42870593e-11	7,121232076e-11	1	1	1	1	1	1	1	0	0	0	0	0	0	0	0	0	0	3,48029228e-08	11,84401583	57,95755409	0	30,64553129	0,2983139927	0,0108760904	0
170,989	1785233795,245	28/07/2026_12:16:35,245	1	2	3,217377071e-06	2,811797003e-06	4,393852903e-12	8,772929432e-12	1,152443245e-11	2,348248332e-11	1,404659167e-10	1,781051973e-10	2,061237249e-12	1,504588148e-13	3,546748182e-12	6,061659421e-13	4,999999912e-15	1,839407261e-14	7,253626953e-14	1,101626047e-13	7,551687574e-12	1,37171619e-13	4,999999912e-15	4,999999912e-15	2,913558541e-14	3,404611662e-11	7,043354094e-11	1	1	1	1	1	1	1	0	0	0	0	0	0	0	0	0	0	3,539102567e-08	11,78215533	58,17364005	0	30,3667902	0,3044607589	0,06627935025	0
171,797	1785233796,053	28/07/2026_12:16:36,053	1	2	3,209390115e-06	2,761601309e-06	4,299919795e-12	8,787186256e-12	1,168944368e-11	2,361289636e-11	1,405878747e-10	1,787908571e-10	1,899765501e-12	2,617856629e-14	3,553089246e-12	7,230730229e-13	8,348733488e-14	4,725800778e-14	4,999999912e-15	4,999999912e-15	7,455502361e-12	1,167363461e-13	5,619891488e-14	8,050703929e-14	8,367360082e-14	3,401909657e-11	7,110749489e-11	1	1	1	1	1	1	1	0	0	0	0	0	0	0	0	0	0	3,496979876e-08	11,73407574	58,1232203	0	30,5647881	0,2969642649	0,0004705313983	0,02238869151
172,605	1785233796,861	28/07/2026_12:16:36,861	1	2	3,204458608e-06	2,762656777e-06	4,450979949e-12	8,832336772e-12	1,157094212e-11	2,362554423e-11	1,411038231e-10	1,783471287e-10	2,036607211e-12	1,66621518e-13	3,586411983e-12	6,529077951e-13	4,999999912e-15	4,999999912e-15	2,465348685e-14	8,177598952e-14	7,598599701e-12	1,698501908e-13	4,999999912e-15	4,999999912e-15	4,999999912e-15	3,394781331e-11	7,131240043e-11	1	1	1	1	1	1	1	0	0	0	0	0	0	0	0	0	0	3,910374587e-08	11,70152073	58,07299114	0	30,60438429	0,3071532541	0,06945553814	0
173,413	1785233797,669	28/07/2026_12:16:37,669	1	2	3,209803708e-06	2,74050899e-06	4,312946267e-12	8,760134979e-12	1,168555096e-11	2,368510943e-11	1,409902195e-10	1,796834626e-10	1,915772879e-12	1,140510551e-14	3,510204931e-12	6,837741636e-13	5,610967149e-14	8,377061658e-14	3,152216173e-14	4,999999912e-15	7,168341441e-12	9,038317241e-14	2,273647003e-14	6,961418204e-14	8,665779276e-14	3,076771823e-11	6,408882453e-11	1	1	1	1	1	1	1	0	0	0	0	0	0	0	0	0	0	1,071731116e-08	10,989516	60,58325707	0	28,5460164	0,3081653379	0	0,07541627164
174,221	1785233798,477	28/07/2026_12:16:38,477	1	2	3,233207963e-06	2,858520475e-06	4,697619464e-12	8,584293866e-12	1,206677813e-11	2,408496146e-11	1,423906132e-10	1,786534254e-10	1,998503793e-12	1,503268674e-13	3,469407921e-12	6,59213786e-13	4,999999912e-15	4,999999912e-15	4,999999912e-15	5,591952276e-14	7,218320559e-12	1,945036607e-13	6,507773785e-14	4,999999912e-15	4,999999912e-15	3,820345082e-11	6,5480045e-11	1	1	1	1	1	1	1	0	0	0	0	0	0	0	0	0	0	3,460572674e-08	13,21217723	58,80482075	0	28,22209448	0,3257024096	0,05795433472	0
175,029	1785233799,285	28/07/2026_12:16:39,285	1	2	3,0103879e-06	2,612302751e-06	3,656588921e-12	7,331023809e-12	8,463042767e-12	1,642225418e-11	9,262103584e-11	1,135311845e-10	1,121327749e-12	3,32839496e-14	9,384873087e-12	5,720360709e-13	6,740222665e-14	8,85748045e-14	8,922674882e-14	2,316333567e-14	6,491013022e-12	3,185589271e-14	1,633347354e-14	4,865114659e-14	1,044387152e-13	1,448724057e-10	6,433423239e-11	1	1	1	1	1	1	1	0	0	0	0	0	0	0	0	0	0	5,153942703e-08	43,83151603	32,58988935	0	24,21886343	0,2223349258	0	0
175,837	1785233800,093	28/07/2026_12:16:40,093	1	2	2,613229753e-06	1,923933269e-06	1,885682582e-12	5,438593586e-12	2,098665859e-12	3,861407288e-12	2,164700884e-11	3,380199592e-11	2,959543147e-13	1,982562064e-13	1,792552391e-11	6,890750449e-13	1,509167919e-14	4,999999912e-15	4,999999912e-15	1,918959749e-14	7,071009143e-12	1,883218787e-13	1,179432257e-13	1,776153551e-14	4,999999912e-15	1,788528353e-10	6,709739014e-11	1	1	1	1	1	1	1	0	0	0	0	0	0	0	0	0	0	3,377557854e-08	62,51488975	8,80242324	0	29,21949956	0,1320216767	0,07901974841	0
176,645	1785233800,901	28/07/2026_12:16:40,901	1	2	2,640938419e-06	1,764969852e-06	1,140210756e-12	5,112273452e-12	9,89022449e-13	1,952778651e-12	1,131009609e-11	2,196463844e-11	2,019427919e-13	1,01357521e-13	1,921460907e-11	5,980438584e-13	2,753289743e-14	7,211328838e-14	1,037790188e-13	7,540403848e-14	7,037364181e-12	5,208936513e-14	4,999999912e-15	2,234841035e-14	9,831512096e-14	1,860594734e-10	6,694749616e-11	1	1	1	1	1	1	1	0	0	0	0	0	0	0	0	0	0	3,277748942e-08	66,20875434	4,662715364	0	29,68774233	0,08124826401	0,04603505732	0,02624655565
177,453	1785233801,709	28/07/2026_12:16:41,709	1	2	2,642118943e-06	1,721541139e-06	9,740395339e-13	5,158107448e-12	7,920856896e-13	1,358700587e-12	7,693167284e-12	1,78746306e-11	6,762342422e-14	1,444593956e-13	1,978337633e-11	7,230110065e-13	6,737506738e-14	4,999999912e-15	4,999999912e-15	4,999999912e-15	7,082933198e-12	1,694194508e-13	1,211757609e-13	7,920315066e-14	4,999999912e-15	1,894214924e-10	6,777226003e-11	1	1	1	1	1	1	1	0	0	0	0	0	0	0	0	0	0	2,870493983e-08	67,41676245	3,154810924	0	30,06279329	0,06941176174	0,05494898583	0
178,261	1785233802,517	28/07/2026_12:16:42,517	1	2	2,643237394e-06	1,71561237e-06	8,664419551e-13	4,997377078e-12	5,013547086e-13	9,910869868e-13	5,990904387e-12	1,594962183e-11	1,75477051e-13	1,56943306e-13	1,989449057e-11	5,753034767e-13	4,999999912e-15	5,216697368e-14	9,826856126e-14	9,851691809e-14	7,104094656e-12	5,36260828e-14	4,999999912e-15	4,999999912e-15	5,815863063e-14	1,908570801e-10	6,722845891e-11	1	1	1	1	1	1	1	0	0	0	0	0	0	0	0	0	0	3,100019488e-08	68,15491	2,470423326	0	29,92404206	0,06195187396	0,07372728276	0,01753478961
179,069	1785233803,325	28/07/2026_12:16:43,325	1	2	2,63913762e-06	1,670835104e-06	7,532874064e-13	5,058274979e-12	5,279329491e-13	9,110573624e-13	4,892915066e-12	1,456625272e-11	1,20298821e-14	1,005076556e-13	2,006137444e-11	7,079619009e-13	8,327778571e-14	3,180544342e-14	4,999999912e-15	4,999999912e-15	7,019019914e-12	1,090760376e-13	8,656852904e-14	9,917274521e-14	4,583771649e-14	1,919164827e-10	6,662973645e-11	1	1	1	1	1	1	1	0	0	0	0	0	0	0	0	0	0	2,576020592e-08	68,80789604	2,017519016	0	29,78031359	0,05407554064	0,03555128052	0,009976631122
179,877	1785233804,133	28/07/2026_12:16:44,133	1	2	2,625402203e-06	1,685629513e-06	7,815110321e-13	4,990895718e-12	3,666589059e-13	6,706500047e-13	4,193881353e-12	1,382346321e-11	1,524805943e-13	2,137010187e-13	2,013118144e-11	5,760253385e-13	4,999999912e-15	4,999999912e-15	5,521712577e-14	1,097629068e-13	7,118864526e-12	1,015981122e-13	4,999999912e-15	4,999999912e-15	2,40481141e-14	1,932178167e-10	6,775081884e-11	1	1	1	1	1	1	1	0	0	0	0	0	0	0	0	0	0	3,080130574e-08	68,80914152	1,69002311	0	30,07397706	0,05572654975	0,09692857652	0
180,685	1785233804,941	28/07/2026_12:16:44,941	1	2	2,62562321e-06	1,672758799e-06	6,046719657e-13	4,964406924e-12	4,105485483e-13	7,048846641e-13	3,750165976e-12	1,319114869e-11	4,999999912e-15	5,843802276e-14	2,022314607e-11	6,675377482e-13	7,11353719e-14	7,427089813e-14	4,999999912e-15	4,999999912e-15	7,024030229e-12	6,365356376e-14	5,319146003e-14	8,268404272e-14	9,094197021e-14	1,92450722e-10	6,761110422e-11	1	1	1	1	1	1	1	0	0	0	0	0	0	0	0	0	0	3,150653662e-08	68,97094589	1,496026644	0	30,19746022	0,04338686699	0,01934712751	0,03198641399
181,493	1785233805,749	28/07/2026_12:16:45,749	1	2	2,628406719e-06	1,71692966e-06	7,078843262e-13	5,015308915e-12	3,012280638e-13	5,03671486e-13	3,280274923e-12	1,28346795e-11	1,259489068e-13	2,131848978e-13	2,023980462e-11	6,08447754e-13	4,999999912e-15	4,999999912e-15	3,045499169e-14	6,317625053e-14	7,169075229e-12	1,474629744e-13	2,365617332e-14	4,999999912e-15	4,999999912e-15	1,931751981e-10	6,754709986e-11	1	1	1	1	1	1	1	0	0	0	0	0	0	0	0	0	0	2,772367391e-08	69,10019915	1,334051492	0	30,12088249	0,05069843394	0,09564868893	0
182,301	1785233806,557	28/07/2026_12:16:46,557	1	2	2,627694812e-06	1,643523092e-06	5,275914796e-13	4,922236663e-12	3,152758274e-13	5,810817322e-13	3,124042041e-12	1,249847968e-11	4,999999912e-15	4,465800288e-14	2,021653678e-11	6,225266613e-13	5,127055193e-14	7,517508209e-14	3,230216049e-14	4,999999912e-15	6,987679966e-12	3,897679705e-14	2,342333413e-14	3,872844021e-14	9,510584865e-14	1,950314354e-10	6,623638443e-11	1	1	1	1	1	1	1	0	0	0	0	0	0	0	0	0	0	2,759320334e-08	69,78004142	1,27440436	0	29,54639043	0,03779845215	0,01442926821	0,04396850953
183,109	1785233807,365	28/07/2026_12:16:47,365	1	2	2,650850547e-06	1,677894488e-06	6,469821423e-13	5,02835577e-12	2,953683305e-13	4,376157639e-13	2,778489461e-12	1,223231065e-11	8,674704293e-14	2,061765201e-13	2,033563075e-11	6,391589189e-13	4,999999912e-15	4,999999912e-15	4,999999912e-15	4,250814517e-14	7,120451798e-12	1,7677705e-13	4,291172588e-14	4,999999912e-15	4,999999912e-15	1,954521545e-10	6,723645252e-11	1	1	1	1	1	1	1	0	0	0	0	0	0	0	0	0	0	2,550646229e-08	69,59158531	1,123825109	0	29,84849549	0,04612565233	0,08902951679	0
183,917	1785233808,173	28/07/2026_12:16:48,173	1	2	2,615002359e-06	1,649200726e-06	4,608179073e-13	4,901687996e-12	2,553942301e-13	4,935391288e-13	2,740284995e-12	1,210607656e-11	4,795263917e-14	5,773175991e-14	2,018206435e-11	5,928516684e-13	2,081944982e-14	8,719330054e-14	8,619987319e-14	1,287197345e-14	7,004402267e-12	3,094006713e-14	4,999999912e-15	2,501050108e-14	1,070930589e-13	1,94342098e-10	6,731884494e-11	1	1	1	1	1	1	1	0	0	0	0	0	0	0	0	0	0	3,128592885e-08	69,52928036	1,092446914	0	30,02246598	0,03301202055	0,02483573156	0,04854425436
184,725	1785233808,981	28/07/2026_12:16:48,981	1	2	2,643124162e-06	1,675966814e-06	5,77433934e-13	5,044847786e-12	3,312794375e-13	4,278288878e-13	2,475266736e-12	1,176360225e-11	4,464248185e-14	1,658415159e-13	2,03806555e-11	7,067666764e-13	1,294570344e-14	4,999999912e-15	4,999999912e-15	4,999999912e-15	7,075164673e-12	1,430546084e-13	1,036897551e-13	3,079648488e-14	4,999999912e-15	1,938206956e-10	6,728421986e-11	1	1	1	1	1	1	1	0	0	0	0	0	0	0	0	0	0	2,545730001e-08	69,5428341	0,9815869731	0	30,0950261	0,04148045598	0,06931246781	0
185,533	1785233809,789	28/07/2026_12:16:49,789	1	2	2,618148983e-06	1,644781264e-06	4,842839454e-13	4,88641072e-12	1,921209773e-13	4,114217105e-13	2,480808527e-12	1,183342226e-11	1,263680051e-13	1,173650071e-13	2,024390378e-11	5,857073724e-13	9,546293403e-15	5,912489872e-14	7,812434239e-14	7,849686748e-14	7,066053038e-12	2,587587906e-14	4,999999912e-15	4,999999912e-15	6,701028079e-14	1,953500695e-10	6,741947278e-11	1	1	1	1	1	1	1	0	0	0	0	0	0	0	0	0	0	3,181354719e-08	69,65849298	0,9826087226	0	29,96879863	0,03457891722	0,05750985705	0,02641517063
186,341	1785233810,597	28/07/2026_12:16:50,597	1	2	2,613669494e-06	1,633475449e-06	4,789403466e-13	4,999441399e-12	3,430570444e-13	4,440769584e-13	2,28599843e-12	1,155465047e-11	1,342301582e-14	1,372919112e-13	2,037492224e-11	7,146326716e-13	3,66445562e-14	4,999999912e-15	4,999999912e-15	4,999999912e-15	7,048881444e-12	1,304930963e-13	1,087306582e-13	7,933120171e-14	2,236393139e-14	1,944524819e-10	6,734734298e-11	1	1	1	1	1	1	1	0	0	0	0	0	0	0	0	0	0	2,707768148e-08	69,66531113	0,9021874034	0	30,07782416	0,03435488983	0,05455263364	0
187,149	1785233811,405	28/07/2026_12:16:51,405	1	2	2,61848345e-06	1,683045866e-06	5,066983617e-13	4,890539362e-12	1,714451064e-13	3,471899417e-13	2,239683048e-12	1,158782705e-11	1,434426715e-13	1,780887043e-13	2,028851392e-11	5,645969803e-13	4,999999912e-15	2,553438079e-14	6,545804209e-14	1,007870545e-13	7,091991057e-12	7,511298441e-14	4,999999912e-15	4,999999912e-15	4,453382108e-14	1,940236166e-10	6,732888552e-11	1	1	1	1	1	1	1	0	0	0	0	0	0	0	0	0	0	3,064982088e-08	69,58331714	0,8960599866	0	30,09994784	0,03638419364	0,08482477056	0,01570906796
187,957	1785233812,213	28/07/2026_12:16:52,213	1	2	2,632522637e-06	1,669555104e-06	4,166178307e-13	4,955496517e-12	2,922211897e-13	4,34561729e-13	2,158621155e-12	1,133972777e-11	4,999999912e-15	9,254078217e-14	2,032951932e-11	6,922339221e-13	9,732167329e-14	4,777412867e-14	4,999999912e-15	4,999999912e-15	6,998868065e-12	9,021242412e-14	7,503148629e-14	8,061956593e-14	6,115445742e-14	1,933071758e-10	6,727118862e-11	1	1	1	1	1	1	1	0	0	0	0	0	0	0	0	0	0	2,867232453e-08	69,62710549	0,8400863441	0	30,20168884	0,03004392017	0,03576338446	0,01893045873
188,765	1785233813,021	28/07/2026_12:16:53,021	1	2	2,622062766e-06	1,672116127e-06	5,32977796e-13	4,969207771e-12	1,632337386e-13	2,925354728e-13	2,0610512e-12	1,132621254e-11	1,162318668e-13	2,145198217e-13	2,030288784e-11	5,771545351e-13	4,999999912e-15	4,999999912e-15	3,697440439e-14	7,950582602e-14	7,074621704e-12	1,166044122e-13	4,999999912e-15	4,999999912e-15	6,177927127e-15	1,979907072e-10	6,46956308e-11	1	1	1	1	1	1	1	0	0	0	0	0	0	0	0	0	0	1,887729225e-08	70,72364628	0,8801394351	0	28,82918477	0,03812622282	0,09662674006	0,004629649197
189,573	1785233813,829	28/07/2026_12:16:53,829	1	2	2,622370175e-06	1,659348527e-06	3,550986274e-13	4,759320976e-12	2,487389906e-13	4,157602268e-13	2,153712321e-12	1,133354608e-11	4,999999912e-15	5,334279432e-14	2,105123194e-11	6,734633467e-13	6,939297769e-14	8,261807579e-14	1,407107734e-14	4,999999912e-15	7,384410791e-12	3,77893314e-14	3,12699187e-14	7,780612228e-14	9,186945096e-14	2,028805457e-10	7,506915228e-11	1	1	1	1	1	1	1	0	0	0	0	0	0	0	0	0	0	6,249312158e-08	68,70597963	0,579668677	0	31,6453021	0,02407955994	0,01916626689	0
190,381	1785233814,637	28/07/2026_12:16:54,637	1	2	2,85077499e-06	1,777868647e-06	1,026194863e-12	6,95566521e-12	5,048813798e-12	1,215247781e-11	8,421896514e-11	1,235763714e-10	1,464113336e-12	1,660045121e-13	8,999098342e-12	7,240664773e-13	4,999999912e-15	4,999999912e-15	4,999999912e-15	3,350514039e-14	7,948432711e-12	1,915543868e-13	2,018690933e-14	4,999999912e-15	4,999999912e-15	5,229574065e-11	7,184385725e-11	1	1	1	1	1	1	1	0	0	0	0	0	0	0	0	0	0	1,076820955e-08	20,97237508	42,97113201	0	36,01915896	0,08188267255	0,0969509771	0,5378835606
191,189	1785233815,445	28/07/2026_12:16:55,445	1	2	3,232231848e-06	2,673076096e-06	3,331118801e-12	8,499804159e-12	1,072124854e-11	2,188793764e-11	1,314119785e-10	1,667680438e-10	1,776470897e-12	4,999999912e-15	4,658239072e-12	6,419838619e-13	2,170811104e-14	7,712312912e-14	5,219413633e-14	4,999999912e-15	7,367893622e-12	4,648188843e-14	4,999999912e-15	2,366393384e-14	8,134522922e-14	4,260515205e-11	7,0780104e-11	1	1	1	1	1	1	1	0	0	0	0	0	0	0	0	0	0	3,960840579e-08	14,89670768	54,85129268	0	30,80583919	0,2330974535	0	0
191,997	1785233816,253	28/07/2026_12:16:56,253	1	2	3,187605671e-06	2,692614544e-06	3,797389053e-12	8,696263328e-12	1,106585396e-11	2,233809492e-11	1,34454059e-10	1,710597636e-10	1,874642368e-12	1,051799164e-13	4,32616009e-12	6,986329917e-13	4,999999912e-15	4,999999912e-15	4,999999912e-15	1,297674804e-14	7,487874903e-12	1,766451162e-13	6,100311635e-14	4,999999912e-15	4,999999912e-15	3,97872256e-11	7,082185532e-11	1	1	1	1	1	1	1	0	0	0	0	0	0	0	0	0	0	3,232572948e-08	13,83350768	55,9408337	0	30,67115417	0,2642514867	0,03833978079	0
192,805	1785233817,061	28/07/2026_12:16:57,061	1	2	3,180522981e-06	2,660812925e-06	3,730820774e-12	8,574576812e-12	1,114338049e-11	2,275064165e-11	1,361009222e-10	1,73180692e-10	1,904577407e-12	4,999999912e-15	3,966063589e-12	6,134382282e-13	4,999999912e-15	4,910517319e-14	7,5338058e-14	1,995407691e-14	7,419987368e-12	3,969859448e-14	4,999999912e-15	4,999999912e-15	4,922935499e-14	3,798842838e-11	7,031990962e-11	1	1	1	1	1	1	1	0	0	0	0	0	0	0	0	0	0	3,666904912e-08	13,22064097	56,7468488	0	30,49454911	0,2599710598	0	0,001271826281
193,613	1785233817,869	28/07/2026_12:16:57,869	1	2	3,184843763e-06	2,748929091e-06	3,896080073e-12	8,729373127e-12	1,136421166e-11	2,293746096e-11	1,372110897e-10	1,741609218e-10	1,854479027e-12	7,123237411e-14	3,967887217e-12	7,280790554e-13	1,134689402e-14	4,999999912e-15	4,999999912e-15	4,999999912e-15	7,447936365e-12	1,718176653e-13	8,24395619e-14	1,637615723e-14	4,999999912e-15	3,70366203e-11	7,001401542e-11	1	1	1	1	1	1	1	0	0	0	0	0	0	0	0	0	0	3,216761279e-08	12,89717201	57,17062853	0	30,36980213	0,2715811087	0,01897873512	0
194,421	1785233818,677	28/07/2026_12:16:58,677	1	2	3,191880296e-06	2,731071163e-06	3,936667398e-12	8,632726478e-12	1,128471795e-11	2,298705323e-11	1,373446357e-10	1,750659617e-10	1,990591069e-12	8,198553869e-14	3,781784781e-12	5,846014319e-13	4,999999912e-15	3,3058876e-14	7,161656115e-14	8,744942975e-14	7,497447975e-12	7,20511907e-14	4,999999912e-15	4,999999912e-15	3,014066454e-14	3,621521139e-11	7,064681479e-11	1	1	1	1	1	1	1	0	0	0	0	0	0	0	0	0	0	3,516236951e-08	12,57982368	57,22816953	0	30,58624837	0,2737982927	0,03622017666	0,002497393238
195,229	1785233819,485	28/07/2026_12:16:59,485	1	2	3,18810271e-06	2,74786953e-06	3,93929854e-12	8,756990792e-12	1,146799843e-11	2,323085474e-11	1,382532006e-10	1,751802592e-10	1,849592961e-12	3,685410538e-14	3,780504122e-12	7,292781288e-13	6,463923228e-14	4,999999912e-15	4,999999912e-15	4,999999912e-15	7,469623878e-12	1,36601166e-13	7,957179972e-14	7,292820183e-14	2,601946301e-14	3,573895693e-11	7,054024725e-11	1	1	1	1	1	1	1	0	0	0	0	0	0	0	0	0	0	3,539473974e-08	12,43001689	57,48433472	0	30,55551422	0,2742914028	0,003504820458	0
196,037	1785233820,293	28/07/2026_12:17:00,293	1	2	3,200806532e-06	2,793537078e-06	4,089567227e-12	8,683427241e-12	1,136197646e-11	2,324178003e-11	1,385625781e-10	1,759141582e-10	1,992783542e-12	1,325148894e-13	3,69340409e-12	5,919784519e-13	4,999999912e-15	4,999999912e-15	5,865922711e-14	1,007870613e-13	7,522427126e-12	1,324838541e-13	4,999999912e-15	4,999999912e-15	1,736959304e-14	3,563267736e-11	7,02557526e-11	1	1	1	1	1	1	1	0	0	0	0	0	0	0	0	0	0	3,571352952e-08	12,37104867	57,59903654	0	30,39130628	0,2843055114	0,05513194339	0
196,845	1785233821,101	28/07/2026_12:17:01,101	1	2	3,197180376e-06	2,730024562e-06	3,976595529e-12	8,707238923e-12	1,149830838e-11	2,332744761e-11	1,394376142e-10	1,765682461e-10	1,853252361e-12	1,777317375e-14	3,643562015e-12	7,037399092e-13	6,241564204e-14	4,118098346e-14	4,999999912e-15	4,999999912e-15	7,400173356e-12	1,145399286e-13	4,093262323e-14	1,055990148e-13	7,253626275e-14	3,485917111e-11	7,033062327e-11	1	1	1	1	1	1	1	0	0	0	0	0	0	0	0	0	0	3,758611172e-08	12,11180964	57,91960093	0	30,43554611	0,2766418909	0	0
197,653	1785233821,909	28/07/2026_12:17:01,909	1	2	3,222476153e-06	2,77326626e-06	4,169685864e-12	8,779333163e-12	1,14750336e-11	2,331126438e-11	1,395776827e-10	1,766394669e-10	2,01654058e-12	1,55744192e-13	3,68009399e-12	6,350764641e-13	4,999999912e-15	4,999999912e-15	2,411408272e-14	7,645567393e-14	7,564299014e-12	1,695280743e-13	4,999999912e-15	4,999999912e-15	4,999999912e-15	3,481493913e-11	7,05505307e-11	1	1	1	1	1	1	1	0	0	0	0	0	0	0	0	0	0	3,629352241e-08	12,07235786	57,83118222	0	30,46530113	0,2894652012	0,06556884637	0
198,461	1785233822,717	28/07/2026_12:17:02,717	1	2	3,201991149e-06	2,732117764e-06	4,025257992e-12	8,701634899e-12	1,156164053e-11	2,34294615e-11	1,39434117e-10	1,775460057e-10	1,87583781e-12	4,999999912e-15	3,563435137e-12	6,620932643e-13	6,482162219e-14	7,702223055e-14	3,318693383e-14	4,999999912e-15	7,381686408e-12	9,515242869e-14	2,471169835e-14	5,665683106e-14	8,959539789e-14	3,442384225e-11	7,031642629e-11	1	1	1	1	1	1	1	0	0	0	0	0	0	0	0	0	0	3,356644939e-08	11,94761095	58,05954162	0	30,4212215	0,2797504703	0	0,03534330028
199,269	1785233823,525	28/07/2026_12:17:03,525	1	2	3,196063744e-06	2,77326626e-06	4,192504417e-12	8,840568902e-12	1,157833465e-11	2,342717166e-11	1,399366456e-10	1,772269276e-10	1,968902255e-12	1,360617755e-13	3,665037024e-12	6,865177372e-13	4,999999912e-15	4,999999912e-15	4,999999912e-15	4,578337763e-14	7,557779923e-12	1,927185896e-13	4,025739906e-14	4,999999912e-15	4,999999912e-15	3,447761174e-11	7,01421074e-11	1	1	1	1	1	1	1	0	0	0	0	0	0	0	0	0	0	3,238300012e-08	11,96518114	58,06912515	0	30,31900844	0,2912714686	0,05237414438	0
200,077	1785233824,333	28/07/2026_12:17:04,333	1	2	3,198930699e-06	2,731071163e-06	4,054591298e-12	8,72185657e-12	1,155812859e-11	2,347726874e-11	1,39663725e-10	1,774230346e-10	1,942129834e-12	4,999999912e-15	3,499354452e-12	6,371603006e-13	2,445945532e-14	6,640102015e-14	7,388282152e-14	1,505286984e-14	7,395248476e-12	5,087860268e-14	4,999999912e-15	2,104452002e-14	8,077478302e-14	3,424487083e-11	7,084614839e-11	1	1	1	1	1	1	1	0	0	0	0	0	0	0	0	0	0	3,692834248e-08	11,86981456	57,99264057	0	30,60219016	0,2814523413	0	0,01299606998
200,885	1785233825,141	28/07/2026_12:17:05,141	1	2	3,2080236e-06	2,769021876e-06	4,185592845e-12	8,857717511e-12	1,163961375e-11	2,352908667e-11	1,406250671e-10	1,770533997e-10	1,930402886e-12	1,1069425e-13	3,626987599e-12	7,28362249e-13	8,805096375e-15	4,999999912e-15	4,999999912e-15	7,221809685e-15	7,474964224e-12	1,976197933e-13	9,681721435e-14	4,999999912e-15	4,999999912e-15	3,383528527e-11	7,08150899e-11	1	1	1	1	1	1	1	0	0	0	0	0	0	0	0	0	0	3,892243575e-08	11,74468037	58,14579391	0	30,58741381	0,290826779	0,0382183761	0
201,693	1785233825,949	28/07/2026_12:17:05,949	1	2	3,203371534e-06	2,775389248e-06	4,133798338e-12	8,682752434e-12	1,155821706e-11	2,345585531e-11	1,401661981e-10	1,78297932e-10	2,00145304e-12	3,109917041e-14	3,46832155e-12	6,159838264e-13	4,999999912e-15	5,000547434e-14	7,897031146e-14	7,499656142e-14	7,446344756e-12	5,301682555e-14	4,999999912e-15	4,999999912e-15	6,891177489e-14	3,393363368e-11	7,082078674e-11	1	1	1	1	1	1	1	0	0	0	0	0	0	0	0	0	0	3,742864439e-08	11,7394306	58,1407008	0	30,53768671	0,2864009203	0,01314823155	0,01713020175
202,501	1785233826,757	28/07/2026_12:17:06,757	1	2	3,204818313e-06	2,789258588e-06	4,189636485e-12	8,885804419e-12	1,16655444e-11	2,363416407e-11	1,405015132e-10	1,78112386e-10	1,921640581e-12	7,08404418e-14	3,572573661e-12	7,635438505e-13	4,858129009e-14	4,999999912e-15	4,999999912e-15	4,999999912e-15	7,496595358e-12	1,652167308e-13	1,111366384e-13	4,470068318e-14	4,999999912e-15	3,389853676e-11	7,094010102e-11	1	1	1	1	1	1	1	0	0	0	0	0	0	0	0	0	0	3,323883835e-08	11,72724737	58,14920197	0	30,57176695	0,2901822172	0,02081020603	0
203,309	1785233827,565	28/07/2026_12:17:07,565	1	2	3,211707735e-06	2,759479457e-06	4,224538254e-12	8,748330185e-12	1,155900636e-11	2,357877435e-11	1,41147094e-10	1,791351234e-10	2,044539234e-12	1,032124418e-13	3,493479377e-12	6,153591092e-13	4,999999912e-15	4,354426975e-14	8,467866978e-14	1,022190077e-13	7,477897641e-12	6,704520565e-14	4,999999912e-15	4,999999912e-15	2,159556916e-14	3,190217188e-11	6,471936875e-11	1	1	1	1	1	1	1	0	0	0	0	0	0	0	0	0	0	1,724606846e-08	11,31927298	60,10296706	0	28,62678352	0,2999782919	0,04537571735	0,007623081993
204,117	1785233828,373	28/07/2026_12:17:08,373	1	2	3,241310424e-06	2,806415068e-06	4,414645732e-12	8,528815675e-12	1,246699358e-11	2,50482534e-11	1,467785476e-10	1,83117993e-10	1,923576749e-12	4,778576691e-14	3,371321885e-12	6,913452558e-13	8,084852232e-14	2,915886865e-14	4,999999912e-15	4,999999912e-15	7,177480832e-12	1,325071102e-13	8,078643142e-14	8,954107258e-14	3,99314269e-14	3,415603911e-11	6,661876606e-11	1	1	1	1	1	1	1	0	0	0	0	0	0	0	0	0	0	4,864502705e-08	11,75863528	60,12068929	0	28,53018474	0,3044640899	0,004234726201	0
204,925	1785233829,181	28/07/2026_12:17:09,181	1	2	3,053586624e-06	2,665915645e-06	3,863642045e-12	7,744743215e-12	9,433117482e-12	1,840555486e-11	1,05644965e-10	1,304341218e-10	1,397083621e-12	1,620734525e-13	7,694156076e-12	5,355428015e-13	4,999999912e-15	4,999999912e-15	6,980820002e-14	9,762436898e-14	6,546675962e-12	1,164996241e-13	4,999999912e-15	4,999999912e-15	2,153347826e-14	1,333313598e-10	6,248020157e-11	1	1	1	1	1	1	1	0	0	0	0	0	0	0	0	0	0	3,699932628e-08	39,91795779	37,21710855	0	23,32144032	0,2326225963	0,04957882881	0
205,733	1785233829,989	28/07/2026_12:17:09,989	1	2	2,629097253e-06	1,997577101e-06	1,841668961e-12	5,373205353e-12	2,388337358e-12	4,544013169e-12	2,494124525e-11	3,675942536e-11	2,152610094e-13	7,04368611e-14	1,735470968e-11	6,428725282e-13	8,009180342e-14	7,037477019e-14	8,71972223e-15	4,999999912e-15	6,920246928e-12	7,627328402e-14	5,72738539e-14	9,505541292e-14	9,365839809e-14	1,779522779e-10	6,70754563e-11	1	1	1	1	1	1	1	0	0	0	0	0	0	0	0	0	0	4,414307041e-08	61,75521757	9,915456093	0	28,97914427	0,1280502295	0,01560458929	0
206,541	1785233830,797	28/07/2026_12:17:10,797	1	2	2,624229182e-06	1,777868647e-06	1,239911277e-12	5,270229999e-12	1,063281841e-12	1,991600244e-12	1,187559339e-11	2,269673685e-11	2,236431391e-13	2,25847295e-13	1,922221236e-11	6,143113362e-13	4,999999912e-15	4,999999912e-15	1,921287904e-14	7,574552151e-14	7,130141529e-12	1,600943499e-13	3,402126467e-14	4,999999912e-15	4,999999912e-15	1,85566576e-10	6,701330463e-11	1	1	1	1	1	1	1	0	0	0	0	0	0	0	0	0	0	2,721839984e-08	65,93141456	4,906576248	0	29,6760945	0,08821364703	0,09791915352	0
207,349	1785233831,605	28/07/2026_12:17:11,605	1	2	2,64426717e-06	1,74211857e-06	8,576640374e-13	5,041840643e-12	7,451575706e-13	1,43491176e-12	8,051637482e-12	1,822563454e-11	9,796587234e-14	5,720400417e-14	1,953055773e-11	6,404743814e-13	5,751444514e-14	8,399569695e-14	7,403030012e-14	4,999999912e-15	6,956794515e-12	2,758721935e-14	2,122303391e-14	5,766966901e-14	1,003252657e-13	1,88334015e-10	6,662034119e-11	1	1	1	1	1	1	1	0	0	0	0	0	0	0	0	0	0	3,028753316e-08	67,50562469	3,343683953	0	29,76342353	0,0615568307	0,02214052391	0,03644213397
208,157	1785233832,413	28/07/2026_12:17:12,413	1	2	2,632810038e-06	1,71561237e-06	8,837766131e-13	5,126255757e-12	6,058011623e-13	1,020265252e-12	6,05937002e-12	1,598235433e-11	1,227435173e-13	1,975305499e-13	1,990696497e-11	6,766454801e-13	4,999999912e-15	4,999999912e-15	4,999999912e-15	3,712186943e-14	7,175198803e-12	1,7083199e-13	6,490698956e-14	4,999999912e-15	4,999999912e-15	1,90673255e-10	6,736777802e-11	1	1	1	1	1	1	1	0	0	0	0	0	0	0	0	0	0	2,671424552e-08	68,07591968	2,488677922	0	29,98201826	0,06317796132	0,08478702229	0
208,965	1785233833,221	28/07/2026_12:17:13,221	1	2	2,635467354e-06	1,692102728e-06	6,715308648e-13	4,950533906e-12	4,300020355e-13	8,662130258e-13	5,053416453e-12	1,477116519e-11	9,384854683e-14	6,864013481e-14	1,996308674e-11	6,127940494e-13	2,35319949e-14	7,314164736e-14	7,40729838e-14	4,153799429e-14	7,001868269e-12	1,21695807e-14	4,999999912e-15	3,107588717e-14	8,44109125e-14	1,908896929e-10	6,702136762e-11	1	1	1	1	1	1	1	0	0	0	0	0	0	0	0	0	0	3,137649372e-08	68,55155074	2,076522806	0	29,99877533	0,04828508718	0,03080964431	0,03219163952
209,773	1785233834,029	28/07/2026_12:17:14,029	1	2	2,626447667e-06	1,683692858e-06	7,06902527e-13	5,061825958e-12	4,713964679e-13	7,268022989e-13	4,210561153e-12	1,375695564e-11	3,183260608e-14	1,549874731e-13	2,016627143e-11	7,033013495e-13	4,999999912e-15	4,999999912e-15	4,999999912e-15	4,999999912e-15	7,064248058e-12	1,55422089e-13	1,017145352e-13	3,819679829e-14	4,999999912e-15	1,924789911e-10	6,74165862e-11	1	1	1	1	1	1	1	0	0	0	0	0	0	0	0	0	0	2,725984491e-08	68,86701216	1,70034299	0	30,06627639	0,05063978826	0,0608858803	0
210,581	1785233834,837	28/07/2026_12:17:14,837	1	2	2,626434707e-06	1,70381611e-06	6,335901855e-13	4,891358152e-12	3,164671758e-13	6,320379333e-13	3,774194932e-12	1,3320311e-11	1,082184201e-13	1,16103809e-13	2,007549856e-11	5,737667828e-13	4,999999912e-15	4,647024681e-14	8,567987628e-14	8,608345021e-14	7,070146985e-12	2,948872022e-14	4,999999912e-15	4,999999912e-15	6,019206536e-14	1,935580307e-10	6,657189383e-11	1	1	1	1	1	1	1	0	0	0	0	0	0	0	0	0	0	3,034677795e-08	69,29652976	1,5514702	0	29,71222442	0,04542091907	0,05341447326	0,0238722913
211,389	1785233835,645	28/07/2026_12:17:15,645	1	2	2,627474487e-06	1,674039368e-06	5,922966111e-13	4,996658469e-12	4,109948059e-13	6,147420897e-13	3,330917139e-12	1,275928061e-11	4,999999912e-15	1,290766674e-13	2,021722546e-11	7,105154139e-13	4,090933999e-14	4,999999912e-15	4,999999912e-15	4,999999912e-15	7,02064188e-12	1,054205009e-13	7,816315005e-14	6,071595185e-14	8,777932875e-15	1,921776904e-10	6,71146333e-11	1	1	1	1	1	1	1	0	0	0	0	0	0	0	0	0	0	2,769019991e-08	69,18407253	1,353212051	0	30,11704949	0,04269032009	0,0490284697	0
212,197	1785233836,453	28/07/2026_12:17:16,453	1	2	2,623970431e-06	1,670195047e-06	6,186110109e-13	4,931809301e-12	2,519094417e-13	5,063218724e-13	3,117409976e-12	1,254265355e-11	1,502997081e-13	1,675916892e-13	2,015824487e-11	5,680700593e-13	4,999999912e-15	1,267794192e-14	5,617175561e-14	1,100345468e-13	7,096565956e-12	6,082848526e-14	4,999999912e-15	4,999999912e-15	3,748276646e-14	1,920719001e-10	6,713132827e-11	1	1	1	1	1	1	1	0	0	0	0	0	0	0	0	0	0	2,994926046e-08	69,17271971	1,264151426	0	30,13571417	0,04460523038	0,08031995336	0,008450152555
213,005	1785233837,261	28/07/2026_12:17:17,261	1	2	2,62420599e-06	1,655536039e-06	5,068884223e-13	4,963545634e-12	3,555138226e-13	5,694437977e-13	2,870083077e-12	1,222237155e-11	4,999999912e-15	8,89939164e-14	2,019038409e-11	6,764863734e-13	7,707268661e-14	2,634543347e-14	4,999999912e-15	4,999999912e-15	6,991596538e-12	1,019085532e-13	6,375446232e-14	8,241240264e-14	7,042910227e-14	1,932399102e-10	6,746908587e-11	1	1	1	1	1	1	1	0	0	0	0	0	0	0	0	0	0	2,953123717e-08	69,34770927	1,143370053	0	30,18040599	0,03642199957	0,03313020202	0,02410577559
213,813	1785233838,069	28/07/2026_12:17:18,069	1	2	2,618631015e-06	1,658710971e-06	5,966429607e-13	4,966995131e-12	2,326112122e-13	4,082628604e-13	2,665812232e-12	1,207382631e-11	1,188629273e-13	1,938982964e-13	2,02494202e-11	5,8450445e-13	4,999999912e-15	4,999999912e-15	2,979529194e-14	7,698343644e-14	7,154755954e-12	1,291387651e-13	4,999999912e-15	4,999999912e-15	4,999999912e-15	1,922414034e-10	6,71398423e-11	1	1	1	1	1	1	1	0	0	0	0	0	0	0	0	0	0	2,765513684e-08	69,30087266	1,085691547	0	30,17113263	0,04306137806	0,08858465493	0
214,621	1785233838,877	28/07/2026_12:17:18,877	1	2	2,620590521e-06	1,672116127e-06	4,387877323e-13	4,926070402e-12	2,655885765e-13	4,992941282e-13	2,610218682e-12	1,181759031e-11	4,999999912e-15	6,258639033e-14	2,022238973e-11	6,464776089e-13	6,631177676e-14	6,317625053e-14	8,195845058e-15	4,999999912e-15	6,996946859e-12	3,284544403e-14	3,548425659e-14	7,863657371e-14	1,055213927e-13	1,921783427e-10	6,689401116e-11	1	1	1	1	1	1	1	0	0	0	0	0	0	0	0	0	0	2,950627017e-08	69,46654445	1,03301607	0	30,13785382	0,03175496678	0,02285741745	0,04491423541
215,429	1785233839,685	28/07/2026_12:17:19,685	1	2	2,615975745e-06	1,665081072e-06	5,618494493e-13	5,017388414e-12	2,459061329e-13	3,439457649e-13	2,373734672e-12	1,174433901e-11	1,039070766e-13	2,226225389e-13	2,034913037e-11	6,339976287e-13	4,999999912e-15	4,999999912e-15	8,661518361e-15	4,759175232e-14	7,117137175e-12	1,662761454e-13	3,613619413e-14	4,999999912e-15	4,999999912e-15	1,93620342e-10	6,620808762e-11	1	1	1	1	1	1	1	0	0	0	0	0	0	0	0	0	0	2,212889344e-08	69,76802643	0,989875794	0	29,74809559	0,04053373171	0,09915685509	0
216,237	1785233840,493	28/07/2026_12:17:20,493	1	2	2,628101129e-06	1,670835104e-06	3,946536023e-13	4,882231338e-12	2,408264289e-13	4,287718455e-13	2,394530754e-12	1,16096785e-11	2,813826849e-14	5,409175102e-14	2,015846517e-11	6,090492151e-13	3,617888121e-14	1,005658772e-13	6,706850244e-14	9,883908877e-15	6,95601042e-12	9,666594104e-15	6,065392871e-15	3,211201175e-14	9,398436348e-14	1,9344569e-10	6,635856448e-11	1	1	1	1	1	1	1	0	0	0	0	0	0	0	0	0	0	2,883203663e-08	69,81244809	0,9631271535	0	29,85454309	0,02851787824	0,02196056846	0,04308792539
217,045	1785233841,301	28/07/2026_12:17:21,301	1	2	2,611943501e-06	1,657440407e-06	5,094340748e-13	5,023927888e-12	2,763805352e-13	3,579974045e-13	2,177224763e-12	1,141919372e-11	5,108816202e-14	1,738704802e-13	2,039751874e-11	6,95020159e-13	4,999999912e-15	4,999999912e-15	4,999999912e-15	1,898780714e-14	7,089930639e-12	1,588758422e-13	8,390255721e-14	4,999999912e-15	4,999999912e-15	1,950098139e-10	6,679279352e-11	1	1	1	1	1	1	1	0	0	0	0	0	0	0	0	0	0	2,410944875e-08	69,87550605	0,867705318	0	29,83929574	0,03654836778	0,07356530547	0
217,853	1785233842,109	28/07/2026_12:17:22,109	1	2	2,620875421e-06	1,688217026e-06	3,846144865e-13	4,871617432e-12	1,985006804e-13	3,687195135e-13	2,197958829e-12	1,144781405e-11	7,727060094e-14	1,06576938e-13	2,025694196e-11	5,848846798e-13	2,7040053e-14	7,432134064e-14	8,754643874e-14	3,657082029e-14	7,028845821e-12	1,996183573e-14	4,999999912e-15	7,295543903e-15	7,565626456e-14	1,943915445e-10	6,691732585e-11	1	1	1	1	1	1	1	0	0	0	0	0	0	0	0	0	0	3,057811579e-08	69,79079751	0,8725032228	0	29,94877101	0,02764864018	0,04878267453	0,03242138454
218,661	1785233842,917	28/07/2026_12:17:22,917	1	2	2,610682259e-06	1,709051048e-06	4,501966833e-13	4,992863761e-12	3,036960874e-13	3,716222751e-13	2,029897734e-12	1,124063689e-11	7,652558125e-15	1,448396931e-13	2,031265087e-11	7,07278962e-13	2,7397074e-14	4,999999912e-15	4,999999912e-15	4,999999912e-15	7,012143904e-12	1,372337031e-13	1,018425931e-13	3,959769592e-14	4,999999912e-15	1,946908745e-10	6,57834065e-11	1	1	1	1	1	1	1	0	0	0	0	0	0	0	0	0	0	2,173262145e-08	70,17249969	0,83895827	0	29,56689176	0,0324897133	0,05763123019	0
219,469	1785233843,725	28/07/2026_12:17:23,725	1	2	2,612255912e-06	1,665719083e-06	4,308480113e-13	4,702602023e-12	1,678361497e-13	3,492932126e-13	2,127836102e-12	1,121127583e-11	1,295268146e-13	1,469740128e-13	2,081845633e-11	5,688733989e-13	4,999999912e-15	3,564724267e-14	7,799239499e-14	9,317332604e-14	7,368639553e-12	3,406395175e-14	4,999999912e-15	4,999999912e-15	5,04866636e-14	2,067075816e-10	7,28186747e-11	1	1	1	1	1	1	1	0	0	0	0	0	0	0	0	0	0	5,725003573e-08	69,62465977	0,6059858426	0	30,54620141	0,02906697978	0,06715959338	0
220,277	1785233844,533	28/07/2026_12:17:24,533	1	2	2,77087338e-06	1,739448521e-06	5,93519049e-13	6,11265422e-12	2,589966002e-12	6,769687675e-12	5,004998152e-11	8,516687355e-11	9,458469164e-13	8,221061229e-14	1,186776198e-11	7,887289454e-13	6,519803686e-14	1,80409378e-14	4,999999912e-15	4,999999912e-15	7,978061788e-12	1,370668309e-13	8,475627833e-14	6,485654705e-14	1,679914346e-14	5,545159817e-11	7,277582703e-11	1	1	1	1	1	1	1	0	0	0	0	0	0	0	0	0	0	2,160103775e-08	25,91061383	31,62540567	0	42,42357273	0,05496557408	0,06148458236	0,7619183203
221,085	1785233845,341	28/07/2026_12:17:25,341	1	2	3,246741244e-06	2,635433248e-06	3,292076247e-12	8,582953792e-12	1,067148019e-11	2,171259353e-11	1,300884539e-10	1,661695781e-10	1,897448778e-12	1,172912814e-13	4,84723546e-12	5,960337475e-13	4,999999912e-15	4,999999912e-15	6,141057308e-14	9,872646727e-14	7,520583982e-12	1,227241372e-13	4,999999912e-15	4,999999912e-15	1,406719623e-14	4,312541296e-11	7,056208395e-11	1	1	1	1	1	1	1	0	0	0	0	0	0	0	0	0	0	3,019678321e-08	15,09747026	54,55786077	0	30,76814551	0,2305874973	0,0517267525	0
221,893	1785233846,149	28/07/2026_12:17:26,149	1	2	3,178013912e-06	2,690548854e-06	3,515978958e-12	8,554260598e-12	1,100889865e-11	2,242893024e-11	1,338414518e-10	1,70268355e-10	1,776692075e-12	4,999999912e-15	4,265479029e-12	7,100225356e-13	7,816703285e-14	5,640459142e-14	4,999999912e-15	4,999999912e-15	7,401426694e-12	1,119127442e-13	4,712218774e-14	7,326193959e-14	6,792223034e-14	3,966538903e-11	7,066176116e-11	1	1	1	1	1	1	1	0	0	0	0	0	0	0	0	0	0	3,685099822e-08	13,85062114	55,92893119	0	30,73187726	0,2457514052	0	0,002904101929
222,701	1785233846,957	28/07/2026_12:17:26,957	1	2	3,186306685e-06	2,697778427e-06	3,753836651e-12	8,651129292e-12	1,113696722e-11	2,258651946e-11	1,359977547e-10	1,720587839e-10	1,935230188e-12	1,596053883e-13	4,10049902e-12	6,240360876e-13	4,999999912e-15	4,999999912e-15	3,884097362e-14	6,575684143e-14	7,521935332e-12	1,829821559e-13	4,999999912e-15	4,999999912e-15	4,999999912e-15	3,813993912e-11	7,020427989e-11	1	1	1	1	1	1	1	0	0	0	0	0	0	0	0	0	0	3,713438655e-08	13,30365466	56,61779897	0	30,48550092	0,2620954892	0,06459556651	0
223,509	1785233847,765	28/07/2026_12:17:27,765	1	2	3,185263949e-06	2,691582949e-06	3,678831979e-12	8,627208323e-12	1,124681771e-11	2,293962242e-11	1,369143271e-10	1,731512711e-10	1,838060086e-12	4,999999912e-15	3,879879057e-12	6,669555858e-13	5,928400538e-14	5,608638147e-14	1,923616058e-14	4,999999912e-15	7,355161619e-12	6,586551237e-14	3,196454332e-14	4,643144593e-14	1,040506657e-13	3,708604257e-11	7,066384283e-11	1	1	1	1	1	1	1	0	0	0	0	0	0	0	0	0	0	4,105516004e-08	12,92265094	56,94654522	0	30,65674079	0,2566620878	0	0
224,317	1785233848,573	28/07/2026_12:17:28,573	1	2	3,192924169e-06	2,726891353e-06	3,90649969e-12	8,762113431e-12	1,132829421e-11	2,292380695e-11	1,370732278e-10	1,740879524e-10	1,929580194e-12	1,428567009e-13	3,883107377e-12	6,747167929e-13	4,999999912e-15	4,999999912e-15	4,999999912e-15	4,56553198e-14	7,536526091e-12	2,035183274e-13	4,844935623e-14	4,999999912e-15	4,999999912e-15	3,653065003e-11	7,051208228e-11	1	1	1	1	1	1	1	0	0	0	0	0	0	0	0	0	0	3,213131473e-08	12,71564334	57,09844829	0	30,57589718	0,2722144883	0,05520451844	0
225,125	1785233849,381	28/07/2026_12:17:29,381	1	2	3,186985168e-06	2,774332188e-06	3,760775111e-12	8,655442682e-12	1,135750782e-11	2,314406826e-11	1,375224379e-10	1,747943873e-10	1,901624474e-12	7,485691788e-15	3,705313834e-12	6,342188059e-13	3,731978377e-14	7,373537002e-14	7,292820183e-14	2,099019472e-14	7,403855307e-12	4,781293634e-14	4,999999912e-15	2,440513002e-14	8,91336023e-14	3,583823863e-11	7,077537167e-11	1	1	1	1	1	1	1	0	0	0	0	0	0	0	0	0	0	3,728350804e-08	12,47167979	57,31560408	0	30,68909692	0,2620693133	0	0,01648301598
225,933	1785233850,189	28/07/2026_12:17:30,189	1	2	3,189682502e-06	2,735260523e-06	3,932581257e-12	8,786626808e-12	1,146870012e-11	2,313831245e-11	1,382287479e-10	1,753283907e-10	1,919929059e-12	1,226348802e-13	3,783054165e-12	7,319208174e-13	4,999999912e-15	4,999999912e-15	4,999999912e-15	1,941078998e-14	7,51529481e-12	2,073872758e-13	9,8916616e-14	6,806587358e-15	4,999999912e-15	3,541004642e-11	7,057315149e-11	1	1	1	1	1	1	1	0	0	0	0	0	0	0	0	0	0	3,320975179e-08	12,31907472	57,51712295	0	30,58060657	0,2738734632	0,04461325054	0
226,741	1785233850,997	28/07/2026_12:17:30,997	1	2	3,197473234e-06	2,776456085e-06	3,869700133e-12	8,690093783e-12	1,13963344e-11	2,326485185e-11	1,383159004e-10	1,758830998e-10	1,983043287e-12	2,65821453e-14	3,610056481e-12	6,226429962e-13	1,397794352e-14	7,100730729e-14	1,018969184e-13	7,001387317e-14	7,416091179e-12	5,871355241e-14	4,999999912e-15	1,431943756e-14	8,994465329e-14	3,51000444e-11	7,039300393e-11	1	1	1	1	1	1	1	0	0	0	0	0	0	0	0	0	0	3,489461792e-08	12,21357837	57,68022595	0	30,52720512	0,269646621	0,01229888141	0,02371718625
227,549	1785233851,805	28/07/2026_12:17:31,805	1	2	3,198026889e-06	2,772203743e-06	3,973703745e-12	8,799282483e-12	1,156058149e-11	2,330365935e-11	1,391608773e-10	1,768418328e-10	1,894662378e-12	8,482614838e-14	3,712524212e-12	7,52290103e-13	4,325710187e-14	4,999999912e-15	4,999999912e-15	4,999999912e-15	7,47456784e-12	1,911236469e-13	1,062781251e-13	5,47747374e-14	4,999999912e-15	3,469683915e-11	7,024861942e-11	1	1	1	1	1	1	1	0	0	0	0	0	0	0	0	0	0	3,084265426e-08	12,0593121	57,93622856	0	30,42046997	0,2764662592	0,02538247739	0
228,357	1785233852,613	28/07/2026_12:17:32,613	1	2	3,191514679e-06	2,77326626e-06	4,005020707e-12	8,70288043e-12	1,142771641e-11	2,33657451e-11	1,391043669e-10	1,768203778e-10	2,018632223e-12	1,085987176e-13	3,566652182e-12	6,013423266e-13	4,999999912e-15	2,754065625e-14	8,671211129e-14	1,063634925e-13	7,515771859e-12	9,171033751e-14	4,999999912e-15	4,999999912e-15	4,641591473e-14	3,44280611e-11	7,033443272e-11	1	1	1	1	1	1	1	0	0	0	0	0	0	0	0	0	0	3,497794175e-08	11,96475194	57,93141386	0	30,46123123	0,278707077	0,04733320351	0
229,165	1785233853,421	28/07/2026_12:17:33,421	1	2	3,195144473e-06	2,781783678e-06	3,953858508e-12	8,777078023e-12	1,162092384e-11	2,354153504e-11	1,394757226e-10	1,772775399e-10	1,878868588e-12	5,638131157e-14	3,582795519e-12	7,306131069e-13	1,002166151e-13	2,962066085e-14	4,999999912e-15	4,999999912e-15	7,406013303e-12	1,392089298e-13	9,015808526e-14	9,605660587e-14	5,697115821e-14	3,405600454e-11	7,054597878e-11	1	1	1	1	1	1	1	0	0	0	0	0	0	0	0	0	0	3,306011844e-08	11,83338379	58,06915647	0	30,543896	0,2750573742	0,01201763864	0,002923676632
229,973	1785233854,229	28/07/2026_12:17:34,229	1	2	3,209167062e-06	2,741562184e-06	4,097852266e-12	8,774710125e-12	1,147323642e-11	2,337587242e-11	1,404161509e-10	1,767979096e-10	2,036971937e-12	1,551426901e-13	3,565557571e-12	6,171519459e-13	4,999999912e-15	4,999999912e-15	5,167025662e-14	1,073336434e-13	7,560484357e-12	1,541492492e-13	4,999999912e-15	4,999999912e-15	2,441289223e-14	3,417234551e-11	7,086838755e-11	1	1	1	1	1	1	1	0	0	0	0	0	0	0	0	0	0	4,209095238e-08	11,84628838	57,99040473	0	30,57631632	0,2844367692	0,06679084636	0
230,781	1785233855,037	28/07/2026_12:17:35,037	1	2	3,199569164e-06	2,761601309e-06	3,975415483e-12	8,750064041e-12	1,158756164e-11	2,351059451e-11	1,397222893e-10	1,777669539e-10	1,875449449e-12	5,168972821e-15	3,530046264e-12	6,961959221e-13	6,235356469e-14	7,573389344e-14	4,999999912e-15	4,999999912e-15	7,377510061e-12	1,078342331e-13	4,149143119e-14	5,856609414e-14	8,35882199e-14	3,385674727e-11	7,057590623e-11	1	1	1	1	1	1	1	0	0	0	0	0	0	0	0	0	0	3,35193217e-08	11,75463379	58,16377452	0	30,53836672	0,2763576046	0	0,02571450601
231,589	1785233855,845	28/07/2026_12:17:35,845	1	2	3,199034836e-06	2,801043138e-06	4,142413409e-12	8,842306227e-12	1,154575307e-11	2,340649549e-11	1,401695288e-10	1,774755481e-10	1,990245425e-12	1,569238852e-13	3,589629245e-12	6,657488146e-13	4,999999912e-15	4,999999912e-15	3,044722948e-14	7,055715333e-14	7,572868548e-12	1,958851511e-13	2,619408732e-14	4,999999912e-15	4,999999912e-15	3,383228073e-11	7,036890515e-11	1	1	1	1	1	1	1	0	0	0	0	0	0	0	0	0	0	3,33610131e-08	11,74653512	58,17857634	0	30,42965796	0,2879270218	0,06253900477	0
232,397	1785233856,653	28/07/2026_12:17:36,653	1	2	3,199724915e-06	2,774332188e-06	3,986145181e-12	8,746296222e-12	1,160138218e-11	2,355612753e-11	1,401099792e-10	1,774704411e-10	1,9225795e-12	1,023316004e-14	3,456644476e-12	6,472420798e-13	5,059144496e-14	8,564107539e-14	5,273353707e-14	4,999999912e-15	7,375635692e-12	6,741775107e-14	1,464152862e-14	3,410663882e-14	1,020948327e-13	3,359481443e-11	7,02227998e-11	1	1	1	1	1	1	1	0	0	0	0	0	0	0	0	0	0	3,64960763e-08	11,68955796	58,31841947	0	30,44035647	0,277753585	0	0,01003220339
233,205	1785233857,461	28/07/2026_12:17:37,461	1	2	3,196900479e-06	2,755253263e-06	4,124815073e-12	8,885944931e-12	1,161262753e-11	2,35238929e-11	1,405880828e-10	1,783893588e-10	1,99172406e-12	1,384716181e-13	3,589276012e-12	7,163092276e-13	4,999999912e-15	4,999999912e-15	4,999999912e-15	3,009409806e-14	7,511371733e-12	2,105887621e-13	6,560938994e-14	4,999999912e-15	4,999999912e-15	3,332310816e-11	6,760748905e-11	1	1	1	1	1	1	1	0	0	0	0	0	0	0	0	0	0	2,108539307e-08	11,67301269	59,02377508	0	29,51618552	0,2892191571	0,05470068285	0
234,013	1785233858,269	28/07/2026_12:17:38,269	1	2	3,219341352e-06	2,816110054e-06	4,198278444e-12	8,502318641e-12	1,24396422e-11	2,543176607e-11	1,50503221e-10	1,879633116e-10	2,088999113e-12	2,020243544e-14	3,162654166e-12	5,984435495e-13	1,508003757e-14	5,407235396e-14	7,589686936e-14	5,068846411e-14	7,146110526e-12	5,186816417e-14	4,999999912e-15	3,615947738e-14	8,207478886e-14	3,281865404e-11	6,66248029e-11	1	1	1	1	1	1	1	0	0	0	0	0	0	0	0	0	0	5,151594931e-08	11,16718417	61,01522228	0	28,21338675	0,2862462691	0,004296230381	0
234,821	1785233859,077	28/07/2026_12:17:39,077	1	2	3,106074246e-06	2,698815251e-06	3,85575686e-12	8,141946319e-12	1,027267854e-11	2,026897747e-11	1,163445243e-10	1,451156972e-10	1,492655175e-12	1,064566322e-13	6,139771851e-12	6,473197087e-13	2,732334487e-14	4,999999912e-15	4,999999912e-15	4,999999912e-15	6,529369059e-12	1,582083667e-13	1,214512974e-13	5,41460831e-14	4,999999912e-15	1,181447024e-10	6,146867737e-11	1	1	1	1	1	1	1	0	0	0	0	0	0	0	0	0	0	2,152959405e-08	35,57928134	41,67677235	0	23,13321898	0,2336391404	0,02454612184	0
235,629	1785233859,885	28/07/2026_12:17:39,885	1	2	2,647957672e-06	2,078012812e-06	1,997122086e-12	5,435818896e-12	2,763494945e-12	5,2976846e-12	2,911971358e-11	4,163043174e-11	4,463238589e-13	1,369931051e-13	1,668448019e-11	5,551980859e-13	9,398831743e-15	6,847715212e-14	9,852855294e-14	1,023781076e-13	6,936107504e-12	4,612487421e-14	4,999999912e-15	4,999999912e-15	7,21093988e-14	1,748145378e-10	6,608008585e-11	1	1	1	1	1	1	1	0	0	0	0	0	0	0	0	0	0	4,357998689e-08	60,47019515	11,61825457	0	28,46047484	0,1384368667	0,05906451256	0
236,437	1785233860,693	28/07/2026_12:17:40,693	1	2	2,622513875e-06	1,755523044e-06	1,178815075e-12	5,191437991e-12	1,237505432e-12	2,279245803e-12	1,267822566e-11	2,343895564e-11	1,194721812e-13	1,126423038e-13	1,898147611e-11	7,214314866e-13	8,212524492e-14	7,462409393e-15	4,999999912e-15	4,999999912e-15	7,027461078e-12	1,095999241e-13	1,122387299e-13	8,280822452e-14	4,186009043e-14	1,852600295e-10	6,721369294e-11	1	1	1	1	1	1	1	0	0	0	0	0	0	0	0	0	0	3,269961449e-08	65,71600836	5,194628887	0	29,70957596	0,08374009554	0,04015767423	0
237,245	1785233861,501	28/07/2026_12:17:41,501	1	2	2,639777449e-06	1,71561237e-06	9,857200776e-13	5,104733476e-12	7,101350757e-13	1,408597306e-12	8,332511764e-12	1,86152916e-11	2,339694194e-13	2,024588993e-13	1,951172557e-11	5,882841415e-13	4,999999912e-15	4,652069271e-14	7,942821748e-14	1,089829046e-13	7,161577754e-12	7,983181173e-14	4,999999912e-15	4,999999912e-15	4,903532685e-14	1,88404764e-10	6,722377516e-11	1	1	1	1	1	1	1	0	0	0	0	0	0	0	0	0	0	3,012048028e-08	67,18672669	3,438786716	0	29,88015957	0,0703880121	0,09489019441	0,005728235716
238,053	1785233862,309	28/07/2026_12:17:42,309	1	2	2,643310836e-06	1,672116127e-06	7,582430235e-13	5,054599968e-12	6,428803345e-13	1,145434116e-12	6,308671901e-12	1,619156371e-11	1,583675309e-14	9,652229103e-14	1,979652033e-11	6,906893677e-13	7,749180529e-14	5,861653665e-14	4,999999912e-15	4,999999912e-15	7,020482719e-12	1,04469764e-13	7,218313133e-14	9,155511364e-14	9,081003636e-14	1,904235519e-10	6,728036878e-11	1	1	1	1	1	1	1	0	0	0	0	0	0	0	0	0	0	2,97813283e-08	68,06598523	2,582656567	0	29,97462353	0,05426942857	0,03225380764	0,0299129656
238,861	1785233863,117	28/07/2026_12:17:43,117	1	2	2,629703886e-06	1,699905283e-06	8,152141072e-13	5,04335072e-12	4,298856464e-13	8,11830258e-13	5,088877236e-12	1,483447219e-11	1,497059584e-13	2,45044653e-13	1,999730416e-11	6,081450989e-13	4,999999912e-15	4,999999912e-15	3,918634961e-14	8,640555312e-14	7,128771531e-12	1,300856124e-13	1,34501844e-14	4,999999912e-15	7,085992187e-15	1,913337266e-10	6,679261311e-11	1	1	1	1	1	1	1	0	0	0	0	0	0	0	0	0	0	2,675159025e-08	68,57276145	2,098490008	0	29,84138837	0,05849875516	0,1087427856	0
239,669	1785233863,925	28/07/2026_12:17:43,925	1	2	2,625032721e-06	1,712328526e-06	5,890253563e-13	4,974185994e-12	4,383337226e-13	8,014341144e-13	4,410085578e-12	1,393810241e-11	1,5844517e-14	7,333956169e-14	1,993008189e-11	6,481657116e-13	8,131806995e-14	8,383270749e-14	1,640332157e-14	4,999999912e-15	6,942428403e-12	5,139085772e-14	2,419557407e-14	6,560938994e-14	9,218377472e-14	1,926385301e-10	6,673074593e-11	1	1	1	1	1	1	1	0	0	0	0	0	0	0	0	0	0	2,894934906e-08	69,03571583	1,794031845	0	29,81113363	0,04226904138	0,02555972168	0,035474203
240,477	1785233864,733	28/07/2026_12:17:44,733	1	2	2,619128054e-06	1,684338145e-06	7,030413578e-13	5,018940558e-12	3,878431322e-13	5,938567238e-13	3,725737167e-12	1,330626755e-11	8,66151023e-14	2,107634136e-13	2,016364853e-11	6,569398346e-13	4,999999912e-15	4,999999912e-15	4,999999912e-15	5,746400263e-14	7,097672276e-12	1,674869146e-13	3,952008398e-14	4,999999912e-15	4,999999912e-15	1,914412517e-10	6,724781149e-11	1	1	1	1	1	1	1	0	0	0	0	0	0	0	0	0	0	2,706692315e-08	68,88513989	1,530486566	0	30,16318022	0,05064689635	0,0904832538	0
241,285	1785233865,541	28/07/2026_12:17:45,541	1	2	2,621704198e-06	1,684985477e-06	5,176998153e-13	4,901665445e-12	3,234833191e-13	6,056498619e-13	3,456062476e-12	1,289487354e-11	4,311739903e-14	5,264816632e-14	2,005336348e-11	5,909345821e-13	3,315201575e-14	8,84428571e-14	6,764281789e-14	4,999999912e-15	6,935645201e-12	1,551854653e-14	1,620152952e-14	1,998900008e-14	9,486914699e-14	1,932795451e-10	6,716752154e-11	1	1	1	1	1	1	1	0	0	0	0	0	0	0	0	0	0	3,171413652e-08	69,27453473	1,391920491	0	30,00816512	0,03715450674	0,02127843072	0,03946287037
242,093	1785233866,349	28/07/2026_12:17:46,349	1	2	2,622289003e-06	1,668277946e-06	6,078540449e-13	5,044456606e-12	3,594953382e-13	5,084174184e-13	3,027162722e-12	1,249687766e-11	4,448337857e-14	1,735678116e-13	2,018000871e-11	6,831067287e-13	4,999999912e-15	4,999999912e-15	4,999999912e-15	4,999999912e-15	7,102620575e-12	1,605289659e-13	8,198553869e-14	1,225883849e-14	4,999999912e-15	1,922244031e-10	6,728786278e-11	1	1	1	1	1	1	1	0	0	0	0	0	0	0	0	0	0	2,561872887e-08	69,17810541	1,236047481	0	30,18894169	0,04379810899	0,07182517497	0
242,901	1785233867,157	28/07/2026_12:17:47,157	1	2	2,643132348e-06	1,680470064e-06	4,774269088e-13	4,86958824e-12	2,452115388e-13	4,751917176e-13	2,938956587e-12	1,231899825e-11	1,122775375e-13	8,918018234e-14	2,006286977e-11	5,656563542e-13	9,51913075e-15	5,884937584e-14	8,694495048e-14	6,304043388e-14	7,034282445e-12	4,999999912e-15	4,999999912e-15	4,999999912e-15	5,847683042e-14	1,922375176e-10	6,734534458e-11	1	1	1	1	1	1	1	0	0	0	0	0	0	0	0	0	0	3,292482967e-08	69,23620881	1,178935754	0	30,23193129	0,03442888461	0,04436969042	0,01956012033
243,709	1785233867,965	28/07/2026_12:17:47,965	1	2	2,62122353e-06	1,656805352e-06	5,098959449e-13	4,983285919e-12	3,49518293e-13	4,902445637e-13	2,640797737e-12	1,198065258e-11	1,423406511e-14	1,291310131e-13	2,025779544e-11	7,112837337e-13	4,459591198e-14	4,999999912e-15	4,999999912e-15	4,999999912e-15	7,027883484e-12	1,313972802e-13	1,014700409e-13	5,024606897e-14	4,999999912e-15	1,924549548e-10	6,681363796e-11	1	1	1	1	1	1	1	0	0	0	0	0	0	0	0	0	0	2,611754005e-08	69,48801995	1,077353666	0	30,07328615	0,03685929325	0,05111519539	0
244,517	1785233868,773	28/07/2026_12:17:48,773	1	2	2,619801762e-06	1,677894488e-06	5,233461234e-13	4,874077704e-12	1,994242716e-13	4,160861922e-13	2,59248417e-12	1,193235354e-11	1,288283174e-13	1,561788351e-13	2,014225592e-11	5,543599434e-13	4,999999912e-15	2,172362869e-14	6,891178166e-14	9,430645961e-14	7,082793553e-12	4,118874567e-14	4,999999912e-15	4,999999912e-15	4,100247296e-14	1,928254501e-10	6,702838978e-11	1	1	1	1	1	1	1	0	0	0	0	0	0	0	0	0	0	3,111405828e-08	69,44679958	1,044462296	0	30,09172254	0,03773931646	0,07414639263	0,01207688488
245,325	1785233869,581	28/07/2026_12:17:49,581	1	2	2,612099479e-06	1,658077394e-06	4,538172952e-13	4,957569077e-12	3,182444813e-13	4,775045376e-13	2,424528026e-12	1,166148428e-11	4,999999912e-15	9,152405803e-14	2,027470206e-11	6,801962422e-13	6,584998118e-14	2,12695987e-14	4,999999912e-15	4,999999912e-15	6,992527217e-12	1,052458834e-13	6,994790625e-14	8,193121339e-14	6,855089142e-14	1,925883758e-10	6,655431761e-11	1	1	1	1	1	1	1	0	0	0	0	0	0	0	0	0	0	2,636157617e-08	69,64340158	0,9788932465	0	30,00172162	0,03285601965	0,03502064317	0,02701652038
246,133	1785233870,389	28/07/2026_12:17:50,389	1	2	2,627512913e-06	1,663807211e-06	5,247198617e-13	4,919675778e-12	1,790976764e-13	3,352221387e-13	2,304023508e-12	1,164290019e-11	1,250175636e-13	2,042750328e-13	2,025521938e-11	5,617563164e-13	4,999999912e-15	1,626749984e-14	5,262100366e-14	9,217211955e-14	7,074497238e-12	1,024790062e-13	4,999999912e-15	4,999999912e-15	8,909875198e-15	1,913168374e-10	6,648717688e-11	1	1	1	1	1	1	1	0	0	0	0	0	0	0	0	0	0	2,674721657e-08	69,49205492	0,9550421039	0	30,10619325	0,03815655891	0,09468444145	0
246,941	1785233871,197	28/07/2026_12:17:51,197	1	2	2,614265213e-06	1,663807211e-06	3,70772369e-13	4,90887539e-12	2,812390349e-13	4,448453053e-13	2,273199858e-12	1,145843576e-11	4,999999912e-15	6,283863675e-14	2,018537247e-11	6,61693519e-13	5,902012413e-14	6,209355268e-14	4,999999912e-15	4,999999912e-15	6,965146342e-12	6,190728675e-14	5,066906367e-14	8,115508726e-14	7,600163717e-14	1,922706161e-10	6,699631128e-11	1	1	1	1	1	1	1	0	0	0	0	0	0	0	0	0	0	2,966972313e-08	69,56718539	0,896345518	0	30,21428408	0,02685929904	0,02345580878	0,02867142796
247,749	1785233872,005	28/07/2026_12:17:52,005	1	2	2,641146011e-06	1,669555104e-06	5,157090575e-13	4,984162822e-12	2,118422083e-13	3,129862634e-13	2,097784836e-12	1,140078917e-11	9,582764947e-14	1,99455334e-13	2,028457784e-11	6,033176346e-13	4,999999912e-15	4,999999912e-15	8,032853896e-15	5,357562674e-14	7,146855156e-12	1,385453574e-13	9,274649936e-15	4,999999912e-15	4,999999912e-15	1,943109146e-10	6,717565393e-11	1	1	1	1	1	1	1	0	0	0	0	0	0	0	0	0	0	2,653301953e-08	69,68969952	0,837568952	0	30,03714342	0,0370336037	0,08886654479	0
248,557	1785233872,813	28/07/2026_12:17:52,813	1	2	2,611366881e-06	1,658710971e-06	3,235298856e-13	4,863076955e-12	2,299917797e-13	4,021354376e-13	2,139125248e-12	1,130894683e-11	4,999999912e-15	5,607861926e-14	2,01642366e-11	6,184868698e-13	3,884873583e-14	6,635444689e-14	4,6454719e-14	4,999999912e-15	6,913246885e-12	1,121882941e-14	1,807974208e-14	5,04905464e-14	9,43258465e-14	1,934570143e-10	6,616033416e-11	1	1	1	1	1	1	1	0	0	0	0	0	0	0	0	0	0	2,84883192e-08	69,95585552	0,8619467954	0	29,82556383	0,02342504111	0,02076422974	0,04456944061
249,365	1785233873,621	28/07/2026_12:17:53,621	1	2	2,605368081e-06	1,678537615e-06	4,666543844e-13	4,895324163e-12	2,447147845e-13	3,110265951e-13	2,037010751e-12	1,098393078e-11	5,583801786e-14	1,869093259e-13	2,088175119e-11	6,62454141e-13	4,999999912e-15	4,999999912e-15	4,999999912e-15	2,870483528e-14	7,270161469e-12	1,680340708e-13	6,347505665e-14	4,999999912e-15	4,999999912e-15	2,04080447e-10	7,0711631e-11	1	1	1	1	1	1	1	0	0	0	0	0	0	0	0	0	0	4,293317786e-08	69,92465677	0,6142640029	0	30,18281933	0,03202050659	0,07667851335	0
250,173	1785233874,429	28/07/2026_12:17:54,429	1	2	2,716832569e-06	1,717587566e-06	3,809861226e-13	5,460356126e-12	9,38054647e-13	2,708821015e-12	2,221112357e-11	4,634168396e-11	5,69304044e-13	6,215564359e-14	1,576157607e-11	6,928624883e-13	2,344273288e-14	7,1965803e-14	7,24004461e-14	2,921707337e-14	8,152316495e-12	3,092454271e-14	4,999999912e-15	4,999999912e-15	5,110368644e-14	6,116884083e-11	7,360263787e-11	1	1	1	1	1	1	1	0	0	0	0	0	0	0	0	0	0	3,555615752e-09	33,36226564	17,18456318	0	49,67644491	0,04101818704	0,06774450038	0,6026162
250,981	1785233875,237	28/07/2026_12:17:55,237	1	2	3,260999165e-06	2,500617484e-06	3,094106785e-12	8,703349673e-12	1,068885345e-11	2,160626712e-11	1,292319307e-10	1,653828602e-10	1,771969615e-12	9,464794942e-14	5,055644271e-12	7,278694791e-13	4,999999912e-15	4,999999912e-15	4,999999912e-15	4,999999912e-15	7,484498264e-12	1,62698224e-13	8,666941405e-14	1,281375857e-14	4,999999912e-15	4,342202292e-11	7,05501213e-11	1	1	1	1	1	1	1	0	0	0	0	0	0	0	0	0	0	2,381712424e-08	15,24278828	54,37804297	0	30,84598881	0,217230655	0,03112422361	0
251,789	1785233876,045	28/07/2026_12:17:56,045	1	2	3,197098977e-06	2,713335334e-06	3,441114364e-12	8,485264574e-12	1,0902927e-11	2,226872159e-11	1,333321648e-10	1,696620205e-10	1,905186729e-12	5,08941271e-14	4,236467514e-12	5,934647305e-13	4,999999912e-15	3,64582835e-14	7,172521176e-14	7,451924819e-14	7,441179617e-12	4,496456782e-14	4,999999912e-15	4,999999912e-15	3,565111531e-14	4,002015733e-11	7,032186639e-11	1	1	1	1	1	1	1	0	0	0	0	0	0	0	0	0	0	3,800026546e-08	13,99839499	55,82822921	0	30,64138442	0,2409677241	0,02154214492	0
252,597	1785233876,853	28/07/2026_12:17:56,853	1	2	3,176737209e-06	2,675128371e-06	3,566465699e-12	8,645431593e-12	1,12082444e-11	2,263861321e-11	1,349770157e-10	1,715458192e-10	1,813006993e-12	5,040517564e-14	4,096137058e-12	7,189867733e-13	4,373053569e-14	4,999999912e-15	4,999999912e-15	4,999999912e-15	7,428256794e-12	1,460543112e-13	8,36541936e-14	4,130904128e-14	4,999999912e-15	3,809209892e-11	7,044308192e-11	1	1	1	1	1	1	1	0	0	0	0	0	0	0	0	0	0	3,429410988e-08	13,3235525	56,49102562	0	30,68889155	0,2496982865	0,009735005891	0
253,405	1785233877,661	28/07/2026_12:17:57,661	1	2	3,18128491e-06	2,736311671e-06	3,667912328e-12	8,605330858e-12	1,117993979e-11	2,283243039e-11	1,358178847e-10	1,734744848e-10	1,963644308e-12	1,152966476e-13	3,900283308e-12	5,900342606e-13	4,999999912e-15	1,26003266e-14	4,321053199e-14	9,639034362e-14	7,524426394e-12	9,409302086e-14	4,999999912e-15	4,999999912e-15	1,533227213e-14	3,698563331e-11	7,045402456e-11	1	1	1	1	1	1	1	0	0	0	0	0	0	0	0	0	0	3,296674676e-08	12,89636679	56,86006602	0	30,62276136	0,2560530725	0,04891345156	0,003475105672
254,213	1785233878,469	28/07/2026_12:17:58,469	1	2	3,185292371e-06	2,752087767e-06	3,656049422e-12	8,666266489e-12	1,133747263e-11	2,302155341e-11	1,373516301e-10	1,741531086e-10	1,8150441e-12	1,998511559e-14	3,832865015e-12	6,96545252e-13	6,503117137e-14	2,920543175e-14	4,999999912e-15	4,999999912e-15	7,383245057e-12	1,150133455e-13	5,481742447e-14	6,375833157e-14	5,481742447e-14	3,627645406e-11	7,068882285e-11	1	1	1	1	1	1	1	0	0	0	0	0	0	0	0	0	0	3,781271583e-08	12,63901124	57,21319224	0	30,67269548	0,255016813	0	0
255,021	1785233879,277	28/07/2026_12:17:59,277	1	2	3,191053338e-06	2,739461934e-06	3,810490118e-12	8,700656515e-12	1,132881896e-11	2,301113119e-11	1,37540937e-10	1,747860745e-10	1,98668317e-12	1,441877488e-13	3,764480914e-12	6,325540677e-13	4,999999912e-15	4,999999912e-15	3,76729118e-14	1,014700476e-13	7,498926827e-12	1,735871917e-13	4,999999912e-15	4,999999912e-15	4,999999912e-15	3,564837314e-11	7,038082617e-11	1	1	1	1	1	1	1	0	0	0	0	0	0	0	0	0	0	3,376418131e-08	12,42550452	57,40603175	0	30,56404685	0,2659046577	0,0607848247	0
255,829	1785233880,085	28/07/2026_12:18:00,085	1	2	3,1911527e-06	2,765834324e-06	3,689147078e-12	8,691354927e-12	1,14267467e-11	2,318039857e-11	1,383932829e-10	1,752403084e-10	1,862173827e-12	4,999999912e-15	3,662991351e-12	6,719150518e-13	6,75341605e-14	6,66338729e-14	1,261585017e-14	4,999999912e-15	7,392641187e-12	7,73132914e-14	2,546841048e-14	6,641655813e-14	9,960348518e-14	3,533085977e-11	7,017558062e-11	1	1	1	1	1	1	1	0	0	0	0	0	0	0	0	0	0	3,723844966e-08	12,31827744	57,67875028	0	30,47544539	0,2575553712	0	0,003836701448
256,637	1785233880,893	28/07/2026_12:18:00,893	1	2	3,188087248e-06	2,743661071e-06	3,899421584e-12	8,781205797e-12	1,14348097e-11	2,314895844e-11	1,386835091e-10	1,758207469e-10	1,954105497e-12	1,290572738e-13	3,731934466e-12	6,538702414e-13	4,999999912e-15	4,999999912e-15	1,279435813e-14	6,172102082e-14	7,540871573e-12	1,989702484e-13	5,24075683e-14	4,999999912e-15	4,999999912e-15	3,507647298e-11	7,006042968e-11	1	1	1	1	1	1	1	0	0	0	0	0	0	0	0	0	0	3,237724877e-08	12,21552752	57,76820793	0	30,39159592	0,2718535875	0,05000303009	0
257,445	1785233881,701	28/07/2026_12:18:01,701	1	2	3,196158332e-06	2,735260523e-06	3,758606273e-12	8,685809884e-12	1,145659262e-11	2,334083447e-11	1,387190918e-10	1,763391794e-10	1,918407924e-12	4,999999912e-15	3,571219058e-12	6,368305406e-13	3,549201541e-14	6,979656517e-14	5,607474663e-14	1,956601385e-14	7,387048438e-12	5,750280352e-14	4,999999912e-15	3,46227631e-14	8,76473373e-14	3,498943496e-11	7,025961757e-11	1	1	1	1	1	1	1	0	0	0	0	0	0	0	0	0	0	3,506902284e-08	12,16946219	57,82440754	0	30,45701897	0,2618035716	0	0,02183450362
258,253	1785233882,509	28/07/2026_12:18:02,509	1	2	3,202653488e-06	2,774332188e-06	3,909325121e-12	8,829311414e-12	1,154663431e-11	2,325777244e-11	1,391415871e-10	1,760828566e-10	1,954462633e-12	1,08303801e-13	3,676690463e-12	7,285485149e-13	4,999999912e-15	4,999999912e-15	4,999999912e-15	1,57280974e-14	7,506940382e-12	2,132042915e-13	7,455805586e-14	4,999999912e-15	4,999999912e-15	3,442588575e-11	7,05326561e-11	1	1	1	1	1	1	1	0	0	0	0	0	0	0	0	0	0	3,390218638e-08	11,98536013	57,87180052	0	30,57815792	0,272451905	0,04133874597	0
259,061	1785233883,317	28/07/2026_12:18:03,317	1	2	3,192908707e-06	2,739461934e-06	3,843657597e-12	8,683330964e-12	1,146459056e-11	2,333585755e-11	1,39262768e-10	1,769854679e-10	1,987548581e-12	3,028036399e-14	3,499167969e-12	6,156308102e-13	1,066002653e-14	6,467804672e-14	9,106614524e-14	7,169417647e-14	7,429258597e-12	5,645116129e-14	4,999999912e-15	4,999999912e-15	7,290492537e-14	3,434702869e-11	7,075762198e-11	1	1	1	1	1	1	1	0	0	0	0	0	0	0	0	0	0	3,732714683e-08	11,92200085	57,91758324	0	30,60886457	0,2671939428	0,01290660701	0,01142955065
259,869	1785233884,125	28/07/2026_12:18:04,125	1	2	3,203735105e-06	2,756312369e-06	3,923484801e-12	8,806479851e-12	1,158701173e-11	2,345167983e-11	1,396964766e-10	1,772591657e-10	1,914263453e-12	9,396496303e-14	3,613533734e-12	7,48483144e-13	5,754937e-14	4,999999912e-15	4,999999912e-15	4,999999912e-15	7,484187749e-12	1,807663313e-13	9,955302912e-14	5,171294369e-14	4,999999912e-15	3,39231733e-11	6,996628971e-11	1	1	1	1	1	1	1	0	0	0	0	0	0	0	0	0	0	3,131412142e-08	11,81305391	58,23745776	0	30,35334219	0,2735086771	0,03039939159	0
260,677	1785233884,933	28/07/2026_12:18:04,933	1	2	3,197628985e-06	2,787115591e-06	3,929469163e-12	8,676039054e-12	1,143176439e-11	2,33674035e-11	1,395946692e-10	1,776662706e-10	2,024061257e-12	8,736017958e-14	3,478124039e-12	5,830841452e-13	4,999999912e-15	5,314876279e-14	8,645987165e-14	1,067011131e-13	7,502652145e-12	8,670824204e-14	4,999999912e-15	4,999999912e-15	4,706397625e-14	3,393203427e-11	7,050429685e-11	1	1	1	1	1	1	1	0	0	0	0	0	0	0	0	0	0	3,569018651e-08	11,77557816	58,10224566	0	30,49861429	0,2730880903	0,0385363977	0,008623394374
261,485	1785233885,741	28/07/2026_12:18:05,741	1	2	3,191910764e-06	2,793537078e-06	3,911389442e-12	8,774904414e-12	1,16271966e-11	2,346626886e-11	1,398377247e-10	1,775591479e-10	1,882919818e-12	3,173170751e-14	3,555693066e-12	7,307682562e-13	8,072046449e-14	1,093166746e-14	4,999999912e-15	4,999999912e-15	7,445579743e-12	1,350799762e-13	8,360762711e-14	9,136884093e-14	3,340812802e-14	3,357782455e-11	7,045140166e-11	1	1	1	1	1	1	1	0	0	0	0	0	0	0	0	0	0	3,379617426e-08	11,67962652	58,24628425	0	30,53054504	0,2723744247	0,00222340323	0
262,293	1785233886,549	28/07/2026_12:18:06,549	1	2	3,20223603e-06	2,760540156e-06	4,024772269e-12	8,766669682e-12	1,149136602e-11	2,346416464e-11	1,401505578e-10	1,775113667e-10	2,028714219e-12	1,268142763e-13	3,527015702e-12	6,059602689e-13	4,999999912e-15	4,999999912e-15	7,431745784e-14	9,375153106e-14	7,566880282e-12	1,281802491e-13	4,999999912e-15	4,999999912e-15	9,154350082e-15	3,370006704e-11	7,068481911e-11	1	1	1	1	1	1	1	0	0	0	0	0	0	0	0	0	0	3,721149229e-08	11,69347826	58,14697868	0	30,54875749	0,2796167969	0,05442592233	0
263,101	1785233887,357	28/07/2026_12:18:07,357	1	2	3,209701163e-06	2,798894457e-06	3,911373829e-12	8,759149656e-12	1,160639466e-11	2,350994746e-11	1,396682492e-10	1,779311282e-10	1,890401681e-12	2,279079533e-14	3,485749449e-12	6,902858276e-13	8,835748973e-14	5,045174212e-14	4,999999912e-15	4,999999912e-15	7,409334431e-12	1,088781097e-13	6,162788108e-14	9,087210693e-14	7,246252345e-14	3,362348941e-11	6,987650042e-11	1	1	1	1	1	1	1	0	0	0	0	0	0	0	0	0	0	2,988471839e-08	11,70490089	58,3654324	0	30,32744649	0,2726486958	0	0,03110716826
263,909	1785233888,165	28/07/2026_12:18:08,165	1	2	3,225548653e-06	2,790324288e-06	4,156662427e-12	8,734487959e-12	1,220873055e-11	2,501557989e-11	1,504418395e-10	1,901995783e-10	2,173549968e-12	1,604319569e-13	3,196710041e-12	5,741974821e-13	4,999999912e-15	4,999999912e-15	3,494872848e-14	7,819417856e-14	7,217124901e-12	1,743400481e-13	5,394044298e-15	4,999999912e-15	4,999999912e-15	3,228588924e-11	6,778941297e-11	1	1	1	1	1	1	1	0	0	0	0	0	0	0	0	0	0	3,571403549e-08	10,89894162	60,89616697	0	28,52945445	0,2810959438	0,06537393712	0
264,717	1785233888,973	28/07/2026_12:18:08,973	1	2	3,141343541e-06	2,698815251e-06	3,729338019e-12	8,229753684e-12	1,074575238e-11	2,15216317e-11	1,251109633e-10	1,566063113e-10	1,602565411e-12	4,999999912e-15	4,785871786e-12	6,023319322e-13	7,407297703e-14	7,770521694e-14	4,305918754e-14	4,999999912e-15	6,39900806e-12	4,917501953e-14	1,828541184e-14	5,833324817e-14	1,100539337e-13	1,03367169e-10	6,040659639e-11	1	1	1	1	1	1	1	0	0	0	0	0	0	0	0	0	0	1,90923121e-08	31,56851262	45,69465178	0	23,08628762	0,2292913003	0	0
265,525	1785233889,781	28/07/2026_12:18:09,781	1	2	2,699493962e-06	2,176656153e-06	2,193806768e-12	5,735898301e-12	3,400379804e-12	6,343911074e-12	3,528428938e-11	4,800719197e-11	4,673101641e-13	1,969096137e-13	1,610347619e-11	6,405403551e-13	4,999999912e-15	4,999999912e-15	4,999999912e-15	3,805321265e-14	6,930379447e-12	1,767925812e-13	7,018461468e-14	4,999999912e-15	4,999999912e-15	1,711911723e-10	6,62039451e-11	1	1	1	1	1	1	1	0	0	0	0	0	0	0	0	0	0	4,319528063e-08	58,58085654	13,82396386	0	28,19077821	0,1504568144	0,07601171704	0
266,333	1785233890,589	28/07/2026_12:18:10,589	1	2	2,615761787e-06	1,802569841e-06	1,147327892e-12	5,121362102e-12	1,226057558e-12	2,412653194e-12	1,366184336e-11	2,456491434e-11	1,701140585e-13	7,564462972e-14	1,877317399e-11	6,086534813e-13	3,199558538e-14	7,117417278e-14	7,617238546e-14	4,590367664e-14	6,975514784e-12	2,109884872e-14	6,818224743e-15	4,407202549e-14	1,00666769e-13	1,838586228e-10	6,707771144e-11	1	1	1	1	1	1	1	0	0	0	0	0	0	0	0	0	0	3,627272677e-08	65,3168328	5,609726331	0	29,69094748	0,08162839948	0,02898322466	0,01742842948
267,141	1785233891,397	28/07/2026_12:18:11,397	1	2	2,629843038e-06	1,717587566e-06	9,653119233e-13	5,180827989e-12	8,847506061e-13	1,500851093e-12	8,594502714e-12	1,89054241e-11	1,147766371e-13	1,737307807e-13	1,951263109e-11	6,975191908e-13	3,536395081e-14	4,999999912e-15	4,999999912e-15	2,235616409e-14	7,065668363e-12	1,865212493e-13	1,136279723e-13	3,319080986e-14	4,999999912e-15	1,872674238e-10	6,719673429e-11	1	1	1	1	1	1	1	0	0	0	0	0	0	0	0	0	0	2,694965208e-08	67,04545672	3,565595084	0	29,98654166	0,0691994359	0,07079248023	0
267,949	1785233892,205	28/07/2026_12:18:12,205	1	2	2,62970525e-06	1,711014875e-06	7,64700369e-13	4,992665135e-12	5,564204696e-13	1,098292464e-12	6,48972499e-12	1,64717736e-11	1,878872356e-13	1,207993531e-13	1,962883155e-11	5,824671257e-13	7,889271647e-15	6,730908013e-14	1,093748302e-13	8,534613852e-14	7,058264997e-12	4,567083745e-14	4,999999912e-15	2,378422607e-14	6,42356448e-14	1,896724861e-10	6,731273872e-11	1	1	1	1	1	1	1	0	0	0	0	0	0	0	0	0	0	3,224717376e-08	67,89184876	2,673125698	0	30,03141599	0,0548101674	0,05971743471	0,0174996061
268,757	1785233893,013	28/07/2026_12:18:13,013	1	2	2,631771167e-06	1,689511237e-06	7,171706805e-13	5,054118582e-12	5,729674005e-13	9,473680521e-13	5,178530781e-12	1,485525071e-11	4,324934304e-14	1,365390684e-13	1,993069425e-11	7,074846893e-13	7,097238243e-14	4,999999912e-15	4,999999912e-15	4,999999912e-15	7,057519066e-12	1,319444364e-13	1,108960336e-13	6,796103123e-14	2,263556977e-14	1,905688385e-10	6,707028682e-11	1	1	1	1	1	1	1	0	0	0	0	0	0	0	0	0	0	2,78018161e-08	68,46318221	2,121719676	0	30,03368725	0,05158693324	0,05332176508	0
269,565	1785233893,821	28/07/2026_12:18:13,821	1	2	2,621359954e-06	1,694698426e-06	7,08233602e-13	4,966172439e-12	3,557505581e-13	7,179506013e-13	4,414366008e-12	1,40415882e-11	1,553871777e-13	1,728654112e-13	1,995342606e-11	5,79739002e-13	4,999999912e-15	3,393976994e-14	7,209387438e-14	1,054981162e-13	7,061465995e-12	7,706104499e-14	4,999999912e-15	4,999999912e-15	4,52400907e-14	1,910596681e-10	6,671626446e-11	1	1	1	1	1	1	1	0	0	0	0	0	0	0	0	0	0	2,86897585e-08	68,78753377	1,822224231	0	29,942578	0,05105465127	0,08108838384	0,01261134665
270,373	1785233894,629	28/07/2026_12:18:14,629	1	2	2,644993629e-06	1,688217026e-06	5,837903945e-13	4,979304295e-12	4,396802475e-13	7,344820281e-13	3,843606423e-12	1,330698832e-11	4,999999912e-15	9,13261437e-14	2,006700188e-11	6,848103356e-13	9,418226426e-14	4,08472457e-14	4,999999912e-15	4,999999912e-15	7,00387838e-12	1,0628976e-13	7,111596468e-14	7,875298314e-14	7,124013293e-14	1,921295484e-10	6,700164729e-11	1	1	1	1	1	1	1	0	0	0	0	0	0	0	0	0	0	2,873864623e-08	69,05837957	1,559877209	0	30,01880366	0,04201427208	0,03272190974	0,02347660751
271,181	1785233895,437	28/07/2026_12:18:15,437	1	2	2,625705747e-06	1,683045866e-06	6,642314194e-13	4,971438192e-12	2,804241214e-13	5,327875727e-13	3,405754411e-12	1,289217171e-11	1,444167052e-13	2,180240038e-13	2,013615837e-11	5,859363016e-13	4,999999912e-15	4,999999912e-15	5,305175041e-14	9,334794358e-14	7,120315622e-12	1,246411286e-13	4,999999912e-15	4,999999912e-15	1,061345412e-14	1,919571863e-10	6,663875007e-11	1	1	1	1	1	1	1	0	0	0	0	0	0	0	0	0	0	2,680765217e-08	69,18067197	1,404101454	0	29,93997239	0,0479290766	0,1000763529	0
271,989	1785233896,245	28/07/2026_12:18:16,245	1	2	2,619840188e-06	1,669555104e-06	4,84831088e-13	4,916000333e-12	3,382994839e-13	5,994796131e-13	3,17508346e-12	1,253729065e-11	4,999999912e-15	6,712282097e-14	2,009403928e-11	6,447429938e-13	6,749536639e-14	7,795746335e-14	2,859617789e-14	4,999999912e-15	6,983338387e-12	3,492932804e-14	4,880636368e-14	6,616042891e-14	1,009616923e-13	1,918612769e-10	6,657656371e-11	1	1	1	1	1	1	1	0	0	0	0	0	0	0	0	0	0	2,912620466e-08	69,33504055	1,295370761	0	29,99063004	0,03508018959	0,02382901068	0,04516112903
272,797	1785233897,053	28/07/2026_12:18:17,053	1	2	2,62481899e-06	1,654267862e-06	6,084244978e-13	5,013670902e-12	2,755617186e-13	4,311584184e-13	2,859780338e-12	1,228738378e-11	1,023625968e-13	2,132858099e-13	2,01968945e-11	6,21370197e-13	4,999999912e-15	4,999999912e-15	4,999999912e-15	4,961741467e-14	7,133722866e-12	1,677119815e-13	2,335348271e-14	4,999999912e-15	4,999999912e-15	1,931695914e-10	6,720825285e-11	1	1	1	1	1	1	1	0	0	0	0	0	0	0	0	0	0	2,62439069e-08	69,33018561	1,158733899	0	30,07232357	0,04372235059	0,09418571179	0
273,605	1785233897,861	28/07/2026_12:18:17,861	1	2	2,635995997e-06	1,670835104e-06	4,353301302e-13	4,879801858e-12	2,640867939e-13	5,039391755e-13	2,775753802e-12	1,209594057e-11	3,447917407e-14	5,180219047e-14	2,009807425e-11	6,04058741e-13	3,10332001e-14	8,769001421e-14	6,105355208e-14	4,999999912e-15	6,965657218e-12	1,836690149e-14	4,999999912e-15	4,565531303e-14	1,119360274e-13	1,932212446e-10	6,623745302e-11	1	1	1	1	1	1	1	0	0	0	0	0	0	0	0	0	0	2,87357082e-08	69,68670883	1,136015072	0	29,78217201	0,03143756563	0,02106855497	0,05520283825
274,413	1785233898,669	28/07/2026_12:18:18,669	1	2	2,613237484e-06	1,656805352e-06	5,575807286e-13	5,030861578e-12	3,195289899e-13	4,088139332e-13	2,506466822e-12	1,180743784e-11	3,677261403e-14	1,722522678e-13	2,027187446e-11	6,820394943e-13	4,999999912e-15	4,999999912e-15	4,999999912e-15	7,528376319e-15	7,084726469e-12	1,607035902e-13	7,955239251e-14	8,335542814e-15	4,999999912e-15	1,921800497e-10	6,592318358e-11	1	1	1	1	1	1	1	0	0	0	0	0	0	0	0	0	0	2,130879725e-08	69,68767947	1,043996329	0	29,80609798	0,04047911207	0,07170454025	0
275,221	1785233899,477	28/07/2026_12:18:19,477	1	2	2,612490107e-06	1,66763698e-06	4,12438394e-13	4,843592107e-12	2,086290667e-13	4,258187227e-13	2,494537779e-12	1,183243607e-11	8,041387922e-14	7,448432333e-14	2,005685028e-11	5,628506016e-13	3,142513918e-14	5,865146151e-14	7,55708972e-14	5,00830795e-14	7,017522414e-12	4,999999912e-15	4,999999912e-15	1,534391544e-14	7,870643021e-14	1,919195913e-10	6,603226299e-11	1	1	1	1	1	1	1	0	0	0	0	0	0	0	0	0	0	2,884408225e-08	69,65741563	1,041597924	0	29,87941071	0,02997245525	0,03577636387	0,04012416957
276,029	1785233900,285	28/07/2026_12:18:20,285	1	2	2,620061878e-06	1,66699806e-06	4,664448081e-13	4,993293539e-12	3,194474579e-13	4,091980932e-13	2,268395758e-12	1,149493608e-11	1,250719024e-14	1,454101325e-13	2,026317829e-11	7,028821969e-13	2,467676671e-14	4,999999912e-15	4,999999912e-15	4,999999912e-15	7,045264112e-12	1,499116451e-13	9,791151993e-14	4,389351838e-14	4,999999912e-15	1,918989689e-10	6,713364586e-11	1	1	1	1	1	1	1	0	0	0	0	0	0	0	0	0	0	2,655197857e-08	69,45896669	0,9010688039	0	30,28933054	0,03380080388	0,05841072667	0
276,837	1785233901,093	28/07/2026_12:18:21,093	1	2	2,610688398e-06	1,665081072e-06	4,529830016e-13	4,861458458e-12	1,719651168e-13	3,711487769e-13	2,254934087e-12	1,153907872e-11	1,06895131e-13	1,424725409e-13	2,014877674e-11	5,585975476e-13	4,999999912e-15	2,096302868e-14	7,00759573e-14	9,441511022e-14	7,069988258e-12	2,518512539e-14	4,999999912e-15	4,999999912e-15	6,383594689e-14	1,919816806e-10	6,644813172e-11	1	1	1	1	1	1	1	0	0	0	0	0	0	0	0	0	0	2,935466928e-08	69,60125573	0,9231806865	0	30,03084782	0,03288034102	0,06709551919	0,02910055157
277,645	1785233901,901	28/07/2026_12:18:21,901	1	2	2,611647915e-06	1,654267862e-06	4,07944647e-13	4,972544512e-12	2,963074393e-13	4,288378192e-13	2,123295897e-12	1,134100452e-11	4,999999912e-15	1,132981445e-13	2,027331948e-11	6,998902868e-13	6,160848063e-14	4,999999912e-15	4,999999912e-15	4,999999912e-15	6,990521443e-12	9,789989864e-14	9,138048255e-14	7,92109027e-14	4,943890078e-14	1,940720501e-10	6,6352146e-11	1	1	1	1	1	1	1	0	0	0	0	0	0	0	0	0	0	2,473268844e-08	69,9396161	0,8605047967	0	29,81346761	0,02943597655	0,04427197577	0,01826762302
278,453	1785233902,709	28/07/2026_12:18:22,709	1	2	2,616934353e-06	1,672116127e-06	4,583149723e-13	4,909182002e-12	1,719884001e-13	3,240149577e-13	2,071358059e-12	1,1378197e-11	1,300157898e-13	2,029711441e-13	2,020581098e-11	5,669096919e-13	4,999999912e-15	1,179703951e-14	6,109624254e-14	9,639421965e-14	7,103896464e-12	8,912972628e-14	4,999999912e-15	4,999999912e-15	3,489439979e-14	1,922896842e-10	6,642261047e-11	1	1	1	1	1	1	1	0	0	0	0	0	0	0	0	0	0	2,681352797e-08	69,665792	0,8566079666	0	30,00211038	0,03324447998	0,09475905982	0,01434896935
279,261	1785233903,517	28/07/2026_12:18:23,517	1	2	2,612850039e-06	1,647937438e-06	3,305188697e-13	4,835046859e-12	2,674357589e-13	4,112354446e-13	2,106019569e-12	1,097203665e-11	4,999999912e-15	7,871418903e-14	2,071004306e-11	6,630400439e-13	7,505089351e-14	4,866278143e-14	4,999999912e-15	4,999999912e-15	7,01805801e-12	7,169804572e-14	6,685505692e-14	7,992493115e-14	9,200136448e-14	2,007413541e-10	6,959160331e-11	1	1	1	1	1	1	1	0	0	0	0	0	0	0	0	0	0	4,201797345e-08	69,92148355	0,6654597135	0	30,19614017	0,02305364356	0,02958576463	0,01377877208
280,069	1785233904,325	28/07/2026_12:18:24,325	1	2	2,691669806e-06	1,701860583e-06	5,03314404e-13	5,286050677e-12	3,694180378e-13	8,971802251e-13	8,10928321e-12	2,355835839e-11	3,025474565e-13	2,137281508e-13	1,936806444e-11	7,141709641e-13	4,999999912e-15	4,999999912e-15	2,454094328e-14	6,685505692e-14	8,361832927e-12	1,695513847e-13	4,999999912e-15	4,999999912e-15	4,999999912e-15	7,069931446e-11	7,533149105e-11	1	1	1	1	1	1	1	0	0	0	0	0	0	0	0	0	0	2,855309776e-08	40,65602414	6,603369671	0	53,28936241	0,05704797155	0,1651983086	0,2226679979
280,877	1785233905,133	28/07/2026_12:18:25,133	1	2	3,255413503e-06	2,432556357e-06	2,789976149e-12	8,619202574e-12	1,059444633e-11	2,16312749e-11	1,280591327e-10	1,642519037e-10	1,726023079e-12	4,999999912e-15	5,129686172e-12	6,680616347e-13	5,588846714e-14	6,088668659e-14	1,705137632e-14	4,999999912e-15	7,413156894e-12	3,726156211e-14	1,546809217e-14	5,641622965e-14	8,407717475e-14	4,431017012e-11	7,05114786e-11	1	1	1	1	1	1	1	0	0	0	0	0	0	0	0	0	0	2,517534537e-08	15,57979482	54,03721668	0	30,8848873	0,1962081882	0	0,04705074058
281,685	1785233905,941	28/07/2026_12:18:25,941	1	2	3,186968115e-06	2,687460437e-06	3,432519026e-12	8,623479535e-12	1,089569667e-11	2,208514101e-11	1,324925031e-10	1,693070961e-10	1,846220876e-12	1,287895165e-13	4,460351359e-12	6,835606842e-13	4,999999912e-15	4,999999912e-15	4,999999912e-15	2,863886496e-14	7,518655837e-12	1,974296377e-13	5,285383608e-14	4,999999912e-15	4,999999912e-15	4,006310214e-11	6,971537236e-11	1	1	1	1	1	1	1	0	0	0	0	0	0	0	0	0	0	2,663582942e-08	14,06548286	55,80209909	0	30,49833579	0,241135525	0,04759937408	0
282,493	1785233906,749	28/07/2026_12:18:26,749	1	2	3,178649422e-06	2,725843387e-06	3,385575457e-12	8,520034504e-12	1,109807558e-11	2,259563717e-11	1,349306639e-10	1,714691028e-10	1,849445727e-12	4,999999912e-15	4,01364315e-12	6,244940003e-13	1,635674831e-14	6,540759281e-14	7,335507256e-14	1,446301642e-14	7,357311808e-12	2,830901339e-14	4,999999912e-15	2,278303482e-14	8,521419789e-14	3,825132572e-11	6,960949178e-11	1	1	1	1	1	1	1	0	0	0	0	0	0	0	0	0	0	3,649429982e-08	13,41359917	56,64389699	0	30,41063861	0,2377001196	0	0,01391753261
283,301	1785233907,557	28/07/2026_12:18:27,557	1	2	3,176578275e-06	2,741562184e-06	3,595395466e-12	8,724298194e-12	1,13027426e-11	2,281213413e-11	1,356476181e-10	1,727728793e-10	1,865996507e-12	1,014700544e-13	4,01290199e-12	7,35995466e-13	4,999999912e-15	4,999999912e-15	4,999999912e-15	9,266886032e-15	7,480610749e-12	1,941078456e-13	1,057542386e-13	1,078808267e-14	4,999999912e-15	3,711434285e-11	6,986559248e-11	1	1	1	1	1	1	1	0	0	0	0	0	0	0	0	0	0	2,828463618e-08	12,99495406	56,92960843	0	30,48117391	0,2519695534	0,03422646468	0
284,109	1785233908,365	28/07/2026_12:18:28,365	1	2	3,188782784e-06	2,746820201e-06	3,57350499e-12	8,572484736e-12	1,120156138e-11	2,28832682e-11	1,361380175e-10	1,73873721e-10	1,93444631e-12	4,855024802e-14	3,758904646e-12	6,008068392e-13	6,919120343e-15	5,395204479e-14	8,341360236e-14	7,087148387e-14	7,459123597e-12	4,69669571e-14	4,999999912e-15	4,999999912e-15	7,310670895e-14	3,637420573e-11	7,059228202e-11	1	1	1	1	1	1	1	0	0	0	0	0	0	0	0	0	0	3,499205946e-08	12,68889484	57,02813987	0	30,70102304	0,2496245059	0,01892355196	0,03639153221
284,917	1785233909,173	28/07/2026_12:18:29,173	1	2	3,192312079e-06	2,787115591e-06	3,676411172e-12	8,755516277e-12	1,142318271e-11	2,305079218e-11	1,371446984e-10	1,739616923e-10	1,867692199e-12	7,638970701e-14	3,8273976e-12	7,507457113e-13	2,612811023e-14	4,999999912e-15	4,999999912e-15	4,999999912e-15	7,408170431e-12	1,636877889e-13	8,942852562e-14	6,217116801e-14	4,999999912e-15	3,569246287e-11	7,058508639e-11	1	1	1	1	1	1	1	0	0	0	0	0	0	0	0	0	0	3,374990431e-08	12,47338997	57,31152355	0	30,721052	0,2571796517	0,02265255161	0
285,725	1785233909,981	28/07/2026_12:18:29,981	1	2	3,190321195e-06	2,760540156e-06	3,723362764e-12	8,643952741e-12	1,132794986e-11	2,303252207e-11	1,381744441e-10	1,741798372e-10	2,005186165e-12	1,019978034e-13	3,663166125e-12	5,881288837e-13	4,999999912e-15	2,152959546e-14	8,20359812e-14	1,06747666e-13	7,477008596e-12	8,94867405e-14	4,999999912e-15	4,999999912e-15	4,279530967e-14	3,516304262e-11	7,042329914e-11	1	1	1	1	1	1	1	0	0	0	0	0	0	0	0	0	0	4,299183499e-08	12,286959	57,543659	0	30,62869008	0,2605084961	0,04599553283	0
286,533	1785233910,789	28/07/2026_12:18:30,789	1	2	3,199774937e-06	2,738409421e-06	3,695422007e-12	8,718926622e-12	1,147456002e-11	2,329958275e-11	1,381591647e-10	1,750556783e-10	1,85350086e-12	4,619471716e-14	3,662359478e-12	7,176945128e-13	7,869866461e-14	1,263524977e-14	4,999999912e-15	4,999999912e-15	7,404022707e-12	1,315369661e-13	8,261031019e-14	7,87296999e-14	4,762278083e-14	3,492164197e-11	7,022777498e-11	1	1	1	1	1	1	1	0	0	0	0	0	0	0	0	0	0	3,564165755e-08	12,20109386	57,72009964	0	30,56106493	0,2585046969	0,007753685368	0
287,341	1785233911,597	28/07/2026_12:18:31,597	1	2	3,194652663e-06	2,737360319e-06	3,835690446e-12	8,710599082e-12	1,138223977e-11	2,31722766e-11	1,383142906e-10	1,756637058e-10	2,009974869e-12	1,376295182e-13	3,661590996e-12	6,112805574e-13	4,999999912e-15	4,999999912e-15	4,430874748e-14	9,894765806e-14	7,526890569e-12	1,361704261e-13	4,999999912e-15	4,999999912e-15	1,875884566e-14	3,468362056e-11	7,0540844e-11	1	1	1	1	1	1	1	0	0	0	0	0	0	0	0	0	0	3,524642029e-08	12,08358816	57,68778662	0	30,61657578	0,2675389458	0,05942962027	0
288,149	1785233912,405	28/07/2026_12:18:32,405	1	2	3,182260343e-06	2,755253263e-06	3,719749769e-12	8,73130214e-12	1,152158143e-11	2,336908271e-11	1,379389103e-10	1,763557911e-10	1,860132924e-12	1,788570716e-14	3,571122564e-12	7,023000887e-13	9,040643532e-14	6,311802887e-14	4,999999912e-15	4,999999912e-15	7,400860307e-12	1,197438145e-13	4,672636247e-14	8,925777733e-14	9,441122065e-14	3,409243027e-11	7,073108765e-11	1	1	1	1	1	1	1	0	0	0	0	0	0	0	0	0	0	2,991001574e-08	11,88559465	57,80467356	0	30,74758788	0,2596462494	0	0,05716866436
288,957	1785233913,213	28/07/2026_12:18:33,213	1	2	3,201343588e-06	2,755253263e-06	3,882056135e-12	8,782716741e-12	1,145288205e-11	2,327804616e-11	1,394548643e-10	1,752082368e-10	1,997044457e-12	1,657251132e-13	3,622520903e-12	6,348436317e-13	4,999999912e-15	4,999999912e-15	1,3232862e-14	8,451179752e-14	7,507378399e-12	1,833896262e-13	2,217377418e-14	4,999999912e-15	4,999999912e-15	3,420588465e-11	7,039798605e-11	1	1	1	1	1	1	1	0	0	0	0	0	0	0	0	0	0	4,106782422e-08	11,94317394	57,92624867	0	30,58030397	0,2713558749	0,0690814892	0
289,765	1785233914,021	28/07/2026_12:18:34,021	1	2	3,200994342e-06	2,739461934e-06	3,744895886e-12	8,685682382e-12	1,151425309e-11	2,336220627e-11	1,391787935e-10	1,767816032e-10	1,898473132e-12	4,999999912e-15	3,488372568e-12	6,641460927e-13	5,622607414e-14	7,531865756e-14	4,421173171e-14	4,999999912e-15	7,383396845e-12	6,830252103e-14	2,018302314e-14	3,912037591e-14	1,032590151e-13	3,402830448e-11	6,999736207e-11	1	1	1	1	1	1	1	0	0	0	0	0	0	0	0	0	0	3,501683886e-08	11,86637224	58,14973331	0	30,42058085	0,261525165	0	0,02827239143
290,573	1785233914,829	28/07/2026_12:18:34,829	1	2	3,196681973e-06	2,757368748e-06	3,898210747e-12	8,826437845e-12	1,15500335e-11	2,328859675e-11	1,391430721e-10	1,773053371e-10	1,965095404e-12	1,196661992e-13	3,624861262e-12	6,993664003e-13	4,999999912e-15	4,999999912e-15	4,999999912e-15	3,137468651e-14	7,503835227e-12	2,132663891e-13	6,297832942e-14	4,999999912e-15	4,999999912e-15	3,414240418e-11	7,051668971e-11	1	1	1	1	1	1	1	0	0	0	0	0	0	0	0	0	0	2,851167896e-08	11,86043085	57,9918086	0	30,53363077	0,2710936809	0,04599290521	0
291,381	1785233915,637	28/07/2026_12:18:35,637	1	2	3,192853228e-06	2,783916671e-06	3,797516988e-12	8,686598316e-12	1,152561727e-11	2,345609991e-11	1,394919735e-10	1,768144658e-10	1,935602937e-12	1,344629313e-14	3,422169232e-12	6,254952611e-13	1,555734233e-14	6,7464304e-14	9,860227869e-14	3,713350089e-14	7,449663282e-12	4,172814302e-14	4,999999912e-15	3,111080526e-14	8,612225109e-14	3,381418409e-11	7,009295228e-11	1	1	1	1	1	1	1	0	0	0	0	0	0	0	0	0	0	3,747336891e-08	11,78719837	58,19574587	0	30,44507834	0,2651310671	0,0009290913273	0,004976724841
292,189	1785233916,445	28/07/2026_12:18:36,445	1	2	3,207067493e-06	2,758422397e-06	3,910950556e-12	8,820893668e-12	1,162812294e-11	2,344529258e-11	1,397093552e-10	1,76764367e-10	1,931423554e-12	9,543181404e-14	3,578056688e-12	7,325650503e-13	1,536719021e-14	4,999999912e-15	4,999999912e-15	4,999999912e-15	7,484211167e-12	2,143645911e-13	1,048384063e-13	2,142093469e-14	4,999999912e-15	3,355203615e-11	7,013282316e-11	1	1	1	1	1	1	1	0	0	0	0	0	0	0	0	0	0	3,346209893e-08	11,706908	58,25144721	0	30,47299478	0,2731707293	0,03311594332	0
292,997	1785233917,253	28/07/2026_12:18:37,253	1	2	3,199821776e-06	2,772203743e-06	3,881194411e-12	8,686453466e-12	1,149540619e-11	2,343657039e-11	1,398485217e-10	1,771611191e-10	2,020553213e-12	5,806936014e-14	3,426045905e-12	6,256310032e-13	1,491704133e-14	4,835233369e-14	1,017804954e-13	9,200137803e-14	7,505275047e-12	6,856251949e-14	4,999999912e-15	4,999999912e-15	5,207771334e-14	3,393211406e-11	7,044699546e-11	1	1	1	1	1	1	1	0	0	0	0	0	0	0	0	0	0	3,917855809e-08	11,78990868	58,12866308	0	30,49667672	0,2700994985	0,02677304059	0
293,805	1785233918,061	28/07/2026_12:18:38,061	1	2	3,217128096e-06	2,788186976e-06	3,922223657e-12	8,825011034e-12	1,191215616e-11	2,444608925e-11	1,464059984e-10	1,859639942e-10	2,039261555e-12	7,505476953e-14	3,191676957e-12	6,828815942e-13	7,064640349e-14	4,999999912e-15	4,999999912e-15	4,999999912e-15	6,8768693e-12	1,589378992e-13	9,256405186e-14	7,663805707e-14	2,150242942e-14	3,23733991e-11	6,819306925e-11	1	1	1	1	1	1	1	0	0	0	0	0	0	0	0	0	0	2,68314371e-08	11,09227374	60,26800988	0	29,15010767	0,269227901	0,02487768931	0,009043310563
294,613	1785233918,869	28/07/2026_12:18:38,869	1	2	3,163522706e-06	2,789258588e-06	3,834169527e-12	8,372209176e-12	1,096957594e-11	2,20669906e-11	1,309577308e-10	1,646036224e-10	1,842782654e-12	1,28409219e-13	3,948119175e-12	5,394428394e-13	4,999999912e-15	2,710990273e-14	6,572967539e-14	9,627779666e-14	6,625332661e-12	8,764733053e-14	4,999999912e-15	4,999999912e-15	6,271833096e-14	8,726267625e-11	6,050990264e-11	1	1	1	1	1	1	1	0	0	0	0	0	0	0	0	0	0	1,531711727e-08	27,30481372	49,18411782	0	23,716907	0,2415513218	0,04517651324	0
295,421	1785233919,677	28/07/2026_12:18:39,677	1	2	2,739300726e-06	2,28435465e-06	2,269319281e-12	5,870224879e-12	4,218500115e-12	7,923903721e-12	4,293723363e-11	5,594082489e-11	4,292142542e-13	5,779384404e-14	1,512470531e-11	6,726368052e-13	8,44923903e-14	6,018429299e-14	4,999999912e-15	4,999999912e-15	6,729639415e-12	9,172584838e-14	8,502015281e-14	9,824526446e-14	8,185359129e-14	1,681976919e-10	6,460490476e-11	1	1	1	1	1	1	1	0	0	0	0	0	0	0	0	0	0	4,665400302e-08	56,89056119	16,58125133	0	27,17519554	0,1538945986	0,007580328345	0
296,229	1785233920,485	28/07/2026_12:18:40,485	1	2	2,621258545e-06	1,817137559e-06	1,308823167e-12	5,26534762e-12	1,280370558e-12	2,501736448e-12	1,455639949e-11	2,575056141e-11	2,952092238e-13	2,245822208e-13	1,867254094e-11	5,901972162e-13	4,999999912e-15	9,845091051e-15	5,827503329e-14	9,65222707e-14	7,087183271e-12	1,319444364e-13	6,088665525e-15	4,999999912e-15	2,024511066e-14	1,825687101e-10	6,6516119e-11	1	1	1	1	1	1	1	0	0	0	0	0	0	0	0	0	0	2,91810418e-08	64,95932353	6,038196236	0	29,49716937	0,09326137705	0,1010593957	0
297,037	1785233921,293	28/07/2026_12:18:41,293	1	2	2,636944373e-06	1,724844424e-06	8,487308621e-13	5,095043745e-12	8,519905701e-13	1,636664437e-12	9,097095473e-12	1,94279471e-11	7,925357961e-14	7,338610785e-14	1,938597373e-11	6,466289635e-13	8,667330363e-14	8,726315026e-14	3,122721808e-14	4,999999912e-15	6,951183552e-12	6,869833614e-14	4,38935116e-14	8,502791841e-14	1,039652712e-13	1,860486487e-10	6,711151079e-11	1	1	1	1	1	1	1	0	0	0	0	0	0	0	0	0	0	3,106261243e-08	66,82591735	3,776666846	0	30,04082455	0,06104022092	0,02543496476	0,03362639077
297,845	1785233922,101	28/07/2026_12:18:42,101	1	2	2,638413207e-06	1,689511237e-06	8,593986525e-13	5,139130874e-12	6,237683438e-13	1,079087449e-12	6,593488776e-12	1,660443831e-11	1,572886651e-13	2,169257883e-13	1,974456189e-11	6,388250931e-13	4,999999912e-15	4,999999912e-15	1,311644071e-14	7,657208336e-14	7,130734805e-12	1,736492894e-13	3,571708223e-14	4,999999912e-15	4,999999912e-15	1,882420886e-10	6,679373721e-11	1	1	1	1	1	1	1	0	0	0	0	0	0	0	0	0	0	2,479844898e-08	67,78972335	2,751426536	0	29,98518675	0,06196428607	0,09626917894	0
298,653	1785233922,909	28/07/2026_12:18:42,909	1	2	2,628375114e-06	1,713641268e-06	6,227594395e-13	4,968648756e-12	4,987663386e-13	9,613964356e-13	5,403711333e-12	1,514433891e-11	6,801923933e-14	4,721918657e-14	1,981840386e-11	6,213623908e-13	5,293144124e-14	9,459361056e-14	7,891597938e-14	4,999999912e-15	6,948797007e-12	3,874395108e-14	1,536719021e-14	3,567051236e-14	1,235584443e-13	1,900843788e-10	6,677177561e-11	1	1	1	1	1	1	1	0	0	0	0	0	0	0	0	0	0	3,026361752e-08	68,43533351	2,23065863	0	29,96384192	0,04489308269	0,0188748948	0,05429135366
299,461	1785233923,717	28/07/2026_12:18:43,717	1	2	2,632230235e-06	1,69339819e-06	7,138371925e-13	5,058670063e-12	4,636779242e-13	7,385799329e-13	4,387512055e-12	1,399224139e-11	8,241627866e-14	1,968165079e-13	2,002575709e-11	6,866108702e-13	4,999999912e-15	4,999999912e-15	4,999999912e-15	1,405554868e-14	7,089700788e-12	1,723221311e-13	8,064671842e-14	9,709270165e-15	4,999999912e-15	1,907476121e-10	6,610246378e-11	1	1	1	1	1	1	1	0	0	0	0	0	0	0	0	0	0	2,300154485e-08	68,91552629	1,834038002	0	29,77545516	0,05163603402	0,08363713536	0
300,269	1785233924,525	28/07/2026_12:18:44,525	1	2	2,619037105e-06	1,664443062e-06	5,652295038e-13	4,866041597e-12	3,378881376e-13	6,716821652e-13	3,97170144e-12	1,346313252e-11	1,025682496e-13	7,701835453e-14	1,991667074e-11	5,778957499e-13	1,812630178e-14	6,509713829e-14	8,071269212e-14	3,436275109e-14	6,978114701e-12	7,508965712e-15	4,999999912e-15	4,999999912e-15	8,002969896e-14	1,914266662e-10	6,638196243e-11	1	1	1	1	1	1	1	0	0	0	0	0	0	0	0	0	0	3,116687216e-08	69,10105988	1,6354606	0	29,86973159	0,04085461135	0,03688571184	0,03311850966
301,077	1785233925,333	28/07/2026_12:18:45,333	1	2	2,626622972e-06	1,707083698e-06	6,023630488e-13	5,02673337e-12	4,118407546e-13	6,162400234e-13	3,41353508e-12	1,284959725e-11	4,194156822e-14	1,577388122e-13	2,010825187e-11	6,846628299e-13	2,930632015e-14	4,999999912e-15	4,999999912e-15	4,999999912e-15	7,040177469e-12	1,542307406e-13	9,990227775e-14	3,244185316e-14	4,999999912e-15	1,902699526e-10	6,688884863e-11	1	1	1	1	1	1	1	0	0	0	0	0	0	0	0	0	0	2,573344253e-08	68,98810316	1,402920446	0	30,23130673	0,04372499425	0,06498989602	0
301,885	1785233926,141	28/07/2026_12:18:46,141	1	2	2,610049705e-06	1,650468789e-06	5,431060874e-13	4,881513596e-12	2,67272722e-13	5,188600743e-13	3,200264923e-12	1,258280546e-11	1,357047341e-13	1,47191314e-13	2,002771386e-11	5,682213597e-13	4,999999912e-15	2,468840155e-14	9,748854556e-14	9,174524882e-14	7,050662571e-12	3,412603248e-14	4,999999912e-15	4,999999912e-15	5,784429332e-14	1,917366543e-10	6,684462012e-11	1	1	1	1	1	1	1	0	0	0	0	0	0	0	0	0	0	3,117469677e-08	69,20918801	1,298146561	0	30,07507896	0,03925189121	0,07045793255	0,01973837612
302,693	1785233926,949	28/07/2026_12:18:46,949	1	2	2,614006235e-06	1,672116127e-06	5,06946644e-13	4,986654752e-12	3,687350447e-13	5,616476251e-13	2,914628825e-12	1,221620461e-11	4,999999912e-15	1,092312479e-13	2,01195987e-11	7,064407653e-13	6,784848426e-14	6,410757003e-15	4,999999912e-15	4,999999912e-15	7,035178429e-12	1,121184241e-13	9,718585664e-14	8,191179262e-14	4,530993365e-14	1,919091275e-10	6,681886294e-11	1	1	1	1	1	1	1	0	0	0	0	0	0	0	0	0	0	2,688492389e-08	69,34995829	1,176758152	0	30,09969388	0,03667874846	0,04163650289	0,0104144351
303,501	1785233927,757	28/07/2026_12:18:47,757	1	2	2,623644377e-06	1,655536039e-06	5,601846569e-13	4,955652208e-12	2,274771625e-13	4,236805134e-13	2,728604669e-12	1,211751012e-11	1,352739806e-13	1,932346969e-13	2,010920944e-11	5,724163006e-13	4,999999912e-15	4,999999912e-15	6,647863548e-14	1,11586772e-13	7,111343198e-12	8,622314288e-14	4,999999912e-15	4,999999912e-15	2,46612372e-14	1,918092213e-10	6,701535854e-11	1	1	1	1	1	1	1	0	0	0	0	0	0	0	0	0	0	2,80283895e-08	69,27606705	1,11144899	0	30,1731112	0,04050854237	0,09011204222	0,003229205247
304,309	1785233928,565	28/07/2026_12:18:48,565	1	2	2,620886335e-06	1,65490178e-06	4,269867879e-13	4,933951685e-12	3,0519787e-13	5,112424698e-13	2,632660366e-12	1,185679506e-11	4,999999912e-15	6,714609744e-14	2,016940781e-11	6,667150013e-13	7,124402251e-14	6,245833251e-14	4,999999912e-15	4,999999912e-15	6,982833582e-12	6,736341221e-14	5,587682552e-14	7,943984554e-14	8,527628202e-14	1,919646803e-10	6,682070869e-11	1	1	1	1	1	1	1	0	0	0	0	0	0	0	0	0	0	2,872048677e-08	69,46216549	1,049948445	0	30,1378409	0,03093383808	0,02471446913	0,03361495073
305,117	1785233929,373	28/07/2026_12:18:49,373	1	2	2,624929721e-06	1,649834758e-06	5,437890806e-13	4,977318037e-12	2,273490912e-13	3,500072682e-13	2,410018365e-12	1,172082917e-11	1,249011338e-13	2,135030976e-13	2,015619442e-11	5,857617451e-13	4,999999912e-15	4,999999912e-15	1,816898716e-14	6,414638785e-14	7,119333768e-12	1,297751782e-13	1,872779343e-14	4,999999912e-15	4,999999912e-15	1,917184328e-10	6,629767568e-11	1	1	1	1	1	1	1	0	0	0	0	0	0	0	0	0	0	2,437791066e-08	69,54211192	0,9954446181	0	29,98272619	0,03949155096	0,09823398873	0
305,925	1785233930,181	28/07/2026_12:18:50,181	1	2	2,624183253e-06	1,687568442e-06	3,799267487e-13	4,879347794e-12	2,486381055e-13	4,55893461e-13	2,387720447e-12	1,156598688e-11	4,999999912e-15	5,038576503e-14	2,01335372e-11	6,191271996e-13	6,208966989e-14	7,025445763e-14	3,619827487e-14	4,999999912e-15	6,935012894e-12	2,520840185e-14	3,520484075e-14	4,75917286e-14	1,123512497e-13	1,916754672e-10	6,66791275e-11	1	1	1	1	1	1	1	0	0	0	0	0	0	0	0	0	0	3,00479137e-08	69,55104236	0,9493947226	0	30,15727166	0,02760136291	0,01818257324	0,05102773206
306,733	1785233930,989	28/07/2026_12:18:50,989	1	2	2,612081744e-06	1,677894488e-06	4,916958225e-13	5,024583614e-12	2,476834655e-13	3,212597289e-13	2,171500826e-12	1,143501526e-11	8,016552239e-14	2,209538704e-13	2,03136067e-11	6,418287126e-13	4,999999912e-15	4,999999912e-15	4,999999912e-15	4,036604289e-14	7,092712702e-12	1,721824045e-13	3,381558475e-14	4,999999912e-15	4,999999912e-15	1,91511057e-10	6,655362372e-11	1	1	1	1	1	1	1	0	0	0	0	0	0	0	0	0	0	2,305839907e-08	69,53787444	0,8866544542	0	30,12714866	0,03574174876	0,09710784603	0
307,541	1785233931,797	28/07/2026_12:18:51,797	1	2	2,617249265e-06	1,677894488e-06	3,34380066e-13	4,857690205e-12	2,165338357e-13	3,968422813e-13	2,20812214e-12	1,140897359e-11	5,190308226e-14	5,829831653e-14	2,008431442e-11	5,899721358e-13	5,193412432e-14	7,996761483e-14	8,468642861e-14	7,136425375e-15	6,950143152e-12	4,999999912e-15	4,999999912e-15	1,936809444e-14	8,962256393e-14	1,919961551e-10	6,551270637e-11	1	1	1	1	1	1	1	0	0	0	0	0	0	0	0	0	0	2,661024016e-08	69,92217761	0,9192627991	0	29,7465922	0,02438225472	0,02659030666	0,04616161739
308,349	1785233932,605	28/07/2026_12:18:52,605	1	2	2,611622449e-06	1,654267862e-06	4,369948685e-13	4,987656121e-12	2,913635316e-13	3,394830261e-13	2,009291605e-12	1,123147061e-11	3,782037007e-14	1,570015006e-13	2,020583353e-11	7,124557563e-13	6,620305331e-15	4,999999912e-15	4,999999912e-15	4,999999912e-15	7,046533496e-12	1,662838975e-13	9,280076707e-14	2,707885728e-14	4,999999912e-15	1,922582094e-10	6,673488845e-11	1	1	1	1	1	1	1	0	0	0	0	0	0	0	0	0	0	2,483820388e-08	69,66158439	0,809836938	0	30,1457725	0,0317012214	0,06624006636	0
309,157	1785233933,413	28/07/2026_12:18:53,413	1	2	2,609559488e-06	1,660620796e-06	3,626968517e-13	4,81114237e-12	1,762725708e-13	3,698681715e-13	2,064434994e-12	1,11528729e-11	1,011440687e-13	1,112957247e-13	2,044901574e-11	5,453335808e-13	4,999999912e-15	4,681560586e-14	6,860907919e-14	6,224489376e-14	6,860163913e-12	1,514987375e-14	4,999999912e-15	6,488367244e-15	6,674638598e-14	1,979957448e-10	6,893600968e-11	1	1	1	1	1	1	1	0	0	0	0	0	0	0	0	0	0	3,952110721e-08	69,79797423	0,7197173243	0	30,28096086	0,0256032867	0,05270480324	0,0118801016
309,965	1785233934,221	28/07/2026_12:18:54,221	1	2	2,675344149e-06	1,686275482e-06	3,915762571e-13	5,201197112e-12	3,314734555e-13	4,901126163e-13	3,207467278e-12	1,442984881e-11	4,759948742e-14	1,47905356e-13	2,121236867e-11	7,774945509e-13	4,859292832e-14	4,999999912e-15	4,999999912e-15	4,999999912e-15	8,198358659e-12	1,399889319e-13	9,692972065e-14	5,275293074e-14	4,999999912e-15	8,882857644e-11	7,696584342e-11	1	1	1	1	1	1	1	0	0	0	0	0	0	0	0	0	0	4,7205403e-08	47,89095273	2,058015519	0	51,07983337	0,04174601595	0,09033886024	0,01004446468
310,773	1785233935,029	28/07/2026_12:18:55,029	1	2	3,206769179e-06	2,281730076e-06	2,638112818e-12	8,718057526e-12	1,040736247e-11	2,139253184e-11	1,279603368e-10	1,637412844e-10	1,857691952e-12	1,056455745e-13	5,383749002e-12	5,95905649e-13	4,999999912e-15	9,654939778e-15	7,02854997e-14	8,822942512e-14	7,521682929e-12	7,537685211e-14	4,999999912e-15	4,999999912e-15	1,648480275e-14	4,504948151e-11	7,029297977e-11	1	1	1	1	1	1	1	0	0	0	0	0	0	0	0	0	0	2,231737519e-08	15,82999043	53,86405528	0	30,75600985	0,1853492887	0,04613442007	0
311,581	1785233935,837	28/07/2026_12:18:55,837	1	2	3,193694283e-06	2,674100415e-06	3,230816873e-12	8,547679058e-12	1,092988807e-11	2,215484914e-11	1,316429049e-10	1,678367306e-10	1,745911141e-12	2,802960771e-14	4,412724526e-12	7,058625602e-13	7,888104097e-14	1,635674831e-14	4,999999912e-15	4,999999912e-15	7,389536032e-12	1,047103485e-13	6,174429728e-14	6,935028046e-14	3,06684135e-14	4,028561512e-11	7,038353927e-11	1	1	1	1	1	1	1	0	0	0	0	0	0	0	0	0	0	3,327818683e-08	14,17913524	55,49218147	0	30,85651617	0,2275742757	0	0
312,389	1785233936,645	28/07/2026_12:18:56,645	1	2	3,184366051e-06	2,692614544e-06	3,487308966e-12	8,595815032e-12	1,101942235e-11	2,24468881e-11	1,347531947e-10	1,703586439e-10	1,934058165e-12	1,369814635e-13	4,099109073e-12	6,08242135e-13	4,999999912e-15	4,999999912e-15	2,872811174e-14	8,581956895e-14	7,507723609e-12	1,351808747e-13	4,999999912e-15	4,999999912e-15	4,999999912e-15	3,841650262e-11	7,028410492e-11	1	1	1	1	1	1	1	0	0	0	0	0	0	0	0	0	0	3,939566823e-08	13,46394832	56,32802523	0	30,66183612	0,2446645931	0,05765291505	0
313,197	1785233937,453	28/07/2026_12:18:57,453	1	2	3,177693543e-06	2,72271177e-06	3,411020164e-12	8,627359244e-12	1,126204165e-11	2,278312261e-11	1,363327923e-10	1,72573178e-10	1,808641019e-12	4,999999912e-15	3,903965692e-12	6,71825822e-13	7,539238331e-14	6,216727166e-14	4,999999912e-15	4,999999912e-15	7,36763775e-12	8,7096278e-14	4,984248488e-14	5,490278845e-14	8,203596765e-14	3,722873745e-11	6,965528848e-11	1	1	1	1	1	1	1	0	0	0	0	0	0	0	0	0	0	3,64634519e-08	13,04240616	57,05987019	0	30,38998068	0,2392568402	0	0
314,005	1785233938,261	28/07/2026_12:18:58,261	1	2	3,198058721e-06	2,730024562e-06	3,607053241e-12	8,713136983e-12	1,126002416e-11	2,272777105e-11	1,364176272e-10	1,725397741e-10	1,925695714e-12	1,47230142e-13	3,888086034e-12	6,686281845e-13	4,999999912e-15	4,999999912e-15	7,776728073e-15	5,16430838e-14	7,501503758e-12	1,812242305e-13	2,693139054e-14	4,999999912e-15	4,999999912e-15	3,638532878e-11	7,025770243e-11	1	1	1	1	1	1	1	0	0	0	0	0	0	0	0	0	0	3,574235263e-08	12,74763745	57,04464451	0	30,64567427	0,2529738756	0,0583692061	0
314,813	1785233939,069	28/07/2026_12:18:59,069	1	2	3,184120487e-06	2,764774763e-06	3,495551505e-12	8,618507817e-12	1,130770564e-11	2,302801699e-11	1,371695396e-10	1,735966093e-10	1,870028438e-12	4,999999912e-15	3,673593547e-12	6,514720404e-13	4,671859348e-14	5,559741645e-14	6,19926609e-14	4,999999912e-15	7,363319156e-12	6,07198211e-14	7,881504355e-15	2,759497478e-14	1,043067542e-13	3,572250828e-11	7,037508076e-11	1	1	1	1	1	1	1	0	0	0	0	0	0	0	0	0	0	4,013985711e-08	12,50049009	57,34281568	0	30,67015076	0,2449535636	0	0
315,621	1785233939,877	28/07/2026_12:18:59,877	1	2	3,187687071e-06	2,734218242e-06	3,68372997e-12	8,753739053e-12	1,137417244e-11	2,309410822e-11	1,37849121e-10	1,746652822e-10	1,922106137e-12	1,42491921e-13	3,772363064e-12	7,120094445e-13	4,999999912e-15	4,999999912e-15	4,999999912e-15	2,411795535e-14	7,520095657e-12	2,120633855e-13	7,959507619e-14	4,999999912e-15	4,999999912e-15	3,512551708e-11	7,00934033e-11	1	1	1	1	1	1	1	0	0	0	0	0	0	0	0	0	0	3,32990105e-08	12,27996848	57,60822308	0	30,51677473	0,2577865183	0,0536291857	0
316,429	1785233940,685	28/07/2026_12:19:00,685	1	2	3,188635901e-06	2,68849044e-06	3,571898636e-12	8,629708059e-12	1,131659176e-11	2,316488494e-11	1,382505499e-10	1,747052225e-10	1,945257974e-12	1,976391463e-14	3,573714892e-12	6,23772247e-13	4,999999912e-15	5,897353732e-14	8,542374029e-14	5,673831224e-14	7,35756768e-12	5,38821849e-14	4,999999912e-15	3,32684184e-14	8,837300059e-14	3,487486688e-11	7,00058761e-11	1	1	1	1	1	1	1	0	0	0	0	0	0	0	0	0	0	4,033889508e-08	12,20550622	57,77591732	0	30,51131421	0,2503456915	0,006646694259	0
317,237	1785233941,493	28/07/2026_12:19:01,493	1	2	3,188121354e-06	2,755253263e-06	3,717006303e-12	8,770748017e-12	1,152690964e-11	2,319507954e-11	1,376211506e-10	1,760151747e-10	1,905027568e-12	8,070880932e-14	3,659743949e-12	7,441058403e-13	3,184423753e-14	4,999999912e-15	4,999999912e-15	4,999999912e-15	7,451156879e-12	1,932153032e-13	1,065070612e-13	2,383467027e-14	4,999999912e-15	3,477055102e-11	7,050147272e-11	1	1	1	1	1	1	1	0	0	0	0	0	0	0	0	0	0	2,677262369e-08	12,11781791	57,66339808	0	30,64029576	0,2593528278	0,02636326367	0,009530054808
318,045	1785233942,301	28/07/2026_12:19:02,301	1	2	3,186956064e-06	2,752087767e-06	3,708941574e-12	8,618838282e-12	1,137811807e-11	2,326240763e-11	1,390853127e-10	1,754552059e-10	2,002997377e-12	7,553208276e-14	3,545848077e-12	6,158364292e-13	4,999999912e-15	2,728840815e-14	9,651840145e-14	1,078497507e-13	7,412528924e-12	5,687414244e-14	4,999999912e-15	4,999999912e-15	4,349381369e-14	3,450231073e-11	7,062170987e-11	1	1	1	1	1	1	1	0	0	0	0	0	0	0	0	0	0	4,470550752e-08	12,0275753	57,82832461	0	30,64791234	0,2589199536	0,03370468579	0
318,853	1785233943,109	28/07/2026_12:19:03,109	1	2	3,20961999e-06	2,77326626e-06	3,730188033e-12	8,764435358e-12	1,155204318e-11	2,339549214e-11	1,380249387e-10	1,756344514e-10	1,874359175e-12	7,011087538e-14	3,588592964e-12	7,230768718e-13	8,594375076e-14	4,999999912e-15	4,999999912e-15	4,999999912e-15	7,441195229e-12	1,585886641e-13	8,578853367e-14	6,992461623e-14	3,021825954e-14	3,377095131e-11	7,052976952e-11	1	1	1	1	1	1	1	0	0	0	0	0	0	0	0	0	0	3,16874215e-08	11,81660176	57,88717504	0	30,75078737	0,2612906895	0,01913561015	0
319,661	1785233943,917	28/07/2026_12:19:03,917	1	2	3,202338348e-06	2,76689434e-06	3,798646727e-12	8,678646343e-12	1,146782235e-11	2,333550193e-11	1,39146264e-10	1,764254576e-10	2,025365119e-12	1,430080284e-13	3,522518215e-12	5,87197554e-13	4,999999912e-15	1,643823796e-14	7,545446744e-14	1,201590368e-13	7,533045368e-12	1,167130628e-13	4,999999912e-15	4,999999912e-15	2,994274005e-14	3,370398405e-11	7,027603499e-11	1	1	1	1	1	1	1	0	0	0	0	0	0	0	0	0	0	3,750720632e-08	11,7578313	58,07772024	0	30,53865539	0,2653321016	0,0621557088	0
320,469	1785233944,725	28/07/2026_12:19:04,725	1	2	3,194950978e-06	2,796750096e-06	3,712283519e-12	8,765994007e-12	1,156242029e-11	2,35013016e-11	1,393887644e-10	1,764913354e-10	1,864479057e-12	1,403614401e-14	3,510802109e-12	7,184434254e-13	8,379389305e-14	4,467739655e-14	4,999999912e-15	4,999999912e-15	7,396156604e-12	1,175706803e-13	7,16864041e-14	8,897837165e-14	7,410790189e-14	3,34561337e-11	7,087776893e-11	1	1	1	1	1	1	1	0	0	0	0	0	0	0	0	0	0	3,75893022e-08	11,6641325	58,08326066	0	30,77410578	0,2591287049	0	0
321,277	1785233945,533	28/07/2026_12:19:05,533	1	2	3,192980103e-06	2,770077117e-06	3,858636067e-12	8,759186952e-12	1,146648401e-11	2,331766377e-11	1,394333121e-10	1,77157039e-10	2,006858655e-12	1,521313322e-13	3,555995776e-12	6,235472208e-13	4,999999912e-15	4,999999912e-15	3,295021184e-14	8,67509054e-14	7,548842627e-12	1,812513898e-13	4,999999912e-15	4,999999912e-15	4,999999912e-15	3,368277185e-11	7,051269291e-11	1	1	1	1	1	1	1	0	0	0	0	0	0	0	0	0	0	3,356246894e-08	11,71686097	58,09473148	0	30,56160306	0,268725677	0,06309770087	0
322,085	1785233946,341	28/07/2026_12:19:06,341	1	2	3,199879529e-06	2,813955916e-06	3,714607615e-12	8,735288534e-12	1,15361375e-11	2,342131003e-11	1,394855481e-10	1,770731894e-10	1,886485976e-12	4,999999912e-15	3,463113477e-12	6,8697565e-13	5,173621676e-14	7,685148904e-14	2,92287116e-14	4,999999912e-15	7,36647375e-12	9,041808372e-14	1,414092029e-14	4,437859043e-14	9,491958272e-14	3,353002598e-11	7,022028098e-11	1	1	1	1	1	1	1	0	0	0	0	0	0	0	0	0	0	3,449000788e-08	11,69354245	58,25754739	0	30,51620059	0,2594119428	0	0,01943423543
322,893	1785233947,149	28/07/2026_12:19:07,149	1	2	3,218199026e-06	2,761601309e-06	3,88120959e-12	8,82339167e-12	1,153950633e-11	2,336737227e-11	1,396147642e-10	1,771533753e-10	2,003431709e-12	1,460814705e-13	3,576116833e-12	6,934951203e-13	4,999999912e-15	4,999999912e-15	4,999999912e-15	5,611353735e-14	7,541411072e-12	1,997269537e-13	3,798335615e-14	4,999999912e-15	4,999999912e-15	3,355889525e-11	7,065922153e-11	1	1	1	1	1	1	1	0	0	0	0	0	0	0	0	0	0	3,289848584e-08	11,67178816	58,10859728	0	30,61310782	0,2702269004	0,06023160901	0
323,701	1785233947,957	28/07/2026_12:19:07,957	1	2	3,205662097e-06	2,759479457e-06	3,731740177e-12	8,73394846e-12	1,164856232e-11	2,38186363e-11	1,432215319e-10	1,82218865e-10	2,004623464e-12	4,999999912e-15	3,184203118e-12	5,867280403e-13	3,481290505e-14	7,281177885e-14	6,439862749e-14	5,754935814e-15	6,632864397e-12	6,30326615e-14	4,999999912e-15	3,214304704e-14	8,39879178e-14	3,142231614e-11	6,702826488e-11	1	1	1	1	1	1	1	0	0	0	0	0	0	0	0	0	0	2,277611234e-08	11,00092236	60,27316417	0	29,27770391	0,2616653499	0	0,05526539344
324,509	1785233948,765	28/07/2026_12:19:08,765	1	2	3,174250878e-06	2,802116796e-06	3,835050333e-12	8,544023995e-12	1,126890768e-11	2,262347774e-11	1,340737105e-10	1,689939993e-10	1,818889657e-12	1,1854859e-13	3,573900941e-12	6,790630883e-13	4,999999912e-15	4,999999912e-15	4,999999912e-15	2,184392261e-14	6,684733062e-12	1,781857268e-13	9,691034054e-14	4,999999912e-15	4,999999912e-15	7,126351592e-11	6,073877512e-11	1	1	1	1	1	1	1	0	0	0	0	0	0	0	0	0	0	9,732159772e-09	23,14466701	52,36307492	0	24,71405049	0,2506582223	0,03636196186	0
325,317	1785233949,573	28/07/2026_12:19:09,573	1	2	2,808271347e-06	2,350975365e-06	2,46594585e-12	6,076351661e-12	5,08457729e-12	9,696753817e-12	5,331457151e-11	6,74914985e-11	6,642430746e-13	6,560550036e-14	1,381790862e-11	5,487562444e-13	2,192541565e-14	6,563653565e-14	9,317330571e-14	6,610221403e-14	6,672318947e-12	2,667527657e-14	4,999999912e-15	5,875234398e-15	8,4698077e-14	1,640581976e-10	6,511900047e-11	1	1	1	1	1	1	1	0	0	0	0	0	0	0	0	0	0	5,545163069e-08	53,99284539	20,05679552	0	26,6405565	0,1628024779	0,01929097766	0
326,125	1785233950,381	28/07/2026_12:19:10,381	1	2	2,61505761e-06	1,811575657e-06	1,28826355e-12	5,297859373e-12	1,546991376e-12	2,804198714e-12	1,584847878e-11	2,690020776e-11	1,737851128e-13	1,473038542e-13	1,850093169e-11	7,157037549e-13	3,551141247e-14	4,999999912e-15	4,999999912e-15	4,999999912e-15	6,995949826e-12	1,497253656e-13	1,076285667e-13	6,491086558e-14	1,284868089e-14	1,813460354e-10	6,674136938e-11	1	1	1	1	1	1	1	0	0	0	0	0	0	0	0	0	0	3,166688091e-08	64,52213848	6,506018902	0	29,58569126	0,09179553001	0,0555321397	0
326,933	1785233951,189	28/07/2026_12:19:11,189	1	2	2,638556452e-06	1,727490258e-06	9,264400228e-13	5,053943809e-12	8,04371706e-13	1,606476996e-12	9,502887192e-12	1,993772335e-11	1,970105394e-13	1,500396893e-13	1,926997971e-11	5,81345627e-13	4,999999912e-15	2,918214512e-14	9,925034021e-14	1,010199072e-13	7,048931751e-12	6,379713923e-14	4,999999912e-15	4,999999912e-15	5,299353553e-14	1,862350274e-10	6,684400256e-11	1	1	1	1	1	1	1	0	0	0	0	0	0	0	0	0	0	3,196254346e-08	66,75252256	3,952471174	0	29,86084066	0,06649375106	0,06836378485	0,006744126393
327,741	1785233951,997	28/07/2026_12:19:11,997	1	2	2,640907951e-06	1,725503694e-06	7,641570211e-13	5,100655141e-12	7,154476664e-13	1,241207549e-12	6,862030909e-12	1,681351586e-11	5,59311576e-14	1,219324663e-13	1,967941955e-11	6,996458534e-13	8,306434696e-14	1,55418213e-14	4,999999912e-15	4,999999912e-15	7,01509727e-12	1,244781459e-13	9,774854401e-14	7,378193651e-14	5,226786885e-14	1,876939992e-10	6,616635712e-11	1	1	1	1	1	1	1	0	0	0	0	0	0	0	0	0	0	2,505745475e-08	67,87238414	2,876429	0	29,82540446	0,05532566374	0,04641655769	0,0111069379
328,549	1785233952,805	28/07/2026_12:19:12,805	1	2	2,638946626e-06	1,690156864e-06	7,545681202e-13	5,008703955e-12	4,507321979e-13	8,852667948e-13	5,44280376e-12	1,526978197e-11	1,704594311e-13	1,930600726e-13	1,982915047e-11	5,614070949e-13	4,999999912e-15	2,613199133e-14	6,118160991e-14	9,284733355e-14	7,109228137e-12	8,347180369e-14	4,999999912e-15	4,999999912e-15	3,976067183e-14	1,903802394e-10	6,730052626e-11	1	1	1	1	1	1	1	0	0	0	0	0	0	0	0	0	0	3,021461923e-08	68,2469704	2,238344614	0	30,0720826	0,05416133941	0,08912835201	0,005859518476
329,357	1785233953,613	28/07/2026_12:19:13,613	1	2	2,639952982e-06	1,683045866e-06	5,738443574e-13	4,993620101e-12	4,790954959e-13	8,475046836e-13	4,580754612e-12	1,415898735e-11	4,999999912e-15	7,656820056e-14	1,990970236e-11	6,599317447e-13	6,576460025e-14	7,405356981e-14	4,999999912e-15	4,999999912e-15	6,950081136e-12	7,700284366e-14	5,365712147e-14	8,066611886e-14	7,852403352e-14	1,906493435e-10	6,629310295e-11	1	1	1	1	1	1	1	0	0	0	0	0	0	0	0	0	0	2,678988879e-08	68,87164248	1,898950506	0	29,85390241	0,04150663188	0,02565561497	0,03019880767
330,165	1785233954,421	28/07/2026_12:19:14,421	1	2	2,624594572e-06	1,694698426e-06	6,897037195e-13	5,033791526e-12	3,495764875e-13	6,062241638e-13	3,900981101e-12	1,347814308e-11	1,370435476e-13	2,071738235e-13	2,005635762e-11	6,004188032e-13	4,999999912e-15	4,999999912e-15	2,599616791e-14	7,070074235e-14	7,11132802e-12	1,416071308e-13	1,752092564e-14	4,999999912e-15	4,999999912e-15	1,901519081e-10	6,632159405e-11	1	1	1	1	1	1	1	0	0	0	0	0	0	0	0	0	0	2,397170166e-08	68,91719394	1,634402546	0	29,96736965	0,05004553364	0,09460651678	0
330,973	1785233955,229	28/07/2026_12:19:15,229	1	2	2,625941534e-06	1,680470064e-06	4,995812249e-13	4,900389122e-12	3,435188874e-13	6,46268141e-13	3,590777415e-12	1,298427772e-11	4,999999912e-15	5,914816841e-14	1,992296779e-11	6,412388524e-13	4,555053844e-14	7,482581313e-14	2,63958692e-14	4,999999912e-15	6,926761682e-12	2,782392948e-14	1,565435641e-14	5,47397956e-14	1,047530321e-13	1,912262015e-10	6,651779128e-11	1	1	1	1	1	1	1	0	0	0	0	0	0	0	0	0	0	2,998702898e-08	69,18113057	1,466766061	0	29,99684983	0,03618883384	0,01997493274	0,04600525643
331,781	1785233956,037	28/07/2026_12:19:16,037	1	2	2,622192824e-06	1,668277946e-06	6,047029197e-13	5,023609567e-12	3,367549295e-13	4,857080992e-13	3,117735887e-12	1,257233206e-11	7,616461986e-14	1,983260425e-13	2,015012809e-11	6,446886753e-13	4,999999912e-15	4,999999912e-15	4,999999912e-15	2,770363217e-14	7,094067087e-12	1,665361371e-13	3,990425408e-14	4,999999912e-15	4,999999912e-15	1,894910756e-10	6,656736273e-11	1	1	1	1	1	1	1	0	0	0	0	0	0	0	0	0	0	2,408021598e-08	69,02650197	1,3022999	0	30,22873683	0,04409709849	0,08615962373	0
332,589	1785233956,845	28/07/2026_12:19:16,845	1	2	2,63225661e-06	1,644781264e-06	4,386441026e-13	4,853359468e-12	2,644515466e-13	5,200747602e-13	3,008380437e-12	1,235495647e-11	2,25812343e-14	4,133231775e-14	2,001441721e-11	5,864795954e-13	3,372633458e-14	7,824462107e-14	7,81514881e-14	4,999999912e-15	6,973100916e-12	4,999999912e-15	4,999999912e-15	1,63412205e-14	8,727866791e-14	1,919706338e-10	6,661718399e-11	1	1	1	1	1	1	1	0	0	0	0	0	0	0	0	0	0	3,12740312e-08	69,40265214	1,224341919	0	30,0209723	0,03175256758	0,01525523602	0,03830586444
333,397	1785233957,653	28/07/2026_12:19:17,653	1	2	2,617329983e-06	1,673398174e-06	5,461989368e-13	5,010135969e-12	3,416135105e-13	4,549582282e-13	2,670488396e-12	1,202428174e-11	4,460754343e-14	1,631367296e-13	2,01907345e-11	6,941896602e-13	4,999999912e-15	4,999999912e-15	4,999999912e-15	4,999999912e-15	7,061516736e-12	1,552823896e-13	9,607988233e-14	6,236125914e-15	4,999999912e-15	1,912582592e-10	6,693111343e-11	1	1	1	1	1	1	1	0	0	0	0	0	0	0	0	0	0	2,544446967e-08	69,29285616	1,09086348	0	30,22914611	0,03961787886	0,06852015847	0
334,205	1785233958,461	28/07/2026_12:19:18,461	1	2	2,614858658e-06	1,653000481e-06	4,390399719e-13	4,840189013e-12	2,086251907e-13	4,421754846e-13	2,633521656e-12	1,19917392e-11	9,077898074e-14	9,9471531e-14	1,995095061e-11	5,617602195e-13	4,999999912e-15	4,86821751e-14	8,441478853e-14	7,435625873e-14	7,004292979e-12	5,033137535e-15	4,999999912e-15	4,999999912e-15	6,057234927e-14	1,919034653e-10	6,677199765e-11	1	1	1	1	1	1	1	0	0	0	0	0	0	0	0	0	0	3,152577792e-08	69,43252634	1,076593228	0	30,11633514	0,03180690723	0,04695743382	0,02533797627
335,013	1785233959,269	28/07/2026_12:19:19,269	1	2	2,621190788e-06	1,658710971e-06	4,649119089e-13	4,985039725e-12	3,334060187e-13	4,388963422e-13	2,424834639e-12	1,163912803e-11	4,999999912e-15	1,318939803e-13	2,013891137e-11	6,846472174e-13	3,804544706e-14	4,999999912e-15	4,999999912e-15	4,999999912e-15	7,028038741e-12	1,277029291e-13	8,892792915e-14	4,738994163e-14	4,999999912e-15	1,925080095e-10	6,65876243e-11	1	1	1	1	1	1	1	0	0	0	0	0	0	0	0	0	0	2,547809115e-08	69,63065334	0,9746885107	0	30,02613947	0,03366923018	0,05174637544	0
335,821	1785233960,077	28/07/2026_12:19:20,077	1	2	2,616899565e-06	1,665719083e-06	4,577677213e-13	4,873228123e-12	1,823379501e-13	3,660302313e-13	2,334350378e-12	1,161262839e-11	1,269229269e-13	1,673743473e-13	2,007414721e-11	5,586014507e-13	4,999999912e-15	2,015973482e-14	7,178729589e-14	9,696465907e-14	7,066172734e-12	5,402964995e-14	4,999999912e-15	4,999999912e-15	3,71412631e-14	1,915565762e-10	6,578865924e-11	1	1	1	1	1	1	1	0	0	0	0	0	0	0	0	0	0	2,670756144e-08	69,7008455	0,9756326641	0	29,8454141	0,03334952311	0,07963939923	0,01589950307
336,629	1785233960,885	28/07/2026_12:19:20,885	1	2	2,634159955e-06	1,689511237e-06	4,045064522e-13	4,932985444e-12	3,132656352e-13	4,528742832e-13	2,244378728e-12	1,13934322e-11	4,999999912e-15	9,523779606e-14	2,01441936e-11	6,914538386e-13	7,096072726e-14	2,526272716e-14	4,999999912e-15	4,999999912e-15	6,956705177e-12	1,053584168e-13	7,192311254e-14	8,964971642e-14	4,280306849e-14	1,918083053e-10	6,632794314e-11	1	1	1	1	1	1	1	0	0	0	0	0	0	0	0	0	0	2,643955858e-08	69,69970612	0,9021828842	0	30,0457572	0,02942952369	0,0370147057	0,01102598016
337,437	1785233961,693	28/07/2026_12:19:21,693	1	2	2,608448767e-06	1,663168064e-06	4,984131597e-13	4,907897873e-12	1,752985506e-13	3,128271568e-13	2,138139275e-12	1,142098048e-11	1,149784342e-13	2,014693344e-13	2,018712628e-11	5,677984125e-13	4,999999912e-15	4,999999912e-15	3,44791673e-14	9,911451e-14	7,059816273e-12	1,002321327e-13	4,999999912e-15	4,999999912e-15	1,622480091e-14	1,923098486e-10	6,704482802e-11	1	1	1	1	1	1	1	0	0	0	0	0	0	0	0	0	0	2,894649075e-08	69,52013574	0,8585748784	0	30,21285389	0,03607404836	0,0923491797	0
338,245	1785233962,501	28/07/2026_12:19:22,501	1	2	2,608829163e-06	1,648570787e-06	3,307400198e-13	4,887656252e-12	2,471673311e-13	4,274136654e-13	2,142268134e-12	1,127783197e-11	4,999999912e-15	4,658665624e-14	2,011036823e-11	6,4550367e-13	7,319207631e-14	7,120520807e-14	4,999999912e-15	4,999999912e-15	6,932657139e-12	4,106067428e-14	4,49412778e-14	7,325416722e-14	8,340582999e-14	1,915600872e-10	6,609546938e-11	1	1	1	1	1	1	1	0	0	0	0	0	0	0	0	0	0	2,745978156e-08	69,77125488	0,8653825128	0	30,01010665	0,02411871362	0,016968593	0,03706147663
339,053	1785233963,309	28/07/2026_12:19:23,309	1	2	2,616100801e-06	1,666357662e-06	4,668328441e-13	4,949955376e-12	1,990400845e-13	2,940683179e-13	1,965367105e-12	1,117518925e-11	8,408105077e-14	2,141589179e-13	2,035565813e-11	5,909810944e-13	4,999999912e-15	4,999999912e-15	4,999999912e-15	5,520936356e-14	6,853159099e-12	1,506722129e-13	1,776928417e-14	4,999999912e-15	4,999999912e-15	1,964465396e-10	6,660041962e-11	1	1	1	1	1	1	1	0	0	0	0	0	0	0	0	0	0	2,526782262e-08	70,19565506	0,7814132333	0	29,67334956	0,03340245992	0,09352487701	0
339,861	1785233964,117	28/07/2026_12:19:24,117	1	2	2,646954044e-06	1,659348527e-06	2,837886176e-13	5,012987855e-12	2,039413018e-13	3,859571625e-13	2,290231806e-12	1,21349996e-11	1,925555933e-14	4,359470548e-14	2,143211997e-11	6,560162027e-13	4,620247598e-14	7,973089284e-14	3,881380081e-14	4,999999912e-15	7,927865829e-12	3,313260175e-14	4,999999912e-15	2,558870609e-14	8,15315087e-14	1,184665976e-10	7,754374226e-11	1	1	1	1	1	1	1	0	0	0	0	0	0	0	0	0	0	6,029059339e-08	55,39058374	0,9458765569	0	44,82285935	0,02637908773	0,02248886368	0,005099658948
340,669	1785233964,925	28/07/2026_12:19:24,925	1	2	3,139780802e-06	2,152595016e-06	2,351238778e-12	8,785265918e-12	1,022798166e-11	2,092058297e-11	1,254109872e-10	1,625949236e-10	1,774006723e-12	1,139617101e-13	5,827111797e-12	7,046207693e-13	4,999999912e-15	4,999999912e-15	4,999999912e-15	1,101703228e-14	7,539623439e-12	1,865755678e-13	5,665294487e-14	4,999999912e-15	4,999999912e-15	4,604987225e-11	7,061827512e-11	1	1	1	1	1	1	1	0	0	0	0	0	0	0	0	0	0	9,366389203e-09	16,20996193	53,22605082	0	30,9808089	0,1653758433	0,04342924903	0,06042237852
341,477	1785233965,733	28/07/2026_12:19:25,733	1	2	3,19082892e-06	2,700881396e-06	3,089407419e-12	8,458099672e-12	1,077346979e-11	2,204460746e-11	1,313752718e-10	1,673485378e-10	1,815047895e-12	4,999999912e-15	4,376666564e-12	6,146994263e-13	4,999999912e-15	4,496456782e-14	7,669238915e-14	1,975615919e-14	7,363365126e-12	2,978364015e-14	4,999999912e-15	4,999999912e-15	5,992817055e-14	4,062578052e-11	7,013624403e-11	1	1	1	1	1	1	1	0	0	0	0	0	0	0	0	0	0	3,636989136e-08	14,31622073	55,42455047	0	30,78558893	0,2179145167	0	0,003011820817
342,285	1785233966,541	28/07/2026_12:19:26,541	1	2	3,178015277e-06	2,717500138e-06	3,336341836e-12	8,666321133e-12	1,112679567e-11	2,237207294e-11	1,342838757e-10	1,701415397e-10	1,820686614e-12	7,070460482e-14	4,163547111e-12	7,267751396e-13	4,999999912e-15	4,999999912e-15	4,999999912e-15	4,999999912e-15	7,433437546e-12	1,737734576e-13	8,61959904e-14	1,088121479e-14	4,999999912e-15	3,844976421e-11	7,016928011e-11	1	1	1	1	1	1	1	0	0	0	0	0	0	0	0	0	0	3,423435314e-08	13,50517049	56,3209871	0	30,6860306	0,2345517924	0,0200862153	0
343,093	1785233967,349	28/07/2026_12:19:27,349	1	2	3,172481001e-06	2,748929091e-06	3,409378682e-12	8,563412132e-12	1,109151746e-11	2,265641494e-11	1,355110052e-10	1,720880521e-10	1,958001469e-12	5,380457974e-14	3,870363665e-12	5,928050477e-13	4,999999912e-15	2,483974601e-14	7,143805404e-14	8,928883295e-14	7,463819493e-12	5,765414459e-14	4,999999912e-15	4,999999912e-15	4,809232846e-14	3,712008478e-11	6,953860404e-11	1	1	1	1	1	1	1	0	0	0	0	0	0	0	0	0	0	3,561611975e-08	13,03491446	56,9552743	0	30,42296975	0,2397173211	0,02507114322	0
343,901	1785233968,157	28/07/2026_12:19:28,157	1	2	3,181263082e-06	2,714375114e-06	3,453861979e-12	8,671225196e-12	1,137270052e-11	2,294477108e-11	1,362560759e-10	1,736956412e-10	1,821478081e-12	6,373504833e-14	3,86455451e-12	7,219476753e-13	6,010280164e-14	4,999999912e-15	4,999999912e-15	4,999999912e-15	7,404131128e-12	1,535788098e-13	7,764312603e-14	6,867117687e-14	2,399765804e-14	3,614727614e-11	7,0452498e-11	1	1	1	1	1	1	1	0	0	0	0	0	0	0	0	0	0	3,193036382e-08	12,64061265	57,14317757	0	30,70148437	0,2417770679	0,01365578738	0
344,709	1785233968,965	28/07/2026_12:19:28,965	1	2	3,184178013e-06	2,721668579e-06	3,557819621e-12	8,621743944e-12	1,121184569e-11	2,290916935e-11	1,364969526e-10	1,735521449e-10	1,981487023e-12	1,291193579e-13	3,748233061e-12	5,929291888e-13	4,999999912e-15	8,323896111e-15	7,628104284e-14	9,534257742e-14	7,501693711e-12	1,097473756e-13	4,999999912e-15	4,999999912e-15	2,480870225e-14	3,5738381e-11	6,967928318e-11	1	1	1	1	1	1	1	0	0	0	0	0	0	0	0	0	0	3,358396224e-08	12,5379769	57,36901398	0	30,46047334	0,2499059249	0,05603222641	0
345,517	1785233969,773	28/07/2026_12:19:29,773	1	2	3,192107897e-06	2,741562184e-06	3,510709301e-12	8,693924053e-12	1,140823547e-11	2,311710719e-11	1,375961428e-10	1,738114236e-10	1,823748184e-12	1,158360415e-14	3,694215506e-12	7,189091987e-13	8,131029758e-14	4,262844079e-14	4,999999912e-15	4,999999912e-15	7,333601608e-12	1,251145726e-13	7,050669727e-14	8,171389184e-14	7,56291053e-14	3,508334248e-11	6,994555629e-11	1	1	1	1	1	1	1	0	0	0	0	0	0	0	0	0	0	3,738832474e-08	12,31559718	57,64446291	0	30,56943817	0,2467359497	0	0
346,325	1785233970,581	28/07/2026_12:19:30,581	1	2	3,187353514e-06	2,767954811e-06	3,677288075e-12	8,703275947e-12	1,134205577e-11	2,310033241e-11	1,379360931e-10	1,751121609e-10	2,007246582e-12	1,570829784e-13	3,702791546e-12	6,20427158e-13	4,999999912e-15	4,999999912e-15	3,408334541e-14	9,452764363e-14	7,541019892e-12	1,636023944e-13	4,999999912e-15	4,999999912e-15	4,999999912e-15	3,484748254e-11	7,022269571e-11	1	1	1	1	1	1	1	0	0	0	0	0	0	0	0	0	0	3,435838543e-08	12,17052713	57,6569053	0	30,55101757	0,2571045531	0,06764470965	0
347,133	1785233971,389	28/07/2026_12:19:31,389	1	2	3,207666623e-06	2,720623115e-06	3,544753683e-12	8,665412138e-12	1,144460828e-11	2,321786513e-11	1,384882764e-10	1,754650175e-10	1,850792306e-12	4,999999912e-15	3,578297381e-12	6,672543919e-13	5,247353523e-14	7,997925645e-14	4,989681357e-14	4,999999912e-15	7,329848534e-12	8,286643263e-14	4,362575432e-14	6,172489684e-14	1,081679708e-13	3,463579076e-11	6,979426759e-11	1	1	1	1	1	1	1	0	0	0	0	0	0	0	0	0	0	3,632996746e-08	12,11650122	57,947383	0	30,41615732	0,248314372	0	0,01458153919
347,941	1785233972,197	28/07/2026_12:19:32,197	1	2	3,190713414e-06	2,782846877e-06	3,727324872e-12	8,77560264e-12	1,143803975e-11	2,311710719e-11	1,383095305e-10	1,756021023e-10	1,962611714e-12	1,400160912e-13	3,657194339e-12	6,738320297e-13	4,999999912e-15	4,999999912e-15	4,999999912e-15	6,389414822e-14	7,55279346e-12	1,960520098e-13	5,29663661e-14	4,999999912e-15	4,999999912e-15	3,434570336e-11	7,039370475e-11	1	1	1	1	1	1	1	0	0	0	0	0	0	0	0	0	0	3,238471202e-08	11,9895163	57,78730031	0	30,61236117	0,2604722772	0,05575687128	0
348,749	1785233973,005	28/07/2026_12:19:33,005	1	2	3,193775456e-06	2,751033435e-06	3,580086531e-12	8,659906126e-12	1,146957355e-11	2,337231624e-11	1,384064113e-10	1,762811563e-10	1,903634151e-12	4,999999912e-15	3,502024408e-12	6,40699516e-13	4,190664336e-14	7,580760564e-14	7,276521237e-14	4,999999912e-15	7,367928316e-12	5,975742904e-14	4,999999912e-15	3,951619102e-14	1,030028791e-13	3,400930232e-11	7,019627934e-11	1	1	1	1	1	1	1	0	0	0	0	0	0	0	0	0	0	3,410060189e-08	11,87967296	58,00610103	0	30,56515783	0,2504250348	0	0,04213437612
349,557	1785233973,813	28/07/2026_12:19:33,813	1	2	3,205758048e-06	2,74997933e-06	3,728601195e-12	8,8366571e-12	1,151341956e-11	2,326224456e-11	1,384056203e-10	1,763805074e-10	1,929614888e-12	1,043183958e-13	3,600603322e-12	7,178885307e-13	4,999999912e-15	4,999999912e-15	4,999999912e-15	4,999999912e-15	7,450613043e-12	2,033203927e-13	7,274581192e-14	4,999999912e-15	4,999999912e-15	3,364437201e-11	6,999055502e-11	1	1	1	1	1	1	1	0	0	0	0	0	0	0	0	0	0	2,594520702e-08	11,77154436	58,10541431	0	30,52413305	0,261144056	0,03762238642	0
350,365	1785233974,621	28/07/2026_12:19:34,621	1	2	3,200070978e-06	2,72897887e-06	3,671637647e-12	8,655513806e-12	1,144604116e-11	2,329586871e-11	1,392357618e-10	1,759626195e-10	1,968176924e-12	3,288811755e-14	3,454882647e-12	6,213739375e-13	1,578241254e-14	5,694787496e-14	9,395331464e-14	5,769294547e-14	7,417073032e-12	4,502665195e-14	4,999999912e-15	6,437918808e-15	7,094908564e-14	3,382353425e-11	6,996198759e-11	1	1	1	1	1	1	1	0	0	0	0	0	0	0	0	0	0	4,006222156e-08	11,82823771	58,16092708	0	30,47085257	0,2571413702	0,01273781903	0
351,173	1785233975,429	28/07/2026_12:19:35,429	1	2	3,194377541e-06	2,780714794e-06	3,75154378e-12	8,805580397e-12	1,158024371e-11	2,336789096e-11	1,395348559e-10	1,766556623e-10	1,917398748e-12	8,618821124e-14	3,559608554e-12	7,529691931e-13	2,394332427e-14	4,999999912e-15	4,999999912e-15	4,999999912e-15	7,460206064e-12	1,851281308e-13	1,021142264e-13	5,067292953e-14	4,999999912e-15	3,380597191e-11	7,018750164e-11	1	1	1	1	1	1	1	0	0	0	0	0	0	0	0	0	0	3,362374783e-08	11,7902561	58,17676169	0	30,48920798	0,2619527746	0,02819894588	0
351,981	1785233976,237	28/07/2026_12:19:36,237	1	2	3,200804031e-06	2,755253263e-06	3,73250866e-12	8,692418313e-12	1,145217948e-11	2,339984803e-11	1,396196908e-10	1,76908585e-10	2,023801049e-12	9,372823427e-14	3,457995175e-12	6,034223685e-13	4,999999912e-15	4,110724077e-14	7,432521666e-14	8,099984984e-14	7,428924663e-12	9,10894217e-14	4,999999912e-15	4,999999912e-15	5,616398324e-14	3,351286609e-11	7,023458204e-11	1	1	1	1	1	1	1	0	0	0	0	0	0	0	0	0	0	3,76327211e-08	11,68502843	58,23472851	0	30,50701893	0,2606080905	0,04170237422	0
352,789	1785233977,045	28/07/2026_12:19:37,045	1	2	3,194171086e-06	2,771141681e-06	3,733999221e-12	8,773414287e-12	1,160280899e-11	2,344595004e-11	1,392977955e-10	1,767669899e-10	1,8747239e-12	5,358726497e-14	3,500200347e-12	7,192816221e-13	7,103445978e-14	2,617467332e-14	4,999999912e-15	4,999999912e-15	7,441373906e-12	1,455731152e-13	9,025121823e-14	6,414251183e-14	3,433946446e-14	3,339435672e-11	7,047407796e-11	1	1	1	1	1	1	1	0	0	0	0	0	0	0	0	0	0	3,406110243e-08	11,65214608	58,1818035	0	30,63563179	0,2608613646	0,0109914739	0
353,597	1785233977,853	28/07/2026_12:19:37,853	1	2	3,203954975e-06	2,761601309e-06	3,839579262e-12	8,772603304e-12	1,15745703e-11	2,35245174e-11	1,407365474e-10	1,791959081e-10	2,064233116e-12	1,43256392e-13	3,425301058e-12	5,989014623e-13	4,999999912e-15	4,999999912e-15	6,676191718e-14	9,811719986e-14	6,75630385e-12	1,378545715e-13	4,999999912e-15	4,999999912e-15	2,907348434e-14	3,05866929e-11	6,551520437e-11	1	1	1	1	1	1	1	0	0	0	0	0	0	0	0	0	0	1,418933986e-08	10,91038943	60,3291997	0	29,13802853	0,2740331046	0,06423263831	0,02924091735
354,405	1785233978,661	28/07/2026_12:19:38,661	1	2	3,205356506e-06	2,838871978e-06	3,755727066e-12	8,520596555e-12	1,140028436e-11	2,307281796e-11	1,363584939e-10	1,712781028e-10	1,790278104e-12	1,617435501e-14	3,352454165e-12	6,80471738e-13	7,85123919e-14	6,137563466e-14	4,999999912e-15	4,999999912e-15	6,774277753e-12	1,137482578e-13	6,165504712e-14	8,49697103e-14	7,922642035e-14	5,555662874e-11	6,095911276e-11	1	1	1	1	1	1	1	0	0	0	0	0	0	0	0	0	0	1,619396537e-08	18,85542412	55,50252463	0	25,87989297	0,2562748566	0	0
355,213	1785233979,469	28/07/2026_12:19:39,469	1	2	2,89089985e-06	2,452212811e-06	2,802863844e-12	6,534018118e-12	6,195427418e-12	1,174115319e-11	6,56712254e-11	8,106428029e-11	8,321063565e-13	1,904717025e-13	1,255662328e-11	5,591912567e-13	4,999999912e-15	4,999999912e-15	4,117709049e-14	8,221835756e-14	6,75078873e-12	1,578435868e-13	2,431974571e-14	4,999999912e-15	4,999999912e-15	1,58462507e-10	6,388425899e-11	1	1	1	1	1	1	1	0	0	0	0	0	0	0	0	0	0	5,215201496e-08	50,92370096	24,16115925	0	25,51066583	0,180774607	0,06481773141	0
356,021	1785233980,277	28/07/2026_12:19:40,277	1	2	2,597200819e-06	1,859412123e-06	1,261126728e-12	5,222339054e-12	1,637995403e-12	3,105391812e-12	1,738693217e-11	2,87018187e-11	1,746194199e-13	5,956727353e-14	1,819290205e-11	6,370632646e-13	6,608668961e-14	1,007637712e-13	4,385858674e-14	4,999999912e-15	6,928935724e-12	4,295828558e-14	4,475888789e-14	7,481028871e-14	1,32150096e-13	1,777879233e-10	6,646900391e-11	1	1	1	1	1	1	1	0	0	0	0	0	0	0	0	0	0	3,568835439e-08	63,7198586	7,209150443	0	29,67559859	0,09051797942	0,01780852675	0,02450816563
356,829	1785233981,085	28/07/2026_12:19:41,085	1	2	2,632374162e-06	1,736118975e-06	9,954487321e-13	5,2232281e-12	9,568290171e-13	1,676075728e-12	9,927079124e-12	2,040599807e-11	1,844024472e-13	2,096729366e-13	1,924456428e-11	6,618099081e-13	4,999999912e-15	4,999999912e-15	4,999999912e-15	4,395560589e-14	7,081928793e-12	1,792800392e-13	7,015744864e-14	4,999999912e-15	4,999999912e-15	1,849388281e-10	6,639025441e-11	1	1	1	1	1	1	1	0	0	0	0	0	0	0	0	0	0	2,452924244e-08	66,57487496	4,159738216	0	29,79157281	0,07175208156	0,09124702701	0
357,637	1785233981,893	28/07/2026_12:19:41,893	1	2	2,626567266e-06	1,70381611e-06	7,027231444e-13	4,99329007e-12	6,39764229e-13	1,260598722e-12	7,167670537e-12	1,718076376e-11	1,113190215e-13	7,195416816e-14	1,947919777e-11	6,223791556e-13	4,814277774e-14	8,576911967e-14	1,013225758e-13	3,125438412e-14	6,9616422e-12	3,712185588e-14	9,585089206e-15	3,308602849e-14	1,091769362e-13	1,872254712e-10	6,644169936e-11	1	1	1	1	1	1	1	0	0	0	0	0	0	0	0	0	0	3,038408301e-08	67,67248723	2,995887901	0	29,93295003	0,05085873232	0,03110321535	0,04408171268
358,445	1785233982,701	28/07/2026_12:19:42,701	1	2	2,630049948e-06	1,697299808e-06	7,449712505e-13	5,109937647e-12	5,890951789e-13	9,421060937e-13	5,51952711e-12	1,533618371e-11	9,532704622e-14	1,822836587e-13	1,98322192e-11	6,974105538e-13	8,060012313e-15	4,999999912e-15	4,999999912e-15	1,908092824e-14	7,099181486e-12	1,691827017e-13	1,177103662e-13	1,696987989e-14	4,999999912e-15	1,887816847e-10	6,649492068e-11	1	1	1	1	1	1	1	0	0	0	0	0	0	0	0	0	0	2,373544327e-08	68,26269846	2,312490157	0	29,97515721	0,05393318682	0,07741184166	0
359,253	1785233983,509	28/07/2026_12:19:43,509	1	2	2,622063676e-06	1,686921792e-06	6,104035463e-13	4,911107111e-12	4,025894472e-13	7,921711247e-13	4,688856942e-12	1,433928323e-11	1,383357675e-13	1,435513085e-13	1,976443315e-11	5,701695084e-13	4,999999912e-15	5,709145044e-14	9,813272428e-14	7,807775558e-14	7,032059397e-12	2,539467795e-14	4,999999912e-15	1,005852218e-14	7,627716004e-14	1,897662305e-10	6,697396804e-11	1	1	1	1	1	1	1	0	0	0	0	0	0	0	0	0	0	3,218353326e-08	68,515679	1,93250056	0	30,13976394	0,04412834922	0,06707890782	0,02821929795
360,061	1785233984,317	28/07/2026_12:19:44,317	1	2	2,625653451e-06	1,70055489e-06	6,155763833e-13	5,030912752e-12	4,755641952e-13	7,259097837e-13	3,973463919e-12	1,341154271e-11	2,137824762e-14	1,154440855e-13	2,001465833e-11	7,155096828e-13	4,79836643e-14	4,999999912e-15	4,999999912e-15	4,999999912e-15	7,027855728e-12	1,367719143e-13	9,734495653e-14	5,798010997e-14	6,135232432e-15	1,901448998e-10	6,62998545e-11	1	1	1	1	1	1	1	0	0	0	0	0	0	0	0	0	0	2,476955779e-08	68,98794343	1,641477345	0	29,98601841	0,04471518877	0,04451963564	0
360,869	1785233985,125	28/07/2026_12:19:45,125	1	2	2,622639158e-06	1,686921792e-06	5,929873563e-13	4,909539355e-12	2,864507134e-13	5,71690644e-13	3,580959531e-12	1,301089098e-11	1,37125039e-13	1,630785215e-13	1,996459248e-11	5,661956906e-13	4,999999912e-15	3,206931113e-14	6,870221894e-14	1,052730291e-13	7,065245524e-12	4,318336595e-14	4,999999912e-15	4,999999912e-15	3,964425224e-14	1,912948133e-10	6,677967901e-11	1	1	1	1	1	1	1	0	0	0	0	0	0	0	0	0	0	3,042105324e-08	69,06306206	1,458870134	0	30,0522224	0,0428656068	0,0766308743	0,008204409945
361,677	1785233985,933	28/07/2026_12:19:45,933	1	2	2,618356575e-06	1,656805352e-06	5,075286979e-13	4,964247763e-12	3,852120717e-13	6,078035753e-13	3,187769059e-12	1,25670984e-11	4,999999912e-15	1,104963289e-13	2,002693844e-11	6,829941885e-13	7,5695079e-14	3,695111776e-14	4,999999912e-15	4,999999912e-15	6,959126417e-12	9,000673741e-14	7,938940304e-14	5,818578312e-14	6,256310032e-14	1,910750586e-10	6,663671004e-11	1	1	1	1	1	1	1	0	0	0	0	0	0	0	0	0	0	2,719767622e-08	69,23220329	1,307881977	0	30,09812113	0,03681862341	0,04183343273	0,02251264391
362,485	1785233986,741	28/07/2026_12:19:46,741	1	2	2,622494321e-06	1,666357662e-06	5,823390815e-13	4,949540344e-12	2,421186895e-13	4,51298829e-13	2,978193213e-12	1,235967838e-11	1,379322004e-13	2,102356239e-13	2,004782451e-11	5,632775062e-13	4,999999912e-15	7,264489134e-15	4,662933993e-14	8,62425501e-14	7,130144999e-12	8,018879885e-14	4,999999912e-15	4,999999912e-15	8,568370995e-15	1,90725935e-10	6,673077368e-11	1	1	1	1	1	1	1	0	0	0	0	0	0	0	0	0	0	2,784157921e-08	69,15769195	1,220143753	0	30,16298093	0,04227632558	0,09743773909	0
363,293	1785233987,549	28/07/2026_12:19:47,549	1	2	2,614998266e-06	1,677253408e-06	4,129312452e-13	4,88919235e-12	3,218146507e-13	5,589661221e-13	2,808707694e-12	1,20636539e-11	4,999999912e-15	5,25627854e-14	2,004588683e-11	6,640839137e-13	7,028938927e-14	5,715743092e-14	4,999999912e-15	4,999999912e-15	6,953457775e-12	7,569118265e-14	4,740934885e-14	6,7246996e-14	8,94130012e-14	1,913088021e-10	6,64283975e-11	1	1	1	1	1	1	1	0	0	0	0	0	0	0	0	0	0	2,90683606e-08	69,44761838	1,140425684	0	30,05836027	0,03001263446	0,0184421082	0,03789215717
364,101	1785233988,357	28/07/2026_12:19:48,357	1	2	2,614448249e-06	1,672758799e-06	5,447476237e-13	4,96377852e-12	2,427744963e-13	3,742493782e-13	2,561451051e-12	1,190211298e-11	1,15056036e-13	1,983803882e-13	2,015018014e-11	5,972444761e-13	4,999999912e-15	4,999999912e-15	2,049347088e-14	6,380101525e-14	7,10709833e-12	1,356387875e-13	1,599196849e-14	4,999999912e-15	4,999999912e-15	1,927567689e-10	6,730282998e-11	1	1	1	1	1	1	1	0	0	0	0	0	0	0	0	0	0	2,826270505e-08	69,37100258	1,024879475	0	30,19448098	0,03925343202	0,09009550526	0
364,909	1785233989,165	28/07/2026_12:19:49,165	1	2	2,617902965e-06	1,65490178e-06	3,664881441e-13	4,876231797e-12	2,534539148e-13	4,684704773e-13	2,545385343e-12	1,178100673e-11	4,999999912e-15	4,902367168e-14	2,001521691e-11	6,065579354e-13	4,486366248e-14	8,556343974e-14	4,669530686e-14	4,999999912e-15	6,919602911e-12	3,278722237e-14	1,853764301e-14	4,716098524e-14	8,928881939e-14	1,907706076e-10	6,647408318e-11	1	1	1	1	1	1	1	0	0	0	0	0	0	0	0	0	0	2,939453706e-08	69,46416266	1,032854055	0	30,17137448	0,02671823511	0,01740465573	0,03961933053
365,717	1785233989,973	28/07/2026_12:19:49,973	1	2	2,604624115e-06	1,666357662e-06	5,117664105e-13	4,983914323e-12	2,521073357e-13	3,496812757e-13	2,283122693e-12	1,154297491e-11	6,698699077e-14	1,796487086e-13	2,020171877e-11	6,62830576e-13	4,999999912e-15	4,999999912e-15	4,999999912e-15	2,718751128e-14	7,065765507e-12	1,522982044e-13	4,252365943e-14	4,999999912e-15	4,999999912e-15	1,912241337e-10	6,674867603e-11	1	1	1	1	1	1	1	0	0	0	0	0	0	0	0	0	0	2,541478931e-08	69,44927198	0,9247716887	0	30,22032053	0,03721052369	0,07846754537	0
366,525	1785233990,781	28/07/2026_12:19:50,781	1	2	2,610274123e-06	1,634101636e-06	3,39180344e-13	4,825764354e-12	2,04011138e-13	4,191518552e-13	2,322634923e-12	1,153893127e-11	4,698635754e-14	6,406102049e-14	2,00583803e-11	5,930029688e-13	3,447528789e-14	7,824851064e-14	6,188788631e-14	2,038093747e-14	6,953111698e-12	4,999999912e-15	4,999999912e-15	1,420301119e-14	8,070105727e-14	1,92685673e-10	6,643516293e-11	1	1	1	1	1	1	1	0	0	0	0	0	0	0	0	0	0	3,09118806e-08	69,7356694	0,9357803266	0	29,97238367	0,02457921202	0,02822154214	0,03575390986
367,333	1785233991,589	28/07/2026_12:19:51,589	1	2	2,611523541e-06	1,668277946e-06	4,389119276e-13	5,015681447e-12	2,809868224e-13	3,614860689e-13	2,096504394e-12	1,132068571e-11	2,40287018e-14	1,594462816e-13	2,020818408e-11	6,780502266e-13	7,730163284e-15	4,999999912e-15	4,999999912e-15	4,999999912e-15	7,025539872e-12	1,669901874e-13	7,525267708e-14	9,561807658e-15	4,999999912e-15	1,915615305e-10	6,670011071e-11	1	1	1	1	1	1	1	0	0	0	0	0	0	0	0	0	0	2,384772324e-08	69,57621743	0,8475331295	0	30,20210468	0,03191575265	0,0658445134	0
368,141	1785233992,397	28/07/2026_12:19:52,397	1	2	2,609317335e-06	1,664443062e-06	3,771365544e-13	4,842113689e-12	1,696018136e-13	3,460606367e-13	2,13134046e-12	1,13718826e-11	1,098715574e-13	1,111133483e-13	1,996616414e-11	5,665721798e-13	4,999999912e-15	6,255921752e-14	9,282794666e-14	6,541534485e-14	7,037682069e-12	2,676452843e-14	4,999999912e-15	4,999999912e-15	7,243147461e-14	1,908046637e-10	6,649567008e-11	1	1	1	1	1	1	1	0	0	0	0	0	0	0	0	0	0	3,007704702e-08	69,51860786	0,868456611	0	30,20150777	0,02751188836	0,05488012852	0,03348003647
368,949	1785233993,205	28/07/2026_12:19:53,205	1	2	2,59555668e-06	1,683692858e-06	4,025777921e-13	4,9317243e-12	3,055626769e-13	3,878004417e-13	1,986842331e-12	1,112291856e-11	4,999999912e-15	1,497486488e-13	2,01882764e-11	6,934679068e-13	5,161591776e-14	4,999999912e-15	4,999999912e-15	4,999999912e-15	6,787739641e-12	1,244781459e-13	1,027467567e-13	5,080874957e-14	4,999999912e-15	1,96546085e-10	6,524749491e-11	1	1	1	1	1	1	1	0	0	0	0	0	0	0	0	0	0	2,194970181e-08	70,59403213	0,8205855148	0	29,2278722	0,02895618267	0,05923402383	0
369,757	1785233994,013	28/07/2026_12:19:54,013	1	2	2,622077773e-06	1,695349738e-06	3,955422686e-13	4,931767234e-12	1,793459993e-13	3,434490377e-13	2,08048509e-12	1,169420116e-11	1,401053346e-13	1,717710718e-13	2,127884501e-11	5,834566229e-13	4,999999912e-15	2,91200576e-14	6,646699386e-14	1,050246722e-13	7,871356345e-12	6,137564144e-14	4,999999912e-15	4,999999912e-15	3,085856223e-14	1,562533436e-10	7,720962064e-11	1	1	1	1	1	1	1	0	0	0	0	0	0	0	0	0	0	6,230875355e-08	62,15530011	0,6776521505	0	38,12172398	0,03141037312	0,09163277545	0
370,565	1785233994,821	28/07/2026_12:19:54,821	1	2	3,020428494e-06	1,962666374e-06	1,803918343e-12	8,42062791e-12	9,301649728e-12	1,961881005e-11	1,187361182e-10	1,582983605e-10	1,641243565e-12	2,424213377e-14	6,323549323e-12	7,482387648e-13	7,192700211e-14	1,700868586e-14	4,999999912e-15	4,999999912e-15	7,561135745e-12	1,201706784e-13	6,084399613e-14	6,630788041e-14	5,103382994e-14	4,766436551e-11	7,060486223e-11	1	1	1	1	1	1	1	0	0	0	0	0	0	0	0	0	0	8,673341108e-10	17,01294795	51,8381145	0	31,47521773	0,1285808213	0,001036206871	0,2330173405
371,373	1785233995,629	28/07/2026_12:19:55,629	1	2	3,208332146e-06	2,663870418e-06	3,156786247e-12	8,528660417e-12	1,069889663e-11	2,185276265e-11	1,307536995e-10	1,667475741e-10	1,88161986e-12	1,238766576e-13	4,533345487e-12	6,128948802e-13	4,999999912e-15	4,999999912e-15	2,530930211e-14	8,783358969e-14	7,515326035e-12	1,278504077e-13	4,999999912e-15	4,999999912e-15	4,999999912e-15	4,104414031e-11	7,013856856e-11	1	1	1	1	1	1	1	0	0	0	0	0	0	0	0	0	0	3,226307874e-08	14,46401379	55,17739604	0	30,78618008	0,2226162275	0,05227282653	0
372,181	1785233996,437	28/07/2026_12:19:56,437	1	2	3,173161303e-06	2,695711601e-06	3,206489111e-12	8,542056819e-12	1,108135285e-11	2,246707681e-11	1,333412269e-10	1,697309793e-10	1,773676908e-12	4,999999912e-15	4,124050493e-12	6,855709576e-13	7,03553562e-14	5,964490241e-14	4,999999912e-15	4,999999912e-15	7,370827039e-12	8,041387922e-14	3,350514039e-14	6,278042864e-14	6,827535499e-14	3,870366527e-11	6,990057838e-11	1	1	1	1	1	1	1	0	0	0	0	0	0	0	0	0	0	3,43069474e-08	13,62550893	56,22015827	0	30,65725481	0,2259760798	0	0,008064802826
372,989	1785233997,245	28/07/2026_12:19:57,245	1	2	3,173935283e-06	2,781783678e-06	3,440924412e-12	8,694347325e-12	1,116683569e-11	2,258706763e-11	1,353454709e-10	1,712304881e-10	1,911795375e-12	1,38281449e-13	4,005148643e-12	6,418596665e-13	4,999999912e-15	4,999999912e-15	9,414345998e-15	6,110399459e-14	7,502799597e-12	1,842899206e-13	1,618212061e-14	4,999999912e-15	4,999999912e-15	3,745030328e-11	6,984314516e-11	1	1	1	1	1	1	1	0	0	0	0	0	0	0	0	0	0	3,412204893e-08	13,15220093	56,73805231	0	30,53931562	0,2418991914	0,05502264189	0
373,797	1785233998,053	28/07/2026_12:19:58,053	1	2	3,182493856e-06	2,691582949e-06	3,312755669e-12	8,587785864e-12	1,125759468e-11	2,283660414e-11	1,357615964e-10	1,71941919e-10	1,850854322e-12	4,999999912e-15	3,795145621e-12	6,492949624e-13	3,277558753e-14	6,881863514e-14	5,525204046e-14	4,999999912e-15	7,32169967e-12	6,981206927e-14	8,746883189e-15	3,671827518e-14	1,000497496e-13	3,657532957e-11	7,005987457e-11	1	1	1	1	1	1	1	0	0	0	0	0	0	0	0	0	0	3,859205254e-08	12,85391635	57,00996975	0	30,66385096	0,2331213329	0	0
374,605	1785233998,861	28/07/2026_12:19:58,861	1	2	3,193644488e-06	2,714375114e-06	3,507713217e-12	8,747600734e-12	1,13126019e-11	2,28571051e-11	1,369368091e-10	1,730465216e-10	1,90533418e-12	1,245557748e-13	3,831945612e-12	6,911550867e-13	4,999999912e-15	4,999999912e-15	4,999999912e-15	2,977587794e-14	7,496556327e-12	2,039684475e-13	7,503925188e-14	4,999999912e-15	4,999999912e-15	3,574726626e-11	7,006278196e-11	1	1	1	1	1	1	1	0	0	0	0	0	0	0	0	0	0	3,480666501e-08	12,53978583	57,31566475	0	30,59663316	0,2463073741	0,04659583823	0
375,413	1785233999,669	28/07/2026_12:19:59,669	1	2	3,180957492e-06	2,756312369e-06	3,435398233e-12	8,6062572e-12	1,129387122e-11	2,299373712e-11	1,372706532e-10	1,740740191e-10	1,931446539e-12	3,058692216e-14	3,635559518e-12	6,365820956e-13	1,571644731e-14	6,74681868e-14	7,240431534e-14	3,875171668e-14	7,403765968e-12	4,520904186e-14	4,999999912e-15	2,571288112e-14	7,569506545e-14	3,541793595e-11	7,040437677e-11	1	1	1	1	1	1	1	0	0	0	0	0	0	0	0	0	0	3,927166835e-08	12,3876019	57,42640962	0	30,67576333	0,2406200077	0,01064414978	0
376,221	1785234000,477	28/07/2026_12:20:00,477	1	2	3,182405862e-06	2,733168003e-06	3,545098893e-12	8,770923224e-12	1,143491031e-11	2,319138978e-11	1,373006153e-10	1,744504124e-10	1,896556046e-12	1,104846873e-13	3,731600532e-12	7,326542259e-13	1,272449993e-14	4,999999912e-15	4,999999912e-15	4,999999912e-15	7,450586155e-12	1,821051041e-13	1,042757257e-13	2,445945024e-14	4,999999912e-15	3,482224578e-11	7,025282439e-11	1	1	1	1	1	1	1	0	0	0	0	0	0	0	0	0	0	3,100647649e-08	12,19951921	57,59229432	0	30,66095574	0,2486117943	0,03881209882	0
377,029	1785234001,285	28/07/2026_12:20:01,285	1	2	3,184249636e-06	2,717500138e-06	3,540655616e-12	8,656565048e-12	1,137390442e-11	2,310931654e-11	1,376971037e-10	1,752340495e-10	2,004464086e-12	7,305625966e-14	3,536977352e-12	5,981175841e-13	4,999999912e-15	4,42466498e-14	8,218343947e-14	1,075781174e-13	7,449588689e-12	6,687834016e-14	4,999999912e-15	4,999999912e-15	6,684729132e-14	3,472252e-11	6,99976882e-11	1	1	1	1	1	1	1	0	0	0	0	0	0	0	0	0	0	3,370853524e-08	12,14221747	57,74179382	0	30,51316567	0,2479664458	0,03390317174	0,01645582718
377,837	1785234002,093	28/07/2026_12:20:02,093	1	2	3,192164058e-06	2,781783678e-06	3,573842611e-12	8,756219708e-12	1,150214993e-11	2,331343972e-11	1,383775317e-10	1,755179058e-10	1,850093863e-12	5,739413935e-14	3,606532824e-12	7,340783797e-13	6,583833955e-14	4,999999912e-15	4,999999912e-15	4,999999912e-15	7,419366337e-12	1,575758296e-13	1,01601995e-13	6,527952143e-14	1,809137523e-14	3,424710515e-11	7,008423702e-11	1	1	1	1	1	1	1	0	0	0	0	0	0	0	0	0	0	3,301158307e-08	11,98440449	57,94509426	0	30,55231407	0,2503863345	0,01143877071	0
378,645	1785234002,901	28/07/2026_12:20:02,901	1	2	3,198207651e-06	2,781783678e-06	3,659984642e-12	8,691654167e-12	1,134084927e-11	2,324913699e-11	1,385533077e-10	1,758187901e-10	2,04270368e-12	1,166975452e-13	3,518777067e-12	5,862196579e-13	4,999999912e-15	1,493256406e-14	5,858160501e-14	1,065458756e-13	7,498352633e-12	1,215094919e-13	4,999999912e-15	4,999999912e-15	3,365260544e-14	3,405603924e-11	7,018879922e-11	1	1	1	1	1	1	1	0	0	0	0	0	0	0	0	0	0	3,560528005e-08	11,89799096	57,94370548	0	30,55275885	0,2560483514	0,05425892962	0
379,453	1785234003,709	28/07/2026_12:20:03,709	1	2	3,193468046e-06	2,801043138e-06	3,591635453e-12	8,690190061e-12	1,150448313e-11	2,334990361e-11	1,384995313e-10	1,760822738e-10	1,873179563e-12	3,605469262e-14	3,556880701e-12	7,091688348e-13	6,61992298e-14	4,446784737e-14	4,999999912e-15	4,999999912e-15	7,381402781e-12	1,177336765e-13	8,526076438e-14	9,736824655e-14	4,322605303e-14	3,374577007e-11	7,032092963e-11	1	1	1	1	1	1	1	0	0	0	0	0	0	0	0	0	0	3,453550205e-08	11,80251376	58,04078501	0	30,64465023	0,2514932019	0,004789546561	0
380,261	1785234004,517	28/07/2026_12:20:04,517	1	2	3,194127885e-06	2,756312369e-06	3,710122053e-12	8,733083701e-12	1,139791039e-11	2,323178108e-11	1,387686493e-10	1,761206597e-10	2,015803106e-12	1,557209087e-13	3,524861609e-12	6,328179625e-13	4,999999912e-15	4,999999912e-15	4,470456259e-14	8,788792177e-14	7,504871724e-12	1,623024089e-13	4,999999912e-15	4,999999912e-15	9,344494579e-15	3,352313219e-11	7,002644992e-11	1	1	1	1	1	1	1	0	0	0	0	0	0	0	0	0	0	3,334049958e-08	11,72925026	58,12307458	0	30,52559332	0,2598980635	0,0668764765	0
381,069	1785234005,325	28/07/2026_12:20:05,325	1	2	3,191102451e-06	2,782846877e-06	3,591961364e-12	8,710913067e-12	1,152028473e-11	2,33863675e-11	1,392584936e-10	1,760632196e-10	1,869888576e-12	4,999999912e-15	3,459182376e-12	6,758421947e-13	5,668399371e-14	6,872938498e-14	1,53633108e-14	4,999999912e-15	7,363085835e-12	9,083329927e-14	4,258962974e-14	6,559385874e-14	9,812884825e-14	3,339407917e-11	7,066860291e-11	1	1	1	1	1	1	1	0	0	0	0	0	0	0	0	0	0	3,990384996e-08	11,66855201	58,11362464	0	30,74921346	0,2513226759	0	0
381,877	1785234006,133	28/07/2026_12:20:06,133	1	2	3,191697715e-06	2,748929091e-06	3,739835698e-12	8,794012393e-12	1,152481062e-11	2,329288151e-11	1,394013099e-10	1,75814141e-10	1,97204926e-12	1,376566775e-13	3,567179538e-12	6,63431983e-13	4,999999912e-15	4,999999912e-15	4,999999912e-15	4,883740574e-14	7,50888067e-12	2,037200974e-13	2,15489959e-14	4,999999912e-15	4,999999912e-15	3,35939089e-11	6,99744776e-11	1	1	1	1	1	1	1	0	0	0	0	0	0	0	0	0	0	3,615693707e-08	11,75669992	58,18384364	0	30,4837719	0,2620139794	0,05505580818	0
382,685	1785234006,941	28/07/2026_12:20:06,941	1	2	3,19817741e-06	2,790324288e-06	3,610991714e-12	8,688189057e-12	1,150937245e-11	2,338417827e-11	1,393517801e-10	1,768976216e-10	1,894724612e-12	4,999999912e-15	3,445320852e-12	6,584105006e-13	5,480577607e-14	8,04798597e-14	6,629236277e-14	1,162240758e-14	7,411780391e-12	4,912457363e-14	4,999999912e-15	3,13048334e-14	9,951033866e-14	3,35300572e-11	7,037761346e-11	1	1	1	1	1	1	1	0	0	0	0	0	0	0	0	0	0	3,692816134e-08	11,69237347	58,19041637	0	30,5803827	0,2521629276	0	0,02096530358
383,493	1785234007,749	28/07/2026_12:20:07,749	1	2	3,200282663e-06	2,752087767e-06	3,765381236e-12	8,835142687e-12	1,162309398e-11	2,344942122e-11	1,3988187e-10	1,776050973e-10	1,966302338e-12	1,279357615e-13	3,571118228e-12	7,043451651e-13	4,999999912e-15	4,999999912e-15	4,999999912e-15	8,071655628e-15	6,957938999e-12	2,04119775e-13	8,543538869e-14	4,999999912e-15	4,999999912e-15	2,984578903e-11	6,232558913e-11	1	1	1	1	1	1	1	0	0	0	0	0	0	0	0	0	0	3,290830654e-09	10,85288993	61,0613926	0	28,24485307	0,273761341	0,05016230432	0,008912552595
384,301	1785234008,557	28/07/2026_12:20:08,557	1	2	3,213693617e-06	2,833431836e-06	3,786682339e-12	8,387278719e-12	1,158517553e-11	2,33624526e-11	1,382366166e-10	1,736314981e-10	1,926894625e-12	2,72612438e-14	3,270033766e-12	5,983310093e-13	1,757525434e-14	6,55084846e-14	9,105838642e-14	5,063800467e-14	6,936615778e-12	4,815441597e-14	4,999999912e-15	1,009344958e-14	9,214494673e-14	4,419502611e-11	6,222503762e-11	1	1	1	1	1	1	1	0	0	0	0	0	0	0	0	0	0	2,714031905e-08	15,4106916	57,72187096	0	27,09611662	0,2651326618	0,007771529535	0
385,109	1785234009,365	28/07/2026_12:20:09,365	1	2	2,954897582e-06	2,538279432e-06	2,964455938e-12	7,0088527e-12	7,492826672e-12	1,415408502e-11	7,860345014e-11	9,706513371e-11	9,173749e-13	1,22471884e-13	1,093290476e-11	6,596406906e-13	4,712605699e-14	4,999999912e-15	4,999999912e-15	9,406582941e-15	6,589872311e-12	1,537961246e-13	1,345483241e-13	4,265560344e-14	4,999999912e-15	1,510099545e-10	6,357743498e-11	1	1	1	1	1	1	1	0	0	0	0	0	0	0	0	0	0	4,483378472e-08	47,31347167	28,54048528	0	24,78012268	0,1865282821	0,02951724356	0
385,917	1785234010,173	28/07/2026_12:20:10,173	1	2	2,602149834e-06	1,853008371e-06	1,383811902e-12	5,237951132e-12	1,728626899e-12	3,396992106e-12	1,924899823e-11	3,077067073e-11	3,205728597e-13	1,480256618e-13	1,783413001e-11	5,673482517e-13	1,037285356e-14	5,709533324e-14	9,481480136e-14	1,119515586e-13	6,980280069e-12	5,00791967e-14	4,999999912e-15	4,999999912e-15	5,970310373e-14	1,775440767e-10	6,654293089e-11	1	1	1	1	1	1	1	0	0	0	0	0	0	0	0	0	0	3,787722219e-08	63,16809485	7,916230786	0	29,49136015	0,0986162694	0,06608619887	0
386,725	1785234010,981	28/07/2026_12:20:10,981	1	2	2,628040875e-06	1,744790893e-06	9,289973305e-13	5,188737027e-12	1,056871062e-12	1,88253948e-12	1,051111021e-11	2,094965694e-11	9,718197384e-14	1,243151632e-13	1,921650165e-11	7,165574557e-13	8,085239834e-14	1,46648e-14	4,999999912e-15	4,999999912e-15	7,021934249e-12	1,190064892e-13	9,764765223e-14	8,457777122e-14	5,710309206e-14	1,843086378e-10	6,688218729e-11	1	1	1	1	1	1	1	0	0	0	0	0	0	0	0	0	0	2,903618811e-08	66,27505862	4,362788994	0	29,97009205	0,06688734905	0,0462773229	0
387,533	1785234011,789	28/07/2026_12:20:11,789	1	2	2,632177939e-06	1,686921792e-06	8,402052383e-13	5,04165763e-12	6,170239016e-13	1,239069286e-12	7,385496728e-12	1,744532643e-11	2,145586091e-13	2,0195442e-13	1,951746056e-11	5,784662029e-13	4,999999912e-15	2,090093438e-14	8,857867375e-14	1,139423029e-13	7,089142641e-12	9,348376023e-14	4,999999912e-15	4,999999912e-15	2,891050165e-14	1,86653068e-10	6,668263858e-11	1	1	1	1	1	1	1	0	0	0	0	0	0	0	0	0	0	2,948787381e-08	67,42816914	3,082182024	0	30,02373643	0,06077212385	0,09525660046	0
388,341	1785234012,597	28/07/2026_12:20:12,597	1	2	2,615305903e-06	1,719561396e-06	6,571066391e-13	5,017757477e-12	5,923781431e-13	1,058718109e-12	5,775018484e-12	1,547634416e-11	2,372989568e-14	7,712701869e-14	1,975128047e-11	6,688104931e-13	8,979330544e-14	6,511266271e-14	4,999999912e-15	4,999999912e-15	6,994723377e-12	1,023354307e-13	7,551268232e-14	9,997601027e-14	9,386018845e-14	1,886792944e-10	6,683865961e-11	1	1	1	1	1	1	1	0	0	0	0	0	0	0	0	0	0	2,938365899e-08	68,16006308	2,37606975	0	30,09246739	0,04752801412	0,02620515382	0,03158602831
389,149	1785234013,405	28/07/2026_12:20:13,405	1	2	2,623710998e-06	1,692102728e-06	7,319440735e-13	5,039802776e-12	4,288533775e-13	7,514712594e-13	4,709952046e-12	1,437944035e-11	1,521817882e-13	2,230571413e-13	1,985765892e-11	6,037288725e-13	4,999999912e-15	4,999999912e-15	3,157259746e-14	8,385210115e-14	7,115678272e-12	1,4047788e-13	6,271055859e-15	4,999999912e-15	4,999999912e-15	1,905560432e-10	6,688988252e-11	1	1	1	1	1	1	1	0	0	0	0	0	0	0	0	0	0	2,67612532e-08	68,58617041	1,942178853	0	30,01322291	0,05274957792	0,100982937	0
389,957	1785234014,213	28/07/2026_12:20:14,213	1	2	2,626236892e-06	1,696647701e-06	5,405798422e-13	4,923241068e-12	4,044482577e-13	7,659653077e-13	4,131302939e-12	1,359141012e-11	2,349705649e-14	6,162011548e-14	1,985438029e-11	6,36880956e-13	6,211682915e-14	8,01228387e-14	2,942662254e-14	4,999999912e-15	6,899943724e-12	4,339680132e-14	1,722600402e-14	7,332402372e-14	9,325480384e-14	1,888393608e-10	6,66319222e-11	1	1	1	1	1	1	1	0	0	0	0	0	0	0	0	0	0	3,014578619e-08	68,73971245	1,701039903	0	30,22974001	0,03939712683	0,02229726961	0,03682448148
390,765	1785234015,021	28/07/2026_12:20:15,021	1	2	2,634075372e-06	1,690156864e-06	6,294340591e-13	5,045717316e-12	3,724449406e-13	5,557335733e-13	3,544823506e-12	1,302292042e-11	1,004921379e-13	2,006738146e-13	2,006475715e-11	6,461982642e-13	4,999999912e-15	4,999999912e-15	4,999999912e-15	3,6508726e-14	7,086822015e-12	1,672074751e-13	5,706040837e-14	4,999999912e-15	4,999999912e-15	1,904581354e-10	6,690979021e-11	1	1	1	1	1	1	1	0	0	0	0	0	0	0	0	0	0	2,511128166e-08	68,93102741	1,456712251	0	30,18786923	0,04560856561	0,08856708944	0
391,573	1785234015,829	28/07/2026_12:20:15,829	1	2	2,621228305e-06	1,652365313e-06	4,547874122e-13	4,906679663e-12	3,046235952e-13	5,742790141e-13	3,314094442e-12	1,270113702e-11	4,927979072e-14	4,875203499e-14	1,995566212e-11	5,98680285e-13	4,362964051e-14	7,808939042e-14	8,575747805e-14	5,941204289e-15	6,964036119e-12	4,999999912e-15	4,999999912e-15	3,757589604e-14	9,839271596e-14	1,903024266e-10	6,656111079e-11	1	1	1	1	1	1	1	0	0	0	0	0	0	0	0	0	0	2,961971006e-08	69,13587534	1,360628931	0	30,14187946	0,03308021293	0,02076459759	0,04433478078
392,381	1785234016,637	28/07/2026_12:20:16,637	1	2	2,612103572e-06	1,668913683e-06	5,347395703e-13	5,032841765e-12	3,647379978e-13	4,930152966e-13	2,919138238e-12	1,228741327e-11	4,308246739e-14	1,762648323e-13	2,009556063e-11	6,8198523e-13	4,999999912e-15	4,999999912e-15	4,999999912e-15	4,999999912e-15	7,063887669e-12	1,591280683e-13	8,434106278e-14	1,781197124e-14	4,999999912e-15	1,913084274e-10	6,685395987e-11	1	1	1	1	1	1	1	0	0	0	0	0	0	0	0	0	0	2,477203313e-08	69,24437741	1,192409207	0	30,16678359	0,03875128933	0,07338156651	0
393,189	1785234017,445	28/07/2026_12:20:17,445	1	2	2,614164487e-06	1,655536039e-06	4,508214819e-13	4,868066887e-12	2,37667633e-13	4,783581842e-13	2,830020289e-12	1,218454417e-11	9,070137897e-14	9,895929291e-14	1,992596019e-11	5,845315009e-13	4,999999912e-15	5,31060791e-14	9,5544361e-14	6,425116922e-14	6,983648035e-12	1,296509795e-14	4,999999912e-15	4,999999912e-15	7,052222846e-14	1,908338626e-10	6,640311218e-11	1	1	1	1	1	1	1	0	0	0	0	0	0	0	0	0	0	2,963569961e-08	69,35584539	1,16840926	0	30,08501161	0,03280583706	0,04664752121	0,03142123731
393,997	1785234018,253	28/07/2026_12:20:18,253	1	2	2,610604497e-06	1,669555104e-06	4,661149938e-13	4,981912018e-12	3,45009042e-13	4,765460487e-13	2,578654087e-12	1,188814498e-11	1,571644392e-14	1,422862479e-13	2,00199371e-11	6,985476108e-13	4,235291452e-14	4,999999912e-15	4,999999912e-15	4,999999912e-15	7,034891766e-12	1,28129793e-13	1,077954254e-13	4,598516121e-14	8,451955634e-15	1,904661429e-10	6,56555435e-11	1	1	1	1	1	1	1	0	0	0	0	0	0	0	0	0	0	2,238225932e-08	69,57273584	1,091506836	0	29,90331209	0,034088277	0,05735902289	0
394,805	1785234019,061	28/07/2026_12:20:19,061	1	2	2,613275683e-06	1,663807211e-06	4,59459673e-13	4,863759569e-12	2,082448797e-13	3,98270311e-13	2,507332449e-12	1,180474902e-11	1,341718891e-13	1,453790972e-13	1,998239248e-11	5,534324084e-13	4,999999912e-15	4,550784798e-14	6,876043382e-14	8,642494679e-14	7,059871351e-12	5,286547431e-14	4,999999912e-15	4,999999912e-15	6,248937457e-14	1,919406578e-10	6,592672241e-11	1	1	1	1	1	1	1	0	0	0	0	0	0	0	0	0	0	2,774941344e-08	69,65623353	1,040655344	0	29,8292257	0,03338657017	0,07083278907	0,02951593745
395,613	1785234019,869	28/07/2026_12:20:19,869	1	2	2,61142236e-06	1,675966814e-06	4,109443634e-13	4,949172148e-12	3,232737428e-13	4,613922092e-13	2,3579836e-12	1,153603255e-11	4,999999912e-15	8,848167153e-14	2,008593639e-11	6,871812689e-13	7,308341215e-14	3,44326042e-14	4,999999912e-15	4,999999912e-15	6,9927137e-12	1,0490438e-13	8,441478853e-14	7,808163838e-14	4,855800346e-14	1,895986562e-10	6,640646366e-11	1	1	1	1	1	1	1	0	0	0	0	0	0	0	0	0	0	2,629284198e-08	69,38961345	0,9567872356	0	30,29399793	0,03010920409	0,03428365537	0,01438910658
396,421	1785234020,677	28/07/2026_12:20:20,677	1	2	2,619694214e-06	1,646045803e-06	4,943851318e-13	4,93936966e-12	1,809254244e-13	3,369257184e-13	2,242519755e-12	1,152326585e-11	1,18556342e-13	2,172168559e-13	2,009111107e-11	5,867745526e-13	4,999999912e-15	4,999999912e-15	5,410726527e-14	1,034375087e-13	7,118639879e-12	9,20130061e-14	4,999999912e-15	4,999999912e-15	2,250362237e-14	1,916603404e-10	6,550866793e-11	1	1	1	1	1	1	1	0	0	0	0	0	0	0	0	0	0	2,315373482e-08	69,77838704	0,9484066208	0	29,73972069	0,03603763352	0,0996538789	0,009383939775
397,229	1785234021,485	28/07/2026_12:20:21,485	1	2	2,609212743e-06	1,656805352e-06	3,441048444e-13	4,87616978e-12	2,648473888e-13	4,256596161e-13	2,196193314e-12	1,135123766e-11	4,999999912e-15	5,68469764e-14	2,000979937e-11	6,555466348e-13	6,392519028e-14	5,995146057e-14	4,999999912e-15	4,999999912e-15	6,950166571e-12	6,71228142e-14	4,194545102e-14	5,911324354e-14	9,149300241e-14	1,911921871e-10	6,65884986e-11	1	1	1	1	1	1	1	0	0	0	0	0	0	0	0	0	0	2,938084643e-08	69,57748772	0,8755766363	0	30,20596329	0,02507254532	0,02118754666	0,03971442411
398,037	1785234022,293	28/07/2026_12:20:22,293	1	2	2,612028993e-06	1,646676651e-06	4,697976491e-13	4,952206614e-12	2,180550797e-13	3,063775904e-13	2,028061963e-12	1,130523713e-11	1,008918426e-13	2,020980226e-13	2,014278674e-11	6,07481513e-13	4,999999912e-15	4,999999912e-15	9,402700989e-15	3,389707948e-14	7,077939363e-12	1,565552294e-13	2,278302804e-14	4,999999912e-15	4,999999912e-15	1,912155295e-10	6,642831424e-11	1	1	1	1	1	1	1	0	0	0	0	0	0	0	0	0	0	2,489973695e-08	69,58218724	0,8385024159	0	30,13747597	0,03422686171	0,09182782802	0
398,845	1785234023,101	28/07/2026_12:20:23,101	1	2	2,615478252e-06	1,656805352e-06	3,062689533e-13	4,845535865e-12	2,266699876e-13	3,962989333e-13	2,098223288e-12	1,121047265e-11	4,999999912e-15	4,2636203e-14	2,003164301e-11	6,027161192e-13	4,654784858e-14	7,048341403e-14	4,633052703e-14	4,999999912e-15	6,789765365e-12	1,236748571e-14	1,910420979e-14	7,048341403e-14	9,091092815e-14	1,958491702e-10	6,396355667e-11	1	1	1	1	1	1	1	0	0	0	0	0	0	0	0	0	0	2,171834891e-08	70,82329303	0,8963207295	0	28,85189221	0,02218006877	0,01509094935	0,05181877945
399,653	1785234023,909	28/07/2026_12:20:23,909	1	2	2,620920213e-06	1,685629513e-06	4,331724866e-13	4,943304446e-12	2,568378182e-13	2,925083407e-13	1,976317981e-12	1,138116424e-11	5,520159457e-14	2,030992155e-13	2,10218596e-11	6,71752042e-13	4,999999912e-15	4,999999912e-15	4,999999912e-15	4,999999912e-15	7,629256601e-12	1,765558728e-13	7,46356644e-14	4,999999912e-15	4,999999912e-15	1,867294097e-10	7,562798304e-11	1	1	1	1	1	1	1	0	0	0	0	0	0	0	0	0	0	5,613484115e-08	66,69733817	0,5725377632	0	33,60805025	0,03095595936	0,08663237528	0
400,461	1785234024,717	28/07/2026_12:20:24,717	1	2	2,91528886e-06	1,847336762e-06	1,206549834e-12	7,564952137e-12	7,199460212e-12	1,628577134e-11	1,048032564e-10	1,446033709e-10	1,595557237e-12	4,999999912e-15	7,293728121e-12	6,566836376e-13	4,999999912e-15	4,451053106e-14	6,645923503e-14	3,438991035e-14	7,631262809e-12	2,827408175e-14	4,999999912e-15	4,999999912e-15	4,637321749e-14	4,934578787e-11	7,059668128e-11	1	1	1	1	1	1	1	0	0	0	0	0	0	0	0	0	0	1,265317962e-09	18,48258577	48,69733192	0	33,04652927	0,09011953717	0,007207163401	0,3770359318
401,269	1785234025,525	28/07/2026_12:20:25,525	1	2	3,218197662e-06	2,666937235e-06	3,031031589e-12	8,579907618e-12	1,073620446e-11	2,171749239e-11	1,297293245e-10	1,655778709e-10	1,784472635e-12	7,407297703e-14	4,652922578e-12	7,11392425e-13	1,229375319e-14	4,999999912e-15	4,999999912e-15	4,999999912e-15	7,471467889e-12	1,762725708e-13	7,826402829e-14	8,009563878e-15	4,999999912e-15	4,128888204e-11	6,981688838e-11	1	1	1	1	1	1	1	0	0	0	0	0	0	0	0	0	0	2,786645482e-08	14,62452119	55,0371944	0	30,80074037	0,2147939538	0,02384992597	0
402,077	1785234026,333	28/07/2026_12:20:26,333	1	2	3,172149945e-06	2,699849574e-06	3,179080263e-12	8,518171411e-12	1,094645295e-11	2,231800161e-11	1,334348049e-10	1,688667955e-10	1,912450883e-12	6,441415191e-14	4,086179745e-12	5,84322033e-13	4,999999912e-15	2,511139117e-14	5,97263802e-14	6,503505416e-14	7,402745951e-12	4,293112632e-14	4,999999912e-15	4,999999912e-15	3,600812953e-14	3,882017971e-11	6,948409903e-11	1	1	1	1	1	1	1	0	0	0	0	0	0	0	0	0	0	3,826802111e-08	13,70533608	56,23480851	0	30,54385719	0,224707867	0,02834497902	0
402,885	1785234027,141	28/07/2026_12:20:27,141	1	2	3,181218744e-06	2,751033435e-06	3,282855758e-12	8,636241895e-12	1,118682404e-11	2,260447905e-11	1,348181983e-10	1,710773467e-10	1,800092193e-12	3,826664124e-14	3,993735898e-12	7,36775441e-13	4,826307336e-14	4,999999912e-15	4,999999912e-15	4,999999912e-15	7,400999952e-12	1,430429668e-13	9,262614953e-14	5,577592357e-14	1,004688225e-14	3,720916977e-11	6,992636331e-11	1	1	1	1	1	1	1	0	0	0	0	0	0	0	0	0	0	3,394394004e-08	13,10094826	56,75715439	0	30,66224741	0,2313689431	0,003974766816	0
403,693	1785234027,949	28/07/2026_12:20:27,949	1	2	3,174250196e-06	2,686430889e-06	3,390193074e-12	8,598646968e-12	1,113674864e-11	2,270065559e-11	1,356620649e-10	1,725298515e-10	1,975355643e-12	9,836943949e-14	3,810990152e-12	5,939381474e-13	4,999999912e-15	9,146581096e-15	4,925651087e-14	9,951809748e-14	7,473474097e-12	9,557540984e-14	4,999999912e-15	4,999999912e-15	2,088153055e-14	3,644468408e-11	7,039662603e-11	1	1	1	1	1	1	1	0	0	0	0	0	0	0	0	0	0	3,601276165e-08	12,77243003	56,93521691	0	30,73928862	0,2378901271	0,04431598311	0
404,501	1785234028,757	28/07/2026_12:20:28,757	1	2	3,169194542e-06	2,748929091e-06	3,34537194e-12	8,628675031e-12	1,130180758e-11	2,296132902e-11	1,363208296e-10	1,723666071e-10	1,82925116e-12	2,612034632e-14	3,77127626e-12	7,02401028e-13	8,8365235e-14	3,686185742e-14	4,999999912e-15	4,999999912e-15	7,360152418e-12	1,200309654e-13	7,613357779e-14	7,979686654e-14	6,393295588e-14	3,582188018e-11	7,014219761e-11	1	1	1	1	1	1	1	0	0	0	0	0	0	0	0	0	0	3,885154271e-08	12,59821257	57,22852243	0	30,71230455	0,2355530944	0,0002487259426	0
405,309	1785234029,565	28/07/2026_12:20:29,565	1	2	3,18117327e-06	2,755253263e-06	3,52206762e-12	8,714254145e-12	1,123939396e-11	2,285857614e-11	1,369728914e-10	1,73322523e-10	1,981390312e-12	1,483787865e-13	3,72238438e-12	6,316227923e-13	4,999999912e-15	4,999999912e-15	3,227110148e-14	7,396431286e-14	7,524491447e-12	1,431943079e-13	4,999999912e-15	4,999999912e-15	1,066389832e-14	3,516416672e-11	6,917170309e-11	1	1	1	1	1	1	1	0	0	0	0	0	0	0	0	0	0	3,241437488e-08	12,38429031	57,63567483	0	30,33993375	0,2483298021	0,06382026638	0
406,117	1785234030,373	28/07/2026_12:20:30,373	1	2	3,18812954e-06	2,741562184e-06	3,404954704e-12	8,674877656e-12	1,136800203e-11	2,311542971e-11	1,375191488e-10	1,742360423e-10	1,845759006e-12	4,999999912e-15	3,630479814e-12	6,781627126e-13	7,396820244e-14	6,055682485e-14	1,942241974e-14	4,999999912e-15	7,366586507e-12	8,390254366e-14	4,441351529e-14	6,766609435e-14	8,918016878e-14	3,488596911e-11	6,985528128e-11	1	1	1	1	1	1	1	0	0	0	0	0	0	0	0	0	0	3,570056977e-08	12,24341887	57,7106018	0	30,53807326	0,2392744244	0	0,0007180583901
406,925	1785234031,181	28/07/2026_12:20:31,181	1	2	3,182422915e-06	2,737360319e-06	3,581502933e-12	8,757670804e-12	1,135485109e-11	2,306940056e-11	1,379732717e-10	1,749777406e-10	1,936716412e-12	1,406641595e-13	3,689507901e-12	6,735797358e-13	4,999999912e-15	4,999999912e-15	4,999999912e-15	6,221384492e-14	7,496970059e-12	1,97786652e-13	3,976843404e-14	4,999999912e-15	4,999999912e-15	3,45033481e-11	7,000348912e-11	1	1	1	1	1	1	1	0	0	0	0	0	0	0	0	0	0	3,222887501e-08	12,08265926	57,79279502	0	30,53449015	0,2510633667	0,05417274504	0
407,733	1785234031,989	28/07/2026_12:20:31,989	1	2	3,192180429e-06	2,74786953e-06	3,450587255e-12	8,627375724e-12	1,14227924e-11	2,31474024e-11	1,380119491e-10	1,747686024e-10	1,905237253e-12	4,999999912e-15	3,523153991e-12	6,69171424e-13	3,601200555e-14	8,810524332e-14	6,227593582e-14	4,999999912e-15	7,331548563e-12	5,833324139e-14	5,246576285e-15	3,641559303e-14	1,112336406e-13	3,417279654e-11	6,985296369e-11	1	1	1	1	1	1	1	0	0	0	0	0	0	0	0	0	0	3,813505633e-08	11,99903276	57,93785065	0	30,55159075	0,2426225078	0	0,0114759488
408,541	1785234032,797	28/07/2026_12:20:32,797	1	2	3,188692972e-06	2,77326626e-06	3,60637388e-12	8,815324339e-12	1,147266917e-11	2,311170526e-11	1,384114906e-10	1,751954554e-10	1,945180345e-12	1,182226111e-13	3,625637117e-12	7,155562492e-13	4,999999912e-15	4,999999912e-15	4,999999912e-15	1,226658969e-14	7,500948647e-12	2,093392056e-13	7,128282339e-14	4,999999912e-15	4,999999912e-15	3,404416332e-11	7,017221526e-11	1	1	1	1	1	1	1	0	0	0	0	0	0	0	0	0	0	3,252791724e-08	11,9216699	57,91200071	0	30,60230247	0,2528130749	0,04563991808	0
409,349	1785234033,605	28/07/2026_12:20:33,605	1	2	3,190888947e-06	2,779649549e-06	3,521982619e-12	8,641119938e-12	1,140676529e-11	2,335087679e-11	1,385486587e-10	1,758308915e-10	1,95226257e-12	2,150630714e-14	3,46011002e-12	6,134382282e-13	8,808971551e-15	6,270281332e-14	8,930823339e-14	4,354814239e-14	7,396036908e-12	5,463114499e-14	4,999999912e-15	4,999999912e-15	7,664193986e-14	3,408498137e-11	6,985671763e-11	1	1	1	1	1	1	1	0	0	0	0	0	0	0	0	0	0	3,653781129e-08	11,92739468	58,06070047	0	30,4626211	0,2468348082	0,007066662679	0,006298134274
410,157	1785234034,413	28/07/2026_12:20:34,413	1	2	3,192182703e-06	2,74471563e-06	3,621372516e-12	8,781210134e-12	1,152250084e-11	2,331834378e-11	1,387166354e-10	1,757837348e-10	1,887332087e-12	9,76437762e-14	3,580067232e-12	7,340629298e-13	3,993142012e-14	4,999999912e-15	4,999999912e-15	4,999999912e-15	7,446500014e-12	1,866803424e-13	8,227657244e-14	4,51159055e-14	4,999999912e-15	3,366577503e-11	7,017782189e-11	1	1	1	1	1	1	1	0	0	0	0	0	0	0	0	0	0	3,321961142e-08	11,78662447	58,07739761	0	30,60175377	0,2538135138	0,0309420077	0
410,965	1785234035,221	28/07/2026_12:20:35,221	1	2	3,197566457e-06	2,753142326e-06	3,610079683e-12	8,658854016e-12	1,140559348e-11	2,334598313e-11	1,387816112e-10	1,760308288e-10	2,004860254e-12	6,250877501e-14	3,441552815e-12	5,957348872e-13	4,999999912e-15	4,372665289e-14	7,287775255e-14	1,104420036e-13	7,447531307e-12	6,241564204e-14	4,999999912e-15	1,122270713e-14	4,223649832e-14	3,338607169e-11	6,958550403e-11	1	1	1	1	1	1	1	0	0	0	0	0	0	0	0	0	0	3,558797706e-08	11,71150095	58,28332894	0	30,41437903	0,253592834	0,02855734896	0
411,773	1785234036,029	28/07/2026_12:20:36,029	1	2	3,198320428e-06	2,788186976e-06	3,595775804e-12	8,771850434e-12	1,155200935e-11	2,337000211e-11	1,390832727e-10	1,752800544e-10	1,88376181e-12	5,456906086e-14	3,515028546e-12	7,441369569e-13	6,825982379e-14	6,014936389e-15	4,999999912e-15	4,999999912e-15	7,441656666e-12	1,462134179e-13	9,663481766e-14	7,136432152e-14	2,728065102e-14	3,337572579e-11	7,025319215e-11	1	1	1	1	1	1	1	0	0	0	0	0	0	0	0	0	0	3,861856334e-08	11,70499918	58,14371295	0	30,66665283	0,2524733643	0,01349152895	0
412,581	1785234036,837	28/07/2026_12:20:36,837	1	2	3,199900675e-06	2,760540156e-06	3,692054041e-12	8,730739222e-12	1,143258752e-11	2,330515642e-11	1,390581261e-10	1,765280977e-10	2,027289794e-12	1,276874114e-13	3,45061783e-12	5,930805434e-13	4,999999912e-15	1,816122834e-14	7,183774517e-14	9,105451039e-14	7,504639271e-12	1,143691804e-13	4,999999912e-15	4,999999912e-15	3,222454177e-14	3,3402274e-11	7,009273717e-11	1	1	1	1	1	1	1	0	0	0	0	0	0	0	0	0	0	3,399762815e-08	11,67147717	58,18753471	0	30,51962702	0,2583341407	0,05630339474	0
413,389	1785234037,645	28/07/2026_12:20:37,645	1	2	3,202453172e-06	2,774332188e-06	3,610948996e-12	8,742536209e-12	1,157407243e-11	2,349257767e-11	1,3997839e-10	1,771348762e-10	1,878988718e-12	2,766094848e-14	3,471107516e-12	7,145900625e-13	8,950226492e-14	5,069621955e-14	4,999999912e-15	4,999999912e-15	7,203441836e-12	1,123202212e-13	5,367651853e-14	8,267239432e-14	7,804671351e-14	3,002549598e-11	6,195489261e-11	1	1	1	1	1	1	1	0	0	0	0	0	0	0	0	0	0	9,158111369e-09	10,92648223	61,05739807	0	28,09261205	0,2628309057	0	0,03165049222
414,197	1785234038,453	28/07/2026_12:20:38,453	1	2	3,22774099e-06	2,817192581e-06	3,931840097e-12	8,480871387e-12	1,195615395e-11	2,404032355e-11	1,415278589e-10	1,766199825e-10	2,00682743e-12	1,676848086e-13	3,359544197e-12	6,04516708e-13	4,999999912e-15	4,999999912e-15	3,832096993e-14	8,774434629e-14	7,184857743e-12	1,552047878e-13	8,269567417e-15	4,999999912e-15	2,155675642e-14	3,687686267e-11	6,403302888e-11	1	1	1	1	1	1	1	0	0	0	0	0	0	0	0	0	0	3,731812148e-08	12,96343953	59,2486336	0	28,0323412	0,2770905889	0,0685308726	0
415,005	1785234039,261	28/07/2026_12:20:39,261	1	2	3,009734428e-06	2,641505034e-06	3,04773741e-12	7,319941528e-12	8,58798449e-12	1,657349084e-11	9,329361589e-11	1,140345804e-10	1,057841098e-12	1,010897231e-14	9,026197324e-12	5,926963564e-13	6,822490571e-14	9,380585637e-14	5,33233871e-14	4,999999912e-15	6,416024396e-12	5,586905992e-14	3,773887534e-14	6,512042153e-14	1,141091751e-13	1,418724027e-10	6,222185267e-11	1	1	1	1	1	1	1	0	0	0	0	0	0	0	0	0	0	4,668228847e-08	43,54693167	33,3131522	0	23,76413326	0,1880247883	0	0
415,813	1785234040,069	28/07/2026_12:20:40,069	1	2	2,612687922e-06	1,939481763e-06	1,548690971e-12	5,404071288e-12	2,032493748e-12	3,84597779e-12	2,171519908e-11	3,367799095e-11	3,272785417e-13	2,035648532e-13	1,765141505e-11	6,307417696e-13	4,999999912e-15	4,999999912e-15	6,895834137e-15	5,113472512e-14	7,0073977e-12	1,796292878e-13	5,69090673e-14	4,999999912e-15	4,999999912e-15	1,763231922e-10	6,579797818e-11	1	1	1	1	1	1	1	0	0	0	0	0	0	0	0	0	0	3,150715826e-08	62,50772557	8,949111635	0	29,06219505	0,1099721654	0,08543147414	0
416,621	1785234040,877	28/07/2026_12:20:40,877	1	2	2,623059345e-06	1,764293756e-06	8,748862095e-13	5,109526083e-12	1,021045228e-12	1,975487699e-12	1,124938771e-11	2,175543946e-11	1,584644823e-13	7,489178006e-14	1,895061712e-11	6,298183004e-13	4,751024064e-14	8,470195303e-14	9,252525775e-14	1,696212107e-14	6,935008557e-12	4,487142808e-14	1,066001976e-14	5,632696932e-14	1,167712709e-13	1,831692992e-10	6,65800054e-11	1	1	1	1	1	1	1	0	0	0	0	0	0	0	0	0	0	3,209133287e-08	66,02833105	4,6805244	0	29,90703344	0,06315196855	0,03134368806	0,03383335509
417,429	1785234041,685	28/07/2026_12:20:41,685	1	2	2,627140702e-06	1,739448521e-06	8,45940722e-13	5,16326825e-12	7,619023142e-13	1,283331406e-12	7,574566842e-12	1,766893576e-11	1,458796734e-13	1,848409392e-13	1,958677838e-11	6,889470006e-13	4,999999912e-15	4,999999912e-15	4,999999912e-15	3,300065773e-14	7,093558813e-12	1,732922887e-13	9,325867986e-14	2,095526308e-14	4,999999912e-15	1,863168231e-10	6,736435021e-11	1	1	1	1	1	1	1	0	0	0	0	0	0	0	0	0	0	2,728076377e-08	67,18389964	3,141405688	0	30,27400265	0,06107213511	0,08065126152	0
418,237	1785234042,493	28/07/2026_12:20:42,493	1	2	2,635123337e-06	1,721541139e-06	6,529117524e-13	4,951394763e-12	5,214679057e-13	1,02655189e-12	5,942160392e-12	1,581022639e-11	1,462289355e-13	9,444615229e-14	1,959184377e-11	5,907289089e-13	2,527825497e-14	8,196613147e-14	9,950646264e-14	6,805804021e-14	7,029939565e-12	1,937973436e-14	4,999999912e-15	2,055943781e-14	8,159358605e-14	1,895478774e-10	6,669567676e-11	1	1	1	1	1	1	1	0	0	0	0	0	0	0	0	0	0	3,127344011e-08	68,20382801	2,467749912	0	29,91513115	0,04704419064	0,04561051668	0,03077219805
419,045	1785234043,301	28/07/2026_12:20:43,301	1	2	2,646515441e-06	1,696647701e-06	6,586588913e-13	5,037704195e-12	5,354419707e-13	8,604193204e-13	4,791362619e-12	1,439163719e-11	6,539206839e-14	1,529074718e-13	1,98563041e-11	7,069024728e-13	4,502665534e-14	4,999999912e-15	4,999999912e-15	4,999999912e-15	7,06103535e-12	1,399307102e-13	1,201551608e-13	5,940040804e-14	7,555535584e-15	1,900244961e-10	6,654176515e-11	1	1	1	1	1	1	1	0	0	0	0	0	0	0	0	0	0	2,617001852e-08	68,64556645	1,98079158	0	29,96509971	0,04764081489	0,06321134406	0
